view,repeat,step,t,pos_insertion,pos_axial,pos_large,pos_small,vel_insertion,vel_axial,vel_large,vel_small,tip_x,tip_y,tip_z,joint_dist,cmd_insertion,cmd_axial,cmd_large,cmd_small,goal_insertion,goal_axial,goal_large,goal_small
mid_esophageal_4chamber,1,1,0.0872,0.28311905073415233,2.223644094165028,-0.02333507506845134,0.023578102977270643,-0.0071684157303244875,8.643099975432625e-09,-2.4664706919600612e-05,1.0803501707538854e-05,0.001647485583560711,-0.000796006242558407,1.0430902675762297,2.2239555923245367,0.17984899282455447,1.0753325165327399,1.2052106271743774,-0.2931443766117096,0.3,0.0,0.0,0.0
mid_esophageal_4chamber,1,2,0.1011,0.17984183219380379,1.0753325060492687,1.2052115568630581,-0.29314439086906957,-0.007160630750874373,-1.0483552711446328e-05,0.0009296885913895107,-1.424802507291279e-05,0.0016474855835606878,-0.000796006242558423,1.0430902675762297,1.64597889249863,0.2194612264633179,0.137314499951519,0.4014338988304138,0.247212854719162,0.3,0.0,0.0,0.0
mid_esophageal_4chamber,1,3,0.1508,0.21945405949613844,0.1373145040948378,0.4014343527536317,0.24721293015942436,-0.007166967179316999,4.143319089911517e-06,0.00045392321773778625,7.544026736733762e-05,0.0278547700616311,-0.004796886972462347,0.9729096914383439,0.49760093847901704,0.3419423818588257,-0.35049569742694026,-0.051952110958099366,0.052157341289520265,0.3,0.0,0.0,0.0
mid_esophageal_4chamber,1,4,0.2012,0.3419352134633407,-0.3504956973913258,-0.05195216467493274,0.05215736455140085,-0.007168395485018129,3.5614576939037556e-08,-5.371683159730619e-05,2.3261879684828395e-05,-0.004038223197082393,-0.0004664617661397924,1.1017932367930157,0.36059009152971305,0.2815154552459717,-0.7102731770430791,0.2840958911418915,-0.12592781460285188,0.3,0.0,0.0,0.0
mid_esophageal_4chamber,1,5,0.2511,0.28150828751567836,-0.7102731776162953,0.28409619227543015,-0.1259278596706226,-0.007167730293256496,-5.732177522612876e-07,0.0003011335390195171,-4.506777104184403e-05,0.017683160606347344,-0.009409735331878492,1.038436327474235,0.7754988088826277,0.2967390060424805,-0.16010456339771015,0.32236647934913637,-0.10975281822681426,0.3,0.0,0.0,0.0
mid_esophageal_4chamber,1,6,0.3013,0.2967318384831018,-0.1601045641133514,0.32236681476666984,-0.10975285488399056,-0.007167559378565687,-7.156418947390602e-07,0.0003354175329891337,-3.665717718945304e-05,0.017683160606676462,-0.009409735332040208,1.0384363274740165,0.37631131360566544,0.2942606687545777,-0.35612641059731637,-0.08682460169792175,-0.021180575394630433,0.3,0.0,0.0,0.0
mid_esophageal_4chamber,1,7,0.3512,0.2942535003966629,-0.3561264106212161,-0.08682469278101326,-0.021180584855731155,-0.007168357914646326,-2.3900064098961704e-08,-9.108309088774039e-05,-9.461087845128332e-06,-0.00543014583000606,0.002810832896982522,1.05398199671772,0.36721408885143597,0.24114453792572021,-0.4793319200184619,0.13130921230316162,-0.059968171763420106,0.3,0.0,0.0,0.0
mid_esophageal_4chamber,1,8,0.4013,0.24113736965760377,-0.4793319199500161,0.1313093536526295,-0.059968198255787364,-0.007168268116447976,6.844632995826746e-08,0.0001413494683774068,-2.6492362682612915e-05,-0.0054301458335520875,0.002810832898127124,1.0539819967181623,0.5040458609020722,0.29018931388854985,-0.04810692581227103,-0.217392569231987,0.08382479338645935,0.3,0.0,0.0,0.0
mid_esophageal_4chamber,1,9,0.4511,0.29018214587057184,-0.04810692587666006,-0.21739279775460196,0.08382482646981071,-0.007168017978064298,-6.438569176407624e-08,-0.00022852261562033752,3.308334387803794e-05,-0.015194893796182395,-0.0022022844205841787,1.0484145619055423,0.2381111014322439,0.19142606258392336,-0.1450130536786116,0.19736454191207886,-0.10645022027492523,0.3,0.0,0.0,0.0
mid_esophageal_4chamber,1,10,0.5013,0.1914188945186237,-0.14501305369976297,0.19736476012824777,-0.10645026524785273,-0.007168065299817236,-2.1149469382614507e-08,0.00021821616856900435,-4.4972922232929925e-05,-0.015194893799195936,-0.0022022844210547268,1.0484145619045095,0.28827616918973215,0.2843489170074463,-0.5822677982938241,-0.0037065983533859253,0.1165217677116394,0.3,0.0,0.0,0.0
mid_esophageal_4chamber,1,11,0.5512,0.28434174860322453,-0.5822677982887465,-0.003706602325036279,0.1165218208830412,-0.007168404221790608,5.077405573664851e-09,-3.971637564957039e-06,5.3171401153383626e-05,-0.002453617140463801,-0.003256336115534007,1.0441039347280088,0.5940303387904734,0.23999619483947754,-0.24987783040319378,-0.18467949106693268,0.06952308554649353,0.3,0.0,0.0,0.0
mid_esophageal_4chamber,1,12,0.6011,0.23998902671646732,-0.24987783037273673,-0.1846796894545779,0.0695231147482076,-0.007168123010003856,3.0457630008083594e-08,-0.00019838764514961462,2.920170991108852e-05,-0.0024536171421743165,-0.003256336115123277,1.044103934728269,0.32400663296845456,0.1937941074371338,-0.3802935363865386,0.35724327692985536,-0.21663522062301635,0.3,0.0,0.0,0.0
mid_esophageal_4chamber,1,13,0.651,0.1937869401835802,-0.3802935389451678,0.3572436813878541,-0.21663529268653647,-0.007167253553689944,-2.558628881311086e-06,0.00040445799849164494,-7.206350834610066e-05,0.025256548768369462,-0.001994482335996742,0.9486010048671933,0.5748550145627455,0.27584195137023926,-0.069799121905023,0.17547474217414855,-0.07312023396492004,0.3,0.0,0.0,0.0
mid_esophageal_4chamber,1,14,0.7011,0.2758347832144664,-0.06979912186960706,0.1754749281685699,-0.07312026451849896,-0.007168155772887395,3.5415022495253246e-08,0.00018599442157342673,-3.05535856275954e-05,0.025256548771243226,-0.001994482336896868,0.9486010048648505,0.20394582274486556,0.3336090803146362,-0.8854471542452186,0.15015051770210266,-0.04468647036552429,0.3,0.0,0.0,0.0
mid_esophageal_4chamber,1,15,0.751,0.3336019120814903,-0.8854471542048237,0.1501506724986763,-0.044686489142939934,-0.007168233145731175,4.039554126768011e-08,0.00015479657310399112,-1.8777416633467174e-05,0.007834767782855545,-0.0071130463547258715,1.0927797641119366,0.8998265711506189,0.27908866405487065,-0.046609084952615606,0.06620981411933899,0.05608218412399292,0.3,0.0,0.0,0.0
mid_esophageal_2chamber,1,1,0.0509,-7.16842105263904e-06,-1.0408340855860843e-16,0.0,0.0,-0.007168421052635087,-6.425564622796617e-39,-5.194296544723157e-21,-4.2693562114559106e-20,0.0,0.0,0.7599928315789473,1.5993890399474475,0.0006543993949890137,1.2131226404101902,1.028124190235138,-0.23111369619369507,0.3,1.571,0.0,0.0
mid_esophageal_2chamber,1,2,0.1009,0.0006472370889039782,1.2131226297195683,1.0281250872809542,-0.2311137125024283,-0.007162306084972028,-1.0690621906839028e-05,0.0008970458147931764,-1.6308724566248834e-05,0.0,0.0,0.7599928315789473,1.1524508805257034,0.2633247375488281,-0.5259447500413604,1.2511443961143494,0.0076897707939147944,0.3,1.571,0.0,0.0
mid_esophageal_2chamber,1,3,0.1509,0.2633175773888808,-0.5259447513856143,1.2511454803327862,0.0076897743456418866,-0.007160159947266036,-1.344253943614998e-06,0.001084218437343003,3.5508381419957246e-06,0.05733691973047531,-0.03359427547717775,0.9753137100914799,2.4421193738388265,0.266019606590271,1.323270400529379,0.4512853949546814,-0.1203318238735199,0.3,1.571,0.0,0.0
mid_esophageal_2chamber,1,4,0.201,0.26601243979715294,1.3232703985955885,0.4512858591786326,-0.12033185610648012,-0.007166793118142141,-1.9337890722916243e-06,0.00046422395110937387,-3.223297609006707e-05,0.05733691973328433,-0.033594275472421796,0.9753137100917402,0.5297771153505576,0.22119481563568116,1.2102340677009709,0.0211228075504303,-0.16588144133090973,0.3,1.571,0.0,0.0
mid_esophageal_2chamber,1,5,0.2508,0.22118764725362747,1.2102340677223724,0.021122831436439782,-0.16588151839496046,-0.007168382053680285,2.1401603009588034e-08,2.3886009190868205e-05,-7.706405109846837e-05,-0.004889617554272351,0.0034128508459455786,0.9806917002424824,0.40537180093153274,0.21507759094238282,1.4750303855761921,0.06419383807182312,0.14069213333129882,0.3,1.571,0.0,0.0
mid_esophageal_2chamber,1,6,0.3009,0.2150704225833594,1.4750303855062654,0.06419390994824514,0.14069219832129676,-0.007168359023480687,-6.992742133594272e-08,7.187642237251123e-05,6.498999758709678e-05,-0.004889617554438034,0.003412850845683122,0.9806917002426432,0.20084410065811661,0.20264103412628176,2.114222128649375,0.15383717350959777,0.0002720799922943115,0.3,1.571,0.0,0.0
mid_esophageal_2chamber,1,7,0.3509,0.20263386591075572,2.1142221286479925,0.15383734061096366,0.0002720801286901775,-0.007168215526058725,-1.3822042306786486e-09,0.00016710136585151487,1.363625805048395e-07,-0.005538053616758511,0.00918592310952887,0.9618071894399887,0.5729192321036107,0.2810299873352051,2.393812972170259,-0.03788662397861481,0.4615426046848297,0.3,1.571,0.0,0.0
mid_esophageal_2chamber,1,8,0.4009,0.2810228191686099,2.393812971184553,-0.037886674251549124,0.46154279959044775,-0.007168166595227875,-9.85706567470452e-07,-5.027293217906835e-05,0.00019490561786214325,-0.005538053616813911,0.009185923109536248,0.9618071894399738,0.9443720002633974,0.285251522064209,1.292409897877001,-0.29550499355793,0.1306236755847931,0.3,1.571,0.0,0.0
mid_esophageal_2chamber,1,9,0.4508,0.28524435438800627,1.2924098972028775,-0.29550530633762584,0.13062372167998593,-0.007167676202727939,-6.741239105875521e-07,-0.00031277969546955435,4.609519165696258e-05,-0.001194876439417708,-0.020770084774748364,1.041924965659482,0.42686779826213467,0.2608001947402954,1.4158417967967492,-0.03606988613605499,-0.04442637462615967,0.3,1.571,0.0,0.0
mid_esophageal_2chamber,1,10,0.501,0.2607930263328256,1.4158417967725212,-0.03606992471558712,-0.04442639508753121,-0.007168407469878265,-2.422768006878263e-08,-3.857953260318337e-05,-2.0461371984372364e-05,-0.0011948764398399172,-0.020770084774975047,1.0419249656594205,0.16995881519468076,0.20218486785888673,1.760580759438293,0.12232757649421691,0.14874480228424072,0.3,1.571,0.0,0.0
mid_esophageal_2chamber,1,11,0.5508,0.20217769959942508,1.7605807593828509,0.12232771423652267,0.1487448691332265,-0.007168259461646056,-5.544288001141695e-08,0.0001377423052225526,6.684898573530844e-05,0.003491310592221685,0.009320415892385215,0.9612710231801977,0.28740071772288905,0.205773138999939,2.6782536817075298,0.16421740908622742,0.08946975102424622,0.3,1.571,0.0,0.0
mid_esophageal_2chamber,1,12,0.6008,0.20576597082449885,2.6782536816474423,0.16421758929222374,0.08946978997359256,-0.007168175440179438,-6.008642067543792e-08,0.00018020599662326204,3.8949346012848286e-05,0.0034913105922569397,0.00932041589249792,0.9612710231801525,1.1268819937009078,0.25702707767486577,1.7357382102235455,0.06348058776855468,0.02187313413619995,0.3,1.571,0.0,0.0
mid_esophageal_2chamber,1,13,0.6508,0.25701990928889834,1.7357382102031051,0.06348065555658433,0.021873144147075863,-0.007168385967526064,-2.0440645484952405e-08,6.77880289741457e-05,1.0010876353932963e-05,2.60622680144304e-05,0.004505560082627519,1.0168705584647202,0.18301419115257006,0.19332282543182375,2.3563959749735663,0.10444482407569886,0.14687862939834595,0.3,1.571,0.0,0.0
mid_esophageal_2chamber,1,14,0.701,0.1933156571361818,2.35639597489974,0.10444494212943312,0.14687869646782126,-0.007168295641964323,-7.382626464123853e-08,0.00011805373406734485,6.706947471340946e-05,2.6062267981986735e-05,0.004505560082521894,1.0168705584647548,0.8128409954065463,0.28872830867767335,1.9223011334095708,-0.16036643793582916,0.2628590459346771,0.3,1.571,0.0,0.0
mid_esophageal_2chamber,1,15,0.7509,0.2887211405682505,1.9223011326155728,-0.1603666231442853,0.262859154591486,-0.007168109422953466,-7.939967926103439e-07,-0.00018520845575545184,0.0001086568083601259,0.012320889339247144,-0.007182597232978845,1.0466361677957083,0.4672815932800236,0.31733427047729496,1.66519831341656,-0.1776992254972458,0.12708682293891907,0.3,1.571,0.0,0.0
mid_esophageal_2chamber,1,16,0.8008,0.31732710234046213,1.6651983133657255,-0.17769941373518794,0.12708687489357917,-0.007168136833009413,-5.0834697995316955e-08,-0.0001882379400209395,5.195465968378879e-05,0.012320889339393699,-0.007182597233329032,1.046636167795605,0.23854078504211818,0.20598628520965578,1.328351337382222,-0.037594601440429684,-0.05632945296764374,0.3,1.571,0.0,0.0
mid_esophageal_2chamber,1,17,0.8508,0.20597911680512007,1.3283513373499236,-0.03759464267506729,-0.056329479458015363,-0.0071684045355967585,-3.2298847231800616e-08,-4.1234636717008204e-05,-2.6490370786272344e-05,-0.0025440026232233723,-0.0020789641663826646,0.9658741813572758,0.26889527213488296,0.20363047122955324,1.5505478552962118,0.017361250162124635,0.06506644148826599,0.3,1.571,0.0,0.0
mid_esophageal_long_axis,1,1,0.051,-7.16842105263904e-06,5.201947363490573e-16,0.0,0.0,-0.007168421052635086,-3.889056914407796e-36,5.047060957445054e-19,2.6593994437389513e-19,0.0,0.0,0.7599928315789473,2.375024273792589,0.05397118330001832,3.0347547865866527,0.005128698492050171,-0.4567816729545593,0.3,2.356,0.0,0.0
mid_esophageal_long_axis,1,2,0.1008,0.05396401513859441,3.034754786469047,0.00512870571385271,-0.45678188570990813,-0.007168161423904322,-1.1760642164260415e-07,7.2217923061873475e-06,-0.00021275534857216773,0.0,0.0,0.7599928315789473,0.8543522462874213,0.291525673866272,2.399360170273326,-0.8420099593877792,-0.44908272671699523,0.3,2.356,0.0,0.0
mid_esophageal_long_axis,1,3,0.1509,0.29151851072994245,2.3993601946141285,-0.8420108632494866,-0.4490827996948627,-0.0071631363295611514,2.434080418445759e-05,-0.0009038616977320986,-7.29778481336246e-05,0.026304646411856945,-0.04474468794023369,1.0258248351062087,0.9553060750090178,0.21603116989135743,2.4389133555593987,0.6279269165039062,0.25151501426696776,0.3,2.356,0.0,0.0
mid_esophageal_long_axis,1,4,0.201,0.21602400460552362,2.4389133642283016,0.6279275825598658,0.25151506546989744,-0.007165285834032417,8.668904414808704e-06,0.0006660559583490631,5.120291667590904e-05,0.026304646421089595,-0.044744687936351044,1.0258248351074062,0.6866436272681427,0.22024328708648683,2.9487301476808616,-0.2876568059206009,0.20456202206611632,0.3,2.356,0.0,0.0
mid_esophageal_long_axis,1,5,0.2509,0.22023611943898505,2.948730146307855,-0.28765713023185335,0.20456209710600248,-0.007167647501735663,-1.3730072627463458e-06,-0.0003243112526579893,7.503988403492936e-05,0.02065078767639849,0.003211264222289266,0.9766601386790719,0.6944663988487235,0.2872696399688721,1.5976709511451588,0.014048727750778199,-0.015352108883857726,0.3,2.356,0.0,0.0
mid_esophageal_long_axis,1,6,0.301,0.28726247154970175,1.5976709511485936,0.01404874256138644,-0.015352115914084585,-0.00716841917038653,3.434959139903978e-09,1.4810607777885154e-05,-7.030227183354451e-06,0.02065078767710777,0.0032112642223907284,0.9766601386788865,0.7587214545493598,0.2875353336334229,1.8854017049259777,0.03385364198684692,0.07405893802642823,0.3,2.356,0.0,0.0
mid_esophageal_long_axis,1,7,0.351,0.2875281652290402,1.8854017048922724,0.033853677983351815,0.07405897177621235,-0.007168404382631431,-3.3706102518168975e-08,3.599650505395984e-05,3.3749784592508176e-05,0.0017304334510917486,0.003051286566257165,1.0473921725923208,0.4777542305771914,0.29128346443176273,1.866363640142734,-0.23118691248893738,0.01577277488708496,0.3,2.356,0.0,0.0
mid_esophageal_long_axis,1,8,0.401,0.2912762964522066,1.8663636401282488,-0.23118715237890797,0.015772780964006472,-0.007167979556075875,-1.4485382643596284e-08,-0.00023988996887695712,6.076917838247804e-06,0.001730433451125247,0.0030512865662929755,1.0473921725923139,0.5417713059552487,0.3143944263458252,1.6038102448599558,0.039906625986099245,0.13776366877555846,0.3,2.356,0.0,0.0
mid_esophageal_long_axis,1,9,0.4512,0.31438725796185396,1.603810244818268,0.03990666884064442,0.1377637305913657,-0.007168383971294733,-4.168662557838479e-08,4.285454475639421e-05,6.181580733673908e-05,0.0047121287432882785,0.0029366334683348875,1.0740001855521808,0.7658771498591807,0.2980735063552857,2.456467623496548,-0.08842028625011444,0.011127004337310792,0.3,2.356,0.0,0.0
transgastric_short_axis,1,1,0.051,-7.16842105263904e-06,2.402141763276853e-16,0.0,0.0,-0.007168421052638008,5.844407119047955e-38,8.201035456868674e-20,-2.4595156814745566e-20,0.0,0.0,0.7599928315789473,1.4560239471891347,0.0002351522445678822,0.8980873282106293,1.1635226543426513,-0.2819730867147446,0.4,0.0,1.4,0.0
transgastric_short_axis,1,2,0.1013,0.00022799168374523738,0.8980873162727994,1.1635237325361416,-0.2819731113939543,-0.007160560822607078,-1.1937831433174639e-05,0.0010781934802836187,-2.46788265724214e-05,0.0,0.0,0.7602279838235153,1.0496705897118945,0.20995416641235354,-0.5349825409016267,1.361381921195984,-0.17806689863204955,0.4,0.0,1.4,0.0
transgastric_short_axis,1,3,0.1514,0.20994700562641253,-0.5349825483977669,1.3613829008949363,-0.1780668956507796,-0.007160785940994963,-7.496137889106173e-06,0.0009796989575581408,2.981637686981298e-06,0.061598764033557615,-0.02929891162333805,0.9143839891503605,0.5962596476624357,0.3219026565551758,-0.49828909128359455,1.5471855913639068,-0.2652026227712631,0.4,0.0,1.4,0.0
transgastric_short_axis,1,4,0.2012,0.3218954944330609,-0.4982890929194731,1.5471863859946566,-0.2652026152500362,-0.0071621221148866175,-1.6358769945233843e-06,0.0007946307503331118,7.521220686016302e-06,0.061598764040281466,-0.02929891160550463,0.9143839891667722,0.5885478682910967,0.3558559894561768,-0.49121671330780686,1.5529973922729492,-0.10701422917842865,0.4,0.0,1.4,0.0
transgastric_short_axis,1,5,0.2512,0.3558488278526038,-0.4912167141805609,1.5529982434078349,-0.10701422528402649,-0.007161603573138954,-8.727537725220431e-07,0.0008511348854270271,3.894413928420277e-06,0.0633002555037245,-0.029622949375868318,1.0470910645780467,0.5273553765643804,0.34388980865478513,-0.42682977972215136,1.542621650791168,-0.038329105067253115,0.4,0.0,1.4,0.0
transgastric_short_axis,1,6,0.3008,0.3438826470443096,-0.4268297804078761,1.5426224998751792,-0.03832910275153978,-0.007161610475487573,-6.857251630083943e-07,0.0008490840114109825,2.3156876726106403e-06,0.06330025550363731,-0.029622949376075215,1.0470910645774754,0.45512977966089285,0.3518074989318848,-0.48722933697757775,1.516898200893402,0.05783394484519958,0.4,0.0,1.4,0.0
transgastric_short_axis,1,7,0.3509,0.35180033811600625,-0.4872293370998516,1.5168991502451918,0.05783394602201852,-0.007160815878506056,-1.2227261106076674e-07,0.0009493517898307436,1.1767388928758085e-06,0.06076573274939797,-0.03448525819635517,1.045568161755331,0.506681172905623,0.33477597236633305,-0.3104599598349127,1.5224952215194703,-0.06835190570354462,0.4,0.0,1.4,0.0
transgastric_short_axis,1,8,0.4009,0.3347688100847854,-0.31045996077297777,1.5224959881330644,-0.06835190300449234,-0.007162281547645351,-9.380652483700922e-07,0.0007666135941550281,2.69899480846993e-06,0.06076573274933952,-0.034485258196470026,1.0455681617544859,0.3468684839156551,0.34860169887542725,-0.633559906381722,1.4714936116218567,0.1898440486907959,0.4,0.0,1.4,0.0
transgastric_short_axis,1,9,0.4511,0.348594538793953,-0.633559904169315,1.4714946619804383,0.18984405228758483,-0.007160081474195534,2.2124079552204674e-06,0.0010503585817915222,3.5966692131541268e-06,0.051722451959088964,-0.04618952714372438,1.0454718965741168,0.6672277905584466,0.30106449127197266,0.024191655999575408,1.5324799767494202,-0.3675256723165512,0.4,0.0,1.4,0.0
transgastric_short_axis,1,10,0.5012,0.301057329278382,0.024191653501623556,1.5324807974265413,-0.36752566483253946,-0.0071619935906691145,-2.4979515938185876e-06,0.0008206771216940826,7.483986069081302e-06,0.051722451959441654,-0.04618952714343934,1.0454718965716714,0.403734026539802,0.33652420043945314,-0.4772844900947874,1.5591078632354736,0.07361196284294129,0.4,0.0,1.4,0.0
transgastric_short_axis,1,11,0.5509,0.33651703942669686,-0.47728449044770316,1.5591087871174203,0.07361196306728424,-0.0071610127560949284,-3.5291470139592094e-07,0.0009238819470543442,2.24299069260177e-07,0.0609063022398956,-0.03439651028437879,1.0273340408024292,0.5124108686880784,0.33199007511138917,-0.3800280109034793,1.5242996006011962,-0.08099192197322845,0.4,0.0,1.4,0.0
transgastric_short_axis,1,12,0.6014,0.33198291315565265,-0.3800280120305308,1.5243004080580516,-0.08099191884213042,-0.0071619557363799,-1.1270518871260256e-06,0.0008074568558258934,3.131053722940586e-06,0.060906302239068906,-0.034396510285772966,1.027334040802051,0.4135914607336534,0.3549825191497803,-0.5760771971161509,1.506167238664627,0.10978867735862732,0.4,0.0,1.4,0.0
transgastric_short_axis,1,13,0.6512,0.35497535880370684,-0.5760771967185525,1.5061682486938972,0.10978867898722822,-0.007160346073365631,3.9759860028907854e-07,0.001010029269360696,1.6284653993613488e-06,0.05631451066686397,-0.04115349548088567,1.049482566354663,0.5976766734267371,0.32294042110443116,-0.11414899320946476,1.5330705757141112,-0.20391899199485777,0.4,0.0,1.4,0.0
transgastric_short_axis,1,14,0.7009,0.32293325811231943,-0.11414899461097901,1.5330712578122183,-0.20391898639632344,-0.007162992111626686,-1.401513961136121e-06,0.0006820981077631467,5.598510404558879e-06,0.05631451066674398,-0.04115349548107469,1.0494825663527605,0.2797502249230723,0.33992609977722166,-0.5799348067610767,1.5278763383388518,0.11708596386909485,0.4,0.0,1.4,0.0
transgastric_short_axis,1,15,0.7513,0.33991893935998024,-0.5799348066393798,1.5278773385320594,0.11708596476936162,-0.007160417241338784,1.2169749510765307e-07,0.0010001932078024477,9.001023141579552e-07,0.05606023797903069,-0.04161149385086005,1.0329120645098708,0.6082728422800904,0.32180609703063967,-0.1383346570965875,1.5334083818435669,-0.21939993159770965,0.4,0.0,1.4,0.0
transgastric_short_axis,1,16,0.8008,0.32179893404002785,-0.13833465860607488,1.5334090648999927,-0.21939992554549342,-0.007162990611773719,-1.5094889023634575e-06,0.0006830564263062078,6.052194062457585e-06,0.056060237978559614,-0.04161149385147817,1.032912064507561,0.30197051249384227,0.3414084672927856,-0.6646827512074188,1.521725982284546,0.1502722327709198,0.4,0.0,1.4,0.0
transgastric_short_axis,1,17,0.8512,0.34140130701896043,-0.6646827508156167,1.5217270022239857,0.15027223404332357,-0.0071602738251627055,3.918024045794619e-07,0.0010199394405017576,1.2722395219497202e-06,0.0514895327577934,-0.04700596908822139,1.0348154345079947,0.6947202123486195,0.30646681785583496,0.03036428083989063,1.539225238609314,-0.365727566242218,0.4,0.0,1.4,0.0
transgastric_short_axis,1,18,0.9011,0.3064596558469687,0.030364278791465082,1.5392260569534226,-0.3657275587290043,-0.007162008866156952,-2.048426970536954e-06,0.0008183441100608172,7.513186517471118e-06,0.05148953275569424,-0.04700596909061008,1.0348154344846032,0.4035000961083756,0.3370547771453858,-0.46453177676737484,1.5595258140563966,0.07093460583686828,0.4,0.0,1.4,0.0
transgastric_short_axis,1,19,0.9509,0.33704761606557704,-0.4645317771129497,1.5595267295220063,0.07093460604526935,-0.007161079808762177,-3.4557464945824077e-07,0.0009154656106839055,2.0836462404823618e-07,0.06138820738585274,-0.03353663660382275,1.0278354792683364,0.5002332159678394,0.33293328285217283,-0.4031789118714302,1.5210844502449035,-0.055734453535079956,0.4,0.0,1.4,0.0
transgastric_short_axis,1,20,1.0009,0.3329261211488783,-0.4031789128792621,1.5210852888168311,-0.055734450908313526,-0.007161703294606425,-1.0078322311258145e-06,0.0008385719278354547,2.626712770673444e-06,0.06138820738500611,-0.03353663660529972,1.0278354792680506,0.4299071029891751,0.35383110046386723,-0.5218849066011567,1.5093181609153747,0.07409844861030579,0.4,0.0,1.4,0.0
transgastric_short_axis,1,21,1.0508,0.35382393986847804,-0.5218849065545476,1.5093191385263385,0.0740984499919426,-0.007160595389122439,4.6609830605612865e-08,0.0009776109642335071,1.3815225895862223e-06,0.05919225133651945,-0.037028492497902576,1.0481187321893615,0.5403122602329767,0.334595775604248,-0.24555751732481274,1.5282583364009856,-0.13061066143512726,0.4,0.0,1.4,0.0
transgastric_short_axis,1,22,1.1011,0.334588612816632,-0.24555751852793117,1.5282590412387345,-0.13061065730763044,-0.0071627876161502475,-1.203119158514995e-06,0.0007048377488410801,4.127464592475759e-06,0.05919225133643535,-0.037028492498055746,1.0481187321880618,0.3131879147423451,0.3500954627990723,-0.675202466378638,1.4639948398590088,0.20147588968276978,0.4,0.0,1.4,0.0
transgastric_short_axis,1,23,1.1509,0.3500883027221009,-0.6752024638166336,1.4639958923900993,0.20147589394214993,-0.00716007697143486,2.5620044439024923e-06,0.001052531090824654,4.259251158285371e-06,0.049401905805096256,-0.048531799239595615,1.047474661078596,0.7092796026616067,0.2909848690032959,0.05344739603572055,1.5307578021526336,-0.454641734790802,0.4,0.0,1.4,0.0
transgastric_short_axis,1,24,1.2009,0.2909777074347019,0.053447392727002274,1.5307586879881567,-0.4546417270612509,-0.007161568594052778,-3.308717653957455e-06,0.0008858355237267133,7.729526047888308e-06,0.04940190580561909,-0.048531799239202755,1.047474661075906,0.4884049739049849,0.34968104362487795,-0.43896324567828243,1.543315988445282,0.16338412899971008,0.4,0.0,1.4,0.0
transgastric_short_axis,1,25,1.251,0.34967388278797285,-0.43896324535254005,1.5433169380852432,0.163384127865986,-0.007160836905094948,3.2574284870009307e-07,0.0009496399609260184,-1.1337241019581469e-06,0.06049826143347443,-0.03469412620950377,1.0415843910250742,0.49239777296889886,0.32837257385253904,-0.41882413023185905,1.5105266979217529,-0.042132045578956605,0.4,0.0,1.4,0.0
transgastric_short_axis,1,26,1.3022,0.3283654123408744,-0.4188241312631511,1.5105275618870149,-0.04213204316929442,-0.007161511664502847,-1.0312944785194098e-06,0.0008639652626357934,2.4090375703602417e-06,0.060498261429428664,-0.034694126215844806,1.0415843910262308,0.4410630545349875,0.35220687389373784,-0.4788776429931432,1.5120644273757935,0.03993733563423157,0.4,0.0,1.4,0.0
transgastric_short_axis,1,27,1.3512,0.35219971300259195,-0.47887764325736515,1.5120653673140882,0.03993733701601965,-0.007160891145796099,-2.64221368772032e-07,0.0009399382945903686,1.3816882171354543e-06,0.06135012827669409,-0.03342662627461014,1.046306878962645,0.49574419017063176,0.33633623123168943,-0.32489664401504204,1.5209368941307067,-0.041938237738609316,0.4,0.0,1.4,0.0
transgastric_short_axis,1,28,1.4021,0.3363290691388245,-0.3248966447746813,1.5209376839252027,-0.041938235624289,-0.007162092864913005,-7.596397623147907e-07,0.0007897944964131685,2.114233631574394e-06,0.061350128276549294,-0.03342662627500277,1.0463068789555303,0.35495993608158743,0.3479270935058594,-0.6148412960936116,1.4723542307853699,0.17096922483444213,0.4,0.0,1.4,0.0
transgastric_short_axis,1,29,1.4511,0.34791993343142674,-0.6148412942141188,1.4723552787864627,0.17096922819069515,-0.007160074432547394,1.8794948558550667e-06,0.0010480010919231776,3.355243946771604e-06,0.05305398866992254,-0.044753890263758256,1.044749530443118,0.644366288504503,0.30848650932312016,-0.00813391814748248,1.5310615280628204,-0.3075801582813263,0.4,0.0,1.4,0.0
transgastric_short_axis,1,30,1.501,0.30847934693291573,-0.008133920328879884,1.5310622959003952,-0.3075801511486421,-0.007162390204402559,-2.181442644712493e-06,0.0007678375756570886,7.132468361103862e-06,0.05305398867139762,-0.04475389026274266,1.044749530422317,0.3467348632385363,0.3294987201690674,-0.5182718500457059,1.558400043296814,0.07642283191680908,0.4,0.0,1.4,0.0
transgastric_short_axis,1,31,1.551,0.3294915593447692,-0.5182718504131728,1.5584009897001136,0.07642283221613067,-0.007160824298295665,-3.6746522048338176e-07,0.0009464033000331028,2.983521120416896e-07,0.05939020111834232,-0.03694458443445783,1.0203579444707154,0.5518228646551688,0.33467035293579106,-0.32553836180802104,1.5312478457450867,-0.14611154358386994,0.4,0.0,1.4,0.0
transgastric_short_axis,1,32,1.601,0.3346631904051492,-0.32553836317148976,1.5312485850204824,-0.14611153894335072,-0.007162530641896541,-1.363470195018989e-06,0.000739275395148754,4.6402553338225435e-06,0.05939020111478499,-0.03694458443993827,1.0203579444605244,0.38577052436219084,0.3565471410751343,-0.6704782474702436,1.5010591381072997,0.17944115538597108,0.4,0.0,1.4,0.0
transgastric_short_axis,1,33,1.651,0.35653998086776034,-0.6704782462633316,1.5010601693282517,0.17944115751525302,-0.007160207373944631,1.2069127459066029e-06,0.0010312209521530446,2.1291463031812155e-06,0.05039265087417161,-0.04793570953359455,1.0513783980854932,0.7027390261045676,0.29778895378112796,0.021760356371901195,1.5364388998031615,-0.4050190629959106,0.4,0.0,1.4,0.0
transgastric_short_axis,1,34,1.701,0.2977817918911498,0.021760353866226545,1.536439737759184,-0.4050190549757493,-0.007161889978160037,-2.5056742444421497e-06,0.0008379560229555293,8.020135182477359e-06,0.06681271140823457,0.0152486330364451,0.9900890100429585,0.4399753538581583,0.35740003585815433,-0.2577497808843857,1.5459706877231598,0.32531966142654417,0.4,0.0,1.4,0.0
transgastric_short_axis,1,35,1.7509,0.3573928746961692,-0.2577497796118342,1.5459716089681868,0.3253196566537149,-0.0071611619852230335,1.2725519005274935e-06,0.0009212450266249227,-4.772847292185032e-06,0.06304068244651886,-0.028186940964263357,1.049084857961581,0.4420304352040226,0.30980772972106935,-0.5818623944356976,1.5141684127807618,0.011407510757446289,0.4,0.0,1.4,0.0
transgastric_short_axis,1,36,1.801,0.3098005691939883,-0.5818623952129942,1.5141693979058992,0.011407513091008958,-0.007160527080912721,-7.772958726592296e-07,0.0009851251372234727,2.3327479514851933e-06,0.058165779872033155,-0.03874129665921196,1.0037622071691619,0.5998871285949118,0.3297688961029053,-0.23400846958633192,1.539445449256897,-0.23583558547496794,0.4,0.0,1.4,0.0
transgastric_short_axis,1,37,1.8511,0.32976173310088874,-0.23400847107194794,1.5394461338143648,-0.23583557882022887,-0.007163002016360571,-1.485617650201691e-06,0.0006845574678198984,6.654557297191237e-06,0.06901301143207142,-0.008043936692934557,1.0219255194502723,0.36709266288454695,0.3558686256408692,-0.8168301637750005,1.456873572063446,0.38225665984153745,0.4,0.0,1.4,0.0
transgastric_short_axis,1,38,1.9009,0.355861464686067,-0.8168301574176854,1.456874531954953,0.3822566625491026,-0.007160954802324366,6.357316342629887e-06,0.0009598915055969928,2.707524149062473e-06,0.03637164825736701,-0.057805225673198624,1.0535315959188194,0.904717958711406,0.27323713302612307,-0.04828125883394114,1.4376259255886077,-0.5233128148555756,0.4,0.0,1.4,0.0
transgastric_short_axis,1,39,1.9509,0.27322997158763207,-0.04828127097438734,1.4376268461274382,-0.5233128121991191,-0.0071614384910368,-1.2140445247204498e-05,0.0009205388284416006,2.6564489389267573e-06,0.06550632404906244,0.0143465497550333,0.9719023690291158,0.5419167834564853,0.36888477802276615,-0.6272266180262693,1.408531530046463,0.42643230142593386,0.4,0.0,1.4,0.0
transgastric_short_axis,1,40,2.0013,0.3688776176683253,-0.6272266073345382,1.408532580461249,0.42643231326361697,-0.007160354440750759,1.0691731011792558e-05,0.0010504147830928052,1.1837648699917114e-05,0.04493067153043687,-0.05044938342547459,1.0696799404088135,0.7591436901898619,0.26031310558319093,-0.07800063857111227,1.485975457763672,-0.5733011936187744,0.4,0.0,1.4,0.0
transgastric_short_axis,1,41,2.0513,0.260305943948138,-0.07800064733064328,1.4859763589066315,-0.5733011871872445,-0.007161635052925459,-8.759531919122862e-06,0.0009011429518077382,6.431517671013386e-06,0.06545665667882952,0.013926149794930247,0.955762143308468,0.6013856631159128,0.3696651935577393,-0.5251727038025357,1.4298236151695252,0.4229791512966156,0.4,0.0,1.4,0.0
transgastric_short_axis,1,42,2.1011,0.3696580333271657,-0.5251726943163024,1.4298246777220198,0.42297916146004333,-0.007160230573676636,9.486233309171111e-06,0.0010625524915813984,1.016338551441971e-05,0.050120447850646385,-0.045646746244975944,1.0690600029317148,0.6756684662078611,0.2896448612213135,-0.17214777316002278,1.513844088935852,-0.4622358188152313,0.4,0.0,1.4,0.0
transgastric_short_axis,1,43,2.1509,0.2896376988505798,-0.172147777950772,1.513844872767054,-0.46223580832975963,-0.007162370733784534,-4.790748811344897e-06,0.0007838312019205191,1.0485469020797071e-05,0.0679143777076147,0.004034243880071501,0.9834130773451593,0.518109344179389,0.36745398044586186,-0.6198722362581774,1.488341598701477,0.45891168665885923,0.4,0.0,1.4,0.0
transgastric_short_axis,1,44,2.2009,0.36744681976397287,-0.6198722302996741,1.488342601614943,0.4589116888231617,-0.007160681888993306,5.958503588481182e-06,0.0010029134646043264,2.1642474805230655e-06,0.044838805460197126,-0.05105002214276727,1.0629137952562397,0.7769849707933831,0.2620975255966187,-0.1861127657380178,1.4942610706329345,-0.5197901935100555,0.4,0.0,1.4,0.0
transgastric_short_axis,1,45,2.251,0.2620903634400141,-0.18611277292106582,1.4942618912419832,-0.5197901830238633,-0.007162156604642776,-7.18304748870294e-06,0.0008206090478253046,1.0486191520934548e-05,0.067277058099706,0.0050221995657264975,0.9570890963199301,0.5768224775517788,0.37101092338562014,-0.5691244741359026,1.481410206413269,0.4319109775543213,0.4,0.0,1.4,0.0
transgastric_short_axis,1,46,2.301,0.37100376291020026,-0.5691244680211784,1.481411232419564,0.43191098107109926,-0.007160475419761504,6.114724551795265e-06,0.001026006294228946,3.5167181470620346e-06,0.048138539039587924,-0.04818868422246718,1.0669654788852216,0.7196654265696171,0.2821226119995117,-0.1919601312242611,1.511962373971939,-0.47850341227054594,0.4,0.0,1.4,0.0
transgastric_short_axis,1,47,2.3511,0.2821154496273551,-0.19196013635750295,1.5119631597904197,-0.478503401389435,-0.007162372156570166,-5.133241941600929e-06,0.0007858184811341349,1.088110920763272e-05,0.06781784589613421,0.003236724303015035,0.9760002547119035,0.5405984789642546,0.3702574253082276,-0.5827460437689536,1.4900411155700684,0.45907160153388976,0.4,0.0,1.4,0.0
transgastric_short_axis,1,48,2.4012,0.3702502646979562,-0.58274603786705,1.4900421276192901,0.45907160381353673,-0.007160610271483893,5.9019034588613756e-06,0.001012049220318739,2.2795867516246496e-06,0.04670561764989807,-0.049358421918208426,1.0656046033515643,0.7478852275412508,0.27143278121948244,-0.22394995982045485,1.5063775248527527,-0.496471084356308,0.4,0.0,1.4,0.0
transgastric_short_axis,1,49,2.4509,0.2714256188128055,-0.2239499656454049,1.5063783119555918,-0.49647107295475795,-0.007162406676757291,-5.824953081576443e-06,0.000787102835173592,1.1401574595817017e-05,0.06770129510119212,0.0016780164045202646,0.9656597461477714,0.5696356995006702,0.3720859050750733,-0.5430001746168243,1.4993532546043395,0.4247191150188446,0.4,0.0,1.4,0.0
transgastric_short_axis,1,50,2.501,0.3720787445788705,-0.5430001698194933,1.4993542753416396,0.42471911640925697,-0.0071604962026204505,4.797331124700544e-06,0.001020737299158417,1.3903451259194985e-06,0.04967087245656929,-0.04682237701039168,1.0668534702731978,0.6970555076896049,0.2854811191558838,-0.2416969116236606,1.5188872123718262,-0.45696349654197693,0.4,0.0,1.4,0.0
transgastric_short_axis,1,51,2.5509,0.2854739565513294,-0.24169691600029497,1.5188879683094347,-0.4569634851785147,-0.007162604554388058,-4.376636021698144e-06,0.000755937607130218,1.136347077893236e-05,0.06808799605153218,-0.0008795852889603483,0.978919584377143,0.542663422046576,0.3722262859344483,-0.5491141891072118,1.5038600827217101,0.42024337105751036,0.4,0.0,1.4,0.0
transgastric_short_axis,1,52,2.6011,0.372219125443668,-0.5491141846984797,1.5038611003948121,0.42024337192692496,-0.007160490780264442,4.40873443120624e-06,0.001017673097048977,8.688352622056328e-07,0.06808799600586281,-0.0008795852471980056,1.0656647518618314,0.699778382526871,0.2902050256729126,-0.23832990618579786,1.4913987067222596,-0.18967402210235595,0.4,0.0,1.4,0.0
transgastric_short_axis,1,53,2.651,0.29019786297464567,-0.23832990902124343,1.4913994268819621,-0.18967401579624812,-0.0071626982669169776,-2.8354462696396734e-06,0.0007201597021864581,6.306088177710586e-06,0.06875689025299725,-0.009913493538668643,0.9857000235582944,0.33643386026384947,0.3530716896057129,-0.7128215101170947,1.4041391140937804,0.3339775351524353,0.4,0.0,1.4,0.0
transgastric_short_axis,1,54,2.701,0.3530645293370696,-0.7128215020851862,1.4041401635814044,0.3339775448927069,-0.007160268643254012,8.031908137057004e-06,0.0010494876229724633,9.740201570587519e-06,0.04327682546516759,-0.052576161975699594,1.054355730155564,0.7885908785221731,0.2644036054611206,0.09479184843811585,1.4949194555282592,-0.6113444555282592,0.4,0.0,1.4,0.0
transgastric_short_axis,1,55,2.751,0.2643964443932093,0.09479184000420293,1.4949204357619514,-0.6113444531670741,-0.00716106791131361,-8.433913830774302e-06,0.000980233691241249,2.3611725814375542e-06,0.06129114429149313,0.026006870473554544,0.9592221231007383,0.6404106079446014,0.3613503932952881,-0.42832406276503804,1.3906223748207092,0.47155563526153566,0.4,0.0,1.4,0.0
transgastric_short_axis,1,56,2.801,0.3613432331059044,-0.42832404904807275,1.3906234575410918,0.47155565222502993,-0.007160189383854043,1.371696554822479e-05,0.0010827203784372402,1.6963476815404824e-05,0.05262335512553292,-0.041506012517818255,1.0632027004696047,0.6382855860142053,0.2946530342102051,-0.44014762415525716,1.5159149303913115,-0.49949055433273315,0.4,0.0,1.4,0.0
transgastric_short_axis,1,57,2.8508,0.29464587159974787,-0.44014762938681484,1.5159156877175546,-0.49949054166678686,-0.007162610457155998,-5.2315604230385495e-06,0.0007573262415964551,1.2665960996274278e-05,0.06651297702621693,-0.012794612290509778,0.9882510327611669,0.683927390809451,0.36919167041778567,-0.38689459726722036,1.5446670257091522,0.08067312211990356,0.4,0.0,1.4,0.0
transgastric_short_axis,1,58,2.9009,0.3691845090463207,-0.3868945973188863,1.5446679051355243,0.0806731219821959,-0.007161371464944551,-5.166729204175417e-08,0.0008794263725515496,-1.377527416661353e-07,0.06363424422237794,-0.028972076635176064,1.0610103175415322,0.4219881269703152,0.3413669586181641,-0.49733934145984504,1.4921424794197082,0.10023292093276977,0.4,0.0,1.4,0.0
transgastric_short_axis,1,59,2.9509,0.341359798089832,-0.4973393408493575,1.492143467447562,0.10023292236392134,-0.007160528332102225,6.104877196681223e-07,0.000988027853682518,1.4310990829834552e-06,0.059504852028820755,-0.03628742363293462,1.0368460207429269,0.518962571439801,0.3330135822296143,-0.2817453824546501,1.5179543131828308,-0.10202288146018981,0.4,0.0,1.4,0.0
transgastric_short_axis,1,60,3.0009,0.33300641971122463,-0.2817453837069529,1.5179550511882933,-0.10202287794483667,-0.007162518389517553,-1.2523025473654137e-06,0.0007380054630407159,3.5153116201726417e-06,0.06796266574447324,-0.01596052743177647,1.0266939741226433,0.3289234907468098,0.350845742225647,-0.6875076438072412,1.4372394334316254,0.29413307747840883,0.4,0.0,1.4,0.0
transgastric_short_axis,1,61,3.0509,0.3508385820512565,-0.6875076382848224,1.4372404852865008,0.2941330842724774,-0.0071601743906187015,5.522419231856275e-06,0.0010518548748683027,6.7939859101812325e-06,0.04602570810637598,-0.05092370441758086,1.0499595690845038,0.7503230788951647,0.2777190446853638,0.04020108244501862,1.5093662851810454,-0.5439366842508316,0.4,0.0,1.4,0.0
transgastric_short_axis,1,62,3.101,0.2777118833473945,0.04020107633802095,1.5093672159995508,-0.5439366781556428,-0.0071613379694198355,-6.106997771028356e-06,0.0009308185048849947,6.095170373412423e-06,0.06404589271025937,0.020703546134888277,0.9716991155249217,0.5695601880325418,0.368812894821167,-0.47811065259920044,1.450461434984207,0.44313011083602905,0.4,0.0,1.4,0.0
transgastric_short_axis,1,63,3.1508,0.3688057345155014,-0.47811064390837543,1.45046248825546,0.4431301185933654,-0.007160305665769506,8.690824769773553e-06,0.001053271250224538,7.75730817798545e-06,0.051816711642004076,-0.04375427673751987,1.0668029804502397,0.654578975176488,0.29665760993957524,-0.2933521042754879,1.5192879358291627,-0.4126356174945831,0.4,0.0,1.4,0.0
transgastric_short_axis,1,64,3.2009,0.2966504472093016,-0.2933521082243188,1.5192886673869053,-0.41263560650868963,-0.007162730273537369,-3.948830784996097e-06,0.0007315577427803345,1.098589574705155e-05,0.06817095338499786,-0.005929949173349655,0.9901031422374211,0.530315490427564,0.3715805530548096,-0.5708149988616145,1.5159364645957947,0.35258252606391904,0.4,0.0,1.4,0.0
transgastric_short_axis,1,65,3.2515,0.3715733926081435,-0.5708149960531149,1.5159374807626183,0.35258252594805484,-0.007160446665984853,2.8084993062107275e-06,0.0010161668235899833,-1.1594377484586594e-07,0.05047422185244514,-0.04677391788691042,1.0652935309074891,0.6814644295753239,0.28705644607543945,-0.16004220797749946,1.5192158430576324,-0.37347884995937347,0.4,0.0,1.4,0.0
transgastric_short_axis,1,66,3.301,0.2870492834743372,-0.16004221145989872,1.5192165872745456,-0.37347884037317064,-0.00716260110218262,-3.4823979386103476e-06,0.0007442169122979667,9.5861921693661e-06,0.06866978723350911,0.0018504212572877411,0.9805338670168084,0.4382583857731797,0.3585906744003296,-0.756394653844858,1.5132014333724975,0.4182699016571045,0.4,0.0,1.4,0.0
transgastric_short_axis,1,67,3.351,0.35858351334065,-0.7563946504251698,1.5132023799305117,0.41826990018424137,-0.007161059679581469,3.419689139801295e-06,0.000946558014219325,-1.4729057911927596e-06,0.03888009098143996,-0.056234022529321866,1.0524391822451828,0.872704234423717,0.2591004848480225,-0.12983615635706236,1.467085279083252,-0.5612583302021027,0.4,0.0,1.4,0.0
transgastric_short_axis,1,68,3.4009,0.2590933230913355,-0.12983616672789502,1.4670861609258052,-0.5612583233096895,-0.007161756686980083,-1.0370832239626796e-05,0.0008818425516612676,6.892410814199591e-06,0.06615408621264433,0.010149159438427105,0.9557841530573028,0.5968446868827799,0.3700844526290894,-0.5478676424635406,1.44109330701828,0.42646095128059386,0.4,0.0,1.4,0.0
transgastric_short_axis,1,69,3.4509,0.3700772923346762,-0.5478676336789987,1.4410943601897284,0.4264609599584972,-0.0071602944132480245,8.78454217798525e-06,0.001053171444771366,8.677852981355104e-06,0.049058194838782904,-0.04689421962327259,1.0687255498546322,0.6961407970196661,0.2847271203994751,-0.156259312484718,1.5123765797138213,-0.4807280828475952,0.4,0.0,1.4,0.0
transgastric_short_axis,1,70,3.501,0.284719958142648,-0.15625931759821074,1.5123773807672798,-0.48072807251357064,-0.0071622568271218915,-5.113493318660834e-06,0.0008010534578573408,1.0334021362324986e-05,0.06763600610693704,0.005728869247927319,0.9785753430710573,0.5305041166641578,0.36798763275146484,-0.616321160615909,1.4846090656757354,0.45622365617752075,0.4,0.0,1.4,0.0
transgastric_short_axis,1,71,3.551,0.3679804721008605,-0.6163211544154376,1.4846100725464044,0.4562236588548423,-0.007160650604325542,6.200471576983483e-06,0.0010068706679405768,2.677269340103853e-06,0.04508535484236434,-0.050833474530137694,1.0636979038134473,0.7721242819793125,0.26373364925384524,-0.18122994310314158,1.495634765625,-0.5161914534330369,0.4,0.0,1.4,0.0
transgastric_short_axis,1,72,3.601,0.26372648709710195,-0.18122995011200654,1.4956355856010486,-0.5161914429913196,-0.00716215674319742,-7.00886470652814e-06,0.0008199760489460659,1.0441716612294435e-05,0.06729987406751736,0.0052305646545327935,0.9586403505491845,0.5718518481103414,0.3708922624588013,-0.5738151746652649,1.4794324301719666,0.4403287917137146,0.4,0.0,1.4,0.0
transgastric_short_axis,1,73,3.6509,0.37088510196031566,-0.5738151682762332,1.479433454675962,0.4403287954484547,-0.007160498485454609,6.389032134810183e-06,0.0010245039945292066,3.734681461318673e-06,0.04765291031766669,-0.04856448159852925,1.0669670099960638,0.728224310535283,0.2790602207183838,-0.1941000643839238,1.5101761585235596,-0.4858762557506561,0.4,0.0,1.4,0.0
transgastric_short_axis,1,74,3.701,0.2790530583694045,-0.19410006975096528,1.510176948405178,-0.48587624481650443,-0.007162348979285389,-5.367040194717998e-06,0.0007898816183415429,1.0934150177781825e-05,0.06774460347569619,0.0033403219728341225,0.9730484144309697,0.5481949333986855,0.3705655574798584,-0.5690072534360471,1.490593514728546,0.4562382619857788,0.4,0.0,1.4,0.0
transgastric_short_axis,1,75,3.7509,0.37055839690087183,-0.5690072475940636,1.4905945303274475,0.4562382642925371,-0.007160578986745349,5.841984079441451e-06,0.0010155988996985773,2.3066967497711534e-06,0.0474665228791534,-0.04866228098648487,1.0658796965010768,0.7355248320332471,0.27541713714599614,-0.23311433405628385,1.5105394311904907,-0.48699584712982175,0.4,0.0,1.4,0.0
transgastric_short_axis,1,76,3.8011,0.275409974696666,-0.23311433941846937,1.510540208158531,-0.48699583562283455,-0.007162449330096985,-5.362186807848383e-06,0.0007769680400255451,1.15069883315162e-05,0.06781495916245203,0.0007330374578708616,0.9693803146342883,0.5650212838303607,0.3728038311004639,-0.5410070482122522,1.501010639333725,0.42583833189010617,0.4,0.0,1.4,0.0
transgastric_short_axis,1,77,3.8509,0.3727966705961565,-0.5410070435116344,1.5010116590657452,0.4258383330794455,-0.007160504307514901,4.700617872722438e-06,0.0010197320195396177,1.1892717699589372e-06,0.04973860489054072,-0.04674959635011837,1.0674596807685601,0.6963980782906776,0.2857023000717163,-0.2474356700716991,1.5191991774559022,-0.45504433078765866,0.4,0.0,1.4,0.0
transgastric_short_axis,1,78,3.9009,0.2856951374750254,-0.24743567439523562,1.519199930961494,-0.4550443194310218,-0.007162596690898317,-4.323536462610139e-06,0.0007535055919825788,1.1356637294430398e-05,0.06809673640558728,-0.0013362771825631897,0.9791215990799502,0.5436579538165014,0.37242228984832765,-0.5500755486488383,1.5055406869411467,0.4131361473083496,0.4,0.0,1.4,0.0
transgastric_short_axis,1,79,3.9509,0.3724151293445374,-0.5500755444432552,1.5055417045512502,0.4131361479896043,-0.0071605037901682,4.205583120565132e-06,0.0010176101028875194,6.811841235600392e-07,0.049696324642456435,-0.04695772807989265,1.066787694036883,0.6965375494967188,0.2859651803970337,-0.23269301364945488,1.5185198201179504,-0.4470653462648392,0.4,0.0,1.4,0.0
transgastric_short_axis,1,80,4.0008,0.28595801781463637,-0.23269301793992506,1.5185205745646417,-0.447065335123096,-0.007162582397251568,-4.29047062457939e-06,0.000754446689885698,1.1141741406018256e-05,0.06816709113174016,-0.0006042950982202734,0.9794359148224197,0.5301567266031961,0.3710221767425537,-0.563352197308832,1.5005511181354523,0.42763316102027893,0.4,0.0,1.4,0.0
transgastric_short_axis,1,81,4.0508,0.3710150162098729,-0.5633521925916816,1.5005521345092632,0.42763316221350944,-0.007160532680804478,4.717151339967722e-06,0.00101637381050591,1.1931624159430518e-06,0.048627363508245244,-0.04788259944892423,1.0657068565413368,0.7149731990517293,0.2819222450256348,-0.2259311020001216,1.5159609948635102,-0.47464008235931393,0.4,0.0,1.4,0.0
transgastric_short_axis,1,82,4.1009,0.28191508253573766,-0.22593110677296788,1.515961764729207,-0.4746400710212269,-0.007162489897058254,-4.7728471827381305e-06,0.0007698656974013277,1.1338086663352186e-05,0.06793672265825094,0.0007971296224753999,0.9755395278624523,0.551107285960136,0.3726839542388916,-0.5527242496064363,1.498270364999771,0.44202306547164916,0.4,0.0,1.4,0.0
transgastric_short_axis,1,83,4.1509,0.3726767936916689,-0.5527242445080818,1.4982713818552078,0.4420230669282148,-0.007160547222807033,5.098354092365826e-06,0.001016855435997234,1.4564993007348222e-06,0.048704340555046,-0.04763505275404005,1.0675053364845477,0.715047064365944,0.2830801010131836,-0.24069828863271894,1.5162199670791625,-0.4679538054943085,0.4,0.0,1.4,0.0
transgastric_short_axis,1,84,4.2009,0.2830729384726127,-0.24069829332171092,1.5162207295311108,-0.46795379405951537,-0.007162540570841524,-4.688992978651921e-06,0.0007624519480699716,1.1434793959135652e-05,0.06799532953368989,-0.0004341652950076401,0.9766860798415065,0.5514486535234743,0.3731389045715332,-0.5453857843870469,1.502851532936096,0.4263021599292755,0.4,0.0,1.4,0.0
transgastric_short_axis,1,85,4.251,0.373131744053212,-0.5453857798168427,1.502852550795355,0.42630216088912665,-0.007160518321119549,4.5702051516522895e-06,0.0010178592581121361,9.597817536327161e-07,0.0495272754118693,-0.04698049963896386,1.0676714822743691,0.7003425815898228,0.28450956344604494,-0.2461868763858581,1.5190898211479187,-0.46144897770881654,0.4,0.0,1.4,0.0
transgastric_short_axis,1,86,4.3008,0.28450240086668355,-0.24618688077986217,1.5190905776639223,-0.46144896628689336,-0.007162579361406088,-4.394005546595894e-06,0.0007565160040309886,1.142192233225774e-05,0.06805093647153962,-0.0010320373777525874,0.9779309929879902,0.5486942589906035,0.37276735305786135,-0.5428962489164731,1.50549200091362,0.4160833372592926,0.4,0.0,1.4,0.0
transgastric_short_axis,1,87,4.3509,0.3727601925547189,-0.5428962446577419,1.5054930190375408,0.4160833379369695,-0.007160503142520294,4.258731592420175e-06,0.0010181239201164684,6.776063539574091e-07,0.049947704999304815,-0.046659041991982106,1.0671333033060373,0.6926272162913901,0.286818265914917,-0.24496223840334197,1.5190540556430816,-0.4387324517726898,0.4,0.0,1.4,0.0
transgastric_short_axis,1,88,4.401,0.286811103288877,-0.24496224257864796,1.5190548034796274,-0.4387324406252468,-0.007162626039895194,-4.175305375795587e-06,0.000747836545889553,1.114744174894972e-05,0.06821352956299215,-0.0017269495360746415,0.9802599542693715,0.5286571926271315,0.3712538003921509,-0.5737861503705721,1.5037750694274903,0.4116725704193115,0.4,0.0,1.4,0.0
transgastric_short_axis,1,89,4.451,0.37124663987118867,-0.5737861461051282,1.5037760847434418,0.41167257128441115,-0.007160520962137924,4.265443990696659e-06,0.001015315951387919,8.650301403723691e-07,0.048605172177131103,-0.04809020640456864,1.0657387149136615,0.7143536091414876,0.2807858228683472,-0.21078491425489235,1.515641726875305,-0.48112066075801846,0.4,0.0,1.4,0.0
transgastric_short_axis,1,90,4.5009,0.2807786604351083,-0.2107849191168846,1.5156425049348368,-0.48112064955036904,-0.00716243323897302,-4.8619932330196746e-06,0.0007780595318711858,1.1207647779162172e-05,0.06785601271577957,0.0020449679910899037,0.9744184364222002,0.5509031478455461,0.3716857433319092,-0.5586725447368044,1.4953566935062408,0.4494830756664276,0.4,0.0,1.4,0.0
transgastric_short_axis,1,91,4.5509,0.37167858276877597,-0.5586725393298382,1.4953577096982755,0.4494830774405498,-0.007160563133130974,5.406966417162121e-06,0.0010161920338173087,1.7740581980200678e-06,0.04818790572506185,-0.04805657805640578,1.0666922660360476,0.7239096895190467,0.27994799613952637,-0.23981257951080742,1.514320837497711,-0.4761572138786316,0.4,0.0,1.4,0.0
transgastric_short_axis,1,92,4.601,0.27994083363001765,-0.23981258444092926,1.5143216050826656,-0.47615720236931514,-0.007162509508735466,-4.930122666106618e-06,0.0007675849541265249,1.1509317229005168e-05,0.0679230248804716,-9.292224276079633e-05,0.973672204634692,0.5583183588621664,0.3732776165008545,-0.5427539362457221,1.5023916372299193,0.42670269613265993,0.4,0.0,1.4,0.0
transgastric_short_axis,1,93,4.651,0.37327045598634756,-0.5427539316332821,1.5023926556738916,0.4267026971508825,-0.007160514507061375,4.612440368779965e-06,0.0010184439717652936,1.0181531738630958e-06,0.049637409105678945,-0.04685684723111305,1.067840478434631,0.6984667111025071,0.28511154651641846,-0.24790249308246556,1.519263031053543,-0.4583170617341995,0.4,0.0,1.4,0.0
transgastric_short_axis,1,94,4.7011,0.2851043839259173,-0.24790249743302817,1.5192637857457063,-0.4583170503339138,-0.007162590501195406,-4.350561528408142e-06,0.0007546921626435312,1.1400286004007315e-05,0.06807264090782264,-0.0012560781074447422,0.9785240069380778,0.5467495039263891,0.3726339101791382,-0.5451376734808031,1.5059427211761474,0.41322827625274655,0.4,0.0,1.4,0.0
transgastric_short_axis,1,95,4.751,0.3726267496782977,-0.5451376692929151,1.5059437391512702,0.41322827688761077,-0.0071605008405161135,4.187888992108389e-06,0.0010179751223877032,6.347932107015766e-07,0.04992645168044172,-0.04671452626584629,1.066972328929462,0.6927525229114236,0.28680965900421146,-0.23966464923463193,1.518886463356018,-0.43668305089473725,0.4,0.0,1.4,0.0
transgastric_short_axis,1,96,4.8008,0.2868024963839511,-0.23966465339940035,1.518887211713678,-0.4366830398137777,-0.007162620260304538,-4.1647668736542465e-06,0.000748357660014482,1.1080957061561494e-05,0.0682352315935965,-0.001435739554630621,0.9802640857425764,0.5244798063643771,0.37079381942749023,-0.5774001431935938,1.5020452174186707,0.41718064541816713,0.4,0.0,1.4,0.0
transgastric_short_axis,1,97,4.8511,0.37078665889512297,-0.5774001387447176,1.502046232186605,0.41718064644732333,-0.007160532367311627,4.4488761721850355e-06,0.0010147679334994073,1.0290875081448672e-06,0.0482632523122011,-0.04836683771761874,1.0653891653530358,0.7202065431489901,0.2803591966629029,-0.2063035631543456,1.5140538133621215,-0.48167015748023984,0.4,0.0,1.4,0.0
transgastric_short_axis,1,98,4.9011,0.28035203425051436,-0.20630356815366574,1.5140545942723653,-0.48167014634228383,-0.007162412388516426,-4.99932015153864e-06,0.000780910244010652,1.1137954595840233e-05,0.067835218565635,0.0023687403168325284,0.9740959856603801,0.5494464289564136,0.3714286327362061,-0.5618725200400487,1.4939054753780365,0.45214563961029053,0.4,0.0,1.4,0.0
transgastric_short_axis,1,99,4.951,0.37142147216677845,-0.5618725144926225,1.4939064912907574,0.4521456415462586,-0.007160569427628564,5.547425833534117e-06,0.0010159127198460947,1.9359051713327524e-06,0.04794871557939853,-0.048256033861903705,1.066528296839897,0.7278540822659412,0.2784450054168701,-0.23832653562254322,1.513410034275055,-0.4802854145050049,0.4,0.0,1.4,0.0
transgastric_short_axis,1,100,5.001,0.2784378429251495,-0.23832654067189568,1.5134108047337351,-0.48028540297630684,-0.007162491720657219,-5.049350413558927e-06,0.0007704586799086472,1.1528699309454208e-05,0.06788553510239494,0.00014914659742650167,0.9722255127602686,0.5613492468720255,0.37316350936889653,-0.5413195743273622,1.5020060813426972,0.4268757187843323,0.4,0.0,1.4,0.0
transgastric_short_axis,1,101,5.0508,0.37315634885728,-0.5413195696830918,1.5020071002131914,0.4268757198497619,-0.007160511616576417,4.644270903264362e-06,0.0010188704929016124,1.0653606612972157e-06,0.04969806959292086,-0.04678812642265244,1.0677519172815197,0.6974064717363299,0.2854028224945069,-0.2490209583224608,1.5193321277618408,-0.456587958741188,0.4,0.0,1.4,0.0
transgastric_short_axis,1,102,5.1009,0.28539565989778337,-0.2490209626513641,1.519332881440624,-0.4565879473517147,-0.0071625967235297286,-4.328903250985018e-06,0.0007536787830894705,1.1389473390711704e-05,0.06808391084292384,-0.0013914724321031765,0.9788120768211919,0.5457641293359713,0.37259883880615235,-0.5475008128293282,1.5061492622852326,0.4115617160797119,0.4,0.0,1.4,0.0
transgastric_short_axis,1,103,5.1509,0.37259167830577955,-0.5475008086804868,1.5061502800663353,0.4115617166970642,-0.007160500372626674,4.148842245428472e-06,0.0010177811026905509,6.172812913100335e-07,0.04986442250165115,-0.04679936176871061,1.0669249474722504,0.6936564569098141,0.28658223152160645,-0.23508236848996036,1.5187419033050538,-0.4377708091020584,0.4,0.0,1.4,0.0
transgastric_short_axis,1,104,5.201,0.2865750689128688,-0.23508237267342394,1.5187426532774388,-0.43777079804481767,-0.0071626087375397055,-4.183463641675886e-06,0.0007499723855342975,1.1057238000433729e-05,0.06823298442687602,-0.0010856446243561945,0.9800454507874568,0.5233278382257623,0.3705724954605103,-0.5763635077392805,1.5007153398513793,0.4225892885684967,0.4,0.0,1.4,0.0
transgastric_short_axis,1,105,5.2509,0.37056533492147636,-0.5763635031247206,1.5007163546486932,0.42258928972938214,-0.007160539033970212,4.6145608033186e-06,0.0010147973134236742,1.1608172950589562e-06,0.04814943491170835,-0.048416392993777486,1.065251322576917,0.7223481010774444,0.2805309057235718,-0.20821205097052362,1.5135515982627867,-0.4806526195049286,0.4,0.0,1.4,0.0
transgastric_short_axis,1,106,5.3009,0.28052374330541074,-0.20821205600135478,1.5135523783147997,-0.48065260835555146,-0.007162418161003477,-5.030832664304651e-06,0.0007800520134473481,1.114937565116931e-05,0.06784734204222972,0.0022053739608810206,0.974301739070371,0.5491337803468342,0.3715846538543701,-0.5621605159448055,1.4941404790878297,0.45188966345787046,0.4,0.0,1.4,0.0
transgastric_short_axis,1,107,5.351,0.3715774932841146,-0.5621605104190448,1.4941414948334977,0.4518896653646802,-0.007160570255437988,5.525760639921308e-06,0.0010157456665161927,1.9067459523971455e-06,0.04794342695827106,-0.04826574019029585,1.0666690399298373,0.7279417346707796,0.27849740982055665,-0.23799584591656103,1.5133913088798523,-0.48022980008125304,0.4,0.0,1.4,0.0
transgastric_short_axis,1,108,5.401,0.27849024732949035,-0.2379958509667613,1.5133920794173106,-0.4802297885572351,-0.00716249106623994,-5.050199675404768e-06,0.0007705374570260156,1.1524019257457169e-05,0.0678858786568329,0.00016972304659738056,0.9722792033469241,0.5611462007033013,0.3731550216674805,-0.541540907981083,1.5018946652412415,0.4272700756072998,0.4,0.0,1.4,0.0
transgastric_short_axis,1,109,5.451,0.3731478611551795,-0.541540903324097,1.501895684090493,0.4272700766849118,-0.007160512301192458,4.656985980466376e-06,0.0010188492505219852,1.0775438765278377e-06,0.04967591045114917,-0.046806686301157446,1.0677504675286997,0.6978037232633689,0.2852676868438721,-0.24869195389810592,1.5193379326343537,-0.4574290098667145,0.4,0.0,1.4,0.0
transgastric_short_axis,1,110,5.5013,0.2852605242495897,-0.24869195823447687,1.5193386867284797,-0.4574289984702054,-0.007162594282357451,-4.3363703956752775e-06,0.0007540941259288459,1.1396508314232791e-05,0.06807831293169046,-0.0013402811844152067,0.978675888017877,0.5463477355837684,0.3726273536682129,-0.5462924659025428,1.5061206124305724,0.41210587606430055,0.4,0.0,1.4,0.0
transgastric_short_axis,1,111,5.5508,0.37262019316794615,-0.5462924617428488,1.5061216303055298,0.4121058766828227,-0.0071605002667214646,4.159694169599072e-06,0.001017874956980801,6.184516427363941e-07,0.04990526196704288,-0.04674997011102146,1.0669548873484715,0.6930210397920427,0.286731767654419,-0.23719140481978898,1.5188220479965209,-0.436475105381012,0.4,0.0,1.4,0.0
transgastric_short_axis,1,112,5.6009,0.2867246050385402,-0.23719140898583985,1.518822796898438,-0.4364750943221521,-0.007162615878707454,-4.166049261481928e-06,0.0007489019166694856,1.1058857333825499e-05,0.06823979448684307,-0.0012740534267815466,0.9801906459469962,0.5231829934417418,0.3706225872039795,-0.5779707046511973,1.5012829065799713,0.41989170813560484,0.4,0.0,1.4,0.0
transgastric_short_axis,1,113,5.6508,0.37061542666709135,-0.5779707001149067,1.501283921216535,0.4198917092384278,-0.007160536888194394,4.5362910070340975e-06,0.0010146365627233236,1.1027548843712135e-06,0.04815310606122221,-0.04844403680726285,1.0652662060654041,0.722136457690261,0.2803209781646729,-0.20571858317615285,1.5135291277885436,-0.4815463826179504,0.4,0.0,1.4,0.0
transgastric_short_axis,1,114,5.7008,0.280313815755888,-0.20571858821784425,1.5135299091749514,-0.4815463714948233,-0.007162408784898958,-5.041692560541642e-06,0.0007813864077384899,1.1123124993906215e-05,0.06783306629835799,0.0024046576538455993,0.9740924643030746,0.5490180947968487,0.37140974998474124,-0.5626031832522472,1.493596506357193,0.4526751937866211,0.4,0.0,1.4,0.0
transgastric_short_axis,1,115,5.7509,0.37140258941391624,-0.5626031776753887,1.4935975221973852,0.4526751957571147,-0.0071605708248566186,5.576859300489267e-06,0.0010158401915350765,1.970430889964631e-06,0.047896382212371344,-0.048300003815624076,1.0665292694716724,0.728708087259848,0.2781324148178101,-0.2379012828919172,1.5132059274673462,-0.4811641973018646,0.4,0.0,1.4,0.0
transgastric_short_axis,1,116,5.8008,0.27812525233018026,-0.23790128796763604,1.5132066985789097,-0.48116418577106085,-0.007162487629635005,-5.0757190357964796e-06,0.0007711115628954581,1.1530804944347272e-05,0.06787734036712481,0.0002080471121106535,0.9719255604752515,0.5619476908112591,0.37313456535339357,-0.540910799905981,1.501963574695587,0.4266349102020264,0.4,0.0,1.4,0.0
transgastric_short_axis,1,117,5.8508,0.37312740484298557,-0.5409107952612292,1.5019645936891273,0.42663491127356856,-0.0071605104080534054,4.644751805933677e-06,0.0010189935395279565,1.0714736043637856e-06,0.04972395788715818,-0.04676292161778765,1.0677260484345212,0.6969366905854525,0.28553733825683597,-0.2495819698508428,1.5193270719051362,-0.4556736913204193,0.4,0.0,1.4,0.0
transgastric_short_axis,1,118,5.9009,0.28553017565710787,-0.2495819741716382,1.5193278250872888,-0.4556736799368503,-0.007162599728059108,-4.320797098948447e-06,0.0007531821527000134,1.1383568556930044e-05,0.06808964720482633,-0.001460978388763333,0.9789476530788987,0.5452266821641789,0.37257933616638184,-0.5487861209504277,1.5062397059440613,0.41073180656433106,0.4,0.0,1.4,0.0
transgastric_short_axis,1,119,5.9508,0.37257217566617257,-0.5487861168203271,1.5062407236208308,0.4107318071745105,-0.007160500209185976,4.130101192359653e-06,0.0010176767684508133,6.101092939629638e-07,0.0498283370338723,-0.046846945393398745,1.0669001396664555,0.6941946386588836,0.2864498376846314,-0.23264339146820615,1.5186604478359222,-0.43855137720108034,0.4,0.0,1.4,0.0
transgastric_short_axis,1,120,6.0009,0.2864426750827013,-0.23264339566401881,1.5186611987781218,-0.43855136615486595,-0.007162601930040561,-4.195813606331692e-06,0.0007509421997393786,1.1046212080556444e-05,0.06822959411054247,-0.0008924163397012871,0.9799178785263887,0.5229015169610989,0.37046484947204594,-0.5754851015044207,1.5000150100708007,0.4254655092716217,0.4,0.0,1.4,0.0
transgastric_short_axis,1,121,6.051,0.3704576889298272,-0.5754850968006414,1.5000160249341628,0.4254655105041225,-0.007160542218827902,4.703779324246042e-06,0.0010148633612006167,1.2324334465896449e-06,0.048104583306040484,-0.048426773301329926,1.0651874980519174,0.7232426637409985,0.28065559864044193,-0.20966626176138298,1.5133572286605834,-0.48000472083091733,0.4,0.0,1.4,0.0
transgastric_short_axis,1,122,6.1008,0.2806484362174446,-0.20966626680181605,1.5133580080099556,-0.4800047096697565,-0.007162422997205947,-5.040434432553242e-06,0.0007793493720644059,1.116115897177147e-05,0.06785580400987783,0.002085013127322022,0.974439847502836,0.5490530926031508,0.37169828414916994,-0.561788255958683,1.4943511397838591,0.45138070721626283,0.4,0.0,1.4,0.0
transgastric_short_axis,1,123,6.1508,0.3716911235799888,-0.5617882504552802,1.4943521555707315,0.4513807091003752,-0.007160569181136683,5.503402863146377e-06,0.0010157868715691843,1.8840476569695607e-06,0.04797739567379262,-0.04823902533176606,1.0667692988128257,0.7273611926976646,0.2787505149841309,-0.23793985711583132,1.5135135857105255,-0.4796006268024445,0.4,0.0,1.4,0.0
transgastric_short_axis,1,124,6.2008,0.27874335249102644,-0.23793986214902685,1.513514355897545,-0.4796006152845819,-0.007162493104492277,-5.033197185582904e-06,0.0007701870198306902,1.151786355410525e-05,0.06789157931697411,0.00015203922782548902,0.9725248285848893,0.5605540221430915,0.37316451072692874,-0.542036568033028,1.501807030391693,0.4277799681186676,0.4,0.0,1.4,0.0
transgastric_short_axis,1,125,6.2509,0.3731573502132495,-0.5420365633639115,1.5018080491458088,0.4277799692050426,-0.007160513679305437,4.669116921928697e-06,0.0010187541150257439,1.0863060867175186e-06,0.049637656789434985,-0.04684119870476884,1.067765291304682,0.6984874693184384,0.2850193977355957,-0.24862753868923962,1.5193149003982545,-0.4587124484539032,0.4,0.0,1.4,0.0
transgastric_short_axis,1,126,6.3008,0.2850122351444192,-0.24862754303983614,1.5193156550479587,-0.4587124370424761,-0.007162591176479875,-4.350595063106246e-06,0.0007546497042322599,1.141142687541767e-05,0.06806900874687707,-0.0012919443234508093,0.9784281040405729,0.5474405599345732,0.3726967811584473,-0.5444257356200193,1.506194764995575,0.41245004882812497,0.4,0.0,1.4,0.0
transgastric_short_axis,1,127,6.3508,0.37268962065887934,-0.5444257314578342,1.506195783004908,0.4124500494366101,-0.007160499567842307,4.162185132557946e-06,0.0010180093322216123,6.084139776461897e-07,0.0499828827702221,-0.04666384178177367,1.0670190402218382,0.6917642817473604,0.2870166540145874,-0.240060503163537,1.5189535002708434,-0.4332828000068665,0.4,0.0,1.4,0.0
transgastric_short_axis,1,128,6.4009,0.2870094913861299,-0.24006050729047843,1.5189542471880024,-0.43328278896464706,-0.007162628457426461,-4.126942116611066e-06,0.0007469171596435016,1.1042217507637258e-05,0.06825786855840967,-0.0015795447597013968,0.9804692131426616,0.5218045518529234,0.3705918312072754,-0.5821071347786867,1.5019738736629487,0.41573167433738706,0.4,0.0,1.4,0.0
transgastric_short_axis,1,129,6.4508,0.3705846706719134,-0.5821071303523625,1.5019748878412011,0.4157316753691953,-0.0071605353620506984,4.426324636476492e-06,0.001014178251608683,1.0317388607406068e-06,0.04807737614275114,-0.048565806314220875,1.0651933565229001,0.7231498298845446,0.27979712486267094,-0.19949689791513134,1.513055749797821,-0.48353333430290224,0.4,0.0,1.4,0.0
transgastric_short_axis,1,130,6.5009,0.27978996247897403,-0.19949690301649858,1.5130565347239573,-0.48353332325550025,-0.007162383696863366,-5.101366214517265e-06,0.0007849261356473707,1.1047399786198339e-05,0.06779566275190539,0.0028937658374177293,0.9735979492174429,0.5484849334086381,0.3709460258483887,-0.5648446078165772,1.4921994046211242,0.4544848159790039,0.4,0.0,1.4,0.0
transgastric_short_axis,1,131,6.5509,0.370938865274782,-0.5648446021130823,1.4922004205030923,0.454484818108857,-0.007160573606691884,5.703495335942992e-06,0.0010158819668118332,2.129790178662524e-06,0.047728051473087195,-0.04843664907799293,1.0661559567108578,0.7314036789080237,0.2769737243652344,-0.23654200963272998,1.5121655445098876,-0.4835653547286987,0.4,0.0,1.4,0.0
transgastric_short_axis,1,132,6.6009,0.27696656189165086,-0.2365420148211622,1.5121663178029596,-0.483565343197025,-0.00716247358345656,-5.188433148186646e-06,0.000773293071549087,1.1531675038978215e-05,0.06785273000920247,0.00038274395622684733,0.9708331619201513,0.5634767747291338,0.37303967475891114,-0.5402864966898177,1.5016943035125732,0.42576249403953553,0.4,0.0,1.4,0.0
transgastric_short_axis,1,133,6.6509,0.37303251425243267,-0.5402864920367486,1.5016953229022274,0.4257624951468504,-0.007160506478388953,4.653069490506202e-06,0.0010193896537470468,1.1072461162270215e-06,0.04977717932793024,-0.046713866393770245,1.06764999081438,0.6958824467816248,0.2858606815338135,-0.2499180899087352,1.5192669633865357,-0.4536631456375122,0.4,0.0,1.4,0.0
transgastric_short_axis,1,134,6.7008,0.285853518929333,-0.24991809421506817,1.5192677157195114,-0.4536631342752777,-0.007162604480570716,-4.3063317845866295e-06,0.0007523329750972243,1.1362234693941518e-05,0.0681032210257106,-0.0015527028216329192,0.9792765757596305,0.5436207321012755,0.3724854469299317,-0.5517553999242438,1.5061691112041473,0.40995844774246215,0.4,0.0,1.4,0.0
transgastric_short_axis,1,135,6.7508,0.3724782864287501,-0.5517553958041665,1.5061701286499414,0.40995844836361073,-0.007160501181499539,4.120076998852265e-06,0.0010174457941433293,6.210775117212855e-07,0.049710942472003354,-0.04697904366108962,1.0668116740443128,0.6960815233283777,0.2860173225402832,-0.22789183354674641,1.5184494126319885,-0.4430980904102325,0.4,0.0,1.4,0.0
transgastric_short_axis,1,136,6.8008,0.2860101599591962,-0.2278918378007045,1.518450166791924,-0.4430980793538168,-0.00716258108699297,-4.2539588525360716e-06,0.0007541599355648905,1.1056413355994687e-05,0.068198809426428,-0.00041252479462334114,0.9794958647760277,0.5246853564840424,0.37043964862823486,-0.5694742637003277,1.4988536610603331,0.4316589337348938,0.4,0.0,1.4,0.0
transgastric_short_axis,1,137,6.8508,0.37043248808370777,-0.5694742588192695,1.4988546766369737,0.4316589350974578,-0.007160544527012838,4.8810582648531536e-06,0.0010155766391374116,1.362497139171038e-06,0.048208155364242576,-0.04825136999132855,1.0652332950478514,0.7219950502331359,0.2813041687011719,-0.21790728891895708,1.513908129787445,-0.4766581182003021,0.4,0.0,1.4,0.0
transgastric_short_axis,1,138,6.901,0.28129700624539006,-0.21790729387995894,1.5139089044269678,-0.4766581069548421,-0.007162455781759884,-4.961002621985476e-06,0.000774639522664765,1.1245459464472738e-05,0.06790278675800367,0.0014121351302857563,0.9750551585848319,0.5493197419408113,0.37224237918853764,-0.5583379227070251,1.496069194793701,0.44734163947105404,0.4,0.0,1.4,0.0
transgastric_short_axis,1,139,6.9508,0.37223521862841935,-0.5583379173825638,1.4960702109803137,0.4473416411676183,-0.00716056011845348,5.324461359882188e-06,0.0010161866104985392,1.696498843402903e-06,0.048270262768535105,-0.04800221702806462,1.067204063205642,0.7223961118611107,0.2807659149169922,-0.2381967689372399,1.5145728813171386,-0.47436893863677976,0.4,0.0,1.4,0.0
transgastric_short_axis,1,140,7.0008,0.2807587524052258,-0.2381967738269,1.5145736483731076,-0.4743689271640043,-0.00716251176631503,-4.889660250490703e-06,0.0007670559685224359,1.1472776029482802e-05,0.0679386535562499,-4.422122222772461e-05,0.9744750974275076,0.5559758791078571,0.37326011657714847,-0.5447069903982669,1.5017871814727783,0.4293188210964203,0.4,0.0,1.4,0.0
transgastric_short_axis,1,141,7.0508,0.3732529560568023,-0.5447069857117361,1.5017881995991713,0.42931882217791006,-0.007160520346108206,4.686530742225383e-06,0.0010181263912857662,1.0814217542958503e-06,0.04946783435809509,-0.0470038673520784,1.0678606775722819,0.7014959681257859,0.2841533184051514,-0.24754334084233315,1.519077836894989,-0.4631612278461456,0.4,0.0,1.4,0.0
transgastric_short_axis,1,142,7.1008,0.2841461558271426,-0.2475433452546787,1.5190785937928144,-0.46316121639205227,-0.00716257800881477,-4.4123469511696885e-06,0.0007568978250397806,1.1454093114983974e-05,0.06803669705800544,-0.0010657917494094095,0.9775741601475907,0.5508156178422553,0.37295958995819095,-0.5408613649782464,1.5059586377620697,0.41498228402137755,0.4,0.0,1.4,0.0
transgastric_short_axis,1,143,7.1509,0.3729524294572658,-0.540861360761854,1.5059596559794786,0.4149822846485778,-0.007160500925066243,4.216392762468914e-06,0.0010182174077512632,6.271299673848967e-07,0.050075751550534675,-0.04653612243321484,1.0672953432125343,0.6904348831749967,0.2873297214508057,-0.24705779248015206,1.5191943088531494,-0.43163889756202695,0.4,0.0,1.4,0.0
transgastric_short_axis,1,144,7.2008,0.28732255880611646,-0.2470577965778491,1.5191950534858867,-0.4316388864885677,-0.007162644689273107,-4.097698314840216e-06,0.0007446327374793025,1.1073457977975497e-05,0.068256526377985,-0.002113868185039617,0.9807674682136738,0.5236920370871577,0.37091164588928227,-0.5833718450132301,1.5040065153121949,0.4070782947063446,0.4,0.0,1.4,0.0
transgastric_short_axis,1,145,7.2509,0.3709044853651944,-0.5833718408392402,1.5040075295561204,0.4070782955488248,-0.007160524087843347,4.17398982896883e-06,0.0010142439247895713,8.424107036998179e-07,0.04827738973025214,-0.04846653792666482,1.065385342359699,0.7195134179202857,0.279518461227417,-0.1964590841551376,1.5139834058761596,-0.4852956748723984,0.4,0.0,1.4,0.0
transgastric_short_axis,1,146,7.3009,0.27951129885327536,-0.19645908919693952,1.5139841922316766,-0.48529566384193495,-0.007162374141634076,-5.041801246285939e-06,0.0007863555167082882,1.1030460227033754e-05,0.0677725242393939,0.0031581519681127225,0.9732565411224039,0.5491975767013252,0.3706216335296631,-0.5654048703309026,1.492070948410034,0.4542127359867096,0.4,0.0,1.4,0.0
transgastric_short_axis,1,147,7.3508,0.3706144729566951,-0.5654048646231545,1.4920719643446123,0.45421273812871377,-0.007160572968082503,5.707747776508633e-06,0.001015934577924702,2.1419423421911383e-06,0.04770844270909213,-0.04845802952959276,1.0658404022096062,0.7316642865657716,0.27685883045196535,-0.23570929325532183,1.5120719175338744,-0.48395746450424193,0.4,0.0,1.4,0.0
transgastric_short_axis,1,148,7.4009,0.27685166798171107,-0.23570929845558536,1.5120726913145157,-0.4839574529799603,-0.007162470254248601,-5.200264361680665e-06,0.0007737806410388038,1.152428251563187e-05,0.06784867675368741,0.0004526317263655131,0.9707240608847842,0.5634709304752465,0.37300450801849366,-0.5403769401371502,1.5014903839588165,0.4263296862602234,0.4,0.0,1.4,0.0
transgastric_short_axis,1,149,7.4508,0.3729973475114954,-0.5403769354623398,1.5014914033810465,0.4263296873905231,-0.00716050699821681,4.674811490400884e-06,0.0010194222288955972,1.1302307374953595e-06,0.049755827270272834,-0.046729173903685944,1.067627860483675,0.696271414702514,0.2857224225997925,-0.24953965055664576,1.519290557384491,-0.4545820944070816,0.4,0.0,1.4,0.0
transgastric_short_axis,1,150,7.5008,0.2857152599978935,-0.24953965486973306,1.5192913101584278,-0.4545820830371665,-0.0071626018990779165,-4.313087912775579e-06,0.0007527739367366843,1.136991475736956e-05,0.06809736588978914,-0.0014954618666777383,0.9791360244606246,0.544248406564115,0.3725155830383301,-0.5504300195511171,1.5061355927467346,0.4105745132446289,0.4,0.0,1.4,0.0
transgastric_short_axis,1,151,7.551,0.3725084225372803,-0.5504300154187712,1.5061366102999845,0.41057451386731003,-0.007160501049917129,4.132345710879651e-06,0.0010175532496172525,6.2261081974395e-07,0.049755383128508815,-0.046925404017822886,1.0668434988311204,0.6953886684356068,0.2861813545227051,-0.23022351430489485,1.518539294528961,-0.4417141900777817,0.4,0.0,1.4,0.0
transgastric_short_axis,1,152,7.6009,0.2861741919332394,-0.23022351853962653,1.5185400474448958,-0.4417141790161972,-0.00716258946561911,-4.234730863630197e-06,0.000752915934827933,1.1061582508144542e-05,0.06820813981313201,-0.0006189566029892587,0.9796550002038558,0.5245210595038182,0.3705124378204346,-0.5711801432141995,1.4994663559913635,0.42889469089508053,0.4,0.0,1.4,0.0
transgastric_short_axis,1,153,7.6508,0.3705052772780222,-0.5711801384174905,1.4994673713803852,0.4288946921907977,-0.007160542412356302,4.796709324121474e-06,0.0010153890215115632,1.2956490611855721e-06,0.048209639006501756,-0.04828291027206576,1.065268143694761,0.7217763532769915,0.28115053176879884,-0.2158433806860377,1.5139242336273193,-0.4779627164840698,0.4,0.0,1.4,0.0
transgastric_short_axis,1,154,7.7009,0.28114336932154144,-0.21584338565916283,1.5139250095388777,-0.47796270525469065,-0.007162447257407215,-4.9731254588347405e-06,0.0007759115586839418,1.1229378292116614e-05,0.06788801659816245,0.0015963659216957611,0.9748992665530927,0.5496749232063086,0.37210719585418706,-0.558700258256898,1.4957225877285003,0.4482316575050354,0.4,0.0,1.4,0.0
transgastric_short_axis,1,155,7.751,0.37210003529261415,-0.5587002528948439,1.4957236038942376,0.4482316592402489,-0.007160561572952053,5.362054320634716e-06,0.00101616573625827,1.7351483350296303e-06,0.04822511418285533,-0.04803546936812397,1.067090872396619,0.7231867043186037,0.28040263652801517,-0.2385473075157216,1.514420456600189,-0.47524603614807126,0.4,0.0,1.4,0.0
transgastric_short_axis,1,156,7.8008,0.28039547401841974,-0.23854731242739763,1.5144212240547512,-0.47524602466267435,-0.007162509595478076,-4.911675610909873e-06,0.000767454562387087,1.148539770064314e-05,0.06793091885322522,-3.8061961579835546e-05,0.9741210929397168,0.5569210566799174,0.37325611114501955,-0.5440504795776703,1.5019152631759642,0.42863403339385986,0.4,0.0,1.4,0.0
transgastric_short_axis,1,157,7.8507,0.37324895062652574,-0.5440504749082097,1.5019162814291906,0.4286340344626405,-0.007160518493904363,4.6694602742986295e-06,0.0010182532261804446,1.0687124666499544e-06,0.049518977930754514,-0.046958185060850685,1.067848819696989,0.7005858989520876,0.2843099355697632,-0.2479277723068753,1.5192077911376953,-0.46241764240264893,0.4,0.0,1.4,0.0
transgastric_short_axis,1,158,7.9009,0.28430277298874623,-0.2479277767016802,1.5192085475509867,-0.4624176309536909,-0.007162581016947487,-4.3948062060313424e-06,0.0007564132910307458,1.144895876885158e-05,0.06804224759414686,-0.0011174795623843277,0.9777227703658071,0.5503587684632375,0.3729135036468506,-0.5409210988492591,1.5061146203041076,0.4142248417854309,0.4,0.0,1.4,0.0
transgastric_short_axis,1,159,7.9508,0.37290634314689564,-0.5409210946532094,1.5061156385257704,0.4142248423967345,-0.007160499955012775,4.196050517000922e-06,0.0010182216631525196,6.112335237210028e-07,0.05009518144267721,-0.046524149144171564,1.0672395136662227,0.6900524948732752,0.2874183177947998,-0.24640090715252722,1.5191864441871643,-0.4299650344848633,0.4,0.0,1.4,0.0
transgastric_short_axis,1,160,8.0009,0.2874111551478199,-0.2464009112342872,1.5191871883401546,-0.42996502343801013,-0.007162646979861401,-4.08175935182736e-06,0.0007441529895311345,1.1046851257714367e-05,0.06826858440310618,-0.002126608427072311,0.9808578512295862,0.5219819578172367,0.3707599639892578,-0.5858057661901024,1.5037140246391296,0.40734063749313354,0.4,0.0,1.4,0.0
transgastric_short_axis,1,161,8.0508,0.3707528034621921,-0.5858057619974123,1.5037150385585054,0.40734063836145573,-0.007160527065705899,4.1926905592103105e-06,0.0010139193752510907,8.682523325988939e-07,0.04815050391178581,-0.04858819085353474,1.0652530105247953,0.7216003008443113,0.27924585342407227,-0.19311155308274605,1.5133456189155579,-0.4862069462299347,0.4,0.0,1.4,0.0
transgastric_short_axis,1,162,8.1008,0.2792386910651425,-0.19311155818751458,1.5133464073978384,-0.4862069352501933,-0.007162358929737053,-5.104768038576977e-06,0.0007884822804034275,1.0979738482173885e-05,0.0677500382772679,0.003415999274890992,0.9730250772251372,0.548743983654174,0.3703193187713623,-0.5683054272650272,1.4913870969772338,0.45489995799064636,0.4,0.0,1.4,0.0
transgastric_short_axis,1,163,8.1508,0.3703121581945127,-0.5683054215014604,1.4913881125768285,0.45489996020135415,-0.00716057684961434,5.763566578570645e-06,0.001015599592916409,2.210646074121022e-06,0.04754415841948185,-0.04860682239943247,1.0655825505475993,0.734260295106966,0.27593860626220706,-0.2332547741918935,1.5111283448696136,-0.48614552693367,0.4,0.0,1.4,0.0
transgastric_short_axis,1,164,8.2009,0.275931443807605,-0.23325477949492268,1.5111291210130338,-0.4861455154278043,-0.007162454602090592,-5.303030345044796e-06,0.0007761434198244036,1.1505866801080829e-05,0.06782475972660891,0.0006941699833042693,0.9698638557630657,0.5643473597887967,0.37283165454864503,-0.5411594725727672,1.5010284284591675,0.42659034376144406,0.4,0.0,1.4,0.0
transgastric_short_axis,1,165,8.2509,0.37282449404231355,-0.541159467863489,1.5010294480411526,0.4265903449462707,-0.00716050633148851,4.709278790436749e-06,0.0010195819844530845,1.1847588569870665e-06,0.04970990012937188,-0.04677216942764003,1.067485558928085,0.6969780122466053,0.2855061769485474,-0.24741282514297325,1.5192501105308533,-0.4562427560806274,0.4,0.0,1.4,0.0
transgastric_short_axis,1,166,8.3008,0.28549901435434427,-0.24741282947404764,1.5192508644978826,-0.45624274471000353,-0.007162594203086703,-4.331075157605559e-06,0.0007539670292014987,1.137062351647717e-05,0.0680882885776013,-0.00129373144215408,0.9789211455395133,0.5447034006559814,0.372487735748291,-0.5482625601248748,1.5056397442817688,0.413373210811615,0.4,0.0,1.4,0.0
transgastric_short_axis,1,167,8.3508,0.37248057524538875,-0.5482625559199102,1.505640762033451,0.4133732114808417,-0.007160502902273526,4.2049647950565935e-06,0.0010177516819167576,6.691559023809935e-07,0.04977494792230501,-0.04687252966064513,1.0668462947711883,0.6952600459796683,0.28625335693359377,-0.2354128709424284,1.518651646900177,-0.4437443037986755,0.4,0.0,1.4,0.0
transgastric_short_axis,1,168,8.4009,0.2862461943377288,-0.23541287519155862,1.5186523992185457,-0.44374429266995263,-0.007162595864992157,-4.249130782849043e-06,0.0007523183681238857,1.1128720862304645e-05,0.06818980419737523,-0.0009034713370620045,0.9797179390688286,0.5285324391426508,0.37098512649536136,-0.5678702500981514,1.5011714904785156,0.4238480096340179,0.4,0.0,1.4,0.0
transgastric_short_axis,1,169,8.4509,0.3709779659633999,-0.5678702454833657,1.5011725063380021,0.4238480107585447,-0.007160531961632097,4.614786534717198e-06,0.001015859485390212,1.1244584174983872e-06,0.04852388175333143,-0.048031008117032994,1.0656322431990666,0.7163811181400919,0.28149573802948,-0.22029982706920304,1.515470202255249,-0.47743044712543486,0.4,0.0,1.4,0.0
transgastric_short_axis,1,170,8.5008,0.281488575562555,-0.2202998319099032,1.5154709754765543,-0.47743043583367945,-0.007162466925058325,-4.840700254198712e-06,0.000773221305546107,1.1291754064861751e-05,0.06790477539179995,0.0012745473127097444,0.9751429532458651,0.5512262157223367,0.3723469734191895,-0.5548838443850844,1.4971136973381043,0.445075679397583,0.4,0.0,1.4,0.0
transgastric_short_axis,1,171,8.5508,0.3723398128658973,-0.554883839163363,1.497114713972957,0.44507568098128303,-0.00716055329224361,5.221721646825212e-06,0.0010166348519861992,1.5836342169526419e-06,0.04850686212986795,-0.04779509037856278,1.0672418503089793,0.7184600130751666,0.2821516036987305,-0.23991444542250295,1.515449417066574,-0.47042799196243285,0.4,0.0,1.4,0.0
transgastric_short_axis,1,172,8.6009,0.2821444411694432,-0.23991445019959265,1.515450181320113,-0.47042798050993323,-0.00716252928719589,-4.777089062563853e-06,0.000764253538536597,1.1452500461641688e-05,0.06797330272554243,-0.0002958851489345514,0.9758063784569551,0.5532450680985207,0.3732909679412842,-0.5452221248156831,1.5024556780815124,0.4277700436592102,0.4,0.0,1.4,0.0
transgastric_short_axis,1,173,8.6508,0.3732838074211979,-0.5452221201978544,1.5024566959609125,0.4277700446634878,-0.007160520086514719,4.617829490804747e-06,0.0010178793989003565,1.004208957206537e-06,0.04949102028965318,-0.04700043147625187,1.0678485010087466,0.7010460048795517,0.28422069549560547,-0.2470016164259082,1.5191285827159882,-0.4629307182312012,0.4,0.0,1.4,0.0
transgastric_short_axis,1,174,8.7008,0.28421353291787915,-0.2470016208316521,1.5191293396205738,-0.46293070678473053,-0.007162577726243699,-4.405744569460118e-06,0.0007569045857773188,1.144647022231796e-05,0.0680391578547986,-0.0010368560743789614,0.9776383627555671,0.5503752769660593,0.37291660308837893,-0.5413499093966538,1.505791045475006,0.41551689405441283,0.4,0.0,1.4,0.0
transgastric_short_axis,1,175,8.7513,0.37290944258657366,-0.5413499051628803,1.5057920636682622,0.4155168946993353,-0.007160501805332739,4.233773848000436e-06,0.0010181932557975636,6.448515451123435e-07,0.050037108102525735,-0.04657099718281426,1.0672630759367467,0.6911149460376311,0.287169623374939,-0.24676455347699913,1.519162475681305,-0.4339931478738785,0.4,0.0,1.4,0.0
transgastric_short_axis,1,176,8.8009,0.28716246073563595,-0.24676455759952742,1.5191632212711124,-0.43399313677218015,-0.007162639303052706,-4.122529486997554e-06,0.0007455898079545826,1.1101696816419238e-05,0.06824183949051274,-0.002012860348548206,0.9806077097162833,0.5255235229973932,0.3710506916046143,-0.580142658161779,1.5040493964672088,0.4081484510421753,0.4,0.0,1.4,0.0
transgastric_short_axis,1,177,8.8508,0.371043531082321,-0.5801426539712895,1.504050411090204,0.4081484518811509,-0.007160522293387161,4.190489450358903e-06,0.0010146229943260715,8.389057285441316e-07,0.048402566015215455,-0.04833113385325927,1.065520525119195,0.7175065315870319,0.2799175024032593,-0.201175625669452,1.514604152727127,-0.48386505467891694,0.4,0.0,1.4,0.0
transgastric_short_axis,1,178,8.9009,0.2799103400088145,-0.20117563064475893,1.5146049362285616,-0.48386504358560684,-0.007162394444796346,-4.975306609970043e-06,0.0007835014347245327,1.109330730906381e-05,0.06780289672112962,0.0027899371522572616,0.9736160140737933,0.5496843026812471,0.3710348606109619,-0.5619361862348584,1.4929901780605317,0.45322328610420226,0.4,0.0,1.4,0.0
transgastric_short_axis,1,179,8.9508,0.37102770004243796,-0.561936180603742,1.4929911943358176,0.45322328815056245,-0.007160568523862093,5.631117074501906e-06,0.0010162752848383678,2.0462969707192835e-06,0.04790967362802894,-0.048276520430531836,1.0661939121287938,0.7284712598190555,0.27801749706268314,-0.23854281343138206,1.5132272744178772,-0.4812563262462616,0.4,0.0,1.4,0.0
transgastric_short_axis,1,180,9.0009,0.27801033457382146,-0.23854281850651182,1.513228045380175,-0.48125631470645,-0.007162488861641004,-5.075128634938245e-06,0.0007709622968341694,1.1539812414644654e-05,0.06787676625580333,0.00016761197292078887,0.9718091497404702,0.5623276495400793,0.37314944267272954,-0.5405537074545043,1.5021598168373107,0.42573627848625184,0.4,0.0,1.4,0.0
transgastric_short_axis,1,181,9.0508,0.3731422821639505,-0.5405537028348653,1.5021608358925187,0.42573627953694526,-0.0071605087789721284,4.619639270888491e-06,0.0010190552067546113,1.0506250246255892e-06,0.049767286115058124,-0.046727746217046846,1.0677287271706732,0.6961378159244496,0.28580076694488527,-0.25031506735872516,1.5192886848449707,-0.4539292335033417,0.4,0.0,1.4,0.0
transgastric_short_axis,1,182,9.1008,0.2857936043401992,-0.2503150716661857,1.519289437181877,-0.45392922213422116,-0.007162604686046219,-4.3074602617514635e-06,0.0007523369061923543,1.1369120253253341e-05,0.06810079455389141,-0.001570636960001339,0.9792150092919674,0.5440426862327981,0.37252297401428225,-0.5512964415610715,1.506308989906311,0.4095419949531555,0.4,0.0,1.4,0.0
transgastric_short_axis,1,183,9.1508,0.3725158135138777,-0.5512964374548602,1.5063100073828348,0.4095419955600157,-0.007160500404657157,4.106211572433516e-06,0.0010174765224876688,6.067892999713754e-07,0.04974495332100391,-0.046948187254771824,1.0668402090394165,0.695492348091798,0.28614225387573244,-0.22821053902782323,1.5184913575172425,-0.44111759898662567,0.4,0.0,1.4,0.0
transgastric_short_axis,1,184,9.201,0.2861350912892749,-0.22821054325917817,1.5184921107550036,-0.4411175879491685,-0.007162586457517777,-4.231356072478866e-06,0.000753237761723866,1.1037454867991034e-05,0.06821349129743391,-0.0005020215166532099,0.9796195561026324,0.5231351414306054,0.3703174591064453,-0.5725354841495898,1.498880625629425,0.4307146120548248,0.4,0.0,1.4,0.0
transgastric_short_axis,1,185,9.2509,0.37031029855971065,-0.5725354792889696,1.4988816407780643,0.43071461340796446,-0.007160546734579622,4.860620736080163e-06,0.0010151486377893899,1.3530728808591604e-06,0.0480881783598783,-0.04838101621865294,1.0651103018129227,0.7238584188240116,0.28100447654724126,-0.21410754060990247,1.513319403362274,-0.4782311450242996,0.4,0.0,1.4,0.0
transgastric_short_axis,1,186,9.3008,0.2809973141078998,-0.2141075456355583,1.513320180363519,-0.47823113382003596,-0.007162439341425676,-5.025655137534034e-06,0.0007770012442801844,1.1204262892323524e-05,0.0678804671893735,0.0017237594444582203,0.9747928634428942,0.549135831083744,0.3720117092132569,-0.560107842922735,1.4951834836006164,0.44941173191070555,0.4,0.0,1.4,0.0
transgastric_short_axis,1,187,9.3507,0.3720045486485538,-0.5601078375064312,1.4951844995892563,0.449411733704582,-0.007160564703098198,5.4163041115295255e-06,0.0010159886386939777,1.7938121170488394e-06,0.04812025537551884,-0.0481238999848865,1.0670298035654775,0.724938294122967,0.2797467947006226,-0.2380301133096498,1.5140320919036865,-0.47703796284198763,0.4,0.0,1.4,0.0
transgastric_short_axis,1,188,9.4014,0.27973963219844433,-0.2380301182723072,1.5140328605641482,-0.4770379513459732,-0.007162502178196984,-4.962657639001302e-06,0.000768660461620127,1.1496014678051377e-05,0.06791477046467884,5.835079299544403e-05,0.9734892582593486,0.5582916742897923,0.37321124076843265,-0.5435368431883673,1.5017083475589752,0.4288840174198151,0.4,0.0,1.4,0.0
transgastric_short_axis,1,189,9.4509,0.3732040802508396,-0.5435368385000896,1.5017093659808394,0.42888401851351965,-0.00716051759314349,4.688278340065998e-06,0.001018421863127184,1.0936358229445228e-06,0.04953505379293144,-0.04693718510899279,1.067817494250684,0.7003117966923057,0.28437485694885256,-0.24827400405453162,1.5192399988174439,-0.4620511864185333,0.4,0.0,1.4,0.0
transgastric_short_axis,1,190,9.5009,0.28436769436620746,-0.24827400844334346,1.519240754974457,-0.46205117497070425,-0.00716258264508749,-4.3888132013141935e-06,0.0007561570128291298,1.1447829221083175e-05,0.06804467933784647,-0.0011535965693390306,0.9777858532052157,0.5502003810553016,0.3728984832763672,-0.5408649227950152,1.5062344628334046,0.4136872356891632,0.4,0.0,1.4,0.0
transgastric_short_axis,1,191,9.5509,0.37289132277713366,-0.5408649186138261,1.5062354810618386,0.4136872362882258,-0.0071604992335232345,4.181189433783179e-06,0.0010182284336868888,5.989919094481599e-07,0.050113584140095126,-0.046510722771432915,1.0672169641130196,0.6897048988314821,0.28749535083770755,-0.24606254005246503,1.519191312789917,-0.4285610979795456,0.4,0.0,1.4,0.0
transgastric_short_axis,1,192,9.601,0.2874881881884196,-0.24606254412015027,1.5191920564909331,-0.4285610869536134,-0.007162649287892088,-4.067685499887196e-06,0.0007437010155333054,1.1025930576153961e-05,0.06827824173186756,-0.0021518214025719714,0.9809356143382149,0.5206505882042253,0.3706445932388306,-0.5878043229465847,1.5035346353530883,0.40730093965530395,0.4,0.0,1.4,0.0
transgastric_short_axis,1,193,9.651,0.3706374327096298,-0.5878043187458902,1.5035356490054044,0.407300940539014,-0.0071605292009710485,4.200694600442456e-06,0.0010136523156962663,8.836403863343147e-07,0.04805379331658753,-0.04868311990975289,1.0651496931423101,0.7231803124208632,0.2790244102478028,-0.19032110121493942,1.5128666233062744,-0.48704696745872494,0.4,0.0,1.4,0.0
transgastric_short_axis,1,194,9.701,0.2790172479016651,-0.19032110636882474,1.5128674135850382,-0.4870469565218286,-0.007162346137630164,-5.153884292908128e-06,0.0007902787638872684,1.0936892704893522e-05,0.06772989196386722,0.0036334986195539027,0.972834372211606,0.5484639830848447,0.37006187438964844,-0.5705461028153005,1.4908361958503722,0.45538475847244264,0.4,0.0,1.4,0.0
transgastric_short_axis,1,195,9.7511,0.37005471380993316,-0.5705460970075737,1.4908372112034316,0.455384760738351,-0.007160579715502644,5.807727529947136e-06,0.0010153530589097556,2.265847637872657e-06,0.047418186200053336,-0.048720468721202705,1.0653609965024406,0.7362379019226888,0.27523245811462405,-0.23128467996956134,1.5103935603618621,-0.4878311870098114,0.4,0.0,1.4,0.0
transgastric_short_axis,1,196,9.8008,0.2752252956724242,-0.23128468535289154,1.510394338373219,-0.4878311755216128,-0.007162442199819997,-5.383330014633318e-06,0.0007780113570006554,1.1488199252097507e-05,0.06780555753734276,0.000885524399780865,0.9692044088816458,0.5650022108580456,0.37269153594970705,-0.5417966962814067,1.5006537333011627,0.4268221641540527,0.4,0.0,1.4,0.0
transgastric_short_axis,1,197,9.8508,0.37268437544385224,-0.5417966915438814,1.5006547530076633,0.4268221653830162,-0.007160505855007889,4.737525767414743e-06,0.0010197064999613952,1.2288955520022808e-06,0.0496719064006354,-0.046807534175348206,1.067370197078045,0.697566010122389,0.2852921724319458,-0.246357089830217,1.5191898147583007,-0.45750784378051756,0.4,0.0,1.4,0.0
transgastric_short_axis,1,198,9.9009,0.28528500984282334,-0.24635709417773288,1.5191905695351569,-0.45750783240435816,-0.007162589122442046,-4.347516959614807e-06,0.0007547768559769131,1.1376159444182142e-05,0.06808018882433922,-0.0011785029880573596,0.9787101329236538,0.5453174812858165,0.37249920368194583,-0.5465583658926303,1.5054184101104735,0.41485401506423947,0.4,0.0,1.4,0.0
transgastric_short_axis,1,199,9.9508,0.3724920431784201,-0.5465583616508789,1.5054194280114022,0.41485401575385783,-0.007160503525584237,4.241752413901036e-06,0.0010179009283734868,6.895483097742188e-07,0.04981148950469402,-0.04681685147399115,1.0668712095583481,0.6947660329696207,0.28634598255157473,-0.23884485334969988,1.5187832864284516,-0.4436729600429535,0.4,0.0,1.4,0.0
transgastric_short_axis,1,200,10.0008,0.28633881994834304,-0.2388448575900174,1.5187840377822361,-0.4436729488860572,-0.007162603231628044,-4.240318107766987e-06,0.000751353784698086,1.1156894616621542e-05,0.06818725197335739,-0.0011400442220561597,0.9798018638191428,0.5300198704322627,0.37119717597961427,-0.5675961109534413,1.5022167420387267,0.4200220368862152,0.4,0.0,1.4,0.0
transgastric_short_axis,1,201,10.0508,0.3711900154531387,-0.5675961064615652,1.5022177579660259,0.4200220379052224,-0.007160526475603997,4.491876253435744e-06,0.0010159272991072156,1.0189380703516143e-06,0.0486529266381682,-0.04794670354404334,1.0657782870085644,0.7140464534255289,0.2815072298049927,-0.22045805628865656,1.5160694149017333,-0.4778405332803726,0.4,0.0,1.4,0.0
transgastric_short_axis,1,202,10.1011,0.2815000673360448,-0.22045806108391727,1.5160701878862088,-0.47784052197864924,-0.007162468947831278,-4.795259879344715e-06,0.0007729844763725783,1.1301722484360826e-05,0.06790346032828158,0.001277205330858639,0.9751145443618761,0.5517679255801391,0.3723340511322022,-0.5540535623033601,1.4973528206348419,0.4446124131202698,0.4,0.0,1.4,0.0
transgastric_short_axis,1,203,10.1508,0.3723268905803559,-0.5540535571042197,1.4973538373664637,0.44461241467753165,-0.007160551846333997,5.199141035614808e-06,0.0010167316210168294,1.5571956799854993e-06,0.04856114224713433,-0.047746629701805036,1.0672135597747088,0.7175647107126657,0.28245120048522954,-0.24042901807937672,1.5156524003505707,-0.4695405018568039,0.4,0.0,1.4,0.0
transgastric_short_axis,1,204,10.2009,0.2824440379517405,-0.24042902283089343,1.5156531639406836,-0.46954049040803697,-0.007162533488987833,-4.751518054140195e-06,0.0007635901129217607,1.1448767517561272e-05,0.06798090933160396,-0.00036128121171674805,0.9760933339883304,0.5526929036043621,0.37325406074523926,-0.5451318686218646,1.502650047683716,0.4271444282054901,0.4,0.0,1.4,0.0
transgastric_short_axis,1,205,10.2507,0.37324690022595547,-0.5451318640258829,1.5026510655590446,0.42714442918801687,-0.007160519283731585,4.595982409256385e-06,0.0010178753269800044,9.824581709424635e-07,0.04951409584722065,-0.04698408159859259,1.0677992492780386,0.7006240662228337,0.2843879938125611,-0.24681024333445079,1.5191261484146117,-0.46206841378211977,0.4,0.0,1.4,0.0
transgastric_short_axis,1,206,10.3012,0.2843808312332491,-0.24681024773189497,1.519126905010042,-0.46206840234733326,-0.00716257931199654,-4.397445063960566e-06,0.0007565954305665948,1.1434786391573653e-05,0.06804578881086236,-0.0010533101048046485,0.9778065177885171,0.5495284510531575,0.37284135818481445,-0.5420262690897499,1.5057167056560516,0.41550116472244264,0.4,0.0,1.4,0.0
transgastric_short_axis,1,207,10.3513,0.3728341976827806,-0.5420262648522809,1.5057177238225998,0.41550116537595105,-0.007160502033946229,4.237469556553684e-06,0.0010181665474675342,6.534377939622906e-07,0.050005770302003545,-0.04660434546299472,1.0671928173379501,0.6916270007484223,0.28705127239227296,-0.24577660393636377,1.519113789653778,-0.43543781211376187,0.4,0.0,1.4,0.0
transgastric_short_axis,1,208,10.4013,0.28704410975777267,-0.24577660807582946,1.519114536026148,-0.43543780100108026,-0.007162634500309933,-4.139464331452773e-06,0.0007463723697494497,1.1112679885007886e-05,0.0682341629768785,-0.0018957425475900139,0.9804915043376401,0.5262694418746493,0.3710868835449219,-0.5782824817522506,1.5038321818828582,0.4097504086017609,0.4,0.0,1.4,0.0
transgastric_short_axis,1,209,10.4511,0.3710797230222324,-0.5782824775233079,1.5038331966981824,0.40975040946099384,-0.0071605226893864,4.228943312982248e-06,0.0010148153237659141,8.591639785532376e-07,0.048444823438517,-0.04827140174166418,1.0655697731503937,0.7168847445865908,0.28019070625305176,-0.20410052556041558,1.5148279211997986,-0.4829794371128082,0.4,0.0,1.4,0.0
transgastric_short_axis,1,210,10.5011,0.2801835438468849,-0.20410053050828159,1.514828703052812,-0.482979425984882,-0.007162406166848274,-4.947866313316441e-06,0.000781853013733229,1.1127923747931118e-05,0.06782010113999522,0.0025616503864391744,0.9738752824486705,0.5499706962087438,0.37124028205871584,-0.5612315512611263,1.4936948146820068,0.4522774663925171,0.4,0.0,1.4,0.0
transgastric_short_axis,1,211,10.5511,0.3712331214909558,-0.5612315456950295,1.4936958308491448,0.45227746835620675,-0.007160567760123073,5.566097588165488e-06,0.0010161671366455535,1.9636262849979973e-06,0.047974813731373564,-0.048227160655251566,1.0663537547030622,0.727421609717224,0.27849457263946537,-0.23887425215142083,1.5135064700603484,-0.48003449420928956,0.4,0.0,1.4,0.0
transgastric_short_axis,1,212,10.6014,0.27848741014549294,-0.238874257190217,1.5135072401902088,-0.4800344826758552,-0.007162493972214333,-5.038795952125248e-06,0.0007701298600217921,1.153343604271816e-05,0.06788805326008482,0.00010335196652904409,0.9722689541052933,0.5613761825859744,0.3731837272644043,-0.5412102182751009,1.5021515776634216,0.4264680669307709,0.4,0.0,1.4,0.0
transgastric_short_axis,1,213,10.6514,0.3731765667532241,-0.5412102136462921,1.5021525965187115,0.4264680679798758,-0.007160511180248373,4.628809633101944e-06,0.0010188552882328258,1.0490361445256427e-06,0.04971549862524887,-0.04677493779878997,1.067762835362768,0.6970926465744793,0.28551046848297124,-0.24936793908417368,1.5193167729377746,-0.4558639413356781,0.4,0.0,1.4,0.0
transgastric_short_axis,1,214,10.7013,0.28550330588409184,-0.24936794340752122,1.5193175262526495,-0.45586392995166125,-0.007162598879317762,-4.323348142614392e-06,0.0007533148751576186,1.1384017194724971e-05,0.06808856335708256,-0.0014398799300580079,0.9789213157277492,0.5452911688857554,0.3725781917572022,-0.5485411933539244,1.5061898963928222,0.41102429723739625,0.4,0.0,1.4,0.0
transgastric_short_axis,1,215,10.7513,0.3725710312568093,-0.5485411892163653,1.506190914091353,0.41102429785217076,-0.0071605003927877366,4.137559455814482e-06,0.0010176985303908662,6.147034254100286e-07,0.04983125011575437,-0.04684050774147996,1.066902065983361,0.6941665997825351,0.28646061420440677,-0.233211893137154,1.518673742866516,-0.4387232763290405,0.4,0.0,1.4,0.0
transgastric_short_axis,1,216,10.8012,0.28645345160168306,-0.2332118973339841,1.5186744937253032,-0.43872326527609734,-0.00716260272367361,-4.196830396062342e-06,0.0007508587871228265,1.1052941606795067e-05,0.06822789680566826,-0.0009253263409521135,0.9799276365156078,0.5232994808584908,0.37051351070404054,-0.5751918625012676,1.5001998297214507,0.42489494647979736,0.4,0.0,1.4,0.0
transgastric_short_axis,1,217,10.8512,0.3705063501629664,-0.5751918578176143,1.5002008446340858,0.42489494769405134,-0.007160541074123226,4.683653407882532e-06,0.0010149126334871124,1.2141866116355576e-06,0.04813630511713389,-0.048402345418870424,1.0652244105062811,0.7226973602564928,0.28068430423736573,-0.210045450127529,1.5135145219802857,-0.479966521024704,0.4,0.0,1.4,0.0
transgastric_short_axis,1,218,10.9009,0.2806771418125479,-0.2100454551545581,1.5135153010810658,-0.4799665098572388,-0.007162424817790968,-5.0270302673297305e-06,0.0007791007805354864,1.116746333937008e-05,0.0678575277532239,0.0020578703071910884,0.9744582171461686,0.5491908701728136,0.37171874046325687,-0.5614556937175593,1.4944794087409974,0.45111555562019345,0.4,0.0,1.4,0.0
transgastric_short_axis,1,219,10.9509,0.37171157989480774,-0.5614556882269341,1.4944804245705452,0.4511155574903478,-0.0071605684489866065,5.490625476936966e-06,0.0010158295477420292,1.870090800964551e-06,0.048001848615527795,-0.04821849287247085,1.0667815593529517,0.7269556529742967,0.2789021492004395,-0.23808085901198342,1.5136059019088746,-0.47918567204475404,0.4,0.0,1.4,0.0
transgastric_short_axis,1,220,11.0009,0.27889498670555357,-0.23808086403308246,1.5136066718075956,-0.47918566052876405,-0.007162494885807392,-5.0210995318553095e-06,0.0007698987210308296,1.1515990320121766e-05,0.06789539917131908,0.00012828410227640197,0.9726707580924074,0.5602448528985999,0.37317602634429936,-0.5422704476721966,1.5018047833442687,0.42792546443939206,0.4,0.0,1.4,0.0
transgastric_short_axis,1,221,11.0514,0.37316886583001896,-0.5422704430013758,1.5018058020427478,0.4279254655254352,-0.007160514280418735,4.670820214969907e-06,0.0010186984776353874,1.0859738584783573e-06,0.04962249468674507,-0.04685568210860143,1.0677768111186163,0.6987573029947405,0.28492605686187744,-0.24856649404362796,1.5193031033992768,-0.45919865334033966,0.4,0.0,1.4,0.0
transgastric_short_axis,1,222,11.1011,0.2849188942719607,-0.24856649839984302,1.5193038582705034,-0.4591986419236252,-0.007162589916726076,-4.356217823828282e-06,0.000754871226591125,1.1416714424833824e-05,0.06806550423686485,-0.0012711396788592805,0.9783351572024308,0.5478373557590587,0.3727209806442261,-0.5437244712095418,1.5062116178512572,0.4126236332416534,0.4,0.0,1.4,0.0
transgastric_short_axis,1,223,11.1512,0.37271382014486243,-0.5437244670451196,1.5062126359107095,0.41262363384743317,-0.007160499363734295,4.164422148369269e-06,0.0010180594517950929,6.057086719298632e-07,0.05001069704879868,-0.046632322439263726,1.0670419546179646,0.6913177409203005,0.28711862564086915,-0.2411720400235088,1.5190018117904662,-0.4321904540777206,0.4,0.0,1.4,0.0
transgastric_short_axis,1,224,11.2009,0.28711146300796603,-0.24117204413698026,1.519002558011099,-0.43219044304075693,-0.007162632903152155,-4.113469606168608e-06,0.0007462206329099467,1.1036961503005813e-05,0.06826349122591797,-0.0016929824174310975,0.9805687936176741,0.5214000043405851,0.3705883026123047,-0.5834866314174018,1.5022508222579956,0.4141340236186981,0.4,0.0,1.4,0.0
transgastric_short_axis,1,225,11.2508,0.370581142077765,-0.5834866270334464,1.5022518362915127,0.41413402462307225,-0.007160534539762673,4.383955537928443e-06,0.0010140335165229448,1.0043061304190834e-06,0.0480583582914532,-0.04860246845583234,1.0651728549033168,0.7233840898884953,0.2796170473098755,-0.1973987222891232,1.51292167596817,-0.484227484703064,0.4,0.0,1.4,0.0
transgastric_short_axis,1,226,11.3009,0.2796098849347511,-0.19739872740885392,1.5129224621053154,-0.48422747368186264,-0.007162375124489555,-5.119730264557043e-06,0.000786137144832629,1.102119858524556e-05,0.06778209390790979,0.003059408189103779,0.97342605025755,0.5483500397595539,0.3707502365112305,-0.5663832699423165,1.4918541083335877,0.45479921536445617,0.4,0.0,1.4,0.0
transgastric_short_axis,1,227,11.3507,0.3707430759544991,-0.5663832642350818,1.491855123974057,0.45479921760138,-0.007160556731283797,5.707237570250338e-06,0.0010156404622789993,2.23640595792782e-06,0.04764257410995375,-0.048514817881498,1.0659826591161292,0.7327521147982498,0.2764941215515137,-0.23521925080880124,1.5116820548057557,-0.48472108612060544,0.4,0.0,1.4,0.0
transgastric_short_axis,1,228,11.4009,0.276486959062258,-0.2352192560551852,1.5116828293857223,-0.48472107458423563,-0.007162489255652463,-5.246385370128341e-06,0.0007745799629265351,1.1536394856977287e-05,0.06784040542687136,0.0005121300407091561,0.9703842954743747,0.5639247682329086,0.372963285446167,-0.5404273113324556,1.5014051834106446,0.42605442295074464,0.4,0.0,1.4,0.0
transgastric_short_axis,1,229,11.451,0.37295612494015584,-0.5404273066554736,1.5014062029254953,0.42605442409214245,-0.007160506010928628,4.676981969489541e-06,0.001019514850132125,1.141329407892447e-06,0.04976105534537978,-0.04672599901538291,1.0675925975034128,0.6961311911108391,0.2857724666595459,-0.24922057056854063,1.519262843799591,-0.45432752265930176,0.4,0.0,1.4,0.0
transgastric_short_axis,1,230,11.5011,0.2857653040577758,-0.2492205748811721,1.5192635965613137,-0.45432751129527615,-0.007162601770173597,-4.312631762341751e-06,0.0007527617230878252,1.1364025435567096e-05,0.06809955849458339,-0.001482431633491963,0.9791881089903232,0.5438729205297994,0.3724833488464356,-0.5508676310136768,1.506017248249054,0.4109053909778595,0.4,0.0,1.4,0.0
transgastric_short_axis,1,231,11.5509,0.3724761883447251,-0.5508676268699246,1.5060182657729158,0.41090539161277384,-0.0071605017105301205,4.143752672214474e-06,0.001017523860967544,6.348436110981374e-07,0.04972491649947089,-0.04695353586181972,1.066818888592307,0.695913655617765,0.2860695838928223,-0.22986642185341807,1.5185003457069397,-0.4434443229675293,0.4,0.0,1.4,0.0
transgastric_short_axis,1,232,11.601,0.286062421283354,-0.22986642612319363,1.518501099495536,-0.4434443118464992,-0.007162609468226198,-4.269779117939783e-06,0.0007537885955638141,1.1121021983354462e-05,0.06819547512342698,-0.0005353872800136876,0.9795444659611072,0.5258381062581217,0.37060136795043946,-0.5687323652772804,1.4994648579597474,0.42971411418914796,0.4,0.0,1.4,0.0
transgastric_short_axis,1,233,11.651,0.3705942074094881,-0.5687323604648904,1.4994658736596485,0.4297141154890687,-0.007160540951288325,4.812391031941073e-06,0.0010156998996656212,1.2998527364743746e-06,0.048303597108907304,-0.048180314878645436,1.0653563228688112,0.7203255372061107,0.2813875198364258,-0.2189401793029875,1.5143850656032563,-0.47669107489585877,0.4,0.0,1.4,0.0
transgastric_short_axis,1,234,11.7009,0.28138035735172867,-0.218940184236104,1.514385839667506,-0.47669106360327357,-0.007162484697135396,-4.933118498762271e-06,0.0007740642477740368,1.1292589698248667e-05,0.06790565820903142,0.0013427257866215417,0.9751070056671962,0.5498398988169223,0.37229399681091313,-0.5572398681000719,1.4964393958568574,0.4465216544151306,0.4,0.0,1.4,0.0
transgastric_short_axis,1,235,11.7509,0.3722868362730481,-0.5572398628321734,1.496440412111939,0.446521656132143,-0.007160537865153803,5.267901241872628e-06,0.001016255074474329,1.7164669977840552e-06,0.048348685205427545,-0.04793473146727592,1.0672320316173172,0.7210871144711217,0.28124046325683594,-0.2386645282155771,1.5148625631809234,-0.47304542770385744,0.4,0.0,1.4,0.0
transgastric_short_axis,1,236,11.8009,0.28123330071525593,-0.23866453307663765,1.5148633293735863,-0.4730454162133045,-0.007162541579942465,-4.861062458303341e-06,0.0007661926603988668,1.149057245629146e-05,0.06795042455459344,-0.00012129539026799023,0.9749316990830947,0.5550061607251633,0.3732950687408447,-0.5450240105977164,1.5019733119010925,0.42900760502815244,0.4,0.0,1.4,0.0
transgastric_short_axis,1,237,11.8511,0.3732879082408364,-0.5450240059437794,1.5019743298375667,0.42900760613395494,-0.007160500008331587,4.6539393340293075e-06,0.0010179364683872525,1.1052309188258772e-06,0.049462664733036205,-0.04701386588114314,1.067883533052793,0.701577503179629,0.28412570953369143,-0.24731507880858894,1.519070721244812,-0.4633385573387146,0.4,0.0,1.4,0.0
transgastric_short_axis,1,238,11.9008,0.28411854693223665,-0.24731508323636664,1.5190714783266426,-0.463338545846927,-0.007162601454782724,-4.427781108667728e-06,0.0007570818283968134,1.149180173040002e-05,0.06803558869489566,-0.001044194068682957,0.9775468791024111,0.5508664870726337,0.3729638814926148,-0.5409240949054854,1.505882799911499,0.4153062333583832,0.4,0.0,1.4,0.0
transgastric_short_axis,1,239,11.9508,0.3729567210123511,-0.5409240906898507,1.5058838180509504,0.41530623402566924,-0.007160480263666483,4.215637518586948e-06,0.0010181394453931262,6.666991197663935e-07,0.05006329545643258,-0.046545638022577704,1.0673044108053924,0.6906669687864596,0.2872750520706177,-0.24721396191095,1.519191312789917,-0.43255157332420346,0.4,0.0,1.4,0.0
transgastric_short_axis,1,240,12.0011,0.2872678894275338,-0.2472139660177488,1.519192057730864,-0.4325515622377636,-0.0071626430838312325,-4.106799820450027e-06,0.000744940947432474,1.1086438653664047e-05,0.06825033048842086,-0.0020931303056333896,0.9807123086432483,0.5245291930567783,0.37098188400268556,-0.5820769869629092,1.5041046363830566,0.40717435598373414,0.4,0.0,1.4,0.0
transgastric_short_axis,1,241,12.0512,0.3709747235003267,-0.5820769828017018,1.5041056507182393,0.4071743568491222,-0.0071605023587304915,4.161210255519962e-06,0.0010143351780489787,8.6480696737576e-07,0.04833766662267546,-0.04840607512210253,1.065448918600135,0.7185297655423745,0.27965984344482425,-0.19827712852398302,1.5142732749938965,-0.4847265164852142,0.4,0.0,1.4,0.0
transgastric_short_axis,1,242,12.1009,0.2796526810625612,-0.19827713353563176,1.5142740602059748,-0.484726505429232,-0.007162382263094553,-5.011651154439402e-06,0.000785212077884495,1.1055979182096566e-05,0.06778483494469616,0.003015615739303138,0.973379359337462,0.5493775066019089,0.37078366279602054,-0.5639469144697603,1.492424109363556,0.45384965057373045,0.4,0.0,1.4,0.0
transgastric_short_axis,1,243,12.1509,0.3707765022249449,-0.5639469087909897,1.492425125455478,0.4538496526797191,-0.007160571075575393,5.678770851709883e-06,0.001016091920074531,2.105926272061466e-06,0.047791398611029226,-0.04838272360762514,1.0659794722325395,0.7303506279932154,0.277327299118042,-0.23692793912538526,1.512544546508789,-0.48284686131477356,0.4,0.0,1.4,0.0
transgastric_short_axis,1,244,12.2008,0.27732013661608107,-0.2369279442801374,1.5125453191606262,-0.4828468497667198,-0.007162501960908114,-5.154754265280541e-06,0.0007726518344547494,1.1548079240137069e-05,0.0678604041201999,0.00033183086803349575,0.9711624504176501,0.5630210731893802,0.3730663061141968,-0.540435550487078,1.5017804403305053,0.4260330760002136,0.4,0.0,1.4,0.0
transgastric_short_axis,1,245,12.2509,0.37305914562713344,-0.5404355458525503,1.5017814595290968,0.42603307714568217,-0.007160487063299869,4.634530216533202e-06,0.001019198585829933,1.144898581270304e-06,0.049762772429681544,-0.046726876859636314,1.0676706056913774,0.6961752919928831,0.28576877117156985,-0.24989561948703767,1.5192875613212584,-0.4542204133987427,0.4,0.0,1.4,0.0
transgastric_short_axis,1,246,12.3009,0.2857616085438148,-0.24989562381046682,1.5192883139200806,-0.4542204019918065,-0.007162627755027827,-4.323432416512851e-06,0.0007525988204335177,1.1406948335877666e-05,0.06809938296138023,-0.0015320930048242695,0.9791828579219664,0.5440993551784573,0.3725155353546143,-0.5509215600257509,1.5062101198196411,0.4100895255088806,0.4,0.0,1.4,0.0
transgastric_short_axis,1,247,12.3509,0.3725083748748618,-0.5509215559144532,1.5062111372582923,0.4100895261546924,-0.007160479752560841,4.111300359442796e-06,0.0010174386466436191,6.452220129142831e-07,0.049746492090380456,-0.04694029895381299,1.0668388985293102,0.6955031095277023,0.2861483097076416,-0.22916028885157275,1.5185104574203492,-0.44161522636413575,0.4,0.0,1.4,0.0
transgastric_short_axis,1,248,12.4009,0.28614114709540533,-0.22916029310220973,1.5185112106459293,-0.44161521526916087,-0.007162612236186999,-4.250638269462599e-06,0.0007532255784997431,1.1094965393826199e-05,0.06820939013217484,-0.0005497981851808175,0.9796239518491467,0.5239725028333375,0.3704349279403687,-0.5713964210230384,1.4991330439567565,0.4299972421646118,0.4,0.0,1.4,0.0
transgastric_short_axis,1,249,12.4509,0.3704277674164993,-0.5713964162031936,1.499134059231979,0.4299972435420214,-0.007160523869384407,4.8198470672910996e-06,0.0010152752160969862,1.3768479443782878e-06,0.04816540226904912,-0.04831332009785784,1.0652117017116576,0.7225604282988184,0.28112449645996096,-0.21550707337463113,1.513701775932312,-0.4778490533351898,0.4,0.0,1.4,0.0
transgastric_short_axis,1,250,12.5009,0.28111733399006483,-0.21550707837532912,1.5137025520943412,-0.4778490420831259,-0.007162469896040146,-5.000700610680179e-06,0.0007761620263937668,1.1252067078598667e-05,0.0678876871215214,0.0016155346873291017,0.9748880112697305,0.5494036462201789,0.37209224700927734,-0.5591884281682772,1.4955729718208313,0.44854736766815184,0.4,0.0,1.4,0.0
transgastric_short_axis,1,251,12.5509,0.37208508646648164,-0.5591884228120378,1.495573987846944,0.44854736948261476,-0.007160542795880356,5.356241814359697e-06,0.0010160261055207399,1.8139218550704908e-06,0.04819169373471844,-0.048064515990261084,1.0670854913053691,0.7237403294188735,0.2802067995071411,-0.23829582604622324,1.5142949964523316,-0.4758001205921173,0.4,0.0,1.4,0.0
transgastric_short_axis,1,252,12.6009,0.2801996369759603,-0.2382958309823067,1.5142957643567936,-0.47580010908126635,-0.007162531180668731,-4.93608691307986e-06,0.0007679044592756292,1.1510871446857338e-05,0.06792592780982408,-2.021643737250625e-06,0.9739330390027883,0.5573026965625489,0.37323961257934574,-0.5439544185249133,1.5018163930892945,0.4288353313922882,0.4,0.0,1.4,0.0
transgastric_short_axis,1,253,12.6508,0.3732324520609127,-0.5439544138456314,1.5018174113877905,0.428835332472584,-0.00716051843305591,4.679281811155952e-06,0.0010182984952105403,1.080227302852421e-06,0.049517282723678856,-0.04695716320632563,1.0678387114164372,0.7006207487674041,0.28428349494934085,-0.2480470527953864,1.5192152812957764,-0.4625404809951782,0.4,0.0,1.4,0.0
transgastric_short_axis,1,254,12.7009,0.28427633236834376,-0.24804705719083886,1.519216037726121,-0.4625404695437042,-0.007162580997099932,-4.395452746761913e-06,0.0007564303448876907,1.145147451471941e-05,0.06804122623645426,-0.0011214016687330249,0.9776957368369643,0.5505228963885005,0.37292778491973877,-0.5407508854049002,1.5061578759670258,0.41411230216026307,0.4,0.0,1.4,0.0
transgastric_short_axis,1,255,12.7511,0.37292062444111995,-0.5407508812225497,1.5061588941233914,0.4141123027982534,-0.007160478618884701,4.182352822682021e-06,0.0010181563606444254,6.37403130954021e-07,0.05010647273516045,-0.04651344095452757,1.0672510035517713,0.6898576072306492,0.28746354579925537,-0.24656119616063635,1.5191980539321899,-0.42932237892150876,0.4,0.0,1.4,0.0
transgastric_short_axis,1,256,12.8009,0.28745638312574884,-0.2465612002501758,1.519198797857677,-0.42932236783989386,-0.0071626735065530665,-4.089542361217042e-06,0.0007439254859540329,1.1081610852878916e-05,0.06827236445895765,-0.002159674847915044,0.9809027878069831,0.5215213707091149,0.3707262992858887,-0.5866705029184295,1.5037273196697234,0.40694815320968625,0.4,0.0,1.4,0.0
transgastric_short_axis,1,257,12.8509,0.37071913877888507,-0.5866704987430454,1.5037283334157818,0.4069481541085995,-0.007160507003557749,4.1753860577291094e-06,0.0010137460527994586,8.983332472729313e-07,0.048120022672580254,-0.04862234308190372,1.0652188198369539,0.7220844896650779,0.27915482521057133,-0.19184459580603289,1.5132137921333313,-0.4867050417423248,0.4,0.0,1.4,0.0
transgastric_short_axis,1,258,12.901,0.27914766283318654,-0.1918446009396691,1.513214581480729,-0.4867050307445876,-0.0071623773847001165,-5.133640240851036e-06,0.0007893473954247613,1.0997722750783936e-05,0.06774011660395561,0.0035186078474652377,0.9729422587304324,0.5487339671647169,0.370202112197876,-0.5691145496996529,1.4911657628059387,0.45506661400794984,0.4,0.0,1.4,0.0
transgastric_short_axis,1,259,12.951,0.3701949516385862,-0.5691145439427931,1.4911667782646818,0.45506661631526235,-0.0071605592899913716,5.756862923424411e-06,0.0010154587350783785,2.3068013693439655e-06,0.04749885403185421,-0.04864768279329837,1.0654797992263134,0.734967150135857,0.2756805181503296,-0.23251605907858675,1.510862444257736,-0.48676290321350096,0.4,0.0,1.4,0.0
transgastric_short_axis,1,260,13.001,0.27567335567644574,-0.2325160644150587,1.510863221134822,-0.4867628917022978,-0.007162473883834754,-5.336473762187665e-06,0.0007768770830930709,1.1511227556227237e-05,0.06781779796523749,0.0007654254694476085,0.9696226659975802,0.5645791363826639,0.372779655456543,-0.5414066472114402,1.5008876134872435,0.4266967040061951,0.4,0.0,1.4,0.0
transgastric_short_axis,1,261,13.0508,0.37277249497069187,-0.5414066425084108,1.5008886330390583,0.4266967052607358,-0.0071604858512325205,4.703031936485954e-06,0.001019551807450294,1.2539747229185689e-06,0.04969471127483414,-0.04678622875398776,1.06744284466627,0.6972166694358419,0.2854265451431275,-0.24687653107845856,1.519234193944931,-0.4567766170978546,0.4,0.0,1.4,0.0
transgastric_short_axis,1,262,13.101,0.2854193825511807,-0.24687653541566723,1.5192349482676804,-0.4567766057257243,-0.007162591946756545,-4.337209671935433e-06,0.0007543227492741125,1.1372129652715836e-05,0.06808504198583962,-0.001238929179474226,0.9788421470983373,0.544920711719151,0.37248706817626953,-0.5475459409262374,1.5055221487998962,0.414097696352005,0.4,0.0,1.4,0.0
transgastric_short_axis,1,263,13.1511,0.372479907694035,-0.5475459367127359,1.505523166543421,0.41409769706432176,-0.007160482234563224,4.213504851414113e-06,0.0010177435196513042,7.117301961507314e-07,0.04978731384597076,-0.046851107852387705,1.0668528305257718,0.6951085884108191,0.2862788438796997,-0.23693074792809746,1.5187072613239287,-0.4439592713356018,0.4,0.0,1.4,0.0
transgastric_short_axis,1,264,13.201,0.286271681256338,-0.23693075219074278,1.5187080133620254,-0.4439592601492194,-0.007162623361704198,-4.262647240759769e-06,0.0007520380948077783,1.1186378721694282e-05,0.06818700037070513,-0.0009996569492810511,0.979739558357255,0.529397515036227,0.3710952758789063,-0.5674032398338708,1.501650111579895,0.42222845020294186,0.4,0.0,1.4,0.0
transgastric_short_axis,1,265,13.2509,0.3710881153701917,-0.5674032352859881,1.5016511274377988,0.42222845131987086,-0.007160508714676686,4.547885807186159e-06,0.001015857898508593,1.1163569164569904e-06,0.048595536157306995,-0.047978423640248735,1.0657120562730222,0.7151168752722914,0.28154327869415285,-0.22092001070805523,1.5158143750190736,-0.47751124720573423,0.4,0.0,1.4,0.0
transgastric_short_axis,1,266,13.301,0.28153611620008645,-0.22092001553368812,1.5158151479087385,-0.4775112358681682,-0.007162494066398901,-4.825634503387621e-06,0.0007728896623812057,1.1337569051502558e-05,0.0679060604643512,0.0012348939064300672,0.9751677120148472,0.5516062670907871,0.37237529754638676,-0.5541314597652449,1.4973558166980743,0.4445347027301788,0.4,0.0,1.4,0.0
transgastric_short_axis,1,267,13.3509,0.37236813701465327,-0.5541314545860342,1.4973568333502465,0.4445347043447194,-0.0071605317334890095,5.179213217931133e-06,0.001016652165008429,1.613991618718455e-06,0.04855971930541826,-0.047748945882094745,1.0672546930505087,0.7175755327354116,0.2824668645858765,-0.24024794393119733,1.5156422886371612,-0.46953610138893126,0.4,0.0,1.4,0.0
transgastric_short_axis,1,268,13.401,0.28245970202856757,-0.24024794869324995,1.5156430523285547,-0.46953608991447643,-0.00716255730890053,-4.762055768517083e-06,0.0007636913920390678,1.147447364948815e-05,0.06798097269479439,-0.00034911279982082714,0.9761096704280745,0.5526049708268717,0.3732477188110352,-0.5452563922087719,1.502581325483322,0.42739066715240476,0.4,0.0,1.4,0.0
transgastric_short_axis,1,269,13.451,0.37324055831218134,-0.5452563876188069,1.5025823432714844,0.4273906681861215,-0.007160498853888146,4.589967088293578e-06,0.0010177881568441227,1.0331422880892607e-06,0.0495008628803102,-0.04699494287789445,1.0677972477159574,0.7008612675574264,0.28429555892944336,-0.24683514805183224,1.5191216543197632,-0.4625371104240417,0.4,0.0,1.4,0.0
transgastric_short_axis,1,270,13.5011,0.28428839632683356,-0.24683515246769916,1.5191224111563848,-0.4625370989451135,-0.007162602609856418,-4.415870156282423e-06,0.0007568366192814778,1.147894156038345e-05,0.06804224977228614,-0.0010389783345926863,0.9777140026834219,0.5499522565265469,0.3728790044784546,-0.5417216076222341,1.5057292516708374,0.41560565242767333,0.4,0.0,1.4,0.0
transgastric_short_axis,1,271,13.551,0.3728718439974915,-0.5417216033937858,1.5057302697760253,0.41560565311198516,-0.007160480963012375,4.228451183974762e-06,0.0010181051820673814,6.83725181607728e-07,0.050017025939760505,-0.04659124383173787,1.0672295285852236,0.691451503199741,0.28709154129028325,-0.24629529617054874,1.5191362601280212,-0.43501995491981504,0.4,0.0,1.4,0.0
transgastric_short_axis,1,272,13.6012,0.28708437862912267,-0.24629530031920888,1.5191370062679317,-0.4350199437668334,-0.007162661160576025,-4.148662602145824e-06,0.0007461399085072946,1.1152979752755164e-05,0.0682359843672754,-0.0019455164488737763,0.9805305941072182,0.5261627982348094,0.3710904836654663,-0.5787852574377332,1.503965319442749,0.40901393880844117,0.4,0.0,1.4,0.0
transgastric_short_axis,1,273,13.651,0.37108332314331344,-0.5787852532281224,1.50396633421279,0.40901393965532584,-0.0071605221529340915,4.209610891832624e-06,0.0010147700403638905,8.468154600806619e-07,0.0484425522094641,-0.04828188392413088,1.065565144539905,0.7168890744297837,0.28010795116424564,-0.2032509563667343,1.5148127536296845,-0.4832610670566559,0.4,0.0,1.4,0.0
transgastric_short_axis,1,274,13.7009,0.28010078876131733,-0.20325096131862708,1.5148135359407284,-0.48326105593781554,-0.0071624029283470555,-4.951894511659676e-06,0.0007823110438275395,1.111883746144784e-05,0.06781512971430903,0.0026287507329678626,0.9737932726413869,0.5499183306218749,0.37117857933044435,-0.5613860354102969,1.4935075607299804,0.45252351808547975,0.4,0.0,1.4,0.0
transgastric_short_axis,1,275,13.7509,0.3711714187625582,-0.5613860298269613,1.4935085769349552,0.4525235200712272,-0.007160567886079989,5.583335525286108e-06,0.0010162049729338675,1.985684737910752e-06,0.04795924961994055,-0.04823861896957786,1.0663041730542357,0.7276721457903254,0.27837524414062503,-0.23881114771715356,1.5134437399864196,-0.48034505488872525,0.4,0.0,1.4,0.0
transgastric_short_axis,1,276,13.8009,0.278368081647866,-0.23881115276449366,1.5134445103162806,-0.4803450433533546,-0.007162492758948906,-5.047340155961936e-06,0.0007703298609994901,1.1535371860138236e-05,0.06788522570958183,0.0001182447133415386,0.9721534760031936,0.5616280867636192,0.3731761932373047,-0.541009295254422,1.5021676815032958,0.4263118971347809,0.4,0.0,1.4,0.0
transgastric_short_axis,1,277,13.8509,0.37316903272664215,-0.5410092906284776,1.502168700400901,0.4263118981825116,-0.007160510662610294,4.625944627958994e-06,0.0010188976051721506,1.0476625188373818e-06,0.04972945525064159,-0.046761881547408436,1.0677543821039253,0.6968437638558141,0.28558375835418703,-0.24970181209989636,1.5193145258903502,-0.4553576066493988,0.4,0.0,1.4,0.0
transgastric_short_axis,1,278,13.9009,0.2855765957536058,-0.2497018164187299,1.5193152789253634,-0.4553575952684653,-0.007162600581257512,-4.3188336843609265e-06,0.0007530350133197073,1.1380933447713749e-05,0.0680916846852436,-0.0014799556550110062,0.9789951580600726,0.5450049430196607,0.37256860733032227,-0.549249011637397,1.5062470088481903,0.4105359389305115,0.4,0.0,1.4,0.0
transgastric_short_axis,1,279,13.9509,0.37256144685111997,-0.5492490075201459,1.50624802641655,0.4105359395704751,-0.007160479202159977,4.117253566016057e-06,0.0010175683543880935,6.393740988898285e-07,0.049812284173805135,-0.046866086624146305,1.066889098454571,0.6944463602447593,0.28639075756073,-0.23184456797685848,1.5186289891719817,-0.4390796205997467,0.4,0.0,1.4,0.0
transgastric_short_axis,1,280,14.0009,0.2863835949368075,-0.23184457219499524,1.5186297405986844,-0.4390796095105933,-0.007162623922488093,-4.218138603641341e-06,0.0007514267019100368,1.1089144163033706e-05,0.06822638986926428,-0.0008197960524578309,0.9798604838446279,0.5229957093497518,0.370447039604187,-0.5748044349804992,1.4998019150733948,0.42647068848609926,0.4,0.0,1.4,0.0
transgastric_short_axis,1,281,14.0511,0.3704398790816097,-0.5748044302612124,1.4998029299399818,0.42647068978628955,-0.007160522577294728,4.7192891599947775e-06,0.0010148665809307134,1.2996267022998453e-06,0.048107099481952874,-0.048412475672725025,1.0651828729631299,0.7232646872812368,0.28074097633361816,-0.21070308446921046,1.513382133436203,-0.47964744029045103,0.4,0.0,1.4,0.0
transgastric_short_axis,1,282,14.101,0.2807338138825487,-0.21070308951469544,1.513382912286743,-0.4796474290882379,-0.007162451069494186,-5.0454858115317805e-06,0.0007788505367303922,1.1202213943679791e-05,0.06786133719624975,0.002002585125420295,0.9745239143486322,0.5491243539596653,0.37177152633666993,-0.5613313573841662,1.4945595534324645,0.45090658020973207,0.4,0.0,1.4,0.0
transgastric_short_axis,1,283,14.1511,0.37176436578814964,-0.5613313519237317,1.494560569202731,0.45090658213722,-0.007160548520361911,5.4604369676545e-06,0.0010157702601326058,1.926953723444014e-06,0.04801438245304791,-0.048208859797675294,1.066829274041235,0.7267383193106608,0.2790013074874878,-0.23802037612691418,1.5136497193336487,-0.47894654874801634,0.4,0.0,1.4,0.0
transgastric_short_axis,1,284,14.2008,0.27899414496790387,-0.2380203811491542,1.5136504891605815,-0.47894653721429536,-0.007162519583843383,-5.022243540684807e-06,0.0007698269302064956,1.1533744222548357e-05,0.0678975437947433,0.00012422575434616057,0.9727672469637869,0.5600020874875746,0.3731784105300904,-0.5424794225939837,1.5017594678878783,0.4281606554031372,0.4,0.0,1.4,0.0
transgastric_short_axis,1,285,14.2509,0.37317125003590274,-0.5424794179326868,1.5017604864743506,0.4281606565423113,-0.007160494187584935,4.661299593378136e-06,0.0010185864672737075,1.138603447787084e-06,0.049605737389306404,-0.04687059712771752,1.0677819814865448,0.6990568253893686,0.2848161458969116,-0.24854608341058604,1.5192935534477234,-0.4597651901721954,0.4,0.0,1.4,0.0
transgastric_short_axis,1,286,14.3008,0.28480898328399207,-0.24854608778635345,1.5192943086122082,-0.45976517871092276,-0.007162612919566853,-4.3757711240905296e-06,0.0007551644828616897,1.1461286492375405e-05,0.06806135819030035,-0.0012503559694823892,0.9782254265591537,0.548324064498651,0.37275190353393556,-0.5428979341981005,1.5062470088481903,0.4127646354675293,0.4,0.0,1.4,0.0
transgastric_short_axis,1,287,14.351,0.37274474305600125,-0.5428979300423205,1.5062480268922478,0.41276463609928804,-0.0071604779344077605,4.1557827548311045e-06,0.0010180440517713804,6.311700127148959e-07,0.050045327687926154,-0.04659390022469074,1.0670703813909366,0.6907563242620318,0.28724534511566163,-0.2424337542018259,1.5190596732616424,-0.4307500030517578,0.4,0.0,1.4,0.0
transgastric_short_axis,1,288,14.401,0.2872381824524186,-0.24243375831277367,1.5190604186741936,-0.43074999198111336,-0.007162663242976423,-4.110949232707619e-06,0.0007454125497863619,1.1070638292501316e-05,0.06827094129159043,-0.0018286689468869494,0.9806927445518248,0.5207785455958165,0.37056980133056644,-0.5853168472646667,1.5025545481681823,0.4122392008781433,0.4,0.0,1.4,0.0
transgastric_short_axis,1,289,14.451,0.37056264081716117,-0.5853168429404751,1.5025555619355009,0.4122392018882559,-0.007160513405247138,4.3241940248065596e-06,0.001013767314228274,1.009539035535023e-06,0.04802618472403326,-0.04865516303978562,1.0651358548370573,0.723823989380593,0.27938241958618165,-0.19462437422353315,1.5127044613838196,-0.4851278017044067,0.4,0.0,1.4,0.0
transgastric_short_axis,1,290,14.5008,0.2793752571984524,-0.19462437938253838,1.5127052492042283,-0.48512779068634215,-0.007162387729271508,-5.159007658565859e-06,0.0007878204066945362,1.1018052974999088e-05,0.06776354242255127,0.0032777979495810733,0.9732048769545132,0.5481609472776918,0.37048909664154056,-0.5684372537389861,1.4913861607074737,0.4552005005836487,0.4,0.0,1.4,0.0
transgastric_short_axis,1,291,14.5509,0.37048193608206653,-0.5684372479950941,1.4913871761214894,0.4552005028679762,-0.007160559474029365,5.743894605095909e-06,0.0010154140077098188,2.2838141173639492e-06,0.047528775994209745,-0.04861856873262536,1.0657520237210658,0.734541581380127,0.2758573293685913,-0.23342161707299774,1.5110320963382722,-0.4862581601858139,0.4,0.0,1.4,0.0
transgastric_short_axis,1,292,14.6011,0.2758501668904842,-0.23342162239000017,1.5110328725936562,-0.48625814866533834,-0.007162478107115085,-5.317004106594106e-06,0.0007762553816292024,1.1520500056982152e-05,0.06782352335579625,0.0006867576373264621,0.9697888046312928,0.5645122857831721,0.3728376626968384,-0.5410205304652708,1.5010658792495728,0.4263047814846039,0.4,0.0,1.4,0.0
transgastric_short_axis,1,293,14.6509,0.37283050219116065,-0.5410205257622299,1.5010668988704436,0.42630478266585836,-0.0071605056777694145,4.70304074061099e-06,0.0010196208696414875,1.1811860941882543e-06,0.0497247693886857,-0.046759676036839615,1.0674893571181585,0.6967005645744071,0.285597038269043,-0.2476427724583448,1.5192368155002594,-0.45565215711593626,0.4,0.0,1.4,0.0
transgastric_short_axis,1,294,14.7008,0.28558987567316224,-0.247642776784896,1.5192375691809348,-0.45565214575021784,-0.007162595880786679,-4.326553024744757e-06,0.0007536806755519125,1.1365718633784964e-05,0.06809220821776228,-0.00132959809686101,0.9790133599442961,0.5442913716688629,0.3724679470062256,-0.5491214919942635,1.5056569716453552,0.41300020093917844,0.4,0.0,1.4,0.0
transgastric_short_axis,1,295,14.7509,0.37246078650320874,-0.5491214877966665,1.5056579893273225,0.41300020160770856,-0.00716050301663696,4.197597985134018e-06,0.0010176819661689258,6.684600236277009e-07,0.049745436000563234,-0.046907836305537756,1.066825694576136,0.6957194792994852,0.2861454010009766,-0.23392383099793784,1.518594347190857,-0.44469471123218535,0.4,0.0,1.4,0.0
transgastric_short_axis,1,296,14.8008,0.2861382384104393,-0.2339238352599619,1.5185951003088674,-0.4446947001055894,-0.00716259053728392,-4.262022363024086e-06,0.0007531180111007352,1.1126594130410246e-05,0.06818395533427886,-0.000769359955179065,0.9796130508989438,0.5286804664201982,0.37094998359680176,-0.566643926834008,1.5007784444332122,0.42570800313949586,0.4,0.0,1.4,0.0
transgastric_short_axis,1,297,14.8508,0.3709428230635104,-0.5666439221646228,1.5007794604254832,0.42570800430558364,-0.007160533291530275,4.669385214842811e-06,0.001015992270024698,1.1660193420590564e-06,0.04852677864743259,-0.048006158725205375,1.0656214552294851,0.7164589720501238,0.2816095590591431,-0.22179822968940088,1.5154825610160827,-0.4765096258163452,0.4,0.0,1.4,0.0
transgastric_short_axis,1,298,14.9009,0.2816023965861202,-0.22179823451988734,1.51548333332852,-0.4765096145139106,-0.007162473022884634,-4.830486057588742e-06,0.0007723124365605863,1.1302433692987233e-05,0.06791476581546879,0.0011416071206328442,0.9752567789115096,0.5510084049550887,0.37244176864624023,-0.5545559634818144,1.4973730440616608,0.44437628588676453,0.4,0.0,1.4,0.0
transgastric_short_axis,1,299,14.9509,0.3724346080941379,-0.5545559582883314,1.4973740607210395,0.44437628744172386,-0.0071605521023013945,5.193482881099818e-06,0.001016659377632693,1.5548934476685595e-06,0.048544174073335014,-0.047766595933849985,1.0673201947873918,0.7178050948870506,0.2824405193328858,-0.23966539824868852,1.5155735664367675,-0.46971446077823636,0.4,0.0,1.4,0.0
transgastric_short_axis,1,300,15.0009,0.28243335680175424,-0.2396654030081006,1.5155743303574303,-0.4697144493361676,-0.0071625311315655395,-4.7594127438691006e-06,0.0007639206621412134,1.1442068773582756e-05,0.06797950196402637,-0.0003033738978208836,0.9760877146488793,0.5524948060793753,0.37323894500732424,-0.5455953210693765,1.502360927581787,0.42816496224403383,0.4,0.0,1.4,0.0
transgastric_short_axis,1,301,15.0509,0.3732317844863131,-0.5455953164403109,1.5023619454077712,0.4281649632577684,-0.007160521011175954,4.629066378216863e-06,0.0010178259835798634,1.0136647771778136e-06,0.04946168850533367,-0.04702645342209877,1.0678024047211612,0.7015653856288663,0.2840662479400635,-0.2468682919238361,1.519084952545166,-0.4636831046104431,0.4,0.0,1.4,0.0
transgastric_short_axis,1,302,15.1008,0.284059085364513,-0.246868296340371,1.5190857098242017,-0.46368309315651474,-0.007162575550442732,-4.416535489787505e-06,0.0007572790351616533,1.1453927790760331e-05,0.06803351057770843,-0.0010020329431871733,0.9774861985139403,0.5509715678581224,0.37297060489654543,-0.5410192196906717,1.5057438574790953,0.4159123744010925,0.4,0.0,1.4,0.0
transgastric_short_axis,1,303,15.1509,0.37296344439433915,-0.5410192154480606,1.505744875681584,0.41591237505038237,-0.007160502206234919,4.2426107505367835e-06,0.0010182024882422482,6.492192044012559e-07,0.05004102678085668,-0.046562323675945025,1.0673198703059652,0.691084545678759,0.287175989151001,-0.2475399702790785,1.5191879422187804,-0.4342123286247253,0.4,0.0,1.4,0.0
transgastric_short_axis,1,304,15.2008,0.28716882651076586,-0.247539974402323,1.5191886877118383,-0.4342123175145115,-0.007162640235099932,-4.123245083576559e-06,0.0007454930585496522,1.1110212369847504e-05,0.06823892446649493,-0.0020582599101986072,0.9806122134628821,0.5260733718768262,0.3711116313934326,-0.5797112260651861,1.5042956354141235,0.4072958837985992,0.4,0.0,1.4,0.0
transgastric_short_axis,1,305,15.2509,0.37110447087278325,-0.5797112219013769,1.5042966501100015,0.40729588461505717,-0.007160520649386324,4.163809908136295e-06,0.0010146958769753625,8.163876204183283e-07,0.0484492166203036,-0.04829439857974091,1.0655657590324046,0.7167062028826452,0.2799436092376709,-0.20161117734335604,1.5148365348815918,-0.4838323788642883,0.4,0.0,1.4,0.0
transgastric_short_axis,1,306,15.3008,0.2799364468408759,-0.20161118229886899,1.514837318062825,-0.48383236776224875,-0.007162396795008006,-4.95551427829622e-06,0.0007831812340330068,1.1102037047985786e-05,0.06780526507934785,0.002759134930469272,0.9736268437961182,0.5498578864937994,0.3710558891296387,-0.561618042514324,1.49316469874382,0.4529487718105316,0.4,0.0,1.4,0.0
transgastric_short_axis,1,307,15.3509,0.37104872856167714,-0.56161803689968,1.4931657150343423,0.4529487738369191,-0.007160567961571087,5.614644546480707e-06,0.0010162905206239933,2.026324046120492e-06,0.04793394192685799,-0.04825667691409576,1.0662037020702173,0.7280765328364694,0.27817208766937257,-0.2387167719460239,1.513340375804901,-0.4808673061609268,0.4,0.0,1.4,0.0
transgastric_short_axis,1,308,15.4012,0.2781649251786218,-0.2387167770075714,1.5133411464669244,-0.4808672946221878,-0.007162490750779514,-5.061547932732195e-06,0.0007706620235368644,1.1538740804726995e-05,0.06788046882157009,0.0001424873834281956,0.9719566490979048,0.5620578756687893,0.37316265106201174,-0.5407042592798778,1.5021847216129303,0.4259242814540863,0.4,0.0,1.4,0.0
transgastric_short_axis,1,309,15.451,0.37315549055251784,-0.5407042546597498,1.5021857406021644,0.4259242825011009,-0.0071605094941039485,4.6201280303343886e-06,0.0010189892329206926,1.0469463196819514e-06,0.049754939087862216,-0.046739038837191035,1.067740087615381,0.6963728446034653,0.2857289075851441,-0.250153467576017,1.5192987965583802,-0.45439399781227113,0.4,0.0,1.4,0.0
transgastric_short_axis,1,310,15.501,0.28572174498171565,-0.25015347188706527,1.5192995491122039,-0.45439398643893847,-0.007162603428381282,-4.311049562419954e-06,0.000752553823864982,1.1373332858755437e-05,0.06809779456998523,-0.001543713325442524,0.979142113617226,0.5443735449095797,0.3725399971008301,-0.5506242014452867,1.5063000017166137,0.40982137784957884,0.4,0.0,1.4,0.0
transgastric_short_axis,1,311,15.5523,0.3725328366005271,-0.5506241973338186,1.5063010192467976,0.409821378456396,-0.0071605003028771385,4.111468547229034e-06,0.001017530183283102,6.067453267507667e-07,0.04976846420994392,-0.046920325652780634,1.0668575829975004,0.6951222343498544,0.2862292289733887,-0.22936739123821845,1.518537421989441,-0.4403358137369156,0.4,0.0,1.4,0.0
transgastric_short_axis,1,312,15.6013,0.2862220663825697,-0.22936739545901128,1.5185381745731679,-0.4403358026981475,-0.00716259081904414,-4.22079356427445e-06,0.0007525837266608581,1.1038766025767007e-05,0.06821874594181591,-0.0006077204877633254,0.9797040771360688,0.5229739364890602,0.37036449909210206,-0.5732170869410819,1.4991180636405945,0.4294474645614624,0.4,0.0,1.4,0.0
transgastric_short_axis,1,313,15.6509,0.3703573385466654,-0.5732170821158771,1.4991190787486914,0.42944746588970517,-0.00716054543662558,4.825205423914874e-06,0.0010151080960779406,1.3281759446033405e-06,0.04809350481947486,-0.04839053407063133,1.0651428452963498,0.7236754993355489,0.2809421300888062,-0.21315217318072857,1.5133422483444214,-0.4787480595588684,0.4,0.0,1.4,0.0
transgastric_short_axis,1,314,15.7008,0.28093496765319753,-0.2131521782098362,1.5133430258954537,-0.4787480483629933,-0.007162435608563432,-5.029107685213078e-06,0.0007775510322322705,1.1195873822349642e-05,0.06787414318230267,0.0018060470705975728,0.9747285337456895,0.5492327997614994,0.37194662094116215,-0.5603379774916206,1.4950183256149292,0.44981938376426694,0.4,0.0,1.4,0.0
transgastric_short_axis,1,315,15.7511,0.3719394603756988,-0.5603379720576439,1.495019341582669,0.44981938557638657,-0.007160565463553046,5.433976835420519e-06,0.0010159677386872917,1.8120559825836936e-06,0.04809640830922227,-0.04814212977117614,1.0669752014530678,0.7253497030597047,0.27956542968750003,-0.23812654886943507,1.5139483893871306,-0.4774859679222107,0.4,0.0,1.4,0.0
transgastric_short_axis,1,316,15.8011,0.27955826718663335,-0.23812655384385842,1.513949158278269,-0.4774859564209244,-0.007162500866584777,-4.9744260170775975e-06,0.0007688911376499239,1.1501287479860325e-05,0.0679107677983168,6.710671989392479e-05,0.9733130092687838,0.5587376091692497,0.37320656776428224,-0.5432565246776905,1.501742615032196,0.4286428343296051,0.4,0.0,1.4,0.0
transgastric_short_axis,1,317,15.8509,0.37319940724743894,-0.5432565199945792,1.5017436335121133,0.42864283542016235,-0.007160516843178137,4.683111409547874e-06,0.0010184799162575118,1.0904883960168748e-06,0.0495553101669075,-0.04691861720105489,1.0678107787533258,0.699951688051249,0.2845044612884522,-0.24833055461580375,1.5192538556098938,-0.4613835324525833,0.4,0.0,1.4,0.0
transgastric_short_axis,1,318,15.901,0.2844972987041272,-0.24833055899704515,1.5192546114685772,-0.46138352101206975,-0.007162584324984637,-4.381241806799146e-06,0.0007558586829535055,1.1440512881381203e-05,0.06804959512546375,-0.0011802906330650254,0.9779150780893444,0.5496411159624477,0.37284832000732426,-0.541223326021091,1.5062494431495665,0.41341983704566954,0.4,0.0,1.4,0.0
transgastric_short_axis,1,319,15.9511,0.3728411595083191,-0.5412233218449253,1.5062504613675847,0.4134198376438256,-0.007160499005265899,4.176166305078438e-06,0.001018218017909462,5.980861566408812e-07,0.050104598782892695,-0.0465233024817025,1.0671660411343786,0.6898299858834639,0.2874601840972901,-0.24532738275592705,1.519169591331482,-0.4287167996406555,0.4,0.0,1.4,0.0
transgastric_short_axis,1,320,16.0009,0.28745302144958773,-0.24532738682620792,1.5191703352547163,-0.42871678861791396,-0.00716264770233497,-4.070279573672434e-06,0.0007439232339557963,1.1022739832497833e-05,0.06827874208413212,-0.0020962498349481563,0.9809017826937088,0.520434436557941,0.3706102848052979,-0.5877032060489458,1.5033215403556823,0.40821848402023314,0.4,0.0,1.4,0.0
transgastric_short_axis,1,321,16.0509,0.3706031242748411,-0.587703201821934,1.503322553991862,0.40821848492313606,-0.0071605304567618,4.227012231767462e-06,0.0010136361795173843,9.028339882233229e-07,0.04803099435823002,-0.048695216429282304,1.0651288001431318,0.7235862846478609,0.2790240287780762,-0.19060610106346992,1.5127065211772919,-0.48667620463371275,0.4,0.0,1.4,0.0
transgastric_short_axis,1,322,16.1013,0.27901686643081663,-0.19060610622679258,1.512707311268703,-0.4866761936967354,-0.007162347259555312,-5.163322990465212e-06,0.0007900914104892178,1.0936974150780173e-05,0.06773410222480016,0.0036019019824616505,0.9728448831005172,0.548200932016465,0.37009065151214604,-0.5708382182973686,1.4908219645500183,0.4554821305274963,0.4,0.0,1.4,0.0
transgastric_short_axis,1,323,16.1509,0.3700834909316669,-0.5708382124876096,1.4908229798206376,0.45548213279352545,-0.0071605804791712874,5.809758641375492e-06,0.0010152706184980138,2.265967832388048e-06,0.04740097752522553,-0.04873604540451161,1.0653905962852468,0.7365215878088868,0.2751454830169678,-0.23111371751114587,1.5102991843700408,-0.4880322041273117,0.4,0.0,1.4,0.0
transgastric_short_axis,1,324,16.2009,0.2751383205761287,-0.23111372290468302,1.5102999625892801,-0.4880321926405939,-0.007162440838953675,-5.393538074032615e-06,0.0007782192388000825,1.1486719002300735e-05,0.06780325811061542,0.0009040061558123706,0.9691234460541871,0.5651066224211097,0.37267813682556156,-0.5418307764209813,1.5006226491451262,0.4267849006175995,0.4,0.0,1.4,0.0
transgastric_short_axis,1,325,16.2508,0.37267097631990054,-0.5418307716818468,1.5006236688734411,0.42678490185040197,-0.0071605056609071,4.739135479339178e-06,0.0010197283137744046,1.2327344808781362e-06,0.04967126003408969,-0.046808412411223924,1.0673589089821032,0.697565721535729,0.2852922916412354,-0.24625316412986586,1.5191828863620758,-0.4575168319702148,0.4,0.0,1.4,0.0
transgastric_short_axis,1,326,16.3009,0.2852851290523588,-0.24625316847796197,1.5191836411720807,-0.45751682059489795,-0.007162588876609078,-4.348096193405772e-06,0.0007548100051171236,1.1375316442726544e-05,0.06808022211633621,-0.0011711143393446028,0.9787107065161595,0.5452765408966984,0.3724937677383423,-0.5465621109629133,1.5053873259544372,0.41497722816467286,0.4,0.0,1.4,0.0
transgastric_short_axis,1,327,16.351,0.3724866072346743,-0.5465621067174794,1.505388343857046,0.4149772288574507,-0.007160503667997401,4.245433831015584e-06,0.0010179026086992548,6.927081944548842e-07,0.04980766464769748,-0.04681943724417938,1.0668677391426526,0.6948380579473525,0.2863281011581421,-0.23892593412132518,1.5187836609363556,-0.4439798692703247,0.4,0.0,1.4,0.0
transgastric_short_axis,1,328,16.401,0.2863209385554224,-0.23892593836466644,1.518784412391474,-0.4439798581092307,-0.007162602719681581,-4.243340370246239e-06,0.0007514551178985008,1.1161092311510084e-05,0.06818498098394056,-0.0011350575276125622,0.9797837198620749,0.5303172485109614,0.371221923828125,-0.5671487623081461,1.502260184955597,0.42001248693466187,0.4,0.0,1.4,0.0
transgastric_short_axis,1,329,16.4508,0.3712147633020879,-0.5671487578186089,1.5022612009347656,0.42001248794955615,-0.00716052603722265,4.489537962972611e-06,0.0010159791681004272,1.0148255339531778e-06,0.04867481737901773,-0.04792485661573955,1.0658001421790704,0.7136905117746364,0.2815616369247437,-0.22107468211074,1.5161720300674437,-0.4776676978826523,0.4,0.0,1.4,0.0
transgastric_short_axis,1,330,16.5008,0.28155447445333703,-0.2210746868958967,1.5161728027062908,-0.4776676865744574,-0.007162471406656369,-4.785158198516318e-06,0.0007726388462571553,1.1308193614594225e-05,0.06790612816799539,0.0012294026912969625,0.975162334802288,0.5518748939697953,0.37237133979797366,-0.5536715651345019,1.497502623796463,0.44424464635849,0.4,0.0,1.4,0.0
transgastric_short_axis,1,331,16.5508,0.3723641792469972,-0.5536715599508089,1.4975036405716962,0.4442446478994073,-0.007160550976416748,5.183693754283258e-06,0.001016775232382778,1.540851488601934e-06,0.04859080522512016,-0.04772147746322558,1.0672413040536426,0.7170608077416148,0.28262171745300296,-0.24055616321548198,1.515760820388794,-0.4690689027786255,0.4,0.0,1.4,0.0
transgastric_short_axis,1,332,16.6009,0.2826145549175833,-0.24055616795332518,1.5157615836656788,-0.46906889133354435,-0.007162535419652366,-4.737843361193539e-06,0.000763276885159938,1.1445081337380136e-05,0.06798497861540884,-0.0003860921092418146,0.9762570958658268,0.5523341214584265,0.37322888374328617,-0.545175873197689,1.502701168012619,0.42699612307548523,0.4,0.0,1.4,0.0
transgastric_short_axis,1,333,16.6509,0.3732217232241108,-0.5451758686073593,1.502702185876057,0.42699612405206544,-0.007160519175324454,4.590330210818506e-06,0.0010178634366495782,9.76511378854242e-07,0.04951651122904208,-0.046983453787009806,1.0677708088266813,0.7005763575500403,0.28440792560577394,-0.24672710277416987,1.5191216543197632,-0.46195961923599244,0.4,0.0,1.4,0.0
transgastric_short_axis,1,334,16.7008,0.2844007630263954,-0.24672710717087343,1.5191224108936776,-0.4619596078032051,-0.007162579378501786,-4.39670467434003e-06,0.0007565739143587742,1.1432787139370646e-05,0.06804667246062361,-0.0010513682995597108,0.977826837057667,0.5493944639515405,0.37282938957214357,-0.5421579083101947,1.5056867450237275,0.4155704486846924,0.4,0.0,1.4,0.0
transgastric_short_axis,1,335,16.7508,0.37282222906996865,-0.542157904070026,1.5056877631842305,0.41557044934144827,-0.00716050217508335,4.240168454243911e-06,0.0010181605030186549,6.566858047139028e-07,0.04999754152298545,-0.046612256781926695,1.0671827888044858,0.691767681979339,0.28701858520507817,-0.24563897260346634,1.519104801464081,-0.4358917156934738,0.4,0.0,1.4,0.0
transgastric_short_axis,1,336,16.8008,0.2870114225717815,-0.24563897674789859,1.5191055480428801,-0.4358917045761191,-0.007162633296577015,-4.14443314781825e-06,0.0007465787988110625,1.111735319061647e-05,0.06823140112559126,-0.0018707453258576178,0.9804590719195079,0.5265858289204872,0.3711084842681885,-0.5776688519863935,1.5038164525508881,0.41004720611572265,0.4,0.0,1.4,0.0
transgastric_short_axis,1,337,16.8508,0.3711013237456943,-0.577668847751494,1.5038174674346951,0.4100472069765049,-0.00716052249434937,4.234899809670891e-06,0.0010148838067298304,8.607123507009915e-07,0.04846571301327034,-0.04824735281683206,1.0655921499151864,0.7165564943851787,0.2802733898162842,-0.20501975306135925,1.5149352177143096,-0.48272046489715575,0.4,0.0,1.4,0.0
transgastric_short_axis,1,338,16.9008,0.28026622740635715,-0.20501975799772723,1.514935999040354,-0.4827204537579535,-0.007162409927027043,-4.93636597558377e-06,0.000781326044142819,1.113920048032787e-05,0.06782529421202949,0.0024905115626019927,0.9739511329587371,0.550089627079662,0.3713021993637085,-0.5609619062007558,1.4939288821220398,0.4519447161197662,0.4,0.0,1.4,0.0
transgastric_short_axis,1,339,16.9511,0.37129503879630754,-0.5609619006564267,1.4939298982641667,0.45194471805617464,-0.007160567401067509,5.544329536636957e-06,0.0010161421259427014,1.936345084742132e-06,0.04799869824026498,-0.048208687563312105,1.066400547785005,0.7270344439932459,0.2786632537841797,-0.23899915024535637,1.5136010333061218,-0.4795855528593063,0.4,0.0,1.4,0.0
transgastric_short_axis,1,340,17.001,0.2786560912883659,-0.2389991552714986,1.513601803135388,-0.4795855413282787,-0.0071624958137933075,-5.026143337545148e-06,0.0007698292662160452,1.1531028657082074e-05,0.06789214862862725,7.953156691606691e-05,0.9724318168257424,0.5610281646483151,0.37319545745849614,-0.5414798633354714,1.502139967918396,0.42665532088279723,0.4,0.0,1.4,0.0
transgastric_short_axis,1,341,17.0509,0.37318829694662736,-0.5414798587038155,1.5021409867136253,0.4266553219325919,-0.007160511868873508,4.631656068206229e-06,0.001018795228786065,1.049725781540126e-06,0.049697445086378134,-0.04679203297441774,1.0677751539974734,0.6974144031368745,0.28541665077209477,-0.2489322001567555,1.519319394493103,-0.4565120272636414,0.4,0.0,1.4,0.0
transgastric_short_axis,1,342,17.1012,0.2854094881754202,-0.24893220448590292,1.5193201481697658,-0.45651201587581,-0.007162596674544116,-4.329146937611211e-06,0.0007536766631422355,1.138783197148684e-05,0.06808453820431674,-0.0013880188222614226,0.9788268120582129,0.5456544201494946,0.37258980274200443,-0.5476348863454569,1.5061146203041076,0.4116560920715332,0.4,0.0,1.4,0.0
transgastric_short_axis,1,343,17.1509,0.37258264224144433,-0.5476348821933118,1.5061156380770386,0.41165609269252457,-0.007160500560101662,4.152145353492027e-06,0.0010177729299972577,6.209210022931941e-07,0.04985531717607222,-0.046807866578887546,1.0669181448274472,0.6938133344039423,0.2865489482879639,-0.2349673948322746,1.518730293560028,-0.43828482120037077,0.4,0.0,1.4,0.0
transgastric_short_axis,1,344,17.2009,0.2865417856806219,-0.2349673990215762,1.5187310437710648,-0.43828481013803167,-0.007162607342013195,-4.1893029649911116e-06,0.0007502110369514114,1.1062337130943525e-05,0.06822945156184859,-0.0010601718240204703,0.9800125459042133,0.523710874960797,0.37059903144836426,-0.5756485738222702,1.5007108457565308,0.4228576234817505,0.4,0.0,1.4,0.0
transgastric_short_axis,1,345,17.2509,0.37059187090972157,-0.5756485692025198,1.5007118606439906,0.4228576246440179,-0.007160538642659111,4.619750864078583e-06,0.0010148874589348148,1.162199859528641e-06,0.04817613280369381,-0.04838703787145272,1.06527788876205,0.7219332121986455,0.2806149959564209,-0.20924943543889354,1.513693724012375,-0.48036668272018435,0.4,0.0,1.4,0.0
transgastric_short_axis,1,346,17.3009,0.2806078335340396,-0.2092494404550794,1.5136945034728937,-0.48036667155796076,-0.007162422381172966,-5.0161872628884724e-06,0.0007794605189990586,1.1162221755570106e-05,0.06785279209291833,0.0021252373551642074,0.9743767255902984,0.5492889922507286,0.37165369987487795,-0.5615804045579806,1.4943895268440246,0.4513522446155548,0.4,0.0,1.4,0.0
transgastric_short_axis,1,347,17.351,0.37164653930598723,-0.5615803990574896,1.4943905426613107,0.45135224649533345,-0.007160568890779605,5.500491771061921e-06,0.001015817285146583,1.8797149799811346e-06,0.047988430232896805,-0.048228627881689606,1.066722202624027,0.7271897196049854,0.27879180908203127,-0.23816811914957553,1.513559650182724,-0.4794472658157349,0.4,0.0,1.4,0.0
transgastric_short_axis,1,348,17.4011,0.27878464658783353,-0.2381681241773769,1.5135604202061819,-0.4794472542963517,-0.007162494197609971,-5.02780151330553e-06,0.0007700234580771823,1.1519384585445619e-05,0.0678930604730566,0.00013128999330182245,0.9725632287930801,0.5605201655308416,0.37317395210266113,-0.5420307631740895,1.5018613340377807,0.4276457070350647,0.4,0.0,1.4,0.0
transgastric_short_axis,1,349,17.451,0.37316679158906685,-0.5420307585105797,1.5018623527787716,0.42764570811526514,-0.007160513594388566,4.6635099525951965e-06,0.0010187409897939083,1.0801318407916683e-06,0.04964201457658667,-0.04683837979819938,1.067771245578577,0.6984083009445209,0.2850545883178711,-0.24858746643721233,1.5193141513824462,-0.45853689787387847,0.4,0.0,1.4,0.0
transgastric_short_axis,1,350,17.501,0.2850474257263763,-0.24858747078614885,1.5193149059700648,-0.4585368864649132,-0.00716259149484569,-4.348936887108716e-06,0.0007545876183091375,1.1408965147519163e-05,0.06807033553326776,-0.0012952243372964956,0.9784634863735058,0.5472677114535166,0.3726845741271973,-0.5446901375819937,1.5061696729660035,0.4124614713191986,0.4,0.0,1.4,0.0
transgastric_short_axis,1,351,17.5509,0.37267741362746565,-0.5446901334184147,1.5061706909576298,0.41246147193057947,-0.007160499731648572,4.163579505507989e-06,0.0010179916250046028,6.113107884509876e-07,0.04997012352012747,-0.04667722981589845,1.0670085021262314,0.6919758280568878,0.2869699001312256,-0.23970078916286217,1.5189338386058806,-0.4338793910980224,0.4,0.0,1.4,0.0
transgastric_short_axis,1,352,17.6011,0.2869627375047504,-0.23970079329683405,1.518934585845935,-0.43387938005115284,-0.007162626475132077,-4.1339723122697276e-06,0.0007472400545074486,1.1046867926697167e-05,0.06825435464019157,-0.0015344884952678437,0.9804233176211661,0.5221404458222599,0.3706090927124024,-0.5813184229771029,1.501898035812378,0.41631759195327755,0.4,0.0,1.4,0.0
transgastric_short_axis,1,353,17.6509,0.37060193217705223,-0.5813184185364605,1.5018990500823914,0.4163175929930665,-0.007160535350135114,4.4406421332495805e-06,0.001014270011825921,1.0397202218795217e-06,0.048098163137060654,-0.0485388166346263,1.0652151180002285,0.7228409954925691,0.2798956871032715,-0.20066685787151678,1.513177090358734,-0.48317848806381225,0.4,0.0,1.4,0.0
transgastric_short_axis,1,354,17.7009,0.2798885247147118,-0.20066686295911595,1.513177874601058,-0.48317847700120414,-0.007162388559667141,-5.0875986443992235e-06,0.0007842423242447675,1.1062604927847753e-05,0.06780290916800985,0.0028024289259865,0.9736888523221554,0.5486024319317925,0.3710523128509522,-0.5639087147528744,1.4924080055236817,0.45426778864860534,0.4,0.0,1.4,0.0
transgastric_short_axis,1,355,17.7509,0.3710451522785844,-0.5639087090664041,1.4924090215137626,0.4542677907576138,-0.007160572367706629,5.68647020356545e-06,0.0010159900803099816,2.1089455116845473e-06,0.04778073775855988,-0.04838854840274396,1.0662486865342296,0.7305683187385305,0.27726953029632573,-0.23731929896995083,1.5124625292778016,-0.48285875194072725,0.4,0.0,1.4,0.0
transgastric_short_axis,1,356,17.801,0.27726236781781416,-0.2373193041260296,1.5124633018256626,-0.48285874040428817,-0.007162478511516637,-5.156080546285737e-06,0.0007725478604954588,1.1536439716824451e-05,0.06786012141490431,0.000305750769102291,0.9711100762296019,0.5631922725916064,0.3730788230895996,-0.5403230111250762,1.5018789359092712,0.4255675626754761,0.4,0.0,1.4,0.0
transgastric_short_axis,1,357,17.8509,0.37307166258271574,-0.5403230064876101,1.5018799552041058,0.42556756376095084,-0.007160506883806122,4.6374668806693206e-06,0.0010192948335053741,1.0854065032856218e-06,0.049781810284297366,-0.0467122391197283,1.067677015184593,0.695817047285916,0.28589155673980715,-0.25014447940733797,1.5192647163391113,-0.4534240223407745,0.4,0.0,1.4,0.0
transgastric_short_axis,1,358,17.9009,0.28588439413441713,-0.2501444837116933,1.5192654685265259,-0.4534240109793825,-0.007162605390052124,-4.30435483163077e-06,0.0007521874143833523,1.136139147810228e-05,0.06810454617906145,-0.0015763142847918703,0.9793077911212698,0.5435183713076694,0.37248489856719974,-0.5520802847712876,1.506215737438202,0.4096468571662903,0.4,0.0,1.4,0.0
transgastric_short_axis,1,359,17.9509,0.37247773806617185,-0.5520802806588203,1.5062167548559744,0.4096468577833141,-0.007160501027903291,4.112467642598569e-06,0.0010174177723092821,6.169524267632612e-07,0.04970478692142879,-0.04698905490508862,1.0668082840101472,0.6961628101946793,0.28599436283111573,-0.22719543772763673,1.5184299382209778,-0.44305539650917053,0.4,0.0,1.4,0.0
transgastric_short_axis,1,360,18.0009,0.2859872002514857,-0.22719544198227773,1.5184306925648716,-0.4430553854593995,-0.007162579629958512,-4.254640959426863e-06,0.0007543438933038846,1.1049768909485813e-05,0.068199333237996,-0.00036647540989108527,0.9794742363540903,0.5243477766616251,0.3703628063201905,-0.5700476339606434,1.4987186509609223,0.43218212127685546,0.4,0.0,1.4,0.0
transgastric_short_axis,1,361,18.0509,0.3703556457740165,-0.5700476290638358,1.4987196664144902,0.43218212265134603,-0.007160546174099108,4.896807934255161e-06,0.0010154535670570603,1.3744228319458845e-06,0.0481645240253033,-0.04828852723525047,1.0651648946159096,0.7227448006144267,0.28123998641967773,-0.2172592045064971,1.513695034790039,-0.476820654630661,0.4,0.0,1.4,0.0
transgastric_short_axis,1,362,18.101,0.28123282396692045,-0.21725920948667599,1.513695809852532,-0.4768206433936127,-0.007162452757211834,-4.980179954283364e-06,0.0007750624921871658,1.1237047942646529e-05,0.06789961835965709,0.0014618119538703069,0.9750048918106835,0.5491738061433463,0.3722068548202515,-0.5588038094502209,1.4958791320323943,0.44776820397377015,0.4,0.0,1.4,0.0
transgastric_short_axis,1,363,18.1509,0.3721996942590705,-0.5588038041065011,1.4958801481632698,0.4477682056911103,-0.0071605611811724305,5.343719594519207e-06,0.0010161308742322914,1.717275918178511e-06,0.048234493546546554,-0.04803219510992056,1.0671806696830919,0.7229964850003304,0.28053824901580815,-0.23805464352000294,1.5144419908046722,-0.4749867830514908,0.4,0.0,1.4,0.0
transgastric_short_axis,1,364,18.201,0.2805310865065061,-0.23805464842694216,1.5144427582637743,-0.47498677157443714,-0.0071625093019920035,-4.906939220261305e-06,0.0007674591017453607,1.1477054861932633e-05,0.06793313186576694,-1.3432261908525103e-05,0.9742555199253715,0.5564642082099425,0.3732458114624024,-0.5445066291381304,1.501729507255554,0.42935833168029786,0.4,0.0,1.4,0.0
transgastric_short_axis,1,365,18.2509,0.37323865094244857,-0.5445066244466551,1.5017305254426434,0.4293583327689099,-0.007160519953912678,4.691476216830522e-06,0.0010181870883484879,1.088543192458697e-06,0.04947588117575837,-0.04699459531274626,1.067850177553788,0.7013567648455422,0.28417477607727054,-0.24768921132985303,1.5190999328613282,-0.4630470029354095,0.4,0.0,1.4,0.0
transgastric_short_axis,1,366,18.3009,0.28416761349862457,-0.2476892157393703,1.519100689661931,-0.4630469914812975,-0.00716257864601604,-4.409518354999183e-06,0.0007568006023001181,1.1454112116013063e-05,0.068037466512686,-0.0010796397087255794,0.9775942489372647,0.5507854209708322,0.372956132888794,-0.5408055634310309,1.5060120051383972,0.41476226062774657,0.4,0.0,1.4,0.0
transgastric_short_axis,1,367,18.3508,0.3729489723881768,-0.5408055592209738,1.5060130233598326,0.4147622612494093,-0.007160500617199995,4.21005786148677e-06,0.0010182214344090076,6.215920017927036e-07,0.05008483058913028,-0.04652900017841631,1.0672885174204743,0.6902672710318675,0.28736882209777836,-0.24697109410310236,1.5191971176624297,-0.4309914670228958,0.4,0.0,1.4,0.0
transgastric_short_axis,1,368,18.4009,0.28736165945190995,-0.24697109819431218,1.5191978620714925,-0.4309914559585035,-0.0071626458683799665,-4.09121041348839e-06,0.0007444090626612113,1.1064390406705971e-05,0.06826086016236134,-0.002130225829398675,0.9808068722902317,0.523109820722549,0.3708631277084351,-0.5842858294157777,1.50394415974617,0.40698073539733887,0.4,0.0,1.4,0.0
transgastric_short_axis,1,369,18.4509,0.37085596718352565,-0.5842858252404638,1.5039451738752057,0.4069807362452931,-0.007160524909414261,4.17531392521054e-06,0.0010141290345292446,8.478854923030128e-07,0.04823569336568302,-0.04850861681215468,1.0653410916868111,0.7201924875145846,0.2794187068939209,-0.19517077997781176,1.5137837931632996,-0.48570856983661653,0.4,0.0,1.4,0.0
transgastric_short_axis,1,370,18.5009,0.2794115445255673,-0.1951707850406377,1.5137845803346046,-0.4857085588244839,-0.007162368353484085,-5.062825514756396e-06,0.0007871713044754597,1.1012128970526332e-05,0.06776353840436958,0.003259450611750052,0.9731695494516086,0.5490837329263791,0.3705056190490723,-0.5664128559975515,1.4918228369235993,0.4544541063308716,0.4,0.0,1.4,0.0
transgastric_short_axis,1,371,18.5508,0.37049845847481805,-0.5664128502696077,1.4918238527511694,0.4544541084981244,-0.007160574254288494,5.727944403808925e-06,0.0010158275694682807,2.167191438225003e-06,0.04765128551480266,-0.048509819664691076,1.0657405313382813,0.7325667304538178,0.27653610706329346,-0.23485129765350396,1.5117438486099244,-0.4847238949298859,0.4,0.0,1.4,0.0
transgastric_short_axis,1,372,18.601,0.27652894459848726,-0.2348513028894754,1.5117446232131648,-0.4847238834116179,-0.007162464806172129,-5.235971586386074e-06,0.0007746032396286653,1.1518269088435925e-05,0.06784042224725702,0.000537131331022565,0.9704222110224558,0.5637768529813365,0.37294459342956543,-0.5406508920283462,1.5013289710521698,0.4264272455692291,0.4,0.0,1.4,0.0
transgastric_short_axis,1,373,18.6509,0.37293743292278614,-0.5406508873414075,1.5013299905293458,0.4264272467185668,-0.007160506779307458,4.686938606638706e-06,0.0010194771749048438,1.1492694013550351e-06,0.0497395743225916,-0.04674435808039945,1.0675786151190114,0.6965225970810386,0.2856454372406006,-0.24879756488008437,1.519276887845993,-0.4551714762210846,0.4,0.0,1.4,0.0
transgastric_short_axis,1,374,18.7009,0.2856382746413873,-0.2487975691994977,1.5192776410372932,-0.45517146485070953,-0.00716259921334219,-4.3194148279778896e-06,0.000753191300468011,1.1370375209383042e-05,0.06809420216452994,-0.001424726915115429,0.9790594815620313,0.544414412678742,0.3725066423416138,-0.5496628419036601,1.5059633191108703,0.41155834550857545,0.4,0.0,1.4,0.0
transgastric_short_axis,1,375,18.7509,0.37249948183991427,-0.549662837745974,1.5059643367335855,0.41155834614727205,-0.00716050169963763,4.157686658598707e-06,0.0010176227148949656,6.386263165519977e-07,0.049762533051366784,-0.04690657152130366,1.0668452005313402,0.6953374911802878,0.28620803356170654,-0.23205672620838613,1.5185797413825988,-0.44241264731884,0.4,0.0,1.4,0.0
transgastric_short_axis,1,376,18.8008,0.2862008709699044,-0.2320567304479644,1.5185804940753984,-0.4424126362336606,-0.007162591802140311,-4.239578118786877e-06,0.000752692799244078,1.1085176988846959e-05,0.06820194516874749,-0.0007201221658660406,0.9796784438542527,0.5259190452803458,0.37067947387695316,-0.5700455741719878,1.5000711862564087,0.42711839990615846,0.4,0.0,1.4,0.0
transgastric_short_axis,1,377,18.8508,0.37067231333824613,-0.5700455694400104,1.5000722018129755,0.4271184011410174,-0.007160538707137683,4.731977609869696e-06,0.0010155565665596656,1.2347914443816547e-06,0.048318997772210645,-0.04819600276707695,1.065396684367372,0.7199004365966669,0.28126952648162845,-0.2173837280934043,1.5144676445960998,-0.47778838305473326,0.4,0.0,1.4,0.0
transgastric_short_axis,1,378,18.9008,0.2812623640275218,-0.21738373302009006,1.5144684195716662,-0.4777883718031278,-0.007162454106631997,-4.926684557003453e-06,0.0007749755662269594,1.125160388292937e-05,0.06789394562422763,0.001485460010108985,0.9749825715475955,0.5502172851588738,0.37219061851501467,-0.5573761886583702,1.4962086989879608,0.44714745712280274,0.4,0.0,1.4,0.0
transgastric_short_axis,1,379,18.9511,0.37218345795633556,-0.5573761833452586,1.4962097153200578,0.44714745880516205,-0.007160558679038741,5.313111829777751e-06,0.0010163320956601972,1.6822937456972577e-06,0.048322722446656766,-0.047952488043379815,1.067143262575142,0.721553275240072,0.28100836277008057,-0.23903959700441194,1.5147797969341277,-0.47358106763362884,0.4,0.0,1.4,0.0
transgastric_short_axis,1,380,19.0008,0.28100120025359915,-0.23903960186907355,1.5147805632705138,-0.4735810561587046,-0.007162516481384928,-4.864661231242556e-06,0.0007663363857405601,1.1474924529535478e-05,0.06794573771573278,-0.0001284768131278504,0.9747045891716022,0.5556565846454983,0.37329740524291993,-0.5445146810392387,1.5021122543334962,0.4283731886386871,0.4,0.0,1.4,0.0
transgastric_short_axis,1,381,19.0507,0.3732902447236499,-0.5445146763879404,1.502113272433335,0.4283731896838763,-0.007160519269942478,4.651298908530231e-06,0.0010180998368900967,1.0451199505380304e-06,0.049505487259481534,-0.04697649267358492,1.067877239625956,0.7008140651241017,0.2842597484588623,-0.24759764436143555,1.5191778305053711,-0.4627065752506256,0.4,0.0,1.4,0.0
transgastric_short_axis,1,382,19.1012,0.2842525858792618,-0.24759764876131085,1.5191785871381533,-0.4627065638013268,-0.007162579600495681,-4.3998767276270525e-06,0.0007566327828096571,1.1449299221637019e-05,0.0680403620851416,-0.0010851132835672768,0.9776743369890466,0.5504570458853669,0.37292299270629886,-0.5410104187755068,1.5060000208854676,0.41471806869506833,0.4,0.0,1.4,0.0
transgastric_short_axis,1,383,19.151,0.37291583220566615,-0.5410104145655513,1.5060010390993028,0.4147180693181616,-0.007160500632676353,4.209955616263623e-06,0.0010182138341762225,6.230232511328711e-07,0.05007651539656055,-0.046538339438199086,1.0672562192421577,0.6904006938891478,0.28733663558959965,-0.2466477072841719,1.5191826991081236,-0.4313400402545929,0.4,0.0,1.4,0.0
transgastric_short_axis,1,384,19.2009,0.2873294729450173,-0.2466477113795854,1.5191834437220386,-0.4313400291879815,-0.007162644582288473,-4.095414558633806e-06,0.000744613914148885,1.1066609651593848e-05,0.0682592655072635,-0.0020961476197479383,0.9807753845915061,0.5232481774769674,0.37086699008941654,-0.5838549590797273,1.503865700340271,0.4074732132911682,0.4,0.0,1.4,0.0
transgastric_short_axis,1,385,19.2509,0.3708598295642471,-0.5838549548920806,1.5038667145111768,0.4074732141463073,-0.007160525169334719,4.187647315352011e-06,0.00101417090511124,8.550691794626022e-07,0.04824188821242974,-0.04849708532965507,1.0653497535652923,0.7201100419485392,0.27946004867553714,-0.19584919945956344,1.5137895980358123,-0.48535400447845456,0.4,0.0,1.4,0.0
transgastric_short_axis,1,386,19.301,0.2794528863042232,-0.19584920451817717,1.5137903847754641,-0.48535399345863883,-0.0071623713139503265,-5.058613592521772e-06,0.000786739652562621,1.1019812662779338e-05,0.06776929107770743,0.0032015826162965838,0.9732108390015193,0.5490038872033439,0.3705677747726441,-0.566131601219304,1.4919203962326049,0.4543960576057434,0.4,0.0,1.4,0.0
transgastric_short_axis,1,387,19.351,0.3705606141985848,-0.566131595498947,1.4919214120677537,0.4543960597625256,-0.007160574059165454,5.7203566883134885e-06,0.001015835148841047,2.156720496402942e-06,0.04766708808993119,-0.04849562588410163,1.065796294934419,0.732323006591208,0.2766308307647705,-0.23512412602361496,1.5118382246017457,-0.48449919018745424,0.4,0.0,1.4,0.0
transgastric_short_axis,1,388,19.4009,0.27662366829832225,-0.23512413124927195,1.5118389989580239,-0.48449917866713804,-0.007162466448361706,-5.225658164356654e-06,0.0007743562779220948,1.1520317527876083e-05,0.06784285895454134,0.0005109173045549538,0.9705109356524235,0.5636953894941412,0.37296342849731445,-0.540555954496674,1.5013804658889771,0.4263796830654144,0.4,0.0,1.4,0.0
transgastric_short_axis,1,389,19.4509,0.3729562679905123,-0.5405559498138125,1.5013814853522174,0.42637968420873396,-0.007160506802195034,4.682861729555533e-06,0.0010194632392270414,1.14325147194784e-06,0.04974558562556057,-0.04673881259141153,1.0675940630009764,0.6964265496075487,0.28567512035369874,-0.24904267973010175,1.5192802584171294,-0.4549505165576935,0.4,0.0,1.4,0.0
transgastric_short_axis,1,390,19.5009,0.2856679577535429,-0.24904268404726226,1.519281011460353,-0.454950505187773,-0.007162600155735099,-4.317160605662067e-06,0.0007530432237332976,1.1369920087672754e-05,0.06809543971588808,-0.001448989550156386,0.9790891160775141,0.5443362896476083,0.37250814437866214,-0.5499558936532989,1.506017997264862,0.41122896580696106,0.4,0.0,1.4,0.0
transgastric_short_axis,1,391,19.551,0.3725009838771573,-0.549955889503962,1.5060190148615495,0.4112289664406239,-0.007160501504949328,4.149336467425663e-06,0.0010175966857837355,6.335919825784211e-07,0.04975843190387506,-0.04691467263533186,1.0668433410135394,0.6953826073751455,0.2861929178237915,-0.23139235074019543,1.5185636375427245,-0.44225600938796994,0.4,0.0,1.4,0.0
transgastric_short_axis,1,392,19.601,0.2861857552330552,-0.2313923549790791,1.5185643903557784,-0.44225599831025497,-0.0071625907362934515,-4.238883125140996e-06,0.000752813053625519,1.1077713204870852e-05,0.0682034988110196,-0.0006801575386950493,0.9796645221668654,0.5254940408382115,0.3706254005432129,-0.5703195260631836,1.4998582785129546,0.4277887690544128,0.4,0.0,1.4,0.0
transgastric_short_axis,1,393,19.6508,0.3706182400032787,-0.5703195213076222,1.4998592940270354,0.42778877031087426,-0.007160539934379754,4.755562114673519e-06,0.0010155140807792706,1.2563935079187824e-06,0.048285250148077316,-0.04822142837183584,1.0653561200406934,0.720487858893353,0.28123991489410405,-0.21700154367103192,1.5143004268169402,-0.4777837017059326,0.4,0.0,1.4,0.0
transgastric_short_axis,1,394,19.7009,0.28123275244171775,-0.21700154861140628,1.5143012020227813,-0.47778369046039654,-0.007162452386271307,-4.94037492492799e-06,0.0007752058404446354,1.1245534881054909e-05,0.06789280667949699,0.0015113837622798831,0.9749639964565948,0.5500339542665775,0.3721710443496704,-0.5577682975169924,1.496074812412262,0.4474427566051483,0.4,0.0,1.4,0.0
transgastric_short_axis,1,395,19.7509,0.3721638837901663,-0.557768292190512,1.4960758286943134,0.4474427583020306,-0.007160559504167026,5.326480737769152e-06,0.0010162820505511712,1.6968165548014415e-06,0.04829463763679481,-0.04797662710940339,1.0671322412221758,0.7220220938136147,0.28083782196044926,-0.2388733158838501,1.514676245498657,-0.4740555691480636,0.4,0.0,1.4,0.0
transgastric_short_axis,1,396,19.801,0.2808306594459879,-0.23887332076197146,1.5146770121611057,-0.47405555767038504,-0.007162514461324036,-4.878120555283878e-06,0.0007666624480268632,1.1477679027018057e-05,0.06794153072190522,-0.00010093942488212555,0.9745404622533091,0.5560047517569504,0.37328495979309084,-0.5444002691420954,1.5020463409423828,0.42848404297828674,0.4,0.0,1.4,0.0
transgastric_short_axis,1,397,19.8508,0.37327779927397686,-0.5444002644844781,1.5020473590836758,0.4284840440312472,-0.0071605191141573534,4.657618141540588e-06,0.0010181412921679484,1.0528916505816542e-06,0.0495073994343599,-0.0469728579048363,1.0678690785350424,0.7007838207805144,0.28426051139831543,-0.24769632696339058,1.5191856951713563,-0.4626929993391037,0.4,0.0,1.4,0.0
transgastric_short_axis,1,398,19.9007,0.28425334881846137,-0.24769633136254643,1.5191864517693467,-0.4626929878890595,-0.007162579853970564,-4.399156855115247e-06,0.0007565979899004164,1.1450044781539886e-05,0.06804038186086918,-0.0010922984229493173,0.9776745899843942,0.5504915722854232,0.3729258537292481,-0.5409398242006738,1.5060348501205445,0.4145920467853546,0.4,0.0,1.4,0.0
transgastric_short_axis,1,399,19.9507,0.3729186932288052,-0.5409398199945679,1.506035868338155,0.41459204740479283,-0.007160500442782738,4.206106051974861e-06,0.001018217610445125,6.193674441076422e-07,0.05008352907134396,-0.046532334542794616,1.067256865449856,0.6902749142028236,0.28736600875854496,-0.24665351214311043,1.5191871932029724,-0.43088388962745666,0.4,0.0,1.4,0.0
transgastric_short_axis,1,400,20.001,0.2873588461130122,-0.24665351623381038,1.5191879376437987,-0.4308838785667518,-0.007162645532696448,-4.090700302974127e-06,0.0007444408265784307,1.1060703322990794e-05,0.06826218799806072,-0.0021122398991766708,0.9808048021481883,0.5228696471473593,0.3708368301391602,-0.5844871269434848,1.5038421063423157,0.40732528266906737,0.4,0.0,1.4,0.0
transgastric_short_axis,1,401,20.051,0.37082966961353425,-0.5844871227572646,1.5038431204353397,0.4073252835261938,-0.00716052562575446,4.186220835082051e-06,0.001014093022596596,8.570561308007508e-07,0.0482154620129722,-0.04852467889907379,1.065321311290526,0.7205368728284236,0.2793920993804932,-0.1949455140002939,1.513666946697235,-0.48566765484809876,0.4,0.0,1.4,0.0
transgastric_short_axis,1,402,20.1013,0.27938493701322925,-0.19494551907246438,1.5136677340101983,-0.4856676438408721,-0.007162367263928007,-5.072169681048185e-06,0.0007873129630471202,1.1007223380731747e-05,0.06776278064870972,0.003273428783419464,0.973150673817397,0.5489491441424175,0.37048599720001224,-0.5667942914058673,1.4917522421836853,0.4545511038780212,0.4,0.0,1.4,0.0
transgastric_short_axis,1,403,20.151,0.37047883662513564,-0.5667942856719108,1.4917532579520216,0.454551106051972,-0.007160574876633062,5.733956291148812e-06,0.0010157683351603617,2.1738892479522142e-06,0.047629575142096134,-0.04852956876386882,1.0657254680206798,0.7329137941908437,0.27641820907592773,-0.23455169203087003,1.5116215717792512,-0.4850044013500214,0.4,0.0,1.4,0.0
transgastric_short_axis,1,404,20.2011,0.27641104661309596,-0.2345516972801263,1.511622346681241,-0.48500438983390354,-0.007162462831736188,-5.249257107782263e-06,0.0007749019896374214,1.1516118756961736e-05,0.06783737064982753,0.0005670773254221415,0.9703120946841324,0.5638949676429491,0.37292327880859377,-0.5407422717432495,1.501272982120514,0.4264469072341919,0.4,0.0,1.4,0.0
transgastric_short_axis,1,405,20.251,0.3729161183019276,-0.5407422670522887,1.5012740016194108,0.42644690839017674,-0.007160506666378825,4.690961190230165e-06,0.0010194988957440943,1.1559166872658653e-06,0.04973451379586077,-0.04674916022250712,1.0675610154277062,0.6965982522977158,0.28562250137329104,-0.24854233834030312,1.5192712702274322,-0.455351989030838,0.4,0.0,1.4,0.0
transgastric_short_axis,1,406,20.3011,0.2856153387749612,-0.24854234266175557,1.5192720235545396,-0.4553519776605925,-0.007162598329769537,-4.321451569442497e-06,0.0007533271076209721,1.1370245936619432e-05,0.06809325175871432,-0.0014011601642142215,0.9790367753358553,0.5444523725557341,0.37250230312347415,-0.5494310220531471,1.5059022743225097,0.41189109578132627,0.4,0.0,1.4,0.0
transgastric_short_axis,1,407,20.3511,0.3724951426215379,-0.5494310178867341,1.5059032919668045,0.4118910964257845,-0.007160501936387917,4.166412476496493e-06,0.001017644294527488,6.443876738317544e-07,0.049763639378307516,-0.046901569175616366,1.0668446451934395,0.6953421770320735,0.2862122058868408,-0.23263758660926762,1.5185913511276246,-0.44270888307094575,0.4,0.0,1.4,0.0
transgastric_short_axis,1,408,20.4011,0.28620504329447805,-0.23263759085121072,1.518592103781585,-0.44270887197747333,-0.007162592362758977,-4.241943573237018e-06,0.0007526539596315697,1.1093470335509924e-05,0.06819939995507983,-0.0007496079169275046,0.9796816119806342,0.5264264177029645,0.37073698043823244,-0.569577065879594,1.5002666793823243,0.4265721801280975,0.4,0.0,1.4,0.0
transgastric_short_axis,1,409,20.451,0.3707298199007769,-0.569577061167905,1.5002676950043963,0.42657218134344355,-0.0071605374556575774,4.711688759764049e-06,0.0010156220709461755,1.2152778130888592e-06,0.048358382752365044,-0.048163459574677214,1.0654417114300754,0.7192302889960257,0.2813177585601807,-0.21800859307011017,1.5146618269443513,-0.4776806184053421,0.4,0.0,1.4,0.0
transgastric_short_axis,1,410,20.501,0.28131059610333076,-0.21800859797974095,1.514662601541331,-0.47768060714535765,-0.007162456849971448,-4.909632409844563e-06,0.0007745969790636626,1.12599838509035e-05,0.06789653064606369,0.0014392345310390983,0.9750180895567948,0.5504009429728682,0.3722249984741211,-0.5568855844513072,1.4963946421623229,0.446723139667511,0.4,0.0,1.4,0.0
transgastric_short_axis,1,411,20.5509,0.3722178379165316,-0.556885579157038,1.4963956585544214,0.4467231413296,-0.007160557589551612,5.29426941461667e-06,0.001016392096969081,1.6620235356155074e-06,0.04835953651707832,-0.04792127611525135,1.067165777788957,0.7209348686189537,0.2812396287918091,-0.23920082228009182,1.5149140580177307,-0.47294843015670773,0.4,0.0,1.4,0.0
transgastric_short_axis,1,412,20.6012,0.2812324662486259,-0.23920082713611418,1.5149148239878096,-0.47294841866094467,-0.007162543183101551,-4.856026719036925e-06,0.0007659700770200216,1.149578350105973e-05,0.0679513188199866,-0.00016108384339188694,0.9749275517040956,0.5551651882656391,0.37331221103668216,-0.5447066158912386,1.5021774187088013,0.42830652623176574,0.4,0.0,1.4,0.0
transgastric_short_axis,1,413,20.6512,0.3733050505170634,-0.5447066112457487,1.5021784367489621,0.42830652726905516,-0.007160519618885052,4.645490549604203e-06,0.0010180401604549928,1.037220568486108e-06,0.049498652117241256,-0.04698483418903741,1.0678877667310682,0.700931399568077,0.2842286586761475,-0.24747536781669807,1.5191658462524413,-0.46287735085487364,0.4,0.0,1.4,0.0
transgastric_short_axis,1,414,20.7009,0.28422149609722186,-0.24747537221914484,1.5191666029937094,-0.4628773394047187,-0.007162578925649925,-4.402448082912776e-06,0.0007567412681247497,1.1450155544643528e-05,0.0680391808884425,-0.0010709452335863614,0.9776439032207038,0.5505495730853139,0.37293148040771484,-0.5410046139165683,1.5059578887462615,0.41491917943954465,0.4,0.0,1.4,0.0
transgastric_short_axis,1,415,20.7511,0.37292431990682073,-0.5410046097011775,1.5059589069585275,0.41491918006692075,-0.0071605008941909845,4.215391263656846e-06,0.0010182122655213093,6.273056227187699e-07,0.050070884572183394,-0.04654201859668865,1.0672673414544105,0.6905101709038639,0.28731086254119875,-0.24680874530633762,1.51918419713974,-0.4318078942537308,0.4,0.0,1.4,0.0
transgastric_short_axis,1,416,20.801,0.28730369989729665,-0.2468087494062451,1.5191849418930552,-0.4318078831798678,-0.007162643902058729,-4.099908239670885e-06,0.0007447533158312404,1.1073860984774736e-05,0.06825593258815942,-0.0020910472401450223,0.980749158245906,0.5237156797257865,0.3709079504013062,-0.5831776631190605,1.5039406019210815,0.4074263998031616,0.4,0.0,1.4,0.0
transgastric_short_axis,1,417,20.8509,0.37090078987691855,-0.5831776589358493,1.5039416161804322,0.4074264006516479,-0.007160524387720838,4.183211558221356e-06,0.0010142593505316378,8.484160904548227e-07,0.04827637374406531,-0.04846368631209709,1.0653857400217241,0.7195436591575541,0.2795353412628174,-0.19678490526975198,1.5139611226558685,-0.4850910063028335,0.4,0.0,1.4,0.0
transgastric_short_axis,1,418,20.9013,0.2795281788872845,-0.19678491031127252,1.5139619088047427,-0.48509099526924243,-0.007162375532862747,-5.0415220506811755e-06,0.0007861488749347856,1.1033587975787973e-05,0.06777549992742046,0.003129219948072394,0.9732750804232355,0.5491250776992018,0.3706514835357666,-0.5653303434322724,1.4921095227241516,0.4542000027179718,0.4,0.0,1.4,0.0
transgastric_short_axis,1,419,20.9509,0.37064432296277866,-0.5653303377274339,1.4921105386507758,0.45420000485565293,-0.007160572987799893,5.704838795081488e-06,0.0010159266234845098,2.1376197507524604e-06,0.047712603318933705,-0.04845434804970521,1.0658677122104516,0.7316024482399847,0.2768864631652832,-0.2357946808577725,1.5120981330871581,-0.48389230012893675,0.4,0.0,1.4,0.0
transgastric_short_axis,1,420,21.0009,0.27687930069454453,-0.23579468605515544,1.5120989067952122,-0.48389228860402894,-0.007162470738624025,-5.197381360538759e-06,0.000773708054146496,1.1524908963821905e-05,0.06784937218487554,0.0004446041139563404,0.9707500311720489,0.5634498668421533,0.3730087041854859,-0.5403763783766078,1.5015107946395874,0.4262978530883789,0.4,0.0,1.4,0.0
transgastric_short_axis,1,421,21.0508,0.37300154367847216,-0.5403763737036542,1.501511814053563,0.4262978542162932,-0.007160507013763763,4.6729536912549025e-06,0.0010194139751100147,1.127846352040739e-06,0.04975685057224058,-0.04672856112632737,1.067630727018372,0.6962543003836443,0.28572907447814944,-0.24957017287945157,1.5192898083686828,-0.454535187292099,0.4,0.0,1.4,0.0
transgastric_short_axis,1,422,21.1008,0.2857219118760964,-0.24957017719216634,1.5192905611172236,-0.4545351759224713,-0.00716260205299423,-4.312714464141371e-06,0.0007527485412542438,1.1369627715636505e-05,0.06809765097729192,-0.0014991468343515755,0.9791427652769298,0.5442216633794708,0.37251470088958744,-0.5504955582810682,1.5061406486034392,0.41052994680404664,0.4,0.0,1.4,0.0
transgastric_short_axis,1,423,21.1508,0.3725075403885478,-0.5504955541497357,1.5061416661512599,0.4105299474263191,-0.007160501039675412,4.13133213028257e-06,0.001017547820433816,6.222013075688033e-07,0.049753603892921036,-0.04692778235436834,1.0668423184107763,0.6954150426193942,0.2861747980117798,-0.23009749268987448,1.5185351749420166,-0.4417490193128586,0.4,0.0,1.4,0.0
transgastric_short_axis,1,424,21.2008,0.28616763542266893,-0.23009749692519219,1.5185359279079007,-0.44174900825197777,-0.007162589110790567,-4.235316822133851e-06,0.0007529658844343433,1.10608794444332e-05,0.06820794792346965,-0.0006091659313706135,0.9796486927858126,0.5244955841693029,0.3705063343048096,-0.5711385729340591,1.4994296542167664,0.4290377529144287,0.4,0.0,1.4,0.0
transgastric_short_axis,1,425,21.2509,0.37049917376224073,-0.5711385681327311,1.4994306696097341,0.42903775421403,-0.007160542568836247,4.801328832439184e-06,0.0010153929667662328,1.2995334938099167e-06,0.0482072897873039,-0.048283519429627615,1.065264338212123,0.7218236733146645,0.28115406036376955,-0.21588907054348938,1.5139122493743897,-0.47791627750396726,0.4,0.0,1.4,0.0
transgastric_short_axis,1,426,21.3009,0.2811468979163298,-0.21588907551712108,1.5139130252568958,-0.47791626627444694,-0.007162447439729015,-4.9736302938210974e-06,0.0007758825058284945,1.1229519698982891e-05,0.06788846536609668,0.0015917041745642712,0.9749036303497729,0.549649240602982,0.37211060523986816,-0.5587152385380297,1.4957253965377808,0.448221545791626,0.4,0.0,1.4,0.0
transgastric_short_axis,1,427,21.3508,0.37210344467828615,-0.5587152331763534,1.4957264127004875,0.448221547526491,-0.00716056158221455,5.361676653893424e-06,0.0010161627061080563,1.7347995024848806e-06,0.0482247052379205,-0.04803600984398299,1.0670941069065742,0.7231922506067601,0.28040330410003667,-0.23852371357293917,1.514418584060669,-0.4752490322113037,0.4,0.0,1.4,0.0
transgastric_short_axis,1,428,21.4009,0.28039614159050735,-0.23852371848479,1.51441935152428,-0.4752490207261588,-0.007162509529297425,-4.9118520413767835e-06,0.0007674636105341379,1.1485145838602253e-05,0.06793088842111603,-3.6355618488845276e-05,0.9741218835071686,0.5569129796751545,0.3732553720474243,-0.5440650853517738,1.501906274986267,0.4286651175498962,0.4,0.0,1.4,0.0
transgastric_short_axis,1,429,21.4508,0.37324821152887844,-0.544065080681289,1.5019072932380855,0.4286651186196577,-0.007160518545985872,4.670484369999422e-06,0.0010182518174738752,1.0696924021191664e-06,0.04951735850849896,-0.04695950004850902,1.0678486487619985,0.7006149802419724,0.28429856300354006,-0.24793170463067235,1.5192070421218873,-0.462475129365921,0.4,0.0,1.4,0.0
transgastric_short_axis,1,430,21.5008,0.2842914004226495,-0.2479317090261004,1.5192077985585062,-0.46247511791625745,-0.00716258089051171,-4.395427473706928e-06,0.0007564366192836421,1.1449663672569258e-05,0.06804181354913215,-0.0011157808349135491,0.9777114032315868,0.5504110702789109,0.3729181528091431,-0.5408830863858874,1.506116492843628,0.4142368260383606,0.4,0.0,1.4,0.0
transgastric_short_axis,1,431,21.5507,0.37291099230918523,-0.5408830821897466,1.5061175110665488,0.41423682664941186,-0.0071604999577742365,4.196140989707848e-06,0.0010182229207798962,6.109804081780339e-07,0.05009661473285529,-0.046522491467183374,1.0672440266442602,0.6900299976408903,0.2874234914779663,-0.2464649478543652,1.5191894402503967,-0.4299103563308716,0.4,0.0,1.4,0.0
transgastric_short_axis,1,432,21.6011,0.2874163288058421,-0.24646495195011475,1.5191901844180142,-0.42991034524223576,-0.007162672124245354,-4.09575093819224e-06,0.0007441676152803965,1.1088631764794816e-05,0.06826880619521528,-0.0021328642342651836,0.9808628683213436,0.5219667236206014,0.3707601547241211,-0.5858707431595112,1.50373069024086,0.4072473850250244,0.4,0.0,1.4,0.0
transgastric_short_axis,1,433,21.6509,0.37075299421755914,-0.5858707389791373,1.5037317040839877,0.407247385923986,-0.0071605065618984085,4.180375513584193e-06,0.0010138431227569866,8.983817631810073e-07,0.04815014106259106,-0.04858957709277486,1.0652521715778733,0.7216028061983175,0.27923986911773685,-0.19300631660779588,1.5133482404708862,-0.48626686749458314,0.4,0.0,1.4,0.0
transgastric_short_axis,1,434,21.701,0.2792327067350922,-0.19300632172555238,1.513349029071371,-0.4862668564803778,-0.007162382644601735,-5.1177595023799385e-06,0.0007886004824287969,1.1014191055716407e-05,0.06774908352474339,0.003425134566721941,0.9730188661287649,0.5487619132659359,0.3703094720840454,-0.5683393201510876,1.491373240184784,0.45490501384735105,0.4,0.0,1.4,0.0
transgastric_short_axis,1,435,21.751,0.37030231152571375,-0.5683393144104705,1.4913742557137475,0.45490501613291556,-0.007160558331678507,5.740619293640169e-06,0.0010155289562289232,2.2850514856386226e-06,0.047542298530010865,-0.04860848672635759,1.0655736154678337,0.7342883339093771,0.27592723369598393,-0.23321788524960668,1.5111169223785401,-0.4861726787567139,0.4,0.0,1.4,0.0
transgastric_short_axis,1,436,21.801,0.2759200712177399,-0.23321789055848158,1.5111176986013692,-0.48617266723875335,-0.007162478244001754,-5.308877687018621e-06,0.0007762228270942464,1.1517984624614101e-05,0.0678244533041891,0.0006976022488833899,0.9698532106785624,0.5643557552782349,0.3728291273117066,-0.5411740783468706,1.5010211255550385,0.42659951920509337,0.4,0.0,1.4,0.0
transgastric_short_axis,1,437,21.8511,0.3728219668257644,-0.541174073653909,1.5010221450653445,0.42659952044341676,-0.007160485942180345,4.692964189486931e-06,0.0010195102990737633,1.2377567860406855e-06,0.049708923579535616,-0.04677306023760451,1.067483509560962,0.6969940086676091,0.28550124168395996,-0.24737668521474304,1.519249736022949,-0.4562787088394165,0.4,0.0,1.4,0.0
transgastric_short_axis,1,438,21.901,0.2854940790654888,-0.2473766895594216,1.5192504900629613,-0.4562786974308952,-0.007162618471151503,-4.34468162856951e-06,0.0007540400095131422,1.1408532677487875e-05,0.06808807380443822,-0.0012900395796414232,0.9789162086699201,0.5447180569578448,0.3724876642227173,-0.5482142487182251,1.5056320668697356,0.4134215223312378,0.4,0.0,1.4,0.0
transgastric_short_axis,1,439,21.9515,0.37248050374083447,-0.5482142445217998,1.5056330845534323,0.4134215230329161,-0.007160481882829813,4.196428054137154e-06,0.00101768369197372,7.010912371693992e-07,0.04977579822880705,-0.04687107572451235,1.0668466927320321,0.6952495126428314,0.28625638484954835,-0.2355179201638644,1.5186542684555053,-0.4437561944246292,0.4,0.0,1.4,0.0
transgastric_short_axis,1,440,22.0009,0.2862492222287126,-0.23551792442785066,1.5186550208003498,-0.44375618325234556,-0.00716262083582848,-4.263988297259588e-06,0.0007523448425065146,1.117227920546629e-05,0.06818963194750696,-0.0009102295843275571,0.9797207854436212,0.5285891564402323,0.37099268436431887,-0.5678447836202275,1.5012040726661682,0.4237369680404663,0.4,0.0,1.4,0.0
transgastric_short_axis,1,441,22.051,0.3709855238530724,-0.5678447790223928,1.5012050884575538,0.4237369692036035,-0.00716051124670581,4.5978372567386406e-06,0.0010157913804310344,1.1625676110636368e-06,0.0485284821372992,-0.04802772469268021,1.0656377376575084,0.7162995336370307,0.2814986228942871,-0.22033671601148982,1.5154926727294922,-0.47744027795791627,0.4,0.0,1.4,0.0
transgastric_short_axis,1,442,22.1009,0.2814914604029545,-0.2203367208625488,1.5154934459789455,-0.4774402666311327,-0.007162491332563777,-4.851061375960917e-06,0.0007732494504907016,1.1326786357074823e-05,0.06790481520552247,0.0012723571755472243,0.9751443487444373,0.5512535612427224,0.3723486423492432,-0.554833473189779,1.4971292394161224,0.4450415991783142,0.4,0.0,1.4,0.0
transgastric_short_axis,1,443,22.1509,0.37234148181607823,-0.5548334679883502,1.4971302559837945,0.4450416008183735,-0.007160533165058155,5.201431719916704e-06,0.0010165676658593526,1.6395114173177241e-06,0.0485103367729231,-0.04779204178413772,1.0672425249150082,0.7184020350156087,0.2821721076965332,-0.23993822661879952,1.515462337589264,-0.4703697559833527,0.4,0.0,1.4,0.0
transgastric_short_axis,1,444,22.2009,0.2821649451427842,-0.23993823140387446,1.5154631018511484,-0.4703697445040094,-0.007162553748966148,-4.785078760720607e-06,0.0007642618816872158,1.1479361975454323e-05,0.0679738058267675,-0.0002994968923728022,0.9758260816374811,0.5532041932923847,0.3732882261276245,-0.5452234355902821,1.5024646662712098,0.4277423300743103,0.4,0.0,1.4,0.0
transgastric_short_axis,1,445,22.2511,0.37328106562840907,-0.545223430987524,1.5024656840762,0.4277423311218893,-0.007160499215644525,4.602760563595705e-06,0.0010178049841386098,1.0470042677135886e-06,0.0494917947040864,-0.04699997119830752,1.06784518726948,0.7010315323853503,0.2842265605926514,-0.24699038121505942,1.5191282082080841,-0.46289991495609284,0.4,0.0,1.4,0.0
transgastric_short_axis,1,446,22.3011,0.284219397990547,-0.24699038563396603,1.5191289651524817,-0.4628999034717182,-0.0071626021042886885,-4.418910855113076e-06,0.000756944396232631,1.1484388348973863e-05,0.06803939860568611,-0.0010371442195073206,0.9776442796295335,0.5503430106485535,0.3729136943817139,-0.5413783719308041,1.5057869258880614,0.4155213881492615,0.4,0.0,1.4,0.0
transgastric_short_axis,1,447,22.3509,0.37290653390099193,-0.5413783677067309,1.5057879440074986,0.41552138882706124,-0.007160480721909022,4.224076149459607e-06,0.0010181194323041866,6.77212836255934e-07,0.05003563872315545,-0.046572502784534515,1.0672604386501956,0.6911394263071424,0.28716392517089845,-0.24672710277416987,1.5191604158878327,-0.43406627054214475,0.4,0.0,1.4,0.0
transgastric_short_axis,1,448,22.4011,0.28715676250696226,-0.24672710691211475,1.519161161563936,-0.43406625939807836,-0.007162663936176953,-4.1379467106114325e-06,0.0007456761022065313,1.1144064454383932e-05,0.0682414327564086,-0.002007788696169529,0.980602095446953,0.5255670856382071,0.3710533142089844,-0.5800471588695644,1.5040420935630798,0.40821492619514466,0.4,0.0,1.4,0.0
transgastric_short_axis,1,449,22.4512,0.37104615370724203,-0.5800471546874302,1.5040431081256909,0.4082149270668971,-0.007160501742475692,4.182136812817964e-06,0.0010145626069308015,8.711716383741641e-07,0.048405212894261,-0.04832777447191401,1.0655235752607854,0.7174659726459608,0.2799310922622681,-0.2013228069315709,1.514618009519577,-0.4838215181350708,0.4,0.0,1.4,0.0
transgastric_short_axis,1,450,22.5012,0.27992392984300934,-0.2013228119184838,1.5146187929869663,-0.48382150700246296,-0.007162419258765665,-4.986913692798161e-06,0.0007834673874004667,1.1132598082873875e-05,0.06780378060029293,0.002778484420837885,0.9736287329606672,0.5496997867627703,0.37104516029357915,-0.5618996717995999,1.4930263180732726,0.45317516183853146,0.4,0.0,1.4,0.0
transgastric_short_axis,1,451,22.5512,0.3710379997441754,-0.5618996661942831,1.493027334270713,0.4531751639495276,-0.007160549403939881,5.605319029263256e-06,0.0010161974327366965,2.1104712288219707e-06,0.04791302336913775,-0.04827398071695033,1.0662018742976878,0.7284173573373038,0.27804312705993656,-0.23855779371251376,1.5132508684158326,-0.4812109171628952,0.4,0.0,1.4,0.0
transgastric_short_axis,1,452,22.6014,0.2780359645468623,-0.23855779879168956,1.5132516393857953,-0.48121090560523044,-0.007162513074161642,-5.079179496382475e-06,0.0007709699598384598,1.1557689370103107e-05,0.06787723654959306,0.00016503153649693666,0.9718332689119604,0.5622943346729777,0.37315096855163576,-0.5405675642145511,1.5021622511386872,0.42576549010276793,0.4,0.0,1.4,0.0
transgastric_short_axis,1,453,22.6509,0.3731438080427618,-0.5405675595947234,1.5021632701859025,0.42576549115307927,-0.007160508873984223,4.6198284950845855e-06,0.0010190472144820846,1.05024327242221e-06,0.049765807805141324,-0.0467290231499663,1.067730061679481,0.6961667391972554,0.28579154014587405,-0.25030364489436224,1.519290557384491,-0.45398728222846985,0.4,0.0,1.4,0.0
transgastric_short_axis,1,454,22.7009,0.2857843775413269,-0.25030364920222736,1.5192913097461078,-0.45398727085874513,-0.0071626045471527575,-4.3078653348085655e-06,0.000752361617047064,1.1369723850880195e-05,0.06810040891294722,-0.0015678712027772188,0.9792056147422665,0.5440882133443872,0.37252554893493656,-0.5512110539586209,1.5063104879379272,0.409566712474823,0.4,0.0,1.4,0.0
transgastric_short_axis,1,455,22.7509,0.37251838843455726,-0.5512110498520544,1.5063115054211478,0.4095667130814187,-0.007160500379291862,4.106566408057633e-06,0.001017483220029026,6.065248159104278e-07,0.049748258988311964,-0.04694443886611871,1.0668426614433626,0.6954393496937499,0.28615450859069824,-0.22834910662829144,1.5184973496437073,-0.44099270060062407,0.4,0.0,1.4,0.0
transgastric_short_axis,1,456,22.801,0.2861473459915928,-0.2283491108511236,1.5184981028110318,-0.4409926895840376,-0.007162599105368215,-4.222834519606317e-06,0.0007531673222620946,1.1016693625353215e-05,0.06821436174798912,-0.000515750717842791,0.9796315118388899,0.5230889942329451,0.37032048702239995,-0.5726727409754588,1.498909088230133,0.43055076484680177,0.4,0.0,1.4,0.0
transgastric_short_axis,1,457,22.8508,0.37031332647576876,-0.5726727361193431,1.498910103365409,0.43055076619677557,-0.007160546631281437,4.856115831552305e-06,0.0010151352747512538,1.3499070763205573e-06,0.048086482645354846,-0.048384604382333565,1.0651116051857392,0.7238732845600364,0.2809921741485596,-0.21393077329254845,1.513311164188385,-0.47832505288124083,0.4,0.0,1.4,0.0
transgastric_short_axis,1,458,22.9009,0.2809850117099571,-0.21393077831985863,1.5133119412979594,-0.4783250416786616,-0.007162438602492521,-5.027311027453418e-06,0.0007771095744853351,1.1202578115638644e-05,0.06787927452073915,0.0017389372043019238,0.9747810199416957,0.5491496944256867,0.37200021743774414,-0.5601584013715545,1.4951494033813477,0.4494933746337891,0.4,0.0,1.4,0.0
transgastric_short_axis,1,459,22.9509,0.3719930568987392,-0.5601583959832525,1.4951504192788967,0.449493376525572,-0.00716053900502057,5.388304043357644e-06,0.0010158975420482533,1.8911441583320097e-06,0.048115260900260186,-0.04812776441367546,1.0670204786886983,0.7250239411783014,0.27970993518829346,-0.23804340830915416,1.5140141155242919,-0.4771304662942886,0.4,0.0,1.4,0.0
transgastric_short_axis,1,460,23.0009,0.2797027726864041,-0.23804341327432602,1.5140148842346512,-0.47713045479717386,-0.007162501889393561,-4.965173164824146e-06,0.0007687103587981749,1.1497115707759013e-05,0.06791394145840678,6.06087789446659e-05,0.9734535028788525,0.5583806535192901,0.37321009635925295,-0.5434832886833215,1.501712841653824,0.4288430088043213,0.4,0.0,1.4,0.0
transgastric_short_axis,1,461,23.0508,0.3732029358418003,-0.5434832839958184,1.5017138600873086,0.4288430098976601,-0.007160517452825749,4.687503693577362e-06,0.0010184334833757,1.093270007294703e-06,0.04953876980689242,-0.04693373360689292,1.0678160914158912,0.7002458133415174,0.284398365020752,-0.24828673729349354,1.5192426203727722,-0.46192993948459626,0.4,0.0,1.4,0.0
transgastric_short_axis,1,462,23.1009,0.2843912024377966,-0.24828674168092335,1.519243376474905,-0.4619299280380701,-0.0071625829554524114,-4.387430524429816e-06,0.0007561021330964847,1.1446526028399e-05,0.06804557087198639,-0.001158611654526704,0.9778092874453215,0.5500999376646943,0.37288947105407716,-0.5409282144827966,1.506238020658493,0.413635928106308,0.4,0.0,1.4,0.0
transgastric_short_axis,1,463,23.1508,0.3728823105804656,-0.540928210320627,1.5062390388037992,0.41363592875978306,-0.0071604736115438005,4.1621715964876195e-06,0.0010181453002591774,6.528139697685741e-07,0.05011211768053293,-0.04651286375264476,1.0672077604425887,0.6897246644328839,0.28748948574066163,-0.24593033907147782,1.5191875677108764,-0.4285790743589401,0.4,0.0,1.4,0.0
transgastric_short_axis,1,464,23.2009,0.2874823230916378,-0.24593034313953788,1.5191883114479507,-0.4285790633336596,-0.007162649023838786,-4.0680606045382664e-06,0.0007437370746879435,1.1025278904929993e-05,0.06827839913224924,-0.002142173124632456,0.9809299881432554,0.5206033311527657,0.3706377506256104,-0.5877996416087311,1.5034958737850188,0.4074625398159027,0.4,0.0,1.4,0.0
transgastric_short_axis,1,465,23.2509,0.3706305901165665,-0.5877996374133514,1.5034968873625427,0.40746254073560095,-0.007160509043718366,4.195382251929504e-06,0.0010135775189496824,9.191203859165032e-07,0.04804913526511697,-0.04868587960122964,1.0651452962922856,0.7232622648642847,0.2790228843688965,-0.19035293431234426,1.512835164642334,-0.4869872334480286,0.4,0.0,1.4,0.0
transgastric_short_axis,1,466,23.3009,0.27901572199848496,-0.19035293948048088,1.5128359549505497,-0.4869872224767222,-0.007162370411521326,-5.168139161944509e-06,0.0007903082142654884,1.0971291848740659e-05,0.06773049919461288,0.003629366265118991,0.972834975677644,0.5484158501334572,0.3700652599334717,-0.5706127650663366,1.4908302037239074,0.4554047946453094,0.4,0.0,1.4,0.0
transgastric_short_axis,1,467,23.3509,0.3700580993536017,-0.5706127592579884,1.4908312190606763,0.4554047969116146,-0.007160579870176449,5.808348713771333e-06,0.001015336767088762,2.2662444035584207e-06,0.04741431259995935,-0.048723976395475606,1.0653647542142028,0.7363010782611223,0.2752124071121216,-0.2312410499007653,1.5103720261573792,-0.487878000497818,0.4,0.0,1.4,0.0
transgastric_short_axis,1,468,23.4009,0.2752052446702458,-0.2312410552864332,1.510372804218056,-0.487877989010008,-0.007162441875752429,-5.38566730888503e-06,0.0007780606763422498,1.1487811343537453e-05,0.06780502091048662,0.0008900869093912489,0.9691857306681333,0.5650249947384658,0.37268819808959963,-0.5418073697317131,1.5006456813812257,0.42681748280525206,0.4,0.0,1.4,0.0
transgastric_short_axis,1,469,23.4509,0.37268103758378124,-0.5418073649937066,1.5006467010923377,0.42681748403519304,-0.007160505818576398,4.73800702965968e-06,0.001019711110591499,1.2298740443215686e-06,0.04967150935696912,-0.04680795199122832,1.067367400999463,0.697570404753402,0.2852904558181763,-0.24633349588743458,1.5191881294727325,-0.45751833000183106,0.4,0.0,1.4,0.0
transgastric_short_axis,1,470,23.5009,0.2852832932291294,-0.2463335002351731,1.5191888842606822,-0.4575183186257606,-0.007162589046849919,-4.347739321062162e-06,0.0007547879494333504,1.1376070176809961e-05,0.06808013427367576,-0.0011765364519782055,0.9787085220609804,0.5453156133469087,0.3724984169006348,-0.5465467561747532,1.5054120434761047,0.41488360118865963,0.4,0.0,1.4,0.0
transgastric_short_axis,1,471,23.551,0.3724912563970827,-0.5465467519321708,1.505413061378353,0.4148836018789117,-0.00716050355206604,4.242582806611478e-06,0.0010179022476766721,6.901810020318888e-07,0.049811160849061197,-0.046816851832432206,1.0668708213573077,0.6947736319402116,0.28634386062622075,-0.23888211679901497,1.5187842226982116,-0.4437197735309601,0.4,0.0,1.4,0.0
transgastric_short_axis,1,472,23.601,0.28633669802301603,-0.2388821210397388,1.5187849740608108,-0.44371976237321503,-0.007162603204703451,-4.240726275840984e-06,0.0007513626001577401,1.115774356855982e-05,0.06818688026006482,-0.0011409818386608891,0.9797996454437516,0.5300765148088769,0.3712025165557862,-0.5675249546180658,1.5022309733390808,0.4199930125236511,0.4,0.0,1.4,0.0
transgastric_short_axis,1,473,23.6509,0.37119535605003007,-0.5675249501396534,1.5022319892029836,0.41999301358021857,-0.007160505756158947,4.47841540740249e-06,0.0010158638974365635,1.055993798113529e-06,0.04865724036031255,-0.04794271655133356,1.0657827053317803,0.7139746407378159,0.281515908241272,-0.2205554281160126,1.5160898255825042,-0.4778189990758896,0.4,0.0,1.4,0.0
transgastric_short_axis,1,474,23.7012,0.2815087457719313,-0.22055543290939514,1.5160905985122808,-0.47781898777303994,-0.007162469340656023,-4.793383343731515e-06,0.0007729297771978976,1.1302848495588594e-05,0.06790384759378808,0.0012698485619317083,0.9751218973703346,0.5517906201212409,0.37233982086181644,-0.5539857765312393,1.4973780999183655,0.44455136833190917,0.4,0.0,1.4,0.0
transgastric_short_axis,1,475,23.7509,0.37233266031011986,-0.5539857713346868,1.4973791166578794,0.4445513698864154,-0.007160551696676145,5.1965531276295795e-06,0.0010167395129343565,1.5544402954001384e-06,0.04856627781429611,-0.047742244545508794,1.067217717913089,0.7174777553037869,0.2824838161468506,-0.24044774343079134,1.5156707512378693,-0.4694517434835434,0.4,0.0,1.4,0.0
transgastric_short_axis,1,476,23.8009,0.2824766536130174,-0.24044774817989953,1.5156715147716033,-0.4694517320355342,-0.007162533833161153,-4.749108607163227e-06,0.0007635337335438159,1.1448010596235857e-05,0.06798167083802492,-0.0003655949973541076,0.9761248162216145,0.552622551649405,0.37324926853179935,-0.545145163621369,1.5026571633338928,0.4271260773181915,0.4,0.0,1.4,0.0
transgastric_short_axis,1,477,23.8508,0.3732421080125183,-0.5451451590261571,1.5026581812063018,0.4271260782998665,-0.007160519281085287,4.595212316897071e-06,0.0010178724081688255,9.81606223741349e-07,0.049514028992801676,-0.04698439448834013,1.067794000565448,0.7006244487067786,0.28438811302185063,-0.2467956375603474,1.5191252121448517,-0.4620663539886474,0.4,0.0,1.4,0.0
transgastric_short_axis,1,478,23.9011,0.2843809504425666,-0.2467956419578392,1.5191259687436922,-0.46206634255401385,-0.0071625792840416605,-4.3974928482426336e-06,0.0007565988401558552,1.1434633347212545e-05,0.0680458164193072,-0.0010523858401950284,0.9778067030301947,0.549519931267568,0.37284054756164553,-0.5420393768357402,1.5057116497993468,0.415518017578125,0.4,0.0,1.4,0.0
transgastric_short_axis,1,479,23.9509,0.372833387059584,-0.5420393725977346,1.505712667965157,0.4155180182321674,-0.007160502061416177,4.238006574594037e-06,0.0010181658090708157,6.539718393989835e-07,0.05000465860360645,-0.0466053292872715,1.067192329365782,0.6916466568622301,0.28704671859741215,-0.24577042457039697,1.51911304063797,-0.4355069088220596,0.4,0.0,1.4,0.0
transgastric_short_axis,1,480,24.0009,0.28703955596306735,-0.24577042871057997,1.5191137870381644,-0.4355068977085547,-0.007162634344743039,-4.140183480863151e-06,0.0007464001937743123,1.1113503238378632e-05,0.0682337174646054,-0.001892945565920746,0.9804869501687346,0.5263245365360673,0.37109103202819826,-0.5781864206994937,1.5038342416763306,0.40977812218666076,0.4,0.0,1.4,0.0
transgastric_short_axis,1,481,24.0509,0.3710838715055666,-0.5781864164701647,1.503835256502854,0.4097781230457178,-0.007160522631816291,4.229329373123467e-06,0.0010148265232360234,8.589876225973682e-07,0.048448658854812345,-0.04826728726225543,1.0655737578684794,0.7168232315554528,0.28020305633544923,-0.20424096569602523,1.5148475828647614,-0.4829414245605469,0.4,0.0,1.4,0.0
transgastric_short_axis,1,482,24.1009,0.280195893928697,-0.20424097064187458,1.5148483646358955,-0.48294141343083397,-0.007162406752242442,-4.945850154452464e-06,0.0007817711337461354,1.112971032679579e-05,0.06782089636426641,0.002550832113812816,0.9738863738372521,0.5499908668208868,0.37124960422515874,-0.5611871721782736,1.493731890964508,0.4522250352859497,0.4,0.0,1.4,0.0
transgastric_short_axis,1,483,24.1508,0.37124244365745807,-0.5611871666156188,1.493732907128063,0.45222503724532004,-0.00716056770064619,5.5626548650261456e-06,0.0010161635535445423,1.959306569187221e-06,0.047978670000967394,-0.048224160614951495,1.0663606810618023,0.7273591789556725,0.27852141857147217,-0.23889616081257595,1.5135218248844147,-0.47996268231868744,0.4,0.0,1.4,0.0
transgastric_short_axis,1,484,24.2008,0.27851425607720004,-0.2388961658493288,1.5135225949654902,-0.47996267078560945,-0.007162494272092454,-5.036752710041386e-06,0.0007700810747813252,1.1533079072377311e-05,0.06788871018800727,9.941064370119768e-05,0.9722948563483467,0.5613213954138397,0.37318565845489504,-0.5412523503157837,1.5021504541397095,0.4264959677696228,0.4,0.0,1.4,0.0
transgastric_short_axis,1,485,24.2509,0.3731784979436077,-0.5412523456865961,1.5021514729854015,0.42649596881875684,-0.007160511287535038,4.629187753246874e-06,0.0010188456910793999,1.0490649415111175e-06,0.04971271998426825,-0.04677758406321803,1.0677648137933333,0.6971421874593021,0.2854960918426514,-0.2493007150725952,1.5193171474456786,-0.4559631859302521,0.4,0.0,1.4,0.0
transgastric_short_axis,1,486,24.3009,0.28548892924411,-0.24930071939683196,1.5193179008159845,-0.45596317454565005,-0.007162598541387348,-4.324237721883912e-06,0.000753370306778347,1.1384601933690807e-05,0.0680879505982618,-0.0014319038357020041,0.978906837909838,0.545346506373992,0.3725799083709717,-0.5484030002604845,1.5061782866477966,0.4111216692924499,0.4,0.0,1.4,0.0
transgastric_short_axis,1,487,24.3513,0.372572747870552,-0.5484029961206807,1.5061793043576497,0.411121669908181,-0.007160500419664895,4.139804144312354e-06,0.0010177098531139173,6.15660201145728e-07,0.049834891389195946,-0.046835552256865295,1.0669044718743979,0.6941132274027613,0.28647398948669434,-0.23348078918346796,1.5186823565483094,-0.4386587673425674,0.4,0.0,1.4,0.0
transgastric_short_axis,1,488,24.4009,0.28646682688326436,-0.23348079337917244,1.5186831073083278,-0.438658756288135,-0.007162603429873876,-4.195705202099146e-06,0.0007507600176636084,1.1054429343386916e-05,0.06822813343066135,-0.000945889539887901,0.9799404905446909,0.5233643536806227,0.37052683830261235,-0.5752587120058179,1.500278476381302,0.4245844794273376,0.4,0.0,1.4,0.0
transgastric_short_axis,1,489,24.451,0.37051967776191197,-0.5752587073319757,1.5002794912903452,0.4245844806335546,-0.007160540700438253,4.6738430850970636e-06,0.0010149090427617764,1.20614945433495e-06,0.048142514870310564,-0.048399887781377895,1.0652328061879588,0.7225784575593386,0.2806740760803223,-0.2099286039347018,1.5135426100730895,-0.48002644228935243,0.4,0.0,1.4,0.0
transgastric_short_axis,1,490,24.501,0.2806669136558567,-0.2099286089600052,1.5135433892260242,-0.48002643112262894,-0.007162424465652962,-5.025304316088718e-06,0.0007791529345507152,1.1166722259366743e-05,0.06785683267728755,0.0020677979839449964,0.9744460838449995,0.5492065933413054,0.371709156036377,-0.5614717975197758,1.4944666754722595,0.4511498230934143,0.4,0.0,1.4,0.0
transgastric_short_axis,1,491,24.5509,0.3717019954678663,-0.5614717920277401,1.4944676913002928,0.45114982496493283,-0.00716056851083845,5.492036226172724e-06,0.0010158280321447921,1.871454790097963e-06,0.048000001430885925,-0.04821986755962419,1.0667727793324582,0.7269880738834988,0.2788865089416504,-0.23809565203960095,1.5135997225284576,-0.47922228019237517,0.4,0.0,1.4,0.0
transgastric_short_axis,1,492,24.6009,0.27887934644685397,-0.23809565706161512,1.5136004924437279,-0.47922226867587725,-0.007162494796363199,-5.022013792359489e-06,0.0007699152701063885,1.151649886797863e-05,0.06789507336543052,0.0001285292403838071,0.9726554939000795,0.560284578858865,0.37317581176757814,-0.5422354312650512,1.501813584280014,0.42788351955413817,0.4,0.0,1.4,0.0
transgastric_short_axis,1,493,24.6509,0.37316865125339826,-0.5422354265953515,1.5018146029845498,0.4278835206392646,-0.007160514179821647,4.669699548793079e-06,0.0010187045342691001,1.0850585663270473e-06,0.049625379974631054,-0.04685313492713791,1.0677760516413666,0.6987057318686875,0.2849452018737793,-0.24856911559282602,1.519304788684845,-0.45910081315040585,0.4,0.0,1.4,0.0
transgastric_short_axis,1,494,24.7009,0.2849380392836296,-0.24856911994796227,1.5193055435141822,-0.4591008017348407,-0.0071625901496181026,-4.355136658743414e-06,0.0007548293375513529,1.1415565717414244e-05,0.06806622031414804,-0.0012746677606570557,0.9783542709725412,0.5477528832077363,0.3727155685424805,-0.5438680946548919,1.5062052512168884,0.41260022649765016,0.4,0.0,1.4,0.0
transgastric_short_axis,1,495,24.7511,0.3727084080430617,-0.5438680904905782,1.5062062692663236,0.4126002271042779,-0.007160499418765082,4.1643146556402625e-06,0.0010180494347977619,6.065572377011697e-07,0.05000464432429567,-0.04663901784543574,1.0670369897932737,0.6914159745647943,0.2870964527130127,-0.24095370242601435,1.5189917000770568,-0.4324432469129562,0.4,0.0,1.4,0.0
transgastric_short_axis,1,496,24.8012,0.2870892900810607,-0.24095370654254272,1.5189924464487836,-0.4324432358744548,-0.007162631951958451,-4.116529430811597e-06,0.0007463717265865201,1.1038499201672382e-05,0.06826214728233593,-0.001669384451304933,0.9805471055226507,0.5215111424278724,0.37059161663055423,-0.583162870091443,1.5021983911514283,0.41446078176498413,0.4,0.0,1.4,0.0
transgastric_short_axis,1,497,24.8512,0.3705844560958929,-0.5831628656990486,1.502199405220133,0.41446078277457854,-0.007160534661522481,4.39239426965324e-06,0.0010140687039094324,1.0095252426610051e-06,0.048064291588576155,-0.048592983416519964,1.0651793601270647,0.7233026068243957,0.27965879440307617,-0.19788651769347404,1.5129602502822876,-0.4840701913833618,0.4,0.0,1.4,0.0
transgastric_short_axis,1,498,24.9013,0.2796516320259304,-0.19788652280835148,1.512961036134369,-0.48407018035588345,-0.007162377145689659,-5.114878644346373e-06,0.0007858520811027888,1.1027475823504172e-05,0.0677852727869501,0.0030210347406979783,0.9734654070718805,0.5483857590943897,0.37079567909240724,-0.5660166275616182,1.4919366873264313,0.45472393927574156,0.4,0.0,1.4,0.0
transgastric_short_axis,1,499,24.9508,0.37078851851733957,-0.5660166218371802,1.491937703079878,0.45472394143170547,-0.007160575067693611,5.724437941513957e-06,0.0010157534454067524,2.1559020151874003e-06,0.047662966563616495,-0.048496199671822664,1.0660227231750408,0.7324305639479923,0.2766083955764771,-0.23553533474068,1.511797777748108,-0.4844460100650787,0.4,0.0,1.4,0.0
transgastric_short_axis,1,500,25.0008,0.27660123310913715,-0.23553533996932088,1.5117985519835813,-0.48444599854028914,-0.007162467339889074,-5.22864358508144e-06,0.0007742354732179162,1.1524790679815272e-05,0.06784336748153809,0.0004812528166193847,0.9704912155337855,0.5638182275981971,0.3729852914810181,-0.5403231983785903,1.5014643556594849,0.4260121035575867,0.4,0.0,1.4,0.0
mid_esophageal_4chamber,2,1,0.051,-7.16842105263904e-06,0.0,5.561669153648571e-16,6.939368242357691e-16,-0.007168421052635087,2.3882081900316892e-35,1.7000836591756273e-18,5.050628599227178e-19,3.8931684075540004e-17,6.798455841252466e-18,0.7599928315789473,0.30000716842105263,0.23391900062561036,-0.13930444304635065,-0.1204909897327423,0.2811831559181213,0.3,0.0,0.0,0.0
mid_esophageal_4chamber,2,2,0.101,0.23391183243501976,-0.13930444364445105,-0.12049113394666155,0.2811832782994779,-0.007168190590290291,-5.981004307543339e-07,-0.00014421391821371963,0.00012238135655656728,-0.009517447247919987,-0.008472781406416512,0.9920397502438321,0.3425719242234847,0.2407170057296753,-0.45196257188382555,0.09060432271957397,0.0019811468124389647,0.3,0.0,0.0,0.0
mid_esophageal_4chamber,2,3,0.1509,0.24070983737924762,-0.45196257188633804,0.09060441996392721,0.0019811477150646906,-0.007168350427754966,-2.51192731068945e-09,9.724435352456607e-05,9.026128907777733e-07,0.0056673973592487525,-0.0028284756531195775,1.0004226448437652,0.4647564691674309,0.29436345100402833,-0.24093254277891582,-0.0703622641324997,-0.03347679340839386,0.3,0.0,0.0,0.0
mid_esophageal_4chamber,2,4,0.2009,0.29435628262611113,-0.2409325428108644,-0.07036233812330683,-0.03347680847194673,-0.007168377917044359,-3.1948580152376326e-08,-7.399080626304076e-05,-1.5063550687750386e-05,-0.004498291882523159,0.002311566970852421,1.054163512216051,0.25328224782394704,0.27852165699005127,-0.7557825221071142,0.15478879809379578,-0.05199096615314484,0.3,0.0,0.0,0.0
mid_esophageal_4chamber,2,5,0.2511,0.2785144887743496,-0.7557825220584833,0.15478896154986244,-0.05199098832499799,-0.007168215701800944,4.863126756302024e-08,0.0001634560660919258,-2.2171853347243964e-05,0.009095902533825244,-0.006073138379623528,1.0376308474829659,0.7735189288740155,0.2752699375152588,-0.06715734932744848,0.11433969740867615,0.05118455700874328,0.3,0.0,0.0,0.0
mid_esophageal_2chamber,2,1,0.0516,-7.16842105263904e-06,1.3877787807814457e-17,5.551115123125783e-16,-1.0547118733938987e-15,-0.007168421052635086,3.960119881968427e-35,1.7318710526746854e-18,-6.570719880860227e-19,3.885780586188048e-17,3.691491556878646e-17,0.7599928315789473,1.5993890399474475,0.0006543993949890137,1.2131226404101902,1.028124190235138,-0.23111369619369507,0.3,1.571,0.0,0.0
mid_esophageal_2chamber,2,2,0.101,0.0006472370889039782,1.2131226297195674,1.0281250872809542,-0.23111371250242668,-0.007162306084969204,-1.069062190697045e-05,0.0008970458147918881,-1.6308724565716593e-05,0.01319712690759096,0.05820999548600346,0.7263164310368799,1.1524508805257034,0.22414128780364992,-0.4354584216540081,1.303780733013153,0.17494406447410582,0.3,1.571,0.0,0.0
mid_esophageal_2chamber,2,3,0.151,0.22413412783246903,-0.43545841564711485,1.303781830133068,0.17494407388905397,-0.007159971180873604,6.006894094790287e-06,0.0010971199121921655,9.414917657670375e-06,0.05818136194133448,-0.033787424919686365,0.9324628733599216,2.400434021974964,0.2719613075256348,1.7073266090291712,0.31399341888427734,-0.13493079736232758,0.3,1.571,0.0,0.0
mid_esophageal_2chamber,2,4,0.2012,0.2719541399430555,1.7073266081461602,0.3139937526415899,-0.13493084353433885,-0.00716758257926177,-8.83010670400579e-07,0.00033375731304848943,-4.617202221856212e-05,-0.007593720893225838,0.0206808101026631,1.0282291017025702,0.36901209138699864,0.18720245361328125,1.701347229815455,-0.03569809341430664,0.10232342405319214,0.3,1.571,0.0,0.0
mid_esophageal_2chamber,2,5,0.251,0.1871952852163899,1.7013472298619963,-0.0356981332859609,0.1023234724284425,-0.007168396891193818,4.65409328462879e-08,-3.9871654328216066e-05,4.8375249854208e-05,0.003869036721452064,-0.0020051957651586304,0.946967737284633,0.20361668335385533,0.22105920314788818,1.533162115521794,-0.08008551921844483,-0.04843454546928406,0.3,1.571,0.0,0.0
mid_esophageal_long_axis,2,1,0.0513,8.821194497685118e-46,3.2463681197999854e-16,4.163336342344337e-17,1.942890293094024e-16,3.469446951953614e-18,2.4254690734004886e-35,2.0537557075373456e-18,-1.3255561235368789e-18,2.9143354396410385e-18,-6.800116025829083e-18,0.76,2.3750233683060884,0.0529607653617859,3.0359026506283686,0.010054788208007813,-0.4579332847595215,0.3,2.356,0.0,0.0
mid_esophageal_long_axis,2,2,0.1012,0.05295359720238304,3.0359026503946427,0.010054802411927397,-0.4579334980094813,-0.007168159402772291,-2.337265049809225e-07,1.4203913913159927e-05,-0.0002132499591080267,-0.002296175646790647,-0.015316576421835105,0.8093441211654306,0.8562147667493505,0.29218511581420903,2.4064155081793266,-0.8349950518369674,-0.42942087450027466,0.3,2.356,0.0,0.0
mid_esophageal_long_axis,2,3,0.1512,0.29217795266569346,2.4064155312664823,-0.8349959570413801,-0.42942094646842305,-0.007163148515614743,2.3087154549704266e-05,-0.0009052044030742926,-7.196812621029823e-05,0.026966892926417033,-0.04403225281611985,1.0270277521958928,0.9403315945764389,0.2339815616607666,2.427435838663322,0.6161447105884552,0.20754703731536864,0.3,2.356,0.0,0.0
mid_esophageal_long_axis,2,4,0.2012,0.23397439618488713,2.427435845252175,0.616145346004255,0.20754707903348013,-0.007165475879529636,6.588852930134436e-06,0.0006354157998428563,4.171809763261961e-05,-0.025516008558955066,0.03166112605610357,0.9804892412044424,0.6573989182863595,0.19989603757858276,3.0346495501117023,-0.26088791720867155,0.41509538540840146,0.3,2.356,0.0,0.0
mid_esophageal_long_axis,2,5,0.2508,0.19988887000902178,3.0346495440757595,-0.2608882565439646,0.41509554275483485,-0.007167569560888384,-6.035944134619079e-06,-0.00033933529287969594,0.0001573464304133282,0.018696877238758104,0.012188647938884124,0.9546484580197694,0.8431811395185422,0.2772451162338257,1.5163003110799573,-0.12250153541564941,-0.12467302587032318,0.3,2.356,0.0,0.0
mid_esophageal_long_axis,2,6,0.3011,0.2772379479607005,1.5163003110122961,-0.12250166783232547,-0.1246730803113749,-0.007168273125212527,-6.765998987670123e-08,-0.00013241667616028236,-5.4441052380250984e-05,-0.0048099043883425355,-0.008270777668498827,1.036443750246148,0.8579998334936401,0.30375099182128906,2.223387556833353,0.004753628826141358,0.1563023717880249,0.3,2.356,0.0,0.0
mid_esophageal_long_axis,2,7,0.353,0.3037438234307871,2.2233875568286727,0.004753633996239237,0.15630244237104307,-0.007168390501865928,-4.680431008142449e-09,5.170095623826993e-06,7.058301817398583e-05,0.004127943197847744,0.003571253197243255,1.0633163741140264,0.20506859053758775,0.2672952175140381,2.423278436142248,-0.006799659132957458,-0.054115736746788025,0.3,2.356,0.0,0.0
transgastric_short_axis,2,1,0.0508,-7.16842105263904e-06,8.227162195254055e-17,6.106226635438361e-16,0.0,-0.007168421052635086,-3.110399462798272e-35,1.3194660442625007e-18,-3.105265531034725e-19,4.274358644806853e-17,3.5165841851512295e-33,0.7599928315789473,1.456023947189134,0.0002351522445678822,0.8980873282106293,1.1635226543426513,-0.2819730867147446,0.4,0.0,1.4,0.0
transgastric_short_axis,2,2,0.1008,0.000227991670679683,0.898087316158696,1.1635237325869996,-0.28197311103119116,-0.0071605738881251576,-1.2051934166939872e-05,0.0010782443454705405,-2.431640324285587e-05,0.03164189747163454,0.055346958791629194,0.7174079434976433,1.0496705895103382,0.16974152326583863,-0.36208687720610394,1.3283267300605774,0.044945068073272705,0.4,0.0,1.4,0.0
transgastric_short_axis,2,3,0.1512,0.16973436255171542,-0.36208687661883565,1.328327721859286,0.04494507097012246,-0.007160714123164165,5.872712921831151e-07,0.000991798707572512,2.8971484507284458e-06,0.0629571939109778,-0.02552896603784966,0.8765328586647791,0.4373627154518752,0.3394633293151855,-0.49439609072449514,1.4236884266853331,0.03467362704277038,0.4,0.0,1.4,0.0
transgastric_short_axis,2,4,0.2014,0.33945616882482565,-0.49439609087207503,1.4236894256753905,0.03467362946909347,-0.007160490359765499,-1.475811707077535e-07,0.0009989900574987327,2.42617688352989e-06,0.0629571939195089,-0.025528966015610693,0.8765328586835537,0.4998564790340793,0.3434689998626709,-0.3157637283695896,1.492191165447235,-0.03731456315517426,0.4,0.0,1.4,0.0
transgastric_short_axis,2,5,0.2514,0.3434618378519422,-0.315763729306618,1.4921919671768826,-0.037314561166277294,-0.007162010728796716,-9.370282965100734e-07,0.0008017296466515536,1.988697175530714e-06,0.06671609860576617,-0.02042216177174854,1.038956565517016,0.3358497161107606,0.34760518074035646,-0.6077353997387918,1.436639846277237,0.22970255041122437,0.4,0.0,1.4,0.0
transgastric_short_axis,2,6,0.3014,0.3475980207688116,-0.6077353956117217,1.4366409158329736,0.2297025565841988,-0.007159971545090562,4.127072125862049e-06,0.0010695557342273886,6.1721796054551e-06,0.06671609860563686,-0.020422161771990167,1.0389565655204702,0.6528354308101528,0.29999933242797855,0.05484880133559069,1.5129613738059997,-0.20785282301902772,0.4,0.0,1.4,0.0
transgastric_short_axis,2,7,0.3513,0.29999217001921,0.05484879929823272,1.5129621334186396,-0.2078528180689285,-0.007162408768560285,-2.0373517592112045e-06,0.0007596126408520371,4.949806771542876e-06,0.06863098198526574,0.011001563536968,0.9939947630937604,0.26262748220171106,0.32343993186950687,-0.10725768938185644,1.5409052810668946,0.17803412919044495,0.4,0.0,1.4,0.0
transgastric_short_axis,2,8,0.4014,0.3234327694618135,-0.10725768856868445,1.5409060347036228,0.17803412543424368,-0.007162407693233979,8.131727312118786e-07,0.0007536367278072713,-3.7562280752130805e-06,0.06863098198413732,0.011001563541101619,0.9939947631226898,0.26252126196637726,0.3195677280426026,-0.5146739610249009,1.4229851008415222,0.11480708327293396,0.4,0.0,1.4,0.0
transgastric_short_axis,2,9,0.4515,0.31956056789499254,-0.5146739592174424,1.4229861436564297,0.11480708699553333,-0.007160147609983022,1.8074601591330285e-06,0.001042814906824311,3.721446842242442e-06,0.05809530827667566,-0.0374596843292167,1.0198357134409097,0.5339183613236462,0.32728209495544436,-0.19838798260435755,1.5089839126110076,-0.13003111045360566,0.4,0.0,1.4,0.0
transgastric_short_axis,2,10,0.5015,0.32727493210156783,-0.19838798420469153,1.5089846121338137,-0.130031106165017,-0.007162853876511467,-1.6003362484987115e-06,0.0006995228060737233,4.288304327392571e-06,0.05809530827843423,-0.03745968432744523,1.0198357134265899,0.2709842468301216,0.3478535175323486,-0.5702109190249789,1.4568915484428406,0.1385720440864563,0.4,0.0,1.4,0.0
transgastric_short_axis,2,11,0.5513,0.34784635743567816,-0.570210917343771,1.456892593276172,0.13857204754106522,-0.007160096670346703,1.6812098988940016e-06,0.0010448333305095171,3.4533642378991725e-06,0.055652955795208084,-0.041431513223789886,1.0457642567588117,0.5918610244138087,0.31864519119262696,-0.08921824758955431,1.524552955198288,-0.2026621434688568,0.4,0.0,1.4,0.0
transgastric_short_axis,2,12,0.6013,0.318638028250108,-0.0892182492938256,1.5245536465676848,-0.20266213776651756,-0.007162942518888984,-1.704278197925808e-06,0.0006913693971682502,5.702119668903637e-06,0.05565295579696848,-0.041431513222341024,1.0457642567377725,0.26676810043835475,0.3391390800476074,-0.5352761544118079,1.533557810497284,0.09778588628768921,0.4,0.0,1.4,0.0
transgastric_short_axis,2,13,0.6514,0.33913191946498134,-0.5352761544304145,1.533558787320107,0.0977858869267152,-0.007160582626218803,-1.860405948457431e-08,0.0009768228228750548,6.377083332409693e-07,0.058280524492790066,-0.03853462449402964,1.0317317200702918,0.5635827482120903,0.32863306999206543,-0.247558508376979,1.529773782634735,-0.157070206618309,0.4,0.0,1.4,0.0
transgastric_short_axis,2,14,0.701,0.3286259071407007,-0.24755850974580507,1.5297744826922761,-0.1570702017402965,-0.007162851364631586,-1.3688289819088085e-06,0.0007000575418653883,4.877759360632076e-06,0.05828052449121564,-0.03853462449644507,1.0317317200534006,0.32846908760465887,0.3509146928787232,-0.706828835903874,1.4684741416454314,0.21237069911956788,0.4,0.0,1.4,0.0
transgastric_short_axis,2,15,0.7512,0.35090753273512876,-0.7068288333204881,1.4684751860968488,0.2123707031788733,-0.007160143594440562,2.583385696963845e-06,0.0010444514173438314,4.059182496928074e-06,0.04756559087405897,-0.05032387628307164,1.0479772051309912,0.7428372881291312,0.28716592788696294,0.06550015572725464,1.5279634114265441,-0.4966351188182831,0.4,0.0,1.4,0.0
transgastric_short_axis,2,16,0.8009,0.2871587664757306,0.06550015182426883,1.527964323956823,-0.4966351113214087,-0.007161411232195893,-3.90298735344232e-06,0.0009125302795112846,7.4968495673983425e-06,0.04756559087455631,-0.05032387628272987,1.0479772051283502,0.5291925130566718,0.3472458362579346,-0.43821891295955134,1.5369141503334045,0.20064953799247742,0.4,0.0,1.4,0.0
transgastric_short_axis,2,17,0.8512,0.3472386755400719,-0.43821891222489356,1.5369151173496958,0.20064953661940432,-0.00716071786275915,7.346575761129988e-07,0.0009670162911909746,-1.373068647881549e-06,0.0597537823362049,-0.03570464193277922,1.0395861198560326,0.5038110343122681,0.324776029586792,-0.429347403219847,1.5090492642402649,-0.06418063666820525,0.4,0.0,1.4,0.0
transgastric_short_axis,2,18,0.901,0.3247688680497126,-0.42934740451995496,1.5090501257155617,-0.06418063380453365,-0.0071615370793920675,-1.3001107058843363e-06,0.0008614752965822375,2.8632549511241512e-06,0.059753782335373345,-0.03570464193399972,1.039586119856336,0.453883245622346,0.3519748210906983,-0.467375408633199,1.5176846674919129,0.023598304796218873,0.4,0.0,1.4,0.0
transgastric_short_axis,2,19,0.9509,0.35196766006419866,-0.46737540905136193,1.517685589490295,0.02359830626605053,-0.00716102649959974,-4.1816294251112224e-07,0.0009219983818031703,1.4687519567878254e-06,0.06202387620215115,-0.03222656967152855,1.0456831467956456,0.484926444626338,0.3397896528244019,-0.3564170280512713,1.519674053478241,-0.01309270269870758,0.4,0.0,1.4,0.0
transgastric_short_axis,2,20,1.0009,0.33978249102971997,-0.3564170286262784,1.5196748809761704,-0.013092701085632541,-0.007161794681885047,-5.750066197759183e-07,0.0008274979305204684,1.611081464622063e-06,0.06202387620210533,-0.03222656967170931,1.0456831467901129,0.3809891634151153,0.34933285713195805,-0.5710632970213724,1.482680349969864,0.1215590862751007,0.4,0.0,1.4,0.0
transgastric_short_axis,2,21,1.0509,0.34932569689846676,-0.5710632960899262,1.4826813764248028,0.12155908862377629,-0.007160233491154041,9.314467856803078e-07,0.0010264549392145698,2.3485570019703296e-06,0.05615389063861967,-0.0411217042038082,1.0454630365933058,0.5918563974229389,0.32117481231689454,-0.11079771706679029,1.5289463074207306,-0.19854480357170104,0.4,0.0,1.4,0.0
transgastric_short_axis,2,22,1.1009,0.3211676493402978,-0.11079771857442022,1.5289469913275884,-0.1985447980371011,-0.007162976596713214,-1.5076298724434526e-06,0.0006839068581463913,5.534576123316512e-06,0.06959041689986195,-0.000796072356179092,1.0140674789334934,0.2730165514247463,0.34583930969238286,-0.46890264829457534,1.5070602527618409,0.28160803513526916,0.4,0.0,1.4,0.0
transgastric_short_axis,2,23,1.1511,0.34583214932546547,-0.468902645684311,1.5070612693282417,0.2816080353549566,-0.007160366917345641,2.6102667934161926e-06,0.0010165663989005575,2.1907577395311858e-07,0.05669489929760859,-0.0396242357371589,1.040202774148379,0.5599723637315488,0.3101737976074219,-0.3407701244092151,1.5092554308414459,-0.13471030583381652,0.4,0.0,1.4,0.0
transgastric_short_axis,2,24,1.201,0.31016663532691763,-0.3407701262671822,1.5092562000698697,-0.13471030132135028,-0.007162280504289875,-1.8579670272210129e-06,0.0007692284235188763,4.512435050545971e-06,0.056694899297996454,-0.03962423573707787,1.0402027741257505,0.3927825033023171,0.35546579360961916,-0.6255315992162179,1.5011565101623534,0.13433916850090027,0.4,0.0,1.4,0.0
transgastric_short_axis,2,25,1.2509,0.3554586333932094,-0.625531598520962,1.5011575377560886,0.1343391705444751,-0.007160216409874539,6.952564840205175e-07,0.0010275937355099711,2.0434179657800636e-06,0.053608274593575166,-0.0445035655511475,1.0503074668331103,0.6492715720519747,0.3146100521087647,-0.002073458162140833,1.53637036485672,-0.2782683609008789,0.4,0.0,1.4,0.0
transgastric_short_axis,2,26,1.301,0.3146028896270985,-0.002073459825004621,1.5363711156276656,-0.2782683544403934,-0.0071624816662095156,-1.6628880566620575e-06,0.0007507709463301098,6.4604592456887865e-06,0.05360827459350736,-0.04450356555126872,1.0503074668306933,0.32144567807980556,0.32766337394714357,-0.51831042426962,1.5580008178710938,0.05435233211517334,0.4,0.0,1.4,0.0
transgastric_short_axis,2,27,1.3509,0.3276562130699487,-0.5183104247043866,1.558001756740727,0.05435233289739827,-0.007160877195046902,-4.347646567482847e-07,0.0009388696337397655,7.810828280450826e-07,0.05981417563461923,-0.036302141962093845,1.0185511472644289,0.5493614939993225,0.33743896484375,-0.33103762301146655,1.5334503267288209,-0.1475855130672455,0.4,0.0,1.4,0.0
transgastric_short_axis,2,28,1.4009,0.3374318023357508,-0.33103762431564276,1.533451066949775,-0.14758550845698437,-0.007162507999191708,-1.3041753525000947e-06,0.0007402209542094142,4.610231867246887e-06,0.05981417563298098,-0.03630214196474435,1.0185511472516016,0.3912689070805872,0.3569827556610108,-0.668195065372259,1.504349190044403,0.17885093092918394,0.4,0.0,1.4,0.0
transgastric_short_axis,2,29,1.451,0.3569755954572736,-0.6681950642481811,1.5043502192076224,0.1788509328646981,-0.007160203737350851,1.1240799689069173e-06,0.0010291632182058174,1.93438129923038e-06,0.05052964344345403,-0.04781647942298832,1.0515863320180394,0.7008654419409895,0.29835000038146975,0.018247854953546843,1.5368765122890473,-0.399247521686554,0.4,0.0,1.4,0.0
transgastric_short_axis,2,30,1.5009,0.2983428384294564,0.01824785247444627,1.5368773447428303,-0.3992475135451464,-0.007161952013331913,-2.479094196620646e-06,0.0008324537838419481,8.141187130844383e-06,0.05052964344302015,-0.04781647942374567,1.051586331996828,0.43451253974349036,0.3416856050491333,-0.4733665848183065,1.5550834012985228,0.10801669321060181,0.4,0.0,1.4,0.0
transgastric_short_axis,2,31,1.5509,0.3416784441547244,-0.4733665850076312,1.5550843391632148,0.10801669280350357,-0.007160894408894837,-1.8932222200518375e-07,0.0009378646919817558,-4.0775488126303216e-07,0.06039331420511933,-0.035173372970433894,1.032775033164764,0.5130263987904502,0.3312960624694824,-0.37932094163406327,1.5208058163642884,-0.08247815659046173,0.4,0.0,1.4,0.0
transgastric_short_axis,2,32,1.6009,0.33128890050958343,-0.3793209428389659,1.520806624868845,-0.08247815340070819,-0.007161959898989004,-1.2049053275829478e-06,0.0008085045569343471,3.189350150903874e-06,0.060393314203399405,-0.035173372973248615,1.0327750331495025,0.41231356910731976,0.35486936569213867,-0.5685445500025919,1.5062827743530274,0.1054273455619812,0.4,0.0,1.4,0.0
transgastric_short_axis,2,33,1.6511,0.35486220532806373,-0.5685445496477142,1.506283781043412,0.10542734716411672,-0.007160364074709473,3.5487838057456787e-07,0.0010066903837077227,1.601607824531177e-06,0.0567188401893057,-0.04060933421722319,1.0493624236675612,0.589653706072399,0.32397511005401614,-0.1301022436006641,1.5324702395439147,-0.19213210473060607,0.4,0.0,1.4,0.0
transgastric_short_axis,2,34,1.7009,0.3239679470376912,-0.13010224496135753,1.5324709180614562,-0.19213209934554598,-0.007163016324916156,-1.360692466694479e-06,0.0006785175411513882,5.385036068763068e-06,0.0567188401895009,-0.04060933421714373,1.0493624236580488,0.2777962471895908,0.3407597541809082,-0.5793859667111142,1.5184439822673796,0.11914182500839234,0.4,0.0,1.4,0.0
transgastric_short_axis,2,35,1.7509,0.34075259381129874,-0.5793859664173753,1.5184449889427283,0.11914182620086944,-0.007160369609393782,2.937398841739384e-07,0.0010066753488902891,1.1923122037791305e-06,0.0560106415576135,-0.041618721196826795,1.0344025305755926,0.6061537291625007,0.32141535282135014,-0.13229498225131608,1.5325616194725036,-0.2168848301410675,0.4,0.0,1.4,0.0
transgastric_short_axis,2,36,1.8009,0.3214081898359275,-0.13229498377168847,1.5325623030747026,-0.21688482415348712,-0.00716298542256603,-1.5203735308112702e-06,0.0006836021992628499,5.987557382829228e-06,0.056010641557262986,-0.041618721197300375,1.034402530573212,0.297137050030075,0.34094650745391847,-0.6479881641537147,1.5236326020240782,0.14158496017456054,0.4,0.0,1.4,0.0
transgastric_short_axis,2,37,1.8509,0.3409393471659515,-0.6479881638547303,1.5236336196578355,0.14158496136760057,-0.007160287967021792,2.989840595558543e-07,0.0010176337572693982,1.1928718334049462e-06,0.052488938441975254,-0.045930526141617106,1.0342230014912288,0.6772801446994975,0.3108839511871338,0.016852067259101093,1.5387129117965699,-0.3195154443025589,0.4,0.0,1.4,0.0
transgastric_short_axis,2,38,1.9014,0.3108767889392729,0.016852065467393373,1.5387136953769787,-0.31951543731898835,-0.007162247860895088,-1.7917048551149581e-06,0.0007835804097885838,6.9835437255437615e-06,0.052488938441480705,-0.04593052614216706,1.0342230014887293,0.3599424159925777,0.3287196159362793,-0.5136184129656588,1.5608811581611632,0.062392455053329465,0.4,0.0,1.4,0.0
transgastric_short_axis,2,39,1.951,0.3287124550404298,-0.5136184133737878,1.5608820956139517,0.06239245555071449,-0.007160895849497545,-4.08126450487347e-07,0.0009374527889052937,4.964457405567204e-07,0.0598335140721715,-0.036258830091619426,1.0194057646839456,0.5464994563782791,0.33718807697296144,-0.3427855339819706,1.5321931036949157,-0.14141240565776825,0.4,0.0,1.4,0.0
transgastric_short_axis,2,40,2.0009,0.33718091454727667,-0.3427855353009539,1.5321938540172955,-0.1414124011783393,-0.007162425684728121,-1.318983815310288e-06,0.0007503223796467423,4.479399709193409e-06,0.05983351406912069,-0.03625883009647344,1.0194057646773562,0.3986487714212195,0.35730886459350586,-0.6533117815608911,1.506989845275879,0.16694588642120362,0.4,0.0,1.4,0.0
transgastric_short_axis,2,41,2.0509,0.3573017043676465,-0.6533117806291663,1.506990873009551,0.16694588822874223,-0.0071602258592413474,9.317253625086674e-07,0.0010277336717773,1.807400622407337e-06,0.05155145649245669,-0.046783962714440575,1.0517340289307946,0.6840741214682728,0.30396032333374023,0.017100739925887242,1.5372538290023803,-0.35668750720024106,0.4,0.0,1.4,0.0
transgastric_short_axis,2,42,2.101,0.3039531612417098,0.017100737806650557,1.5372546358870016,-0.35668749968316155,-0.007162092030492488,-2.1192338029561384e-06,0.0008068846216790736,7.517054216636263e-06,0.05155145649225532,-0.04678396271468285,1.0517340289282717,0.3944391435591701,0.3323775053024292,-0.4967809514806611,1.5603714529037476,0.06780465602874755,0.4,0.0,1.4,0.0
transgastric_short_axis,2,43,2.151,0.33237034434966345,-0.4967809518841848,1.5603723841030508,0.06780465644085165,-0.007160952765947849,-4.035223409778274e-07,0.0009311993031727493,4.120361063566096e-07,0.06033427023852115,-0.03540642462300831,1.0230991687942212,0.5307370888644379,0.334236741065979,-0.3610993021724969,1.528864102935791,-0.11283071143627167,0.4,0.0,1.4,0.0
transgastric_short_axis,2,44,2.201,0.3342295788553782,-0.36109930341386387,1.5288648792714588,-0.1128307076039281,-0.007162210600787475,-1.241365946760644e-06,0.0007763356679327853,3.832308207582053e-06,0.06033427023766845,-0.035406424624399004,1.023099168793683,0.4050375055616077,0.3563600301742554,-0.6169677470002558,1.504135346031189,0.14161286101341247,0.4,0.0,1.4,0.0
transgastric_short_axis,2,45,2.251,0.35635286993761245,-0.61696774625363,1.5041363712497597,0.14161286285968888,-0.007160236642913138,7.466254058818762e-07,0.001025218570168627,1.8461368291584473e-06,0.05382456944995844,-0.044236481352610754,1.0509922739950643,0.6430030004784981,0.3147556781768799,-0.023829507703216665,1.5352962761878968,-0.2696033715248108,0.4,0.0,1.4,0.0
transgastric_short_axis,2,46,2.3013,0.31474851558165357,-0.02382950937343723,1.535297012039205,-0.2696033650475448,-0.007162595226246352,-1.6702221890193012e-06,0.0007358513079000899,6.477241777767467e-06,0.05382456944982828,-0.044236481352798146,1.0509922739927593,0.3143674872250736,0.3283444881439209,-0.5371488768067839,1.5562799540519714,0.06380229005813598,0.4,0.0,1.4,0.0
transgastric_short_axis,2,47,2.3509,0.3283373273599294,-0.5371488772456545,1.556280906155357,0.06380229081510791,-0.007160783991440809,-4.3887227180374437e-07,0.0009521033856216424,7.567996046602973e-07,0.05893259372158002,-0.037695280819097565,1.0193523374643558,0.5675904411793599,0.3340852737426758,-0.2857501733616948,1.5340306267261505,-0.1697013283252716,0.4,0.0,1.4,0.0
transgastric_short_axis,2,48,2.4009,0.3340781109872906,-0.2857501747150226,1.534031336872724,-0.16970132320854425,-0.007162755385272804,-1.3533284046998332e-06,0.0007101465729923495,5.116701343195325e-06,0.05893259372085684,-0.03769528082018865,1.0193523374629816,0.36436492169704043,0.3545469999313355,-0.708460563026144,1.4894520146369934,0.21357418026924133,0.4,0.0,1.4,0.0
transgastric_short_axis,2,49,2.451,0.3545398396991824,-0.7084605610680259,1.4894530460189443,0.21357418303533837,-0.007160232152964507,1.9581182911411317e-06,0.0010313819517142162,2.7659776004162594e-06,0.0475509930747966,-0.05051354650829491,1.050162978103645,0.7467253657568341,0.2858074903488159,0.04931808154176863,1.530922585630417,-0.48845492992401124,0.4,0.0,1.4,0.0
transgastric_short_axis,2,50,2.5009,0.285800328844928,0.04931807796235965,1.530923484751856,-0.4884549219501191,-0.007161503888001453,-3.5794080803815685e-06,0.0008991214394097441,7.973868155089609e-06,0.04755099307488757,-0.05051354650827326,1.0501629781010189,0.5207715500511663,0.3473796367645264,-0.4583602754481445,1.5394849598407745,0.19902211389541627,0.4,0.0,1.4,0.0
transgastric_short_axis,2,51,2.551,0.34737247609409927,-0.4583602748345829,1.5394859325905283,0.1990221125707432,-0.007160670427010366,6.135621294619737e-07,0.0009727497535807255,-1.3246752121813083e-06,0.05906261444782933,-0.036858346984825756,1.0395422172046151,0.5214690062713905,0.3239201307296753,-0.3978996735471065,1.5128123196601868,-0.09623682796955109,0.4,0.0,1.4,0.0
transgastric_short_axis,2,52,2.601,0.3239129688729327,-0.39789967504937745,1.5128131404212537,-0.09623682445150372,-0.007161856742577883,-1.5022728774350482e-06,0.0008207610665899682,3.518007473083466e-06,0.059062614446930485,-0.036858346986095095,1.0395422172046742,0.4313950842816206,0.35338683128356935,-0.5265570690326186,1.513381758928299,0.07616535773277283,0.4,0.0,1.4,0.0
transgastric_short_axis,2,53,2.6509,0.3533796706920838,-0.5265570690098023,1.5133827368147408,0.07616535905112265,-0.007160591485608904,2.2816312609875628e-08,0.0009778864416298684,1.318221497353128e-06,0.05899225266341338,-0.03737276614426413,1.0473905917666024,0.545978579209807,0.3335371971130371,-0.23879317137979553,1.5292464755058288,-0.13722746708393097,0.4,0.0,1.4,0.0
transgastric_short_axis,2,54,2.7011,0.3335300342859377,-0.23879317259533428,1.5292471755984236,-0.1372274628033603,-0.007162827099409637,-1.2155403156399148e-06,0.0007000925942957761,4.280540191852776e-06,0.05899225266332295,-0.03737276614442654,1.0473905917650757,0.3114107329039754,0.3499622344970703,-0.6682280219907488,1.4629578274726867,0.1989812925338745,0.4,0.0,1.4,0.0
transgastric_short_axis,2,55,2.751,0.3499550744312551,-0.6682280194352442,1.46295888134481,0.19898129682365617,-0.007160065815054387,2.555504918522306e-06,0.0010538721228921955,4.289650503835915e-06,0.04979971059170822,-0.04812483613427258,1.0474147450129825,0.7018479591473813,0.29240920543670657,0.05227781058636341,1.5310748230934144,-0.4430455656766891,0.4,0.0,1.4,0.0
transgastric_short_axis,2,56,2.8009,0.2924020438298119,0.05227780739842469,1.5310757023901678,-0.44304555797791534,-0.00716160689460988,-3.1879385030314885e-06,0.0008792967540838819,7.69874794063914e-06,0.04979971059224692,-0.04812483613385907,1.047414745010265,0.4772635493303744,0.35152125358581543,-0.4149318786868162,1.5447956691741944,0.1526207718372345,0.4,0.0,1.4,0.0
transgastric_short_axis,2,57,2.8509,0.35151409261352806,-0.41493187842183266,1.5447966012849212,0.15262077065795854,-0.007160972287478374,2.6498341735059074e-07,0.0009321107269061117,-1.1792732093997782e-06,0.061521176912583096,-0.03291493409594832,1.0433232918587663,0.4677376426220726,0.33149120807647703,-0.4680191862148336,1.5041726095676422,0.008731464529037475,0.4,0.0,1.4,0.0
transgastric_short_axis,2,58,2.9011,0.3314840470747931,-0.4680191868115363,1.5041735360811748,0.00873146631591748,-0.007161001683950727,-5.967014146061374e-07,0.0009265135324299938,1.7869581714095006e-06,0.06152117691174882,-0.03291493409735223,1.0433232918589204,0.48442208780428536,0.3411860466003418,-0.3678359345974205,1.519815991973877,-0.01931000204086304,0.4,0.0,1.4,0.0
transgastric_short_axis,2,59,2.9512,0.34117888484808806,-0.3678359352382644,1.5198168240550682,-0.01931000028368235,-0.007161752253779589,-6.408436486171987e-07,0.0008320811918791942,1.7570415452414312e-06,0.06546961943608315,-0.02450614034402216,1.0347455720071697,0.3917807375023971,0.3508038997650147,-0.5711014967382582,1.4807439568519591,0.15121262211799621,0.4,0.0,1.4,0.0
transgastric_short_axis,2,60,3.001,0.35079673957302165,-0.5711014952893286,1.4807449901113507,0.15121262462825413,-0.007160191993149163,1.4489293733897429e-06,0.0010332593921134551,2.5101580435759715e-06,0.0654696194361726,-0.02450614034376466,1.0347455720078207,0.5983000000279121,0.32011370658874516,-0.11961323800576491,1.5173725151538848,-0.09189365980625153,0.4,0.0,1.4,0.0
transgastric_short_axis,2,61,3.0509,0.32010654361412616,-0.11961323896312509,1.5173731960357673,-0.09189365684396567,-0.007162974619037384,-9.573597885791626e-07,0.0006808818826094094,2.962237325378674e-06,0.06963752986808563,-0.005134656937474548,1.0138364987445017,0.20715019339681626,0.3368834733963013,-0.41081342489668476,1.4687518392562866,0.18485279459953308,0.4,0.0,1.4,0.0
transgastric_short_axis,2,62,3.1009,0.33687631286039205,-0.4108134222460587,1.4687528323704981,0.18485279593039383,-0.007160535909175992,2.6506257864110624e-06,0.0009931142116020597,1.3307967482460466e-06,0.06963752986812027,-0.0051346569363512895,1.0138364987472597,0.4600541010553729,0.3302526712417603,-0.37483004060429503,1.4637147079467774,0.19305807552337645,0.4,0.0,1.4,0.0
transgastric_short_axis,2,63,3.1509,0.3302455106040752,-0.3748300375827381,1.4637156895506234,0.1930580765205372,-0.007160637685014422,3.021556849768452e-06,0.000981603845253974,9.9716587724355e-07,0.06170666782456617,-0.03149342783449595,1.0276573452288704,0.4320814227317394,0.3249829769134522,-0.4264307424835058,1.4886239776611327,0.06414384126663208,0.4,0.0,1.4,0.0
transgastric_short_axis,2,64,3.2009,0.32497581598693615,-0.426430742218118,1.4886249152857518,0.06414384231790748,-0.00716092651605,2.653873125032185e-07,0.0009376246192527417,1.0512896275992465e-06,0.061706667824627984,-0.031493427834386634,1.0276573452289992,0.44658774525532197,0.33925185203552244,-0.4227558922683867,1.4952325441360474,0.04462729811668396,0.4,0.0,1.4,0.0
transgastric_short_axis,2,65,3.2508,0.33924469097142296,-0.4227558923077464,1.4952334636917515,0.04462729925209086,-0.007161064099583367,-3.9359942511289036e-08,0.0009195557042451406,1.1354178691578743e-06,0.06298285277444282,-0.030047033187664343,1.034526428658209,0.43985765936418636,0.34299845695495607,-0.4350820420905742,1.4958658370018005,0.06913771691322326,0.4,0.0,1.4,0.0
transgastric_short_axis,2,66,3.3009,0.3429912960401406,-0.43508204182832705,1.4958667755816109,0.06913771790254497,-0.00716091481543388,2.6224696984979986e-07,0.0009385798108591328,9.893080493531618e-07,0.06298285277442231,-0.030047033187702583,1.0345264286583329,0.4544412372858298,0.33817806243896487,-0.39579962538595687,1.498788122177124,0.043113724422454834,0.4,0.0,1.4,0.0
transgastric_short_axis,2,67,3.3508,0.3381709012097471,-0.3957996254128285,1.498789020866237,0.04311372536017366,-0.007161229217619721,-2.6872833344461944e-08,0.0008986891125203789,9.377564145502543e-07,0.06380929250818242,-0.028297671452582374,1.0332047179370722,0.4148472548930419,0.34585559368133545,-0.4950218919687717,1.4835246780395508,0.10215864057540894,0.4,0.0,1.4,0.0
transgastric_short_axis,2,68,3.4013,0.3458484331811434,-0.49502189120221735,1.4835256703449708,0.10215864219366733,-0.007160500191845424,7.665551836575506e-07,0.0009923054206135832,1.6182011746844651e-06,0.0638092925081988,-0.028297671452537133,1.0332047179374249,0.5151621014203078,0.33351211547851567,-0.27320343889984305,1.5107650722026824,-0.04211987407207489,0.4,0.0,1.4,0.0
transgastric_short_axis,2,69,3.4511,0.33350495315589257,-0.27320343967207533,1.5107658338287422,-0.04211987206776513,-0.007162322623151127,-7.722317511848082e-07,0.0007616260597476339,2.004206035774272e-06,0.06765020022548976,-0.017425739108643246,1.0277027019341978,0.30513089694463064,0.34606285095214845,-0.6341883291751966,1.4243565487861634,0.26195404758453367,0.4,0.0,1.4,0.0
transgastric_short_axis,2,70,3.5012,0.3460556909571279,-0.6341883238455296,1.4243576221587464,0.2619540552147228,-0.007159995020571785,5.329666763203358e-06,0.0010733725823086641,7.630096198114656e-06,0.0676502002255924,-0.017425739108163182,1.027702701935946,0.6887075136665648,0.29095249176025395,0.07518865254917884,1.505336392879486,-0.279178134226799,0.4,0.0,1.4,0.0
transgastric_short_axis,2,71,3.5512,0.2909453298047296,0.07518864943656567,1.505337211513222,-0.2791781286501824,-0.007161955524264159,-3.1126117228899276e-06,0.0008186337359483212,5.576585354650956e-06,0.06757983716539054,0.0147629598919056,0.9854355545245364,0.3264699216489829,0.3357805013656616,0.00469219855747539,1.5429723774433135,0.225424733877182,0.4,0.0,1.4,0.0
transgastric_short_axis,2,72,3.6012,0.3357733386331448,0.004692199616417092,1.5429730927499454,0.22542472858811013,-0.007162732516746924,1.0589462718014395e-06,0.0007153066320073315,-5.2890748548136255e-06,0.06912367133673225,-0.007498954430591797,1.0276960783720572,0.2745991519962883,0.3169746398925781,-0.5527691904498314,1.4633358932018279,-0.12160571250915528,0.4,0.0,1.4,0.0
transgastric_short_axis,2,73,3.6514,0.31696747900377775,-0.5527691937486224,1.4633368393661188,-0.1216057091044829,-0.007160888800260949,-3.2987913524955033e-06,0.0009461642906281049,3.4047956422062454e-06,0.061242014456218664,-0.03279287627551004,1.0144474527308907,0.5755412103474292,0.3304691553115845,-0.3636532528519369,1.5483789608001708,-0.1997497827529907,0.4,0.0,1.4,0.0
transgastric_short_axis,2,74,3.7009,0.330461992733855,-0.3636532539704044,1.5483796941696841,-0.19974977692502052,-0.0071625777293436105,-1.1184683247272992e-06,0.0007333695135833848,5.8279508081826874e-06,0.06124201445580892,-0.03279287627641007,1.0144474527296368,0.4460893751271087,0.3549597501754761,-0.662030305179538,1.5305068818569183,0.1538010334968567,0.4,0.0,1.4,0.0
transgastric_short_axis,2,75,3.7509,0.3549525898442575,-0.6620303049315698,1.5305078943918984,0.15380103433132053,-0.007160331218654275,2.479690074280291e-07,0.0010125349800846728,8.343119034417474e-07,0.05154577501574964,-0.04697081497778808,1.0477553768613002,0.6935419687874108,0.30654616355895997,0.01917588336965539,1.5397776377677916,-0.34942636070251465,0.4,0.0,1.4,0.0
transgastric_short_axis,2,76,3.8009,0.30653900143481727,0.01917588145525162,1.5397784397845795,-0.34942635327649935,-0.0071621241426079564,-1.9144014000721658e-06,0.0008020167882920442,7.425988089151429e-06,0.05154577501520067,-0.04697081497836342,1.047755376858724,0.3882518013803815,0.3316402196884155,-0.4897353507573963,1.560793148803711,0.06531005887985229,0.4,0.0,1.4,0.0
transgastric_short_axis,2,77,3.8509,0.33163305869738896,-0.48973535116055394,1.5607940751761973,0.06531005930310041,-0.007160991026452453,-4.031572618912665e-07,0.0009263724860766423,4.231804102777238e-07,0.06062859944128896,-0.03490645366229741,1.022332458300254,0.5240561909732284,0.3332298755645752,-0.37110444468684234,1.5276458287239074,-0.1012138507604599,0.4,0.0,1.4,0.0
transgastric_short_axis,2,78,3.901,0.3332227134601821,-0.3711044458887191,1.5276466180187533,-0.10121384718418724,-0.0071621043929475745,-1.2018762905121759e-06,0.000789294845672347,3.5762352619218934e-06,0.06062859944044603,-0.03490645366370029,1.022332458299725,0.4107500672056473,0.35565967559814454,-0.5995659034236215,1.5060288579940795,0.12765083184242249,0.4,0.0,1.4,0.0
transgastric_short_axis,2,79,3.9509,0.3556525153196941,-0.5995659028521918,1.5060298772064256,0.1276508335570421,-0.007160278450338598,5.714303425260738e-07,0.00101921234600086,1.7144798619650614e-06,0.0549206164790427,-0.042935222287707506,1.0501645672032807,0.6236850498678409,0.3191407680511475,-0.06323963130448175,1.534253833436966,-0.24314906945228576,0.4,0.0,1.4,0.0
transgastric_short_axis,2,80,4.0009,0.31913360524115036,-0.06323963287417297,1.5342545405335093,-0.24314906323987667,-0.007162809997103753,-1.569693444112267e-06,0.0007070965431445338,6.2123850018116085e-06,0.05492061647890738,-0.04293522228790658,1.0501645672011304,0.2961154733809896,0.3349373817443848,-0.5694613432078516,1.549117490386963,0.08855501546859741,0.4,0.0,1.4,0.0
transgastric_short_axis,2,81,4.0509,0.33493022114891235,-0.5694613435362678,1.5491184666955444,0.08855501608915795,-0.007160595472659996,-3.2841583652068397e-07,0.0009763085809410869,6.2038297253249e-07,0.0571551200228717,-0.040266596709958455,1.026444579728328,0.5988310328348405,0.3260214328765869,-0.18831486706437708,1.5348889988422394,-0.2063542296409607,0.4,0.0,1.4,0.0
transgastric_short_axis,2,82,4.1008,0.3260142698679537,-0.1883148684862415,1.5348896789157997,-0.20635422378249935,-0.007163008633436259,-1.421863878155192e-06,0.0006800735603282898,5.858438906779798e-06,0.05715512002215821,-0.040266596710928304,1.026444579726449,0.318925805019048,0.34696102142333984,-0.7223901646899654,1.4845905275344848,0.20766912689208983,0.4,0.0,1.4,0.0
transgastric_short_axis,2,83,4.151,0.346953861206867,-0.7223901627048074,1.4845915608767788,0.20766912996178544,-0.007160216472759058,1.985158137654532e-06,0.001033342293628764,3.0695707217755296e-06,0.04698757588762679,-0.05102921269125964,1.0429159776805947,0.758250380629112,0.2862724304199219,0.06332951299127193,1.5291241986751556,-0.5007187530040741,0.4,0.0,1.4,0.0
transgastric_short_axis,2,84,4.2009,0.2862652690027479,0.06332950915339453,1.52912511102926,-0.5007187453586553,-0.007161417174103091,-3.837877052228062e-06,0.0009123541043894484,7.645394098954007e-06,0.046987575887800496,-0.05102921269117556,1.0429159776780195,0.5332342562293723,0.34734282493591306,-0.43557826390306165,1.5360861133575439,0.205184641456604,0.4,0.0,1.4,0.0
transgastric_short_axis,2,85,4.2509,0.3473356642228439,-0.43557826310717557,1.5360870813085281,0.20518464004926784,-0.007160713069230857,7.958861790430539e-07,0.0009679509842616277,-1.4073299475662891e-06,0.05975149074093798,-0.03567336475477591,1.0397393458157123,0.503112696883645,0.3241081953048706,-0.43192195178584303,1.5085481726646424,-0.0627349425315857,0.4,0.0,1.4,0.0
transgastric_short_axis,2,86,4.3009,0.3241010338023258,-0.4319219530816553,1.5085490370817523,-0.06273493969409039,-0.0071615025448032,-1.2958134416396887e-06,0.0008644171099853168,2.837444450166654e-06,0.0597514907401157,-0.03567336475598045,1.0397393458160034,0.4561094087316596,0.3518227100372315,-0.46301446154224823,1.5181569219589233,0.018897294330596923,0.4,0.0,1.4,0.0
transgastric_short_axis,2,87,4.3509,0.3518155489645468,-0.463014461998636,1.5181578387477916,0.018897295842151607,-0.007161072684590119,-4.563880186234036e-07,0.0009167888688022963,1.5114202124539375e-06,0.06224198321223947,-0.03181094257663596,1.0454982129688326,0.4806480167327951,0.3410958766937256,-0.36598493361008533,1.5186655036926269,-0.0021284220457077024,0.4,0.0,1.4,0.0
transgastric_short_axis,2,88,4.401,0.34108871501064053,-0.3659849340995009,1.5186663443945188,-0.0021284206287495167,-0.00716168308510407,-4.894169538292561e-07,0.0008407018913969253,1.415743696433842e-06,0.06224198321222262,-0.031810942576678825,1.0454982129682509,0.3892322480900638,0.34953098297119145,-0.5564753120018129,1.4850946151733397,0.1035020004272461,0.4,0.0,1.4,0.0
transgastric_short_axis,2,89,4.4508,0.34952382266252985,-0.5564753113602325,1.4850956313062564,0.10350200255349318,-0.0071603086616017966,6.415803897567948e-07,0.0010161329166381299,2.1261304774362992e-06,0.05715192958748883,-0.03981001060176069,1.0454994981292345,0.5746012074752934,0.3244236946105957,-0.14376482175331304,1.5282834284305573,-0.1733940698862076,0.4,0.0,1.4,0.0
transgastric_short_axis,2,90,4.5009,0.3244165315981424,-0.14376482313493757,1.5282841067349429,-0.1733940648497585,-0.007163012453313815,-1.381624676791607e-06,0.0006783043852700075,5.036423016224616e-06,0.05715192958747702,-0.03981001060181702,1.0454994981277232,0.2700064792418489,0.3418286323547364,-0.5637946773627595,1.505172732925415,0.11865833530426025,0.4,0.0,1.4,0.0
transgastric_short_axis,2,91,4.5509,0.34182147201117863,-0.5637946768303512,1.5051737436292898,0.118658336835745,-0.007160343557692571,5.324088804784587e-07,0.0010107038749539703,1.5313257779364445e-06,0.05661724352177459,-0.04069812521299512,1.0363956180107896,0.5885494847426264,0.32235345840454105,-0.15322917611880424,1.5296543146133423,-0.1922112195253372,0.4,0.0,1.4,0.0
transgastric_short_axis,2,92,4.6009,0.32234629540043047,-0.15322917759785074,1.52965499474654,-0.1922112140066263,-0.007163004110517603,-1.4790452342173524e-06,0.0006801331978443477,5.518686514898295e-06,0.05661724352159725,-0.04069812521327042,1.0363956180083993,0.2885564886776545,0.3431327819824219,-0.6244818560159143,1.5045044235706329,0.14542647500038147,0.4,0.0,1.4,0.0
transgastric_short_axis,2,93,4.6509,0.34312562176643274,-0.6244818552538112,1.504505451511605,0.14542647685813304,-0.007160215989173743,7.621034000195834e-07,0.0010279409722667376,1.8575894313058538e-06,0.05339934870007462,-0.044736704936870327,1.037738111675746,0.652136896677155,0.31266787052154543,-0.021769344540580212,1.5349416172027588,-0.28616457917690274,0.4,0.0,1.4,0.0
transgastric_short_axis,2,94,4.7009,0.3126607079973208,-0.021769346336199258,1.5349423632143973,-0.286164572410384,-0.007162524224626785,-1.7956201724492844e-06,0.0007460116389482928,6.766493649704118e-06,0.05339934869989007,-0.04473670493711922,1.0377381116731528,0.32894020772799865,0.3292336702346802,-0.5411984213037097,1.5572514275550842,0.07188267259597778,0.4,0.0,1.4,0.0
transgastric_short_axis,2,95,4.751,0.3292265094782063,-0.5411984217329366,1.5572523832618987,0.07188267319934116,-0.007160756473861462,-4.29227915628703e-07,0.0009557068154922696,6.032115380692056e-07,0.058618488836898866,-0.03816607521718998,1.0201733323995046,0.5725382514685725,0.3323683261871338,-0.2742385763260432,1.533793750476837,-0.17455860221385955,0.4,0.0,1.4,0.0
transgastric_short_axis,2,96,4.8009,0.33236116338472815,-0.27423857770005133,1.5337944549536973,-0.17455859698045284,-0.007162802405570519,-1.3740096385159192e-06,0.0007044768600673738,5.233381417833458e-06,0.05861848883612519,-0.03816607521833031,1.020173332398169,0.3579852925383327,0.35371587276458744,-0.7165667676535328,1.4847571835517883,0.22186391272544861,0.4,0.0,1.4,0.0
transgastric_short_axis,2,97,4.8508,0.35370871252466973,-0.7165667654295763,1.4847582150014187,0.2218639157591058,-0.007160239917599898,2.2239562441117883e-06,0.0010314496297002932,3.033541835054459e-06,0.046886333602016966,-0.05105211151904692,1.0496502327802657,0.7563189570151732,0.28627905845642093,0.052314137768107775,1.528253655052185,-0.5017724309921264,0.4,0.0,1.4,0.0
transgastric_short_axis,2,98,4.9009,0.2862718970028535,0.05231413383987871,1.5282545628700115,-0.5017724232537316,-0.007161453567255096,-3.928230419227621e-06,0.0009078178271385207,7.738370342666452e-06,0.04688633360221525,-0.05105211151894441,1.0496502327776522,0.5328185879318083,0.34728302955627444,-0.4432268209418772,1.5365875794410706,0.21491416954994202,0.4,0.0,1.4,0.0
transgastric_short_axis,2,99,4.951,0.34727586888383466,-0.44322682010877795,1.536588553141871,0.2149141680671276,-0.007160672439842283,8.33099305678177e-07,0.0009737008010473295,-1.4828144834555751e-06,0.05927104199927831,-0.03640027603142032,1.0396424078334967,0.513881679524644,0.3238292455673218,-0.42108446740111777,1.510542052745819,-0.08485337934494018,0.4,0.0,1.4,0.0
transgastric_short_axis,2,100,5.0009,0.32382208390045986,-0.42108446887590884,1.510542897037726,-0.08485337606456511,-0.00716166686191979,-1.4747917655228035e-06,0.0008442919067227703,3.2803339965389237e-06,0.059271041998448154,-0.036400276032598496,1.0396424078336228,0.45003892314423494,0.3522009372711182,-0.48516449247708765,1.5181372602939605,0.0401712158203125,0.4,0.0,1.4,0.0
transgastric_short_axis,2,101,5.0509,0.35219377638141425,-0.4851644927715851,1.5181382000702426,0.04017121717505301,-0.007160889703812287,-2.944987703490455e-07,0.0009397762822502231,1.354617136368343e-06,0.06115558933968196,-0.033829775972788634,1.0458766557949992,0.5032299485008237,0.3360091209411621,-0.3194593637247789,1.5234970301628112,-0.05617852628231049,0.4,0.0,1.4,0.0
transgastric_short_axis,2,102,5.1009,0.3360019587493534,-0.3194593645661424,1.5234978077156693,-0.05617852385712929,-0.007162191808641058,-8.413634972335563e-07,0.0007775528583347141,2.425114068907733e-06,0.06115558933963504,-0.033829775972887596,1.045876655794029,0.35292742872475275,0.34848611354827885,-0.6239530520919655,1.473555277633667,0.18041768474578856,0.4,0.0,1.4,0.0
transgastric_short_axis,2,103,5.1515,0.34847895347461494,-0.6239530500924267,1.473556326105963,0.18041768815076598,-0.0071600736639520855,1.9995411354452385e-06,0.001048472295069542,3.403969653098951e-06,0.05241369911990281,-0.045470844719073596,1.0452198773557746,0.6556926888890764,0.3050318002700806,0.017775976097898428,1.5322533994674683,-0.33385338578224183,0.4,0.0,1.4,0.0
transgastric_short_axis,2,104,5.2024,0.3050246381179498,0.01777597383773255,1.5322541966655479,-0.33385337863807946,-0.00716215213077273,-2.2601638918428172e-06,0.00079719808038995,7.144136868811232e-06,0.05241369912150613,-0.0454708447179857,1.0452198773340304,0.3718676586827852,0.32987000942230227,-0.48025227104049045,1.5602370045661926,0.06854131307601928,0.4,0.0,1.4,0.0
transgastric_short_axis,2,105,5.2511,0.3298628484101491,-0.4802522713903717,1.5602379278397818,0.06854131331197166,-0.007161012152928483,-3.498807976168036e-07,0.0009232735884035613,2.3535455995774875e-07,0.06089769448817039,-0.03442634410003326,1.020601054918315,0.515689411717621,0.33228855133056645,-0.3847557876286425,1.5251538531303406,-0.08706222696304321,0.4,0.0,1.4,0.0
transgastric_short_axis,2,106,5.3013,0.3322813893626555,-0.3847557888038127,1.5251546603805561,-0.0870622236659706,-0.007161967910887213,-1.175169991150618e-06,0.0008072502150448787,3.2967130526103673e-06,0.06583425784047313,-0.023375398551721792,1.0254691476495135,0.4193642176549309,0.3560115098953247,-0.5912233848613802,1.5001773592472076,0.16119569206237794,0.4,0.0,1.4,0.0
transgastric_short_axis,2,107,5.3515,0.3560043496701756,-0.5912233837343699,1.50017838535826,0.1611956938663086,-0.007160225148971566,1.127011819865528e-06,0.0010261110523984295,1.8030059187504394e-06,0.054466486856756424,-0.04333082339416289,1.0509114826558759,0.6224953552728654,0.31485037803649907,-0.079427135841878,1.5306718525886536,-0.24204773533344268,0.4,0.0,1.4,0.0
transgastric_short_axis,2,108,5.4011,0.3148432151784316,-0.07942713760165518,1.5306725567316715,-0.24204772887699014,-0.007162858067596339,-1.7597831777493842e-06,0.000704143017772467,6.45624535974471e-06,0.054466486856879284,-0.043330823394401426,1.0509114826358623,0.29870180502641763,0.3356815576553345,-0.5901227087052288,1.5451233635902404,0.10186090679168701,0.4,0.0,1.4,0.0
transgastric_short_axis,2,109,5.4511,0.3356743971522666,-0.5901227089532894,1.5451243519328974,0.1018609074123118,-0.007160503067741904,-2.48060215422033e-07,0.0009883426568410036,6.204485440074644e-07,0.056010784121381114,-0.04179570504119977,1.0274665811924233,0.619531530099071,0.32296214103698734,-0.13117408271563694,1.5362115735054016,-0.2351404988050461,0.4,0.0,1.4,0.0
transgastric_short_axis,2,110,5.5012,0.32295497806257645,-0.1311740842038044,1.5362122593739658,-0.23514049248081526,-0.007162974410963007,-1.4881674512179327e-06,0.0006858685645205724,6.324208469398306e-06,0.056010784120694865,-0.04179570504207822,1.027466581190367,0.3114280118742142,0.3402592897415161,-0.672269327333052,1.530113648557663,0.15411899070739746,0.4,0.0,1.4,0.0
transgastric_short_axis,2,111,5.5509,0.34025212942584376,-0.6722693270998282,1.5301146630862883,0.15411899159210662,-0.007160315672075175,2.3322455005979185e-07,0.001014528625768502,8.845501823039655e-07,0.051053097134937435,-0.047502974383655555,1.0330821883438066,0.7044134761039343,0.3049507141113281,0.029891652970185627,1.5397139714241028,-0.37947977735996247,0.4,0.0,1.4,0.0
transgastric_short_axis,2,112,5.6009,0.3049435521486129,0.029891650865801367,1.539714797101868,-0.3794797696551755,-0.007161962715376162,-2.104383454285003e-06,0.0008256777658285514,7.704760018956796e-06,0.051053097134293526,-0.04750297438431193,1.03308218834134,0.4164785218668157,0.3403584241867066,-0.46205928136658847,1.557810193347931,0.08077929511070252,0.4,0.0,1.4,0.0
transgastric_short_axis,2,113,5.6509,0.3403512631345987,-0.4620592816669443,1.557811112528964,0.08077929513972926,-0.007161052107786653,-3.003577591242519e-07,0.0009191810328487078,2.899897498409764e-08,0.061293102900989,-0.03368000768404316,1.0312587206208292,0.4984840953782892,0.33166246414184575,-0.3982985235322378,1.5197096317291259,-0.05506876573562622,0.4,0.0,1.4,0.0
transgastric_short_axis,2,114,5.7009,0.3316553024211717,-0.398298524543096,1.519710468186731,-0.055068763131573384,-0.007161720674017113,-1.0108569871894799e-06,0.0008364576054232737,2.6039966633218884e-06,0.061293102900113465,-0.03368000768555196,1.0312587206205865,0.425059851322936,0.35410113334655763,-0.5282210037593216,1.5076811868667603,0.07928631935119629,0.4,0.0,1.4,0.0
transgastric_short_axis,2,115,5.7509,0.3540939727944531,-0.5282210036499219,1.507682170111594,0.07928632077255227,-0.007160552104439703,1.0940016170828215e-07,0.0009832448331716975,1.4212400786378191e-06,0.058847059381450864,-0.037548573077026075,1.0485020962604001,0.546814925228196,0.33270199298858644,-0.22814088072056085,1.5286364021301269,-0.1380472648859024,0.4,0.0,1.4,0.0
transgastric_short_axis,2,116,5.801,0.33269483013057205,-0.22814088194304719,1.5286370984059259,-0.13804726059300165,-0.007162858014428267,-1.2224867917510215e-06,0.0006962757977744176,4.292869493270241e-06,0.05884705938136567,-0.03754857307717992,1.048502096259024,0.30361620040510345,0.3495874643325806,-0.6411024779315307,1.4618329929828644,0.1865970651626587,0.4,0.0,1.4,0.0
transgastric_short_axis,2,117,5.8508,0.34958030428771986,-0.6411024755367593,1.4618340487589387,0.1865970693246739,-0.007160044860803552,2.394771443781003e-06,0.0010557760735348664,4.1618789627305105e-06,0.05140047716011997,-0.046459839897814575,1.0471265098162628,0.6724555343824303,0.30022478103637695,0.044906014241455953,1.5322814875602722,-0.388431827044487,0.4,0.0,1.4,0.0
transgastric_short_axis,2,118,5.9009,0.30021761921517187,0.04490601157631424,1.5322823325351589,-0.38843181961760415,-0.007161821205097348,-2.6651396471632466e-06,0.0008449748869033875,7.426857028646904e-06,0.05140047716063453,-0.0464598398973912,1.0471265098135178,0.4246774863153989,0.34407744407653806,-0.4187462327699742,1.555659019947052,0.08657649021148682,0.4,0.0,1.4,0.0
transgastric_short_axis,2,119,5.9509,0.34407028285199437,-0.4187462329737745,1.5556599178320631,0.08657648995096867,-0.0071612245434813674,-2.0379976535708189e-07,0.0008978850119113264,-2.605191330484862e-07,0.06259430914226889,-0.03117142708051241,1.0351278068777916,0.45847795969020955,0.33597650527954104,-0.4732473043297954,1.5041190549373626,0.021688314485549927,0.4,0.0,1.4,0.0
transgastric_short_axis,2,120,6.0009,0.3359693443484038,-0.47324730478191007,1.5041199902702456,0.02168831613635369,-0.007160931137261088,-4.5211285241972787e-07,0.0009353328823674162,1.6507654779328278e-06,0.06259430914149496,-0.03117142708197241,1.035127806877848,0.48925892099911866,0.33883137702941896,-0.34876116812540403,1.5187647482872009,-0.016389495778083803,0.4,0.0,1.4,0.0
transgastric_short_axis,2,121,6.0509,0.33882421518732864,-0.3487611687156211,1.5187655692111441,-0.016389494143146166,-0.007161842090359736,-5.902170968286956e-07,0.0008209239434242084,1.6347471410060724e-06,0.06588835646895415,-0.02334831691289456,1.032464480632441,0.3738324563218762,0.348312520980835,-0.5979034667250316,1.4670345332622527,0.18756535534858704,0.4,0.0,1.4,0.0
transgastric_short_axis,2,122,6.1009,0.3483053608990032,-0.5979034643613654,1.467035583939631,0.187565358959227,-0.007160081831769734,2.3636659422067614e-06,0.0010506773776780337,3.6105409303009025e-06,0.0658883564690574,-0.02334831691257989,1.032464480633262,0.6323254081584385,0.3109329223632813,-0.03251470019634555,1.5178895233154297,-0.1401272817850113,0.4,0.0,1.4,0.0
transgastric_short_axis,2,123,6.151,0.31092575945579276,-0.032514701483135344,1.5178902139444643,-0.14012727783869722,-0.0071629074884690756,-1.2867914975176372e-06,0.0006906290349703092,3.946279142680845e-06,0.06968162525068847,0.0026245292734095966,1.0046093182999694,0.2062163492049545,0.32970762252807617,-0.2587881016203264,1.5264262437343596,0.16619761962890625,0.4,0.0,1.4,0.0
transgastric_short_axis,2,124,6.2008,0.32970046094296873,-0.25878810061111307,1.5264271002075311,0.16619761741826267,-0.0071615851073536865,1.0092134223089171e-06,0.0008564731708431028,-2.2106652929953803e-06,0.06968162525056659,0.00262452927469898,1.0046093183030778,0.33988051711142697,0.3282111406326294,-0.5509689351648298,1.4351876918792725,0.2322366581439972,0.4,0.0,1.4,0.0
transgastric_short_axis,2,125,6.2508,0.3282039806398627,-0.550968930789528,1.4351887613289902,0.23223666390241782,-0.007159992766574479,4.375302525048172e-06,0.0010694497163547402,5.758352517450197e-06,0.054083365600610334,-0.04268545389938572,1.027540415470505,0.603235897535707,0.30459151268005374,-0.07531448691068508,1.5133617227554321,-0.291812439250946,0.4,0.0,1.4,0.0
transgastric_short_axis,2,126,6.3012,0.30458435008805657,-0.07531448986828407,1.5133624613744523,-0.2918124317420553,-0.007162591997149328,-2.957600154435124e-06,0.0007386190200668087,7.508871512992973e-06,0.06897107130142299,0.0048933576876606915,0.9985175725372009,0.3358302571245246,0.34240217208862306,-0.3690605725799366,1.5375530608177186,0.3108855650424957,0.4,0.0,1.4,0.0
transgastric_short_axis,2,127,6.3509,0.3423950113493596,-0.36906057105796264,1.537554034228589,0.3108855618878872,-0.00716073926356274,1.5219743400125817e-06,0.0009734108707223994,-3.1546557291495664e-06,0.05982435855536538,-0.034618552856794854,1.034665779860104,0.5050692870784929,0.3118310928344727,-0.48488773178317957,1.5094709601402283,-0.018910308480262757,0.4,0.0,1.4,0.0
transgastric_short_axis,2,128,6.4008,0.31182393180806006,-0.48488773270987173,1.50947188338374,-0.01891030620398913,-0.007161026412785763,-9.266913248466674e-07,0.0009232435119743904,2.2762297142794797e-06,0.059824358554986766,-0.034618552857347926,1.0346657798579177,0.5052057256866964,0.34145727157592776,-0.4040082576855837,1.5282017857074737,-0.0741098711013794,0.4,0.0,1.4,0.0
transgastric_short_axis,2,129,6.4508,0.3414501097573097,-0.4040082587358309,1.5282026099169181,-0.07410986810668861,-0.007161818617918957,-1.0502460793132318e-06,0.000824209444526793,2.9946553922059563e-06,0.06523658221932743,-0.025071964990409173,1.0344266777091395,0.43425677256030154,0.35544919967651367,-0.5400129193056501,1.5078841701507568,0.12758885078430177,0.4,0.0,1.4,0.0
transgastric_short_axis,2,130,6.5009,0.35544203926119217,-0.5400129186624072,1.5078851721549897,0.12758885200932746,-0.007160415321232712,6.432431427106647e-07,0.0010020042324456388,1.2249296632075506e-06,0.06523658221941465,-0.02507196499015417,1.0344266777098103,0.5670251226493078,0.3269014358520508,-0.20265492843120694,1.5182160942077636,-0.06554843316078186,0.4,0.0,1.4,0.0
transgastric_short_axis,2,131,6.5509,0.32689427311653496,-0.20265492924683348,1.5182168043713453,-0.06554843072956984,-0.007162735515914108,-8.156274502298877e-07,0.0007101635821086798,2.4311422679251264e-06,0.06886063767079637,-0.011808729432657403,1.0205691937928714,0.2543330046574393,0.3439506530761719,-0.5394197001728349,1.4308995763778687,0.2367286931991577,0.4,0.0,1.4,0.0
transgastric_short_axis,2,132,6.6009,0.3439434930671353,-0.539419695499134,1.4309006446417785,0.2367286992812092,-0.007160009036493223,4.673701107300942e-06,0.0010682639091616874,6.081956444083143e-06,0.0688606376709173,-0.011808729431759922,1.0205691937952124,0.5925464258305364,0.31192989349365235,-0.08040722073491918,1.492560055732727,-0.053681775712966916,0.4,0.0,1.4,0.0
transgastric_short_axis,2,133,6.6508,0.31192273060602516,-0.08040722153695437,1.492560747975193,-0.05368177380905337,-0.0071628876271958054,-8.020376124040156e-07,0.000692242466107639,1.9038336661089164e-06,0.06966114577002254,-0.003729314772865206,1.0073896956015438,0.16022531499174922,0.326417350769043,-0.28633534059340165,1.4840394391536713,0.09614423089027405,0.4,0.0,1.4,0.0
transgastric_short_axis,2,134,6.7009,0.32641018922612797,-0.28633533954924595,1.484040300593275,0.09614423036429542,-0.007161542915217805,1.0441557179214836e-06,0.0008614396034734118,-5.260070823200078e-07,0.06966114577000716,-0.0037293147725301658,1.007389695604496,0.3220401715324767,0.33917555809020994,-0.5305611109256066,1.408722341823578,0.22411489248275757,0.4,0.0,1.4,0.0
transgastric_short_axis,2,135,6.7509,0.339168398128703,-0.5305611058440399,1.4087234187716495,0.22411489965598008,-0.007159961506967071,5.081567076269172e-06,0.0010769480711659415,7.173152767103279e-06,0.05490424128034164,-0.04122905855766064,1.0403226552476108,0.5792228906936898,0.3152097463607788,-0.10077441096157268,1.5074295175552368,-0.24587904481887818,0.4,0.0,1.4,0.0
transgastric_short_axis,2,136,6.8008,0.31520258358834763,-0.10077441372061333,1.507430230522325,-0.2458790379363144,-0.007162772431059305,-2.7590417393161725e-06,0.0007129670889064713,6.882544608436461e-06,0.05490424128123783,-0.0412290585567196,1.0403226552458262,0.2989043994614197,0.33746705055236814,-0.6153768411440698,1.5295498269081116,0.14085841484069825,0.4,0.0,1.4,0.0
transgastric_short_axis,2,137,6.8509,0.33745989020902306,-0.6153768409217826,1.5295508373345292,0.14085841563073753,-0.007160343345133045,2.2228723960814721e-07,0.001010426418124661,7.89890349315932e-07,0.05399094419513447,-0.044186694460357695,1.0303319624263427,0.6474754314903537,0.3153587341308594,-0.06589582240264555,1.5354501989364624,-0.27643664274215696,0.4,0.0,1.4,0.0
transgastric_short_axis,2,138,6.9009,0.3153515714110662,-0.06589582413449994,1.5354509195243002,-0.2764366358525919,-0.007162719793085905,-1.7318546735917303e-06,0.0007205878371518468,6.8895416781810106e-06,0.05399094419465881,-0.04418669446091644,1.0303319624240461,0.32599352960207323,0.3316696166992188,-0.5928541757160793,1.5532921299934388,0.09844745450019836,0.4,0.0,1.4,0.0
transgastric_short_axis,2,139,6.9509,0.3316624561555195,-0.5928541760903764,1.5532931129972134,0.09844745495692653,-0.007160543699296283,-3.7429505025950215e-07,0.0009830037756926116,4.5656037698271507e-07,0.055982944842352715,-0.04186350594205347,1.022884652420304,0.6239685680275633,0.32314839363098147,-0.13526575925324547,1.5368729544639588,-0.24160319445133208,0.4,0.0,1.4,0.0
transgastric_short_axis,2,140,7.0009,0.3231412306597009,-0.13526576075519003,1.5368736410756263,-0.24160318797986474,-0.007162971280479603,-1.501945859167152e-06,0.0006866116671073712,6.471445977126808e-06,0.05598294484153299,-0.041863505943094466,1.0228846524184396,0.3182932461120073,0.34043540954589846,-0.6913691857759641,1.5303666286468505,0.16119363226890562,0.4,0.0,1.4,0.0
transgastric_short_axis,2,141,7.0509,0.34042824921976184,-0.6913691855197729,1.5303676422463646,0.16119363313113055,-0.00716032613641948,2.5619159810358217e-07,0.0010135995140322306,8.620703411536368e-07,0.0499512479428708,-0.04863343386453641,1.033239147739144,0.7242370148536919,0.3021876335144043,0.022573036623295687,1.5386529905319213,-0.4137255291223526,0.4,0.0,1.4,0.0
transgastric_short_axis,2,142,7.101,0.30218047164183215,0.022573034216270216,1.5386538316900111,-0.41372552098448556,-0.007161872572097591,-2.407024485936541e-06,0.0008411580901412584,8.137841062947739e-06,0.06667773263237951,0.015579775635899,0.9943351571380858,0.4477408779172941,0.3591906547546387,-0.2679816874043622,1.5435167246818542,0.3323091024398804,0.4,0.0,1.4,0.0
transgastric_short_axis,2,143,7.1508,0.3591834936614644,-0.26798168595980965,1.543517655452935,0.33230909783434637,-0.007161093174168445,1.4445529668645214e-06,0.0009307710806818213,-4.605553829112448e-06,0.06260732721730582,-0.02903167798408811,1.0510405372629679,0.4522243084241827,0.31139321327209474,-0.5626192870544637,1.5142391947746277,0.012687017011642456,0.4,0.0,1.4,0.0
transgastric_short_axis,2,144,7.201,0.31138605267717606,-0.5626192877808718,1.5142401714573461,0.012687019226518714,-0.007160594918731265,-7.264095434468649e-07,0.000976682718240977,2.2142992667607938e-06,0.06260732721655739,-0.029031677985362728,1.0510405372622185,0.5810375821533798,0.334344482421875,-0.23935661720386145,1.5364890838623046,-0.14351545479297637,0.4,0.0,1.4,0.0
transgastric_short_axis,2,145,7.2508,0.3343373195511253,-0.2393566182727564,1.536489778498738,-0.1435154504344922,-0.0071628707496007105,-1.0688949229280354e-06,0.0006946364337269334,4.3584532890172525e-06,0.06880174211779767,-0.011637310356153124,1.0267259650084113,0.3175363325081884,0.3526314735412598,-0.6800725557745523,1.4238168828964233,0.3298178758621216,0.4,0.0,1.4,0.0
transgastric_short_axis,2,146,7.3009,0.35262431332670335,-0.680072548725508,1.4238179355844052,0.32981788420266867,-0.007160214556482135,7.0490446901132575e-06,0.0010526879797116177,8.34047053227726e-06,0.06880174211792618,-0.011637310355062394,1.0267259650104175,0.7576874408443119,0.27473738193511965,0.06305874440981653,1.482405086660385,-0.3901186106443405,0.4,0.0,1.4,0.0
transgastric_short_axis,2,147,7.3508,0.274730220450496,0.06305873840588472,1.4824059777802,-0.3901186054378142,-0.007161484623661506,-6.003930947226499e-06,0.0008911198144732771,5.206501389927939e-06,0.06613507145555704,0.017512872362485537,0.970677348285262,0.42267267907966194,0.3578176021575928,-0.13244796837237352,1.5439726880550384,0.26650956172943113,0.4,0.0,1.4,0.0
transgastric_short_axis,2,148,7.4009,0.35781044019928215,-0.13244796722196828,1.5439735035027775,0.26650955676950794,-0.007161958310739915,1.1504045061677941e-06,0.0008154477395267789,-4.9599277560092835e-06,0.06613507145563935,0.017512872362180815,0.9706773482885462,0.33328386780303937,0.3131795167922974,-0.5519806659017618,1.4523933340072632,0.13805278887748718,0.4,0.0,1.4,0.0
transgastric_short_axis,2,149,7.4509,0.3131723566925064,-0.5519806641239402,1.4523943813156368,0.1380527922711261,-0.007160099791128029,1.7778211829663186e-06,0.0010473083735240984,3.393522053532932e-06,0.056379607792964734,-0.040377051580160445,1.0114018059101126,0.5779493384859459,0.3185229539871216,-0.1580342885453098,1.5174682019233703,-0.18515240092277527,0.4,0.0,1.4,0.0
transgastric_short_axis,2,150,7.5008,0.31851579103833993,-0.15803429037681846,1.517468889083049,-0.18515239535769668,-0.007162948781726666,-1.8315091394772789e-06,0.0006871596790697847,5.565053903141809e-06,0.05637960779315207,-0.04037705157997333,1.0114018059087528,0.2823027854168474,0.34402976036071775,-0.625666234492889,1.4936948146820068,0.14266878604888916,0.4,0.0,1.4,0.0
transgastric_short_axis,2,151,7.5508,0.34402260019187475,-0.6256662335532396,1.493695849190055,0.14266878838434582,-0.007160168842983467,9.396502447802515e-07,0.0010345080479051102,2.335290367752321e-06,0.05336975928092721,-0.04469900718219123,1.0393868985021548,0.6509416259792259,0.312454891204834,-0.0098733160403865,1.5346191658973694,-0.291492796754837,0.4,0.0,1.4,0.0
transgastric_short_axis,2,152,7.6008,0.31244772875036914,-0.00987331788229281,1.534619921136409,-0.29149278999313183,-0.007162454464872583,-1.8419105778151276e-06,0.0007552390402111478,6.76167939276712e-06,0.053369759280907564,-0.044699007182268775,1.0393868984995507,0.33294662093453786,0.3288805723190308,-0.5284653695952825,1.5580571813106536,0.06788629875183105,0.4,0.0,1.4,0.0
transgastric_short_axis,2,153,7.6508,0.3288734115041588,-0.5284653700244679,1.5580581296524443,0.06788629935664492,-0.007160814871854794,-4.291859072585774e-07,0.0009483417905392466,6.046743016751479e-07,0.059179120626862564,-0.037301409723724296,1.0197640342817573,0.5602906039688007,0.3346902370452881,-0.30667219575076343,1.5330366827487945,-0.1587807714700699,0.4,0.0,1.4,0.0
transgastric_short_axis,2,154,7.7008,0.33468307440176287,-0.3066721970985704,1.533037406476657,-0.15878076659301144,-0.007162643525186971,-1.347807669368294e-06,0.0007237278621731138,4.877030291260371e-06,0.05917912062609317,-0.03730140972489701,1.0197640342805787,0.3757983775973091,0.35588884353637695,-0.6910815643782354,1.4971391638755798,0.19381158542633056,0.4,0.0,1.4,0.0
transgastric_short_axis,2,155,7.7508,0.3558816833197082,-0.6910815629062583,1.497140195165052,0.19381158777952479,-0.007160216668694442,1.4719774672195735e-06,0.00103128947254114,2.3530645247193127e-06,0.048992645086698074,-0.04927280101061089,1.0509847288323073,0.725630278812829,0.29008939266204836,0.04006476188672019,1.5349251388549805,-0.45092577373981474,0.4,0.0,1.4,0.0
transgastric_short_axis,2,156,7.8008,0.2900822310068191,0.04006475893681927,1.534926012857035,-0.4509257655868895,-0.007161655229086619,-2.9499010094073285e-06,0.0008740020547349346,8.15289913860358e-06,0.04899264508663034,-0.04927280101071953,1.0509847288296865,0.4850012122301582,0.34989566802978517,-0.442992192288652,1.5449042764663696,0.1628302318096161,0.4,0.0,1.4,0.0
transgastric_short_axis,2,157,7.8508,0.3498885071981274,-0.4429921920121688,1.5449052266747403,0.16283023065505642,-0.007160831657944139,2.7648384571457507e-07,0.0009502083707925829,-1.1545642453041752e-06,0.060371695152225915,-0.034922917677332375,1.0416886963865188,0.49625039307532554,0.3283390283584595,-0.4134325397990476,1.5115594034671784,-0.04959767339229584,0.4,0.0,1.4,0.0
transgastric_short_axis,2,158,7.9008,0.32833186678851495,-0.4134325408832572,1.5115602590702961,-0.04959767085924849,-0.007161569944576673,-1.0842079471851966e-06,0.0008556031182081614,2.5329810299498346e-06,0.06037169515131711,-0.03492291767874423,1.0416886963864778,0.43699932212498827,0.3530720710754395,-0.48608577976668693,1.5116099620342254,0.047371692037582395,0.4,0.0,1.4,0.0
transgastric_short_axis,2,159,7.9508,0.35306491024386916,-0.4860857799628461,1.5116109095239523,0.04737169338684577,-0.0071608315702121434,-1.961599866467876e-07,0.0009474897271176042,1.3491593525362998e-06,0.060974471345474325,-0.03409164628668052,1.0472031486263829,0.5031732908169965,0.3354418516159058,-0.3087233707447209,1.5222529149055481,-0.05887882189750671,0.4,0.0,1.4,0.0
transgastric_short_axis,2,160,8.0008,0.33543468936199544,-0.3087233716060306,1.5222536848069312,-0.05887881943002515,-0.0071622539101330665,-8.613096862885509e-07,0.0007699013824718979,2.467416517302516e-06,0.06097447134542449,-0.034091646286784155,1.0472031486254894,0.34335328502858875,0.34761321544647217,-0.6340044462243051,1.4679267983436584,0.1907928644657135,0.4,0.0,1.4,0.0
transgastric_short_axis,2,161,8.051,0.3476060553789178,-0.634004443899234,1.4679278509034468,0.19079286827258013,-0.007160067554449615,2.3250710855572914e-06,0.0010525597880644757,3.806748838573155e-06,0.05165744571531558,-0.04622029414805773,1.0447289387370042,0.6676247986923292,0.3006489753723145,0.02850784950064524,1.532172880268097,-0.3730447016716003,0.4,0.0,1.4,0.0
transgastric_short_axis,2,162,8.1008,0.30064181342068647,0.02850784694194264,1.5321737068910162,-0.3730446941886207,-0.007161951628120473,-2.558701979912292e-06,0.0008266229197314982,7.482954617299032e-06,0.05165744571571346,-0.0462202941477306,1.0447289387345864,0.40904398202783615,0.33851628303527836,-0.4660621997384917,1.5583766365528107,0.07681531620025635,0.4,0.0,1.4,0.0
transgastric_short_axis,2,163,8.1509,0.338509121986468,-0.4660622000613504,1.5583775560338573,0.07681531631921068,-0.007161048810459367,-3.228581476084763e-07,0.0009194810468666585,1.189216148587906e-07,0.06123015053707361,-0.033806664303691156,1.029377131891261,0.5019752438929427,0.3317037343978882,-0.3941491729122723,1.5211054226875305,-0.061694746828079225,0.4,0.0,1.4,0.0
transgastric_short_axis,2,164,8.201,0.3316965726187095,-0.3941491739548047,1.5211062519009708,-0.06169474409337017,-0.00716177917853051,-1.0425338715542068e-06,0.0008292134400304164,2.7346574754868744e-06,0.06123015053625224,-0.03380666430510397,1.0293771318909735,0.42248301175258396,0.35432932376861576,-0.5410679056043497,1.507394875574112,0.08719180669784546,0.4,0.0,1.4,0.0
transgastric_short_axis,2,165,8.2508,0.3543221632793011,-0.5410679054242438,1.5073958668907972,0.08719180816567995,-0.007160489314616344,1.801052977334483e-07,0.0009913166853010003,1.4677126498773347e-06,0.058197053322131355,-0.03852532707327122,1.0487487989228157,0.5603367083139278,0.329560375213623,-0.19710548328597027,1.5298464371681213,-0.15420606379508972,0.4,0.0,1.4,0.0
transgastric_short_axis,2,166,8.3008,0.3295532122548389,-0.19710548454834265,1.5298471213829306,-0.15420605914997054,-0.007162958784107825,-1.2623736321581078e-06,0.000684214809084915,4.64509134939139e-06,0.05819705332203542,-0.038525327073437685,1.048748798921293,0.2906081649793179,0.3471055030822754,-0.6111613900336106,1.4661445152282715,0.1683208921909332,0.4,0.0,1.4,0.0
transgastric_short_axis,2,167,8.3509,0.34709834301393916,-0.6111613880411809,1.4661455663923046,0.16832089579650678,-0.007160068336264047,1.992430481535353e-06,0.0010511640325383393,3.605431583959547e-06,0.05324766568357672,-0.044467361249920345,1.0443588623203048,0.6395498318812938,0.3091283798217774,-0.012366596581243105,1.530114210319519,-0.3018805224895477,0.4,0.0,1.4,0.0
transgastric_short_axis,2,168,8.4008,0.3091212174198837,-0.012366598733262821,1.5301149731565609,-0.3018805155183772,-0.007162401893647561,-2.1520245597916456e-06,0.0007628370417947264,6.971146639720179e-06,0.05324766568397238,-0.04446736124957634,1.0443588623175846,0.34128234319496714,0.3294827461242676,-0.5209570654385624,1.5577837905406953,0.07694040184020996,0.4,0.0,1.4,0.0
transgastric_short_axis,2,169,8.4507,0.32947558530694115,-0.5209570658328901,1.5577847387968413,0.0769404022405622,-0.007160817326417427,-3.9432811143569515e-07,0.0009482561458481196,4.0023457039994517e-07,0.059280115325990215,-0.037118629279609225,1.0203850235088294,0.5542434544522288,0.33422904014587407,-0.3189245676883774,1.5314416535854338,-0.14918906228542328,0.4,0.0,1.4,0.0
transgastric_short_axis,2,170,8.5008,0.3342218775900883,-0.3189245690404785,1.5314423879645247,-0.1491890576191821,-0.00716255578589948,-1.3521009693435042e-06,0.0007343790911337263,4.666211438108499e-06,0.05928011532523399,-0.03711862928076271,1.0203850235076777,0.38154176493870834,0.3563184022903443,-0.6776107338240722,1.4993380870342254,0.18422624287605285,0.4,0.0,1.4,0.0
transgastric_short_axis,2,171,8.5508,0.35631124208359466,-0.677610732520542,1.4993391187656986,0.1842262451046599,-0.0071602067494127685,1.3035308967139187e-06,0.0010317314730096628,2.2284733530276566e-06,0.0499161028605445,-0.04839801500326603,1.051266705677465,0.710543863739468,0.295151948928833,0.026184782404147525,1.535865340948105,-0.4208496057271957,0.4,0.0,1.4,0.0
transgastric_short_axis,2,172,8.6008,0.29514478711530023,0.026184779744731657,1.5358661906367006,-0.42084959761867974,-0.007161813532921706,-2.6594147564149187e-06,0.0008496885973361738,8.108490347620287e-06,0.04991610286044547,-0.048398015003404765,1.0512667056748677,0.4552518686763502,0.3476204156875611,-0.444425430685927,1.5507391096115113,0.13337443614006042,0.4,0.0,1.4,0.0
transgastric_short_axis,2,173,8.6508,0.34761325475334925,-0.4444254306804724,1.5507400454262985,0.13337443527819204,-0.0071609342117588915,5.454764107283793e-09,0.0009358147871414157,-8.618790138293625e-07,0.060905692440217284,-0.03415822576719829,1.039010866415922,0.4906828260638027,0.32886476516723634,-0.4138224016155,1.5117552711009978,-0.04160829627513885,0.4,0.0,1.4,0.0
transgastric_short_axis,2,174,8.7008,0.32885760363234945,-0.4138224026169856,1.5117561309396788,-0.04160829389745757,-0.0071615348869694785,-1.0014853858672005e-06,0.0008598386812200065,2.377609505259453e-06,0.0609056924393235,-0.034158225768656666,1.0390108664157194,0.4364984586367863,0.3527444124221802,-0.4883421846121486,1.5102325219631194,0.04974288883209228,0.4,0.0,1.4,0.0
transgastric_short_axis,2,175,8.7508,0.35273725161518027,-0.4883421847802811,1.5102334726385642,0.04974289018847067,-0.007160806999874606,-1.681311118756886e-07,0.0009506754441188549,1.3562791327486896e-06,0.06084985757036527,-0.03429775535471594,1.0469714399924135,0.5053094402790476,0.33525636196136477,-0.30352184262876786,1.522415451335907,-0.06391576595306396,0.4,0.0,1.4,0.0
transgastric_short_axis,2,176,8.801,0.3352491996601452,-0.30352184352105555,1.5224162154157055,-0.06391576337643645,-0.00716230121938959,-8.92290001109449e-07,0.000764079798256743,2.5765668755524974e-06,0.060849857570315406,-0.03429775535481902,1.0469714399915344,0.33968975587110206,0.34778728485107424,-0.6403718147193324,1.4669096348762511,0.19428758497238158,0.4,0.0,1.4,0.0
transgastric_short_axis,2,177,8.8507,0.3477801247856334,-0.640371812312951,1.466910688052109,0.1942875888918154,-0.0071600654407566276,2.4063814709252593e-06,0.0010531758574680403,3.9193145558908265e-06,0.05126586157316126,-0.04662628644656025,1.0449707597576083,0.674557396183141,0.2985561847686768,0.035571052054239764,1.5321706332206726,-0.391151971578598,0.4,0.0,1.4,0.0
transgastric_short_axis,2,178,8.9008,0.298549022915402,0.03557104935754385,1.5321714744072397,-0.3911519640033108,-0.007161853274692883,-2.696694787914993e-06,0.0008411865683750352,7.575261741119709e-06,0.051265861573587215,-0.046626286446214235,1.044970759755155,0.4266459397374449,0.34358892440795896,-0.4340798612828638,1.555538615655899,0.09326445236206055,0.4,0.0,1.4,0.0
transgastric_short_axis,2,179,8.9508,0.3435817632806752,-0.4340798614854262,1.5555395258484124,0.09326445205455247,-0.007161127283532232,-2.0256056652475205e-07,0.000910192512864533,-3.07519099832154e-07,0.061991764079757324,-0.03233014086442828,1.0346473773053722,0.47381340810482503,0.332316255569458,-0.4393710838320929,1.509419278049469,-0.0073255618572235105,0.4,0.0,1.4,0.0
transgastric_short_axis,2,180,9.0009,0.3323090943288723,-0.439371084538299,1.5094201744258156,-0.007325559995901898,-0.007161240585686237,-7.062067119068624e-07,0.0008963763460477061,1.8611331507230701e-06,0.06199176407895414,-0.032330140865871326,1.0346473773052887,0.4578814770653734,0.3473038196563721,-0.4437513180350007,1.5124200226306914,0.029404675340652466,0.4,0.0,1.4,0.0
transgastric_short_axis,2,181,9.0508,0.3472966585570203,-0.4437513183501198,1.5124209365069534,0.029404676647652117,-0.0071610993516558075,-3.151202265045741e-07,0.0009138762625713445,1.3069714242698503e-06,0.06265720670135783,-0.03092480964944242,1.0413797327613437,0.46173149850381456,0.34258670806884767,-0.404193076904046,1.5093237785339355,0.036672375726699825,0.4,0.0,1.4,0.0
transgastric_short_axis,2,182,9.1009,0.3425795468075914,-0.40419307706564345,1.5093246724890053,0.036672376726134104,-0.007161261256290569,-1.615995540628727e-07,0.0008939550700133703,9.994632548748305e-07,0.06265720670136322,-0.030924809649436266,1.0413797327611207,0.42422387865628985,0.346612811088562,-0.4855669002789878,1.4937084842205048,0.08300817890167236,0.4,0.0,1.4,0.0
transgastric_short_axis,2,183,9.1509,0.34660565045378283,-0.48556689990173174,1.4937094582717485,0.08300818025768031,-0.007160634779208163,3.7725644143791597e-07,0.000974051243826808,1.355953659606021e-06,0.06026424962216084,-0.03508310548493858,1.0419871078747769,0.504279675778152,0.3330192565917969,-0.2917514612365662,1.5164868039608002,-0.07320056591033935,0.4,0.0,1.4,0.0
transgastric_short_axis,2,184,9.201,0.33301209422482614,-0.29175146227114235,1.516487560258141,-0.07320056310822753,-0.007162366970750774,-1.0345752877271139e-06,0.0007562973401880666,2.802056585364175e-06,0.0602642496221403,-0.0350831054849899,1.0419871078740865,0.32944494136615454,0.3482423305511475,-0.6509623117188987,1.461938416957855,0.1966966070652008,0.4,0.0,1.4,0.0
transgastric_short_axis,2,185,9.2508,0.34823517049993263,-0.6509623091479952,1.4619394726489254,0.19669661133940153,-0.007160051214709672,2.5709037750072265e-06,0.0010556910701865427,4.274079228655217e-06,0.050677016431108876,-0.0472003456815962,1.0457667888993936,0.6848047756031581,0.2955696821212769,0.04410981229930632,1.5314579446792602,-0.41543993268013,0.4,0.0,1.4,0.0
transgastric_short_axis,2,186,9.3009,0.2955625203927918,0.04410980936246922,1.5314588047617246,-0.415439925037063,-0.007161728484899858,-2.9368375638260024e-06,0.0008600824648192706,7.643041533014398e-06,0.06628298697155376,0.017065117281163375,0.9881983514976174,0.4502494987147473,0.3596943855285645,-0.19773371882593074,1.5437813145160675,0.3175714673995972,0.4,0.0,1.4,0.0
transgastric_short_axis,2,187,9.3509,0.3596872240876423,-0.1977337174244127,1.5437821997157197,0.31757146231877087,-0.007161440922177544,1.4015183153902955e-06,0.0008851996516107868,-5.080837668866858e-06,0.06474856712458943,-0.02411879291414679,1.051530710766283,0.40280106447551883,0.3060048580169678,-0.64690359179978,1.511224031639099,-0.0039667877197265625,0.4,0.0,1.4,0.0
transgastric_short_axis,2,188,9.4008,0.3059976976689018,-0.6469035928750652,1.5112250391820776,-0.003966784895037068,-0.007160348066152847,-1.0752851955085832e-06,0.0010075429792825575,2.829115209533652e-06,0.06474856712400472,-0.02411879291535592,1.0515307107660914,0.6631043930194351,0.32299427986145024,-0.13089563674010155,1.5417941755771636,-0.2059978853702545,0.4,0.0,1.4,0.0
transgastric_short_axis,2,189,9.4509,0.3229871168193472,-0.13089563785143243,1.5417948512730613,-0.20599787981317072,-0.007163042103014049,-1.1113322795040515e-06,0.0006756958973900084,5.557057956605091e-06,0.06957305339083039,-0.0019383664044020582,1.014995477674439,0.2925842759264437,0.34644508361816406,-0.5485765842680981,1.502942163848877,0.3151030858039856,0.4,0.0,1.4,0.0
transgastric_short_axis,2,190,9.5008,0.34643792331319556,-0.5485765811776268,1.5029431944712437,0.31510308689721,-0.007160304968542811,3.0904711095508425e-06,0.001030622366977582,1.093141838532778e-06,0.06957305339076449,-0.0019383664026964066,1.0149954776770083,0.6431892553017591,0.2921016216278076,-0.16062512816703656,1.497616286945343,-0.05708202660083771,0.4,0.0,1.4,0.0
transgastric_short_axis,2,191,9.5509,0.2920944589002001,-0.16062512906774282,1.4976169989947739,-0.057082024354946685,-0.007162727607522557,-9.007063220878954e-07,0.0007120494310569438,2.2458045347052137e-06,0.06917722276881315,-0.009185333429067527,0.9872082730870939,0.22412379143070482,0.3411836624145508,-0.431359629482862,1.4238734335899352,0.1853257980823517,0.4,0.0,1.4,0.0
transgastric_short_axis,2,192,9.601,0.34117650210197203,-0.4313596256348121,1.4238744605933649,0.1853258017811249,-0.007160312578658736,3.848050381736196e-06,0.0010270034302256774,3.698703260994569e-06,0.06917722276882048,-0.009185333428774308,0.9872082730902296,0.47375834895778407,0.33204126358032227,-0.2998799490321385,1.4574171702861785,0.1459174548625946,0.4,0.0,1.4,0.0
transgastric_short_axis,2,193,9.6508,0.33203410241960496,-0.2998799466316112,1.457418084150401,0.14591745458114513,-0.00716116071724076,2.4005277070114197e-06,0.0009138642227941063,-2.8142412971733075e-07,0.06459027671195927,-0.025298346278837806,1.0299115064418505,0.3451609560257791,0.33297228813171387,-0.5437523719831496,1.4540475354194642,0.1382452859401703,0.4,0.0,1.4,0.0
transgastric_short_axis,2,194,9.7013,0.3329651279842429,-0.5437523701885533,1.4540485765571551,0.13824528917150058,-0.007160147470993298,1.794595552904647e-06,0.0010411376917022171,3.231249424691793e-06,0.06459027671188274,-0.025298346278966377,1.0299115064427513,0.5676207561019989,0.3227912187576294,-0.15792661777467573,1.5090889620780945,-0.0732327735900879,0.4,0.0,1.4,0.0
transgastric_short_axis,2,195,9.751,0.32278405590975995,-0.15792661872049768,1.509089658724668,-0.07323277099780856,-0.007162847869367564,-9.458231716901836e-07,0.0006966465741803297,2.5922197421405937e-06,0.0693075953875924,-0.008444301198327012,1.0170949968755163,0.21946915799473637,0.3416431903839111,-0.4496745211944732,1.4335604550361634,0.19592661881446838,0.4,0.0,1.4,0.0
transgastric_short_axis,2,196,9.8011,0.3416360301441746,-0.44967451741904346,1.4335614884766166,0.19592662266671568,-0.00716023973652903,3.7754323251638654e-06,0.0010334404512745772,3.8515996209513285e-06,0.06930759538765185,-0.008444301197538197,1.0170949968780125,0.4951031605349869,0.33098444938659666,-0.27543250473223935,1.468478448486328,0.12257437720298767,0.4,0.0,1.4,0.0
transgastric_short_axis,2,197,9.8512,0.3309772879500656,-0.27543250296429095,1.4684793256896373,0.12257437646319158,-0.007161436531116505,1.7679484649498586e-06,0.0008772033099158817,-7.397562641384059e-07,0.0655940373638227,-0.02298488439232646,1.0281001664945169,0.31676662431536246,0.3366314172744751,-0.5416240485413639,1.4441873040676116,0.12009101529121399,0.4,0.0,1.4,0.0
transgastric_short_axis,2,198,9.901,0.3366242571207674,-0.5416240469611893,1.4441883448146013,0.12009101865698757,-0.007160153707625117,1.5801750453592709e-06,0.0010407469895166372,3.3656707275500056e-06,0.06559403736375209,-0.02298488439244808,1.0281001664958107,0.5601317305881164,0.3255571603775025,-0.15206427200730077,1.5074849447250367,-0.052148165845870974,0.4,0.0,1.4,0.0
transgastric_short_axis,2,199,9.951,0.32554999755493635,-0.15206427274406709,1.507485644266409,-0.05214816385675636,-0.007162822566230905,-7.367646100351971e-07,0.0006995413732948415,1.9890346145195784e-06,0.06928302686328341,-0.008771780543588667,1.019975775075149,0.20721713400741787,0.33986849784851075,-0.4200004568077254,1.435908619594574,0.17081680011749267,0.4,0.0,1.4,0.0
transgastric_short_axis,2,200,10.0009,0.3398613374216154,-0.42000045360017646,1.4359096295161615,0.17081680280515166,-0.007160426895113207,3.2075495628345454e-06,0.0010099215874247306,2.6875912269388615e-06,0.06928302686335674,-0.008771780542754312,1.019975775077517,0.4587863570046878,0.33127989768981936,-0.3209967150759192,1.4623601128578185,0.17332150897979737,0.4,0.0,1.4,0.0
transgastric_short_axis,2,201,10.051,0.33127273672992846,-0.3209967122960946,1.4623610532850497,0.17332150898308474,-0.007160959890772964,2.779823358255508e-06,0.000940427230984398,3.4156432850421883e-09,0.06363527106680919,-0.027519297819078088,1.0287915884159102,0.3764194103184502,0.3263076305389404,-0.5033189079270756,1.4700320945262908,0.12035635414123536,0.4,0.0,1.4,0.0
transgastric_short_axis,2,202,10.1008,0.32630047018789216,-0.5033189066760566,1.4700331075345474,0.12035635623891239,-0.0071603510481048,1.2510197740938732e-06,0.0010130082564105344,2.0976236906849534e-06,0.06363527106673972,-0.02751929781901842,1.0287915884205499,0.527401015499743,0.3303252696990967,-0.25989177383270406,1.5077675109386444,-0.05095966501235962,0.4,0.0,1.4,0.0
transgastric_short_axis,2,203,10.1512,0.33031810727952204,-0.2598917747136249,1.5077682626295124,-0.050959662780018955,-0.007162419574812284,-8.809226259221187e-07,0.0007516908674214928,2.2315396012606114e-06,0.06792923884110337,-0.016218001450077884,1.024724289407899,0.29429608627663156,0.3464534759521485,-0.6239305816702679,1.4200553255081176,0.26754919567108154,0.4,0.0,1.4,0.0
transgastric_short_axis,2,204,10.2011,0.3464463159680076,-0.6239305760079255,1.4200564014878854,0.2675492037430418,-0.007159984140730845,5.662342712016122e-06,0.0010759797663279023,8.071867731177884e-06,0.06792923884139276,-0.016218001448084687,1.0247242894269433,0.6812798224042446,0.29085559844970704,0.07535231212054261,1.503085600376129,-0.26894545476436615,0.4,0.0,1.4,0.0
transgastric_short_axis,2,205,10.2509,0.29084843646304853,0.0753523090292525,1.503086414405324,-0.2689454493087839,-0.007161986658550817,-3.0912903816921666e-06,0.0008140291947314502,5.455551515650351e-06,0.06768955681509231,0.014436728248890737,0.9854993825102909,0.31709698490753735,0.3342650413513184,-0.0170584206316902,1.5418052235603332,0.21764320864677428,0.4,0.0,1.4,0.0
transgastric_short_axis,2,206,10.301,0.3342578786812157,-0.017058419581826634,1.5418059463019373,0.21764320362150968,-0.007162670102528867,1.0498620963573342e-06,0.0007227416034829527,-5.025266311033992e-06,0.06768955681485747,0.014436728249574295,0.9854993825136538,0.26849675358064445,0.31496791839599614,-0.452958386072055,1.4387151818275452,0.016617851972579957,0.4,0.0,1.4,0.0
transgastric_short_axis,2,207,10.351,0.3149607576233597,-0.45295838657264564,1.4387161430251059,0.016617853971535368,-0.00716077263645614,-5.00591805612918e-07,0.0009611975613575642,1.998380552393896e-06,0.06213390477859843,-0.030887957169855616,1.0141788756043022,0.46279376131474265,0.340957498550415,-0.3570400204928357,1.4997374997138977,0.0075296686649322505,0.4,0.0,1.4,0.0
transgastric_short_axis,2,208,10.4009,0.34095033694233556,-0.3570400208972231,1.499738350761592,0.007529669908707071,-0.007161608079500902,-4.0438741110316625e-07,0.0008510476941174406,1.2440894574138796e-06,0.062133904778545024,-0.030887957170031913,1.014178875603135,0.37545821840930543,0.3488536596298218,-0.563309878014635,1.4690267280578613,0.11338563852310181,0.4,0.0,1.4,0.0
transgastric_short_axis,2,209,10.451,0.34884649942004525,-0.5633098769933733,1.4690277585034819,0.11338564123084804,-0.00716020977639809,1.021261861851562e-06,0.0010304456198610586,2.7076318932005313e-06,0.056574617125404604,-0.04041449305508566,1.0459351764353022,0.5809955535296448,0.32226233482360844,-0.11520229422653712,1.5268561788082122,-0.18422680463790894,0.4,0.0,1.4,0.0
transgastric_short_axis,2,210,10.501,0.32225517183263963,-0.11520229570388098,1.526856860316128,-0.18422679940073206,-0.00716299096878774,-1.4773432219204036e-06,0.0006815079160186865,5.2371514290763925e-06,0.05657461712546756,-0.0404144930550535,1.0459351764337328,0.2633400916475121,0.3402686834335327,-0.5337882379884021,1.5211533596992493,0.10199273357391357,0.4,0.0,1.4,0.0
transgastric_short_axis,2,211,10.5511,0.3402615229026041,-0.5337882378206209,1.5211543454476466,0.10199273452856783,-0.007160530928548896,1.6778143258954808e-07,0.0009857483973437675,9.545004167617252e-07,0.058218245498652975,-0.03854738882460702,1.0337260090535894,0.5599816620203044,0.32812299728393557,-0.2378713223296538,1.5281046009063721,-0.15298104844093321,0.4,0.0,1.4,0.0
transgastric_short_axis,2,212,10.601,0.3281158344365681,-0.23787132368326036,1.528105299072684,-0.1529810437225283,-0.007162847367351518,-1.3536067505594813e-06,0.0006981663126544936,4.718375966996896e-06,0.05821824549832389,-0.038547388825104265,1.0337260090514495,0.318691492322141,0.35018382072448734,-0.6933982648552522,1.4634233407974242,0.2065502845287323,0.4,0.0,1.4,0.0
transgastric_short_axis,2,213,10.651,0.35017666062580083,-0.6933982622106457,1.463424391027539,0.20655028887628113,-0.007160098686374577,2.644606604468346e-06,0.001050230114738506,4.347421474863732e-06,0.04836877049889188,-0.04953080998823959,1.0475985365235738,0.7279898284970947,0.2891021966934204,0.06323139214985932,1.5288886332035065,-0.4811072721004486,0.4,0.0,1.4,0.0
transgastric_short_axis,2,214,10.7011,0.28909503523708524,0.06323138846342058,1.528889537461266,-0.48110726454063935,-0.007161456335212444,-3.6864389703883736e-06,0.000904257759759793,7.559783916198659e-06,0.04836877049946399,-0.04953080998782443,1.047598536520893,0.5141739322027433,0.34720973968505864,-0.4532328997237933,1.5396034915924073,0.18205709309577942,0.4,0.0,1.4,0.0
transgastric_short_axis,2,215,10.7511,0.34720257896409396,-0.45323289920996007,1.5396044569424898,0.18205709194377206,-0.00716072096462327,5.1383389617997e-07,0.0009653500820846127,-1.15200314053487e-06,0.05960739548472453,-0.036080197865666304,1.0393676163216234,0.5107267544583298,0.32782697677612305,-0.40213928036089047,1.5124685214042664,-0.07691596519947051,0.4,0.0,1.4,0.0
transgastric_short_axis,2,216,10.8008,0.3278198150215968,-0.4021392816858084,1.5124693544521381,-0.07691596212059348,-0.007161754526358401,-1.3249190230499882e-06,0.0008330478712308951,3.078828106147827e-06,0.05960739548384205,-0.03608019786696163,1.0393676163218617,0.4306871276206334,0.35350258350372316,-0.5142917766025284,1.5118962733268737,0.06932927770614623,0.4,0.0,1.4,0.0
transgastric_short_axis,2,217,10.8509,0.35349542285540686,-0.5142917766169126,1.5118972440552287,0.06932927902699859,-0.007160648316378086,-1.4385468205089353e-08,0.00097072835465928,1.320733107268175e-06,0.05957343806077269,-0.036444226229394604,1.0476110258203128,0.5329036023041471,0.3353222370147705,-0.2625739931693342,1.5274233710289,-0.11980713829994201,0.4,0.0,1.4,0.0
transgastric_short_axis,2,218,10.901,0.3353150743191764,-0.2625739943389145,1.5274240870510924,-0.11980713441885715,-0.007162695593928821,-1.1695810139350164e-06,0.0007160221935326019,3.881050286363952e-06,0.05957343806069571,-0.036444226229539196,1.0476110258189795,0.32205572426505397,0.3505128383636475,-0.6713244461006703,1.4642354611873627,0.21097640619277955,0.4,0.0,1.4,0.0
transgastric_short_axis,2,219,10.9508,0.3505056782774074,-0.6713244433529243,1.4642365132322173,0.2109764104811811,-0.007160086239961222,2.747746519337322e-06,0.001052044854422467,4.288279563532278e-06,0.04933566969641626,-0.04855368828569603,1.0478682165237534,0.7083527168986153,0.2904592752456665,0.04796910722585943,1.5298683458805085,-0.45356408829689027,0.4,0.0,1.4,0.0
transgastric_short_axis,2,220,11.0015,0.290452113632854,0.04796910381598707,1.5298692288898144,-0.45356408043715357,-0.007161612812515629,-3.40987402064734e-06,0.0008830093053934376,7.859525352554018e-06,0.04933566969696905,-0.04855368828527863,1.0478682165210853,0.4867115840039703,0.3496272563934326,-0.44322007981536793,1.5435938733100891,0.16443780698776245,0.4,0.0,1.4,0.0
transgastric_short_axis,2,221,11.051,0.34962009557372187,-0.4432200794971622,1.5435948251432956,0.16443780585800027,-0.007160819710700958,3.182057983126305e-07,0.0009518332066030785,-1.1297635107712368e-06,0.06032946598132591,-0.03498185770837519,1.041511124793148,0.4966300831029054,0.3283851146697998,-0.4124395344135303,1.5114037954330444,-0.05019014489650726,0.4,0.0,1.4,0.0
transgastric_short_axis,2,222,11.1011,0.328377953092299,-0.41243953550360796,1.5114046501114036,-0.050190142354647804,-0.0071615775006976055,-1.0900769077751475e-06,0.0008546783595749284,2.541792463589907e-06,0.06032946598044883,-0.034981857709732944,1.0415111247931852,0.436080422061923,0.35313234329223636,-0.48772761857872077,1.5113697152137755,0.04884781494140625,0.4,0.0,1.4,0.0
transgastric_short_axis,2,223,11.151,0.3531251824804932,-0.48772761875841236,1.5113706643795917,0.048847816282491685,-0.007160811743112556,-1.7969085864684246e-07,0.0009491658163429151,1.3401928538362637e-06,0.06089116223903189,-0.03423566885918034,1.0472800514791303,0.5048415718392831,0.33532133102416994,-0.3053852023480366,1.522515257692337,-0.0625724061012268,0.4,0.0,1.4,0.0
transgastric_short_axis,2,224,11.2011,0.3353141687265566,-0.3053852032423959,1.5225160235584054,-0.06257240352026994,-0.007162297613167188,-8.943613401509521e-07,0.0007658660682248791,2.580403974160754e-06,0.060891162238851805,-0.03423566885965286,1.0472800514704608,0.34113026960063675,0.3477416276931763,-0.638108106986819,1.4674365674972534,0.19328858513832092,0.4,0.0,1.4,0.0
transgastric_short_axis,2,225,11.2512,0.34773446762641164,-0.638108104609451,1.4674376203799788,0.19328858900996782,-0.00716006676465111,2.377367653120741e-06,0.0010528827256543465,3.87152738605722e-06,0.051400131720896934,-0.04648879799384686,1.0448894550601389,0.6721770230575715,0.29924798011779785,0.03280906272058337,1.5321719439983368,-0.3848272820949554,0.4,0.0,1.4,0.0
transgastric_short_axis,2,226,11.301,0.2992408182057172,0.03280906003218487,1.5321727800150873,-0.3848272744298142,-0.007161912080702329,-2.688392505640687e-06,0.0008360167507686099,7.66492134093881e-06,0.06692265146106546,0.01534249887346157,0.9918449486876424,0.42046465018838985,0.35311465263366704,-0.18937790526418502,1.550815134716034,0.29808619565963745,0.4,0.0,1.4,0.0
transgastric_short_axis,2,227,11.3511,0.35310749105715106,-0.18937790433784318,1.5508160007708742,0.2980861904586609,-0.007161576515821346,9.263425836421044e-07,0.0008660548404755751,-5.200988099967151e-06,0.06528415593596326,-0.022979646589481824,1.044475183457011,0.386863982656729,0.30731725692749023,-0.6700333331206323,1.510058563041687,-0.011027946996688843,0.4,0.0,1.4,0.0
transgastric_short_axis,2,228,11.4011,0.3073100966261745,-0.6700333343231899,1.510059576482969,-0.011027943999759282,-0.007160301315615696,-1.202557175790085e-06,0.001013441282846424,2.9987627144120045e-06,0.0652841559352301,-0.02297964659109396,1.0444751834567216,0.6853982880166634,0.3236306190490723,-0.10098825447472763,1.5426029253959654,-0.22267107088565827,0.4,0.0,1.4,0.0
transgastric_short_axis,2,229,11.4509,0.3236234560631503,-0.10098825561288556,1.542603608983697,-0.2226710650810674,-0.007162985921952658,-1.138159493297055e-06,0.0006835877319401084,5.804564638226058e-06,0.06953554403722154,0.0007225818674546497,1.0155723264280996,0.29317263984721215,0.34668574333190916,-0.4724467955568204,1.5237106869220733,0.2991359413146973,0.4,0.0,1.4,0.0
transgastric_short_axis,2,230,11.5009,0.34667858287803593,-0.4724467935575404,1.5237116957518433,0.2991359401921825,-0.007160453873173865,1.9992802097306385e-06,0.0010088297693236082,-1.1225864365832008e-06,0.0695355440370676,0.0007225818693406719,1.0155723264307701,0.5751834843310031,0.30700550079345706,-0.33057023824015763,1.4896531253814698,0.07345204796791077,0.4,0.0,1.4,0.0
transgastric_short_axis,2,231,11.551,0.30699833940043636,-0.33057023768520744,1.4896540049504097,0.07345204809347461,-0.007161393020702169,5.549507215025289e-07,0.0008795689402282025,1.2565384092058026e-07,0.06506950848548891,-0.02504492807879357,1.0026644218025456,0.3624348698598207,0.340596079826355,-0.5894532773921561,1.4499891805171967,0.15208990688323976,0.4,0.0,1.4,0.0
transgastric_short_axis,2,232,11.601,0.3405889197887256,-0.589453275327852,1.4499902366649522,0.15208991091478818,-0.007160037629298539,2.0643039862346422e-06,0.0010561477553398132,4.031448981499732e-06,0.06506950848550665,-0.02504492807869299,1.0026644218044722,0.6136898280161478,0.3175992012023926,-0.0671481739052553,1.5148490808963775,-0.12562792739868164,0.4,0.0,1.4,0.0
transgastric_short_axis,2,233,11.651,0.3175920382343635,-0.06714817516307472,1.5148497635798908,-0.12562792366149633,-0.00716296802916971,-1.2578195157259515e-06,0.0006826835129361433,3.7371487711523645e-06,0.06975244877617254,-0.0002954759213044558,1.0114908313771804,0.20068082366771658,0.33385829925537114,-0.33511862609876875,1.5096829316139222,0.16386612067222595,0.4,0.0,1.4,0.0
transgastric_short_axis,2,234,11.7009,0.33385113813992556,-0.3351186247533704,1.5096838475690317,0.16386611962373276,-0.007161115445510745,1.3453988040734415e-06,0.0009159551089902592,-1.0485306419722918e-06,0.06975244877611184,-0.00029547592006495035,1.0114908313800923,0.39441452326208726,0.3282277822494507,-0.5223408689081027,1.4467004393577576,0.26131588611602785,0.4,0.0,1.4,0.0
transgastric_short_axis,2,235,11.7509,0.3282206221912574,-0.5223408642043026,1.4467015015710372,0.26131589126088084,-0.007160058193273426,4.703800194223566e-06,0.001062213279171808,5.144808247035201e-06,0.054666082085602946,-0.04190345920396599,1.026737908279796,0.5903043984003219,0.30559668540954593,-0.1661423657078401,1.5100418974399565,-0.25239267354011535,0.4,0.0,1.4,0.0
transgastric_short_axis,2,236,11.8009,0.3055895225637435,-0.16614236848143218,1.5100426014454342,-0.25239266613486716,-0.0071628458024094385,-2.7735916498615177e-06,0.0007040054775673685,7.405231541713201e-06,0.05466608208620702,-0.04190345920334454,1.0267379082785166,0.3351537809810701,0.34280450344085694,-0.7580185163195339,1.5089091982841492,0.18966072707176207,0.4,0.0,1.4,0.0
transgastric_short_axis,2,237,11.8509,0.3427973430935058,-0.7580185153352833,1.5089102120920828,0.18966072886868002,-0.007160347351233082,9.842512342622564e-07,0.0010138079335246474,1.7967890028449035e-06,0.045745471960120083,-0.052392853264400574,1.03708779082515,0.7910100125290518,0.29024643898010255,0.0813788792198238,1.5297696630477906,-0.4844583688259125,0.4,0.0,1.4,0.0
transgastric_short_axis,2,238,11.9013,0.29023927759662593,0.08137887558574164,1.5297705772382546,-0.4844583614640975,-0.007161383476411416,-3.6340836603974445e-06,0.0009141904650128103,7.361786836533624e-06,0.04574547195988904,-0.05239285326461499,1.0370877908228189,0.5198175105585979,0.3474125385284424,-0.44234223534105055,1.5369414894104003,0.15985776257514953,0.4,0.0,1.4,0.0
transgastric_short_axis,2,239,11.9509,0.3474053777300158,-0.4423422348778338,1.536942443923822,0.15985776172994548,-0.007160798426656824,4.632167637976604e-07,0.0009545134211884698,-8.451880427444085e-07,0.0604384852454297,-0.03479094011508419,1.0397595924095497,0.4926871055564334,0.32867538928985596,-0.4090163529214237,1.509909883403778,-0.043788213157653806,0.4,0.0,1.4,0.0
transgastric_short_axis,2,240,12.0009,0.3286682277266649,-0.4090163539546669,1.5099107398516418,-0.04378821075297701,-0.007161563191107167,-1.0332432137163456e-06,0.0008564478647417733,2.4046011597699507e-06,0.06043848524459411,-0.03479094011638671,1.0397595924101086,0.4317179376325551,0.35326356887817384,-0.4904645159414816,1.5091046914100648,0.051664863395690916,0.4,0.0,1.4,0.0
transgastric_short_axis,2,241,12.0509,0.3532564080915092,-0.49046451608604896,1.5091056447158406,0.05166486476052956,-0.007160786664558806,-1.4456704482416618e-07,0.0009533057757762757,1.3647352953110771e-06,0.06073803059457714,-0.034482211149474515,1.0475691380449148,0.5072609830093507,0.3350890398025513,-0.2977460079849284,1.5226613157749176,-0.06846425807476043,0.4,0.0,1.4,0.0
transgastric_short_axis,2,242,12.1009,0.3350818774534668,-0.2977460089019203,1.522662073956937,-0.06846425540028367,-0.007162349084518159,-9.169920995155579e-07,0.0007581820195540226,2.674420157566455e-06,0.06073803059452462,-0.03448221114958275,1.0475691380439807,0.3355598115193795,0.3478949785232544,-0.6470043341903906,1.465623574733734,0.1978236886024475,0.4,0.0,1.4,0.0
transgastric_short_axis,2,243,12.1513,0.3478878184759167,-0.6470043317064728,1.465624628436509,0.19782369268954092,-0.007160047337682577,2.4839195555892808e-06,0.0010537027747276276,4.086088782478861e-06,0.05085575666112014,-0.04704207690377154,1.0451646130358592,0.6817412192004341,0.2962664127349854,0.03703312749269327,1.5317384510993957,-0.4071586266517639,0.4,0.0,1.4,0.0
transgastric_short_axis,2,244,12.2011,0.29625925092263117,0.03703312460063035,1.531739302450597,-0.4071586188534493,-0.00716181235412933,-2.8920597328455276e-06,0.0008513512019012718,7.79809774767908e-06,0.05085575666355887,-0.04704207690206938,1.0451646130129284,0.4418902353001678,0.3467721462249756,-0.4163510730705302,1.5523401309013367,0.11272538108825683,0.4,0.0,1.4,0.0
transgastric_short_axis,2,245,12.251,0.3467649850961345,-0.4163510731375841,1.5523410415870158,0.11272538039022617,-0.0071611288410858,-6.705451816558284e-08,0.000910685679676871,-6.980320746440647e-07,0.062213684022782365,-0.03181587250723391,1.0380526823522809,0.46053988670968643,0.3328213691711426,-0.46739787905489655,1.5032822170257567,0.015531966304779052,0.4,0.0,1.4,0.0
transgastric_short_axis,2,246,12.301,0.33281420819500057,-0.4673978795705156,1.5032831467789673,0.01553196800648049,-0.007160976142120703,-5.15620696343049e-07,0.000929753211738585,1.7016958628012324e-06,0.06221368401912683,-0.03181587251384328,1.0380526823523433,0.4836148869567592,0.34043169021606445,-0.36516644849975227,1.5179685444831847,-0.010580129170417785,0.4,0.0,1.4,0.0
transgastric_short_axis,2,247,12.3509,0.34042452849552224,-0.36516644906729434,1.5179693805636223,-0.010580127591774513,-0.007161720542244853,-5.675420297628834e-07,0.0008360804377160576,1.5783856445395126e-06,0.06542369862617865,-0.024615882099057233,1.0341205915905425,0.3884900078249384,0.3498598575592041,-0.5721128529681617,1.47714193983078,0.15056079111099244,0.4,0.0,1.4,0.0
transgastric_short_axis,2,248,12.4007,0.34985269738367475,-0.5721128514561644,1.477142975469274,0.15056079378232834,-0.007160175529442831,1.5119976428177767e-06,0.0010356384943964795,2.671235411579026e-06,0.06542369862658598,-0.024615882097830777,1.034120591596873,0.5987048171257806,0.31993153095245364,-0.11444916059264111,1.5172214012145995,-0.09328196060657501,0.4,0.0,1.4,0.0
transgastric_short_axis,2,249,12.4509,0.31992436797176504,-0.11444916155896265,1.517222081374821,-0.09328195761912994,-0.007162980688614816,-9.663214487854046e-07,0.0006801602217123946,2.987397831006483e-06,0.06966362480076567,-0.00472633384485396,1.0136646231205797,0.20482494331836917,0.33633813858032224,-0.4022044445838134,1.4736391674041749,0.18050550684928893,0.4,0.0,1.4,0.0
transgastric_short_axis,2,250,12.5008,0.33633097797957334,-0.4022044421316635,1.4736401516103808,0.18050550782512698,-0.007160600748979661,2.4521500492810934e-06,0.000984206205680923,9.757773023369915e-07,0.06966362480081452,-0.004726333839597707,1.0136646231479842,0.45147233350437666,0.3299139022827149,-0.3933570905474339,1.4609167593955994,0.2106537676334381,0.4,0.0,1.4,0.0
transgastric_short_axis,2,251,12.5512,0.32990674178109225,-0.39335708713774986,1.4609177595228164,0.21065376925417567,-0.0071605016227183965,3.4096846376674685e-06,0.001000127216302149,1.6207099929437491e-06,0.060748622151190916,-0.03313336784573063,1.0274979323003743,0.45577280170662776,0.3213464975357056,-0.3915852977965826,1.492737197971344,0.018688318920135498,0.4,0.0,1.4,0.0
transgastric_short_axis,2,252,12.6009,0.32133933622453303,-0.391585298123307,1.4927380866805349,0.01868832020518152,-0.00716131117247354,-3.267246066021181e-07,0.0008887091910016186,1.285202303803457e-06,0.06424909346171774,-0.027236663221736686,1.0167973891950717,0.41045846533501307,0.3478609323501587,-0.5264228082629757,1.4810240887641906,0.10243090782165527,0.4,0.0,1.4,0.0
transgastric_short_axis,2,253,12.6509,0.34785377197616035,-0.5264228075218127,1.4810250960574827,0.10243090980036396,-0.007160373998423262,7.411645870361411e-07,0.0010072932918847892,1.977998640587727e-06,0.058322858447190006,-0.03803191078101961,1.044112874698002,0.5448828854441259,0.3290850639343262,-0.20785720556121656,1.5228433266162873,-0.1373007770061493,0.4,0.0,1.4,0.0
transgastric_short_axis,2,254,12.7009,0.3290779010328104,-0.2078572069166216,1.5228440199165103,-0.1373007726336004,-0.007162901515770616,-1.3554093534651396e-06,0.0006933002236142161,4.37227169128729e-06,0.058322858447345596,-0.03803191078109339,1.0441128746872352,0.2866648181834016,0.3485172271728516,-0.5907773469906838,1.4620341037273408,0.15735829682350158,0.4,0.0,1.4,0.0
transgastric_short_axis,2,255,12.7512,0.3485100670911415,-0.5907773450712385,1.4620351530331073,0.15735830038101817,-0.007160081710084245,1.9194452250083643e-06,0.0010493057660710165,3.5573736266468815e-06,0.05437994078649666,-0.043075849515480893,1.046061409085283,0.6166677221575844,0.31365785598754886,-0.048791524659989524,1.527436853313446,-0.25485056891441343,0.4,0.0,1.4,0.0
transgastric_short_axis,2,256,12.8012,0.313650693292375,-0.048791526599757114,1.5274375758045915,-0.25485056245235216,-0.007162695173863128,-1.939768146299024e-06,0.000722491145216061,6.4620377038988496e-06,0.0543799407887072,-0.043075849513725624,1.0460614090606917,0.30170508902909404,0.33061203956604,-0.556177017153778,1.5519262996673584,0.07823376488685607,0.4,0.0,1.4,0.0
transgastric_short_axis,2,257,12.8512,0.33060487890042284,-0.5561770175359052,1.5519272669042437,0.07823376555703909,-0.007160665617120239,-3.8212681039928346e-07,0.0009672368852264274,6.700068501938934e-07,0.057903957645133994,-0.03921605294292353,1.0219236148314343,0.5859615807967163,0.3292115211486817,-0.23065869147177062,1.534297463607788,-0.191087602186203,0.4,0.0,1.4,0.0
transgastric_short_axis,2,258,12.9014,0.3292043582058142,-0.2306586928716304,1.534298151211651,-0.19108759660663388,-0.007162942867504506,-1.3998607433567946e-06,0.0006876038637984808,5.579545495147236e-06,0.05790395764203388,-0.03921605294736458,1.0219236148156365,0.3358063705322859,0.34960577487945554,-0.7529684762965251,1.4786864104270936,0.2279195182800293,0.4,0.0,1.4,0.0
transgastric_short_axis,2,259,12.951,0.34959861457975866,-0.752968473829838,1.478687435388129,0.2279195215958154,-0.007160299696937018,2.4666871775945024e-06,0.0010249610354505672,3.3156774175428384e-06,0.044794433168154194,-0.05281769626096294,1.0459538694109871,0.7922378702424806,0.29425716400146484,0.06820821604883692,1.517862558746338,-0.5053727627277375,0.4,0.0,1.4,0.0
transgastric_short_axis,2,260,13.0012,0.29425000265707013,0.06820821116730968,1.517863481812837,-0.5053727562579681,-0.007161344394802955,-4.881526587847792e-06,0.0009230664994960564,6.469744929080401e-06,0.044794433169958604,-0.052817696260139255,1.045953869388098,0.5339745734784518,0.3469091415405273,-0.42742562040416454,1.5322213790416717,0.20535410628318787,0.4,0.0,1.4,0.0
transgastric_short_axis,2,261,13.0509,0.3469019808204762,-0.4274256194676509,1.5322223462763445,0.20535410499037177,-0.007160720051073957,9.365140962655756e-07,0.0009672346728031727,-1.292808068809646e-06,0.06002790328633405,-0.03518577048768444,1.0395731299707247,0.4951415122056647,0.32383403778076175,-0.4384232065434848,1.5064861321449279,-0.046922657060623166,0.4,0.0,1.4,0.0
transgastric_short_axis,2,262,13.1013,0.32382687639156893,-0.4384232077054957,1.5064870105559773,-0.04692265451122868,-0.007161389192798796,-1.1620100589729039e-06,0.0008784110490673905,2.549334292212907e-06,0.06002790328318211,-0.0351857704923792,1.039573129974502,0.45995485945750214,0.3505471229553223,-0.45614600264336574,1.5177314809799194,0.009691141033172607,0.4,0.0,1.4,0.0
transgastric_short_axis,2,263,13.1509,0.3505399618181898,-0.45614600317463605,1.5177323893712416,0.009691142647439754,-0.00716113713245326,-5.31268174604232e-07,0.0009083913223256316,1.612878903312404e-06,0.06260364025531455,-0.031094781575374243,1.0442526073186715,0.4737829728282939,0.3433233976364136,-0.38198012878845344,1.5169747877597808,0.015449949073791503,0.4,0.0,1.4,0.0
transgastric_short_axis,2,264,13.201,0.3433162361262933,-0.38198012914289237,1.516975650121342,0.01544995024433149,-0.0071615101202278965,-3.5443958709196186e-07,0.0008623615612350029,1.1706610461699828e-06,0.06465549936593258,-0.026555521671158596,1.0370816399469291,0.40378691389243143,0.3483120441436768,-0.5365094060559747,1.4838366431236267,0.12111810321807862,0.4,0.0,1.4,0.0
transgastric_short_axis,2,265,13.2509,0.3483048838278997,-0.5365094050815626,1.4838376579981487,0.12111810523071131,-0.0071603157772618985,9.744130985391797e-07,0.0010148745217546246,2.011904424213498e-06,0.057556493329715436,-0.039148594794851235,1.0443620534707976,0.5587603019992664,0.32440052032470706,-0.18355188667855443,1.5232004199028015,-0.1531272001504898,0.4,0.0,1.4,0.0
transgastric_short_axis,2,266,13.301,0.32439335735710395,-0.18355188812125486,1.5232011056966224,-0.15312719539189956,-0.007162967603017828,-1.4427026113796105e-06,0.0006857938210545949,4.758336080762652e-06,0.06931837489501946,-0.0074386188362148276,1.0177042784644865,0.2793458617163812,0.3489818096160889,-0.5764850352699613,1.4057146688461304,0.31042061347961425,0.4,0.0,1.4,0.0
transgastric_short_axis,2,267,13.351,0.34897464965276176,-0.5764850277718911,1.4057157519001526,0.31042062392713987,-0.0071599633271371204,7.498072434773647e-06,0.0010830540154912836,1.0446806689867772e-05,0.05067813109155637,-0.04570070367434312,1.0502029790435687,0.6567588653397192,0.2852195262908936,0.011078292403917273,1.5139553177833558,-0.4436937452316284,0.4,0.0,1.4,0.0
transgastric_short_axis,2,268,13.4009,0.2852123645691574,0.011078287861089109,1.5139561860462205,-0.44369373770834847,-0.0071617217361586855,-4.542808854127163e-06,0.0008682628624792124,7.523130394473428e-06,0.05067813110290796,-0.04570070366524945,1.0502029790159646,0.4723865736126957,0.34686331748962407,-0.4961585207996391,1.5452604334831237,0.17653291425704956,0.4,0.0,1.4,0.0
transgastric_short_axis,2,269,13.4512,0.34685615686268334,-0.496158520509006,1.5452614095838815,0.17653291314404562,-0.0071606269407722065,2.9063413798707807e-07,0.0009761007570593084,-1.1132263701004043e-06,0.058134872253462457,-0.03845926566406559,1.0386295185464975,0.5488736576613135,0.32178916931152346,-0.31728535042554157,1.5191388816833495,-0.13588289008140564,0.4,0.0,1.4,0.0
transgastric_short_axis,2,270,13.5011,0.32178200684016617,-0.3172853520181844,1.5191396288335444,-0.13588288558403191,-0.00716247135728601,-1.5926437399431741e-06,0.0007471501943126292,4.497088089098858e-06,0.06759040827942449,-0.017204924690866583,1.0153797076621538,0.37342530553310505,0.3549670457839966,-0.688324630889461,1.4643300244331359,0.27764143466949465,0.4,0.0,1.4,0.0
transgastric_short_axis,2,271,13.5509,0.35495988557342,-0.688324626890238,1.4643310643489036,0.27764143926093876,-0.007160210576742738,3.999225290630834e-06,0.0010399157648098138,4.590705619339635e-06,0.04663244314819778,-0.05077754264866362,1.052255952719456,0.7463529048153381,0.2799668312072754,0.02755060953632988,1.517409591436386,-0.5169212757110596,0.4,0.0,1.4,0.0
transgastric_short_axis,2,272,13.6008,0.27995966974201664,0.027550604483469243,1.5174105006271539,-0.5169212684431242,-0.007161465258708024,-5.052859589739173e-06,0.0009091907683870753,7.267915126241037e-06,0.06483257385165252,0.01909040545301037,0.9734508869252736,0.5442072584247822,0.37075490951538087,-0.41355931042812455,1.4811023609161376,0.40278624687194825,0.4,0.0,1.4,0.0
transgastric_short_axis,2,273,13.651,0.37074774912751907,-0.41355930448094064,1.481103394135527,0.4027862497819781,-0.00716038786172633,5.947183826590487e-06,0.0010332193879381963,2.9100007441386502e-06,0.055773120043840295,-0.03945960842232915,1.066766949422538,0.5836964245715393,0.3102763652801514,-0.4703152888052943,1.5156559581756592,-0.20443908984661102,0.4,0.0,1.4,0.0
transgastric_short_axis,2,274,13.701,0.3102692033774176,-0.4703152913783692,1.5156567800480296,-0.20443908386022883,-0.007161902733761944,-2.5730740872784207e-06,0.0008218723686769726,5.986408456746116e-06,0.05577312004459496,-0.03945960842154728,1.066766949421369,0.5333103401843354,0.33938446044921877,-0.49618623431973274,1.551503480243683,-0.0859407630443573,0.4,0.0,1.4,0.0
transgastric_short_axis,2,275,13.7509,0.33937729898577895,-0.4961862351772574,1.5515043477055253,-0.08594075950425675,-0.00716146343984854,-8.575240449912779e-07,0.0008674618425688966,3.5403105460622054e-06,0.062863529917184,-0.03061564660151085,1.0307251619226996,0.5293536373498207,0.3439485549926758,-0.43912784151721695,1.5407262662887573,-0.06377729165554047,0.4,0.0,1.4,0.0
transgastric_short_axis,2,276,13.801,0.3439413933520192,-0.43912784237312014,1.5407271122395247,-0.06377728877931602,-0.007161640656706374,-8.559018949692075e-07,0.0008459507679737933,2.876025266328903e-06,0.06286352991722739,-0.030615646601447596,1.0307251619169144,0.46887897373405535,0.3518413066864014,-0.4793963352273282,1.5221368174552916,0.04067230739593506,0.4,0.0,1.4,0.0
transgastric_short_axis,2,277,13.8509,0.35183414575291216,-0.4793963355216459,1.522137751610238,0.04067230866924995,-0.007160933488991793,-2.943171793863156e-07,0.0009341549465442814,1.2732231775047233e-06,0.06135356899616295,-0.033498218311169836,1.0452374942213363,0.49871100157087483,0.33634495735168457,-0.3346510540739457,1.5224757471084593,-0.045891730427742,0.4,0.0,1.4,0.0
transgastric_short_axis,2,278,13.9009,0.3363377952898584,-0.3346510548671859,1.5224765407618035,-0.04589172819952572,-0.007162061825990517,-7.932381872180648e-07,0.0007936533453086302,2.2281372143958062e-06,0.06653217189015045,-0.02143527583264031,1.0297170835417373,0.36489828526096574,0.34894876480102544,-0.6251915468345285,1.4630746739387512,0.22614734687805174,0.4,0.0,1.4,0.0
transgastric_short_axis,2,279,13.951,0.34894160472788344,-0.6251915436650974,1.4630757290053786,0.22614735119826077,-0.007160073141994558,3.169431636338016e-06,0.0010550666268604788,4.3201119636885216e-06,0.05111916508549039,-0.046575123183595836,1.0463716584005587,0.6697705562665923,0.2952147960662842,0.021367123992194183,1.5287120527267455,-0.3906014449596405,0.4,0.0,1.4,0.0
transgastric_short_axis,2,280,14.0009,0.29520763414114154,0.021367121024227664,1.5287128878839518,-0.3906014371931727,-0.0071619251424618995,-2.9679573946083535e-06,0.0008351572063933422,7.766262666571017e-06,0.0511191650862383,-0.04657512318295943,1.0463716583979077,0.4249405653123265,0.34096560478210447,-0.4708916551218363,1.5557751173973082,0.09898431158065796,0.4,0.0,1.4,0.0
transgastric_short_axis,2,281,14.0509,0.3409584438364532,-0.47089165532508453,1.5557760501093627,0.09898431125241558,-0.007160945651161548,-2.0324776362201344e-07,0.0009327120546658251,-3.284946038614912e-07,0.06065260102701083,-0.03475873084607661,1.0320072504450293,0.5092042105784291,0.3312830924987793,-0.3835105517595703,1.520824916267395,-0.0756708200454712,0.4,0.0,1.4,0.0
transgastric_short_axis,2,282,14.1009,0.3312759305916289,-0.38351055291332486,1.5208257310914925,-0.07567081700391576,-0.007161907150498085,-1.1537562425708792e-06,0.000814824096723533,3.041132797321225e-06,0.060652601023130664,-0.03475873085243406,1.0320072504417812,0.41488344357393264,0.3547722816467285,-0.5620695107369306,1.506487068414688,0.10006757569313049,0.4,0.0,1.4,0.0
transgastric_short_axis,2,283,14.1509,0.35476512126098353,-0.5620695104290794,1.5064880715517965,0.10006757725017845,-0.007160385745074403,3.078529906958007e-07,0.00100313710865639,1.555920805386229e-06,0.057097067582550697,-0.04009405650401582,1.049252345017976,0.5825131399445506,0.3250398635864258,-0.1461991174372136,1.5319099757194519,-0.18211813788414002,0.4,0.0,1.4,0.0
transgastric_short_axis,2,284,14.2012,0.32503270056220507,-0.14619911876693062,1.5319106528135364,-0.18211813268381682,-0.007163024220696232,-1.3297187981018718e-06,0.0006770940857554001,5.200298756034476e-06,0.06955212267781953,-0.003834219933490846,1.0177315075931488,0.2784990357095636,0.34587197303771977,-0.5692521810325504,1.474215160560608,0.3056883316040039,0.4,0.0,1.4,0.0
transgastric_short_axis,2,285,14.251,0.3458648128606737,-0.5692521767124206,1.4742162088335808,0.30568833535973283,-0.007160177045979196,4.32013065069997e-06,0.00104827297187523,3.7556433459643653e-06,0.05164873390594911,-0.045556012926684056,1.04245844853735,0.6526347088586946,0.2891123294830322,-0.09583016917405651,1.5169270380020141,-0.3516604876041412,0.4,0.0,1.4,0.0
transgastric_short_axis,2,286,14.301,0.28910516701614475,-0.09583017255146756,1.5169277973758346,-0.3516604789571898,-0.007162466887439973,-3.377412212841535e-06,0.0007593738203208963,8.646936109888653e-06,0.06860230586085109,0.005517200761444407,0.9827588113856358,0.3985201227207048,0.34677083492279054,-0.5726362265402004,1.540546877002716,0.3672819612979889,0.4,0.0,1.4,0.0
transgastric_short_axis,2,287,14.351,0.34676367436399336,-0.5726362250764544,1.5405478775106154,0.3672819583610156,-0.007160558796917898,1.4637479988173757e-06,0.001000507898335689,-2.9375201176139683e-06,0.050035518619428634,-0.04721080869073717,1.0388101458841221,0.6967037357781831,0.2795151710510254,-0.22052284600455116,1.5176037737846375,-0.4068724089860916,0.4,0.0,1.4,0.0
transgastric_short_axis,2,288,14.4009,0.27950800838949585,-0.22052284997787347,1.5176045170126713,-0.4068723982930565,-0.007162661529560507,-3.973324755940376e-06,0.0007432280326530996,1.069298804067394e-05,0.05003551861584239,-0.047210808693943,1.0388101458611798,0.49246788557139115,0.34092597961425786,-0.557678228576688,1.5364040705680846,0.19581801152229308,0.4,0.0,1.4,0.0
transgastric_short_axis,2,289,14.4509,0.3409188191868288,-0.557678228041004,1.5364050733921069,0.1958180110492096,-0.007160427429050817,5.356842928091439e-07,0.0010028240217825047,-4.7317521190253806e-07,0.05518777189423271,-0.04244766709829463,1.0333027329395448,0.6094642150738689,0.31431164741516116,-0.1921754727655292,1.5251173386096954,-0.2255917644023895,0.4,0.0,1.4,0.0
transgastric_short_axis,2,290,14.5009,0.31430448447081333,-0.19217547469780835,1.525118028074977,-0.22559175783053761,-0.00716294434773515,-1.9322795945682287e-06,0.0006894652814424515,6.571831872240408e-06,0.06926538446049224,-0.005501696013439703,1.0074603562841995,0.33289832773323413,0.35138392448425293,-0.720315957513768,1.461525709247589,0.3584742844104767,0.4,0.0,1.4,0.0
transgastric_short_axis,2,291,14.5509,0.35137676396681544,-0.7203159518036164,1.4615267216847583,0.35847428875444365,-0.007160517437519603,5.710151253642464e-06,0.0010124371682143254,4.343903398995958e-06,0.042535928437811024,-0.053668693998172985,1.0487678006782162,0.8083988141285009,0.2728283405303955,-0.0055005719780445205,1.4839606052398682,-0.5601866758346558,0.4,0.0,1.4,0.0
transgastric_short_axis,2,292,14.6009,0.2728211791606798,-0.005500580743278796,1.4839615365108418,-0.5601866714647664,-0.007161369715545603,-8.765233576991433e-06,0.0009312709729625758,4.369877131659939e-06,0.0645081893867891,0.01824249745502545,0.9684280338605773,0.5805715764301839,0.3690172910690308,-0.5099609773273552,1.4185101058959961,0.43603973994255063,0.4,0.0,1.4,0.0
transgastric_short_axis,2,293,14.6508,0.3690101308519158,-0.5099609667238149,1.4185111740493879,0.4360397519078294,-0.007160217114978869,1.0603540469082119e-05,0.0010681533883044234,1.1965246416801723e-05,0.05034537147396485,-0.04509595693844893,1.0691321437065342,0.6719329493187779,0.29037032127380374,-0.21838834319679865,1.5126619547367095,-0.47551643085479733,0.4,0.0,1.4,0.0
transgastric_short_axis,2,294,14.7013,0.2903631588103105,-0.21838834824754072,1.5126627282713239,-0.47551641973153597,-0.00716246349318022,-5.050741598050085e-06,0.0007735346136723113,1.1123263117113572e-05,0.06790898970623208,0.0013418630074072038,0.9842046096740531,0.546372092417044,0.37289881706237793,-0.5595030140720427,1.4940483501434325,0.453420464515686,0.4,0.0,1.4,0.0
transgastric_short_axis,2,295,14.7509,0.3728916564913109,-0.5595030085106883,1.4940493660233676,0.4534204664489172,-0.007160571066941915,5.561354333723228e-06,0.001015879934339142,1.9331658416059822e-06,0.048025751500706516,-0.048166345717959275,1.067987513863646,0.7267832424213202,0.27891404628753663,-0.2413896286069467,1.5137914705753326,-0.478851798248291,0.4,0.0,1.4,0.0
transgastric_short_axis,2,296,14.8009,0.2789068837837333,-0.24138963361050064,1.5137922392652996,-0.47885178669675293,-0.007162503803288469,-5.003553837628205e-06,0.0007686899670223927,1.1551539233805274e-05,0.0678988734991406,-0.00010788875774710507,0.972670723794252,0.5614091247470616,0.3732875108718872,-0.5405188783008731,1.502928681564331,0.4240032431602478,0.4,0.0,1.4,0.0
transgastric_short_axis,2,297,14.851,0.3732803503845438,-0.5405188737723232,1.5029297003165727,0.42400324416885216,-0.007160487343394301,4.5285524573652355e-06,0.0010187522362702839,1.008029069429592e-06,0.04982174675820121,-0.04669326836950998,1.06781719228325,0.6951603173748083,0.28616883754730227,-0.25132567457457217,1.5192177155971527,-0.45145841760635375,0.4,0.0,1.4,0.0
transgastric_short_axis,2,298,14.9011,0.28616167491130196,-0.25132567887810064,1.519218466816504,-0.45145840621947797,-0.00716263600029023,-4.303530939828431e-06,0.0007512193499577904,1.1386886176927926e-05,0.04982174676097381,-0.046693268367689576,1.0678171922544497,0.5423573512905006,0.34614615440368657,-0.525882581874664,1.537833941745758,0.21681573343276977,0.4,0.0,1.4,0.0
transgastric_short_axis,2,299,14.9509,0.34613899394429243,-0.5258825811840333,1.5378349398300877,0.21681573241322027,-0.007160459394074403,6.906328243623992e-07,0.0009980843290476723,-1.0202210500933057e-06,0.05602096874212075,-0.04122004815024499,1.0384188682406217,0.5877593296800651,0.3108537197113037,-0.24805473018946642,1.5193004818439484,-0.1999656865596771,0.4,0.0,1.4,0.0
transgastric_short_axis,2,300,15.0012,0.31084655686250695,-0.24805473222085417,1.519301185030316,-0.19996568035487494,-0.0071628487967773805,-2.0313908430476143e-06,0.0007031863666230486,6.204612836176511e-06,0.05602096874042577,-0.04122004815245938,1.0384188682179512,0.3517080219014852,0.3496681213378906,-0.7401256940288082,1.48356250333786,0.21129829573631287,0.4,0.0,1.4,0.0
transgastric_short_axis,2,301,15.0511,0.34966096110081535,-0.7401256919847621,1.4835635322433038,0.21129829887064933,-0.007160237075292726,2.044047758401375e-06,0.0010289054429391418,3.13332489432073e-06,0.04596743315059879,-0.05192432909146506,1.04569169768647,0.7758542993370755,0.28987989425659183,0.07191920619218625,1.5257759107589721,-0.5018353483200073,0.4,0.0,1.4,0.0
transgastric_short_axis,2,302,15.101,0.2898727328650543,0.07191920201402535,1.5257768296711527,-0.5018353410354636,-0.0071613915376303825,-4.1781674702812175e-06,0.0009189121798289136,7.284332364944499e-06,0.04596743315218006,-0.051924329090728374,1.04569169766292,0.533815424073951,0.3470923185348511,-0.4289378797844092,1.5345427662849427,0.19761808376312257,0.4,0.0,1.4,0.0
transgastric_short_axis,2,303,15.151,0.347085157787414,-0.42893787895111385,1.5345437299462006,0.19761808237450662,-0.007160747437327509,8.332971118719172e-07,0.0009636612568978958,-1.388530052143716e-06,0.06013967134133788,-0.0350602805748107,1.0395975937178694,0.4939054628921174,0.3249224185943604,-0.4388147536415645,1.5070362842559815,-0.0447525710105896,0.4,0.0,1.4,0.0
transgastric_short_axis,2,304,15.2009,0.32491525721288883,-0.4388147547740518,1.5070371635645508,-0.0447525685015524,-0.007161381471500226,-1.1324883812314006e-06,0.0008793085694139177,2.508974401639476e-06,0.06387275725033925,-0.028247922574634314,1.0193731416010943,0.4600607072748643,0.3514786243438721,-0.48392094188964274,1.5124125324726105,0.05084656362533569,0.4,0.0,1.4,0.0
transgastric_short_axis,2,305,15.251,0.35147146351190994,-0.483920942050659,1.5124134799407933,0.05084656491739814,-0.007160831962064518,-1.6101533251225448e-07,0.0009474681823692111,1.291986408024271e-06,0.06098925940117269,-0.03406585433530872,1.0455533020998726,0.5017535855827754,0.33518567085266116,-0.3141537226549606,1.5214896677970886,-0.056693193769454954,0.4,0.0,1.4,0.0
transgastric_short_axis,2,306,15.3015,0.33517850864011217,-0.3141537235158401,1.5214904428533513,-0.056693191339162397,-0.0071622125487190375,-8.608802517323319e-07,0.0007750562626078631,2.4302253202173813e-06,0.06705258608686776,-0.01970104010938705,1.0286257497840081,0.3476613774780127,0.3483289241790771,-0.6510553767154295,1.4508968004226683,0.2541923712730408,0.4,0.0,1.4,0.0
transgastric_short_axis,2,307,15.3511,0.34832176411641946,-0.6510553726155781,1.4508978585958188,0.2541923768365759,-0.0071600626576257395,4.099853695787095e-06,0.0010581731475295998,5.562760431586151e-06,0.04905941423033054,-0.04844149156490023,1.046560039644565,0.7026721103951088,0.2851446628570557,0.02850672597956036,1.5227738554000854,-0.4612242729663849,0.4,0.0,1.4,0.0
transgastric_short_axis,2,308,15.4012,0.2851375012192072,0.0285067219359334,1.5227747365442408,-0.461224265205647,-0.00716163784835194,-4.043625975246492e-06,0.000881144153445151,7.760552203902264e-06,0.04905941423503216,-0.048441491561527855,1.0465600396218893,0.4917392455048682,0.34744110107421877,-0.4833095591659554,1.5426954288482666,0.18029465889930724,0.4,0.0,1.4,0.0
transgastric_short_axis,2,309,15.451,0.34743394042861386,-0.48330955876225723,1.542696403193255,0.18029465775645104,-0.007160645604888319,4.0370013645066077e-07,0.0009743449874542271,-1.1429803045936577e-06,0.0585390969863725,-0.03781079498010621,1.0393847367215872,0.5377915463352303,0.32313859462738037,-0.34214606323116137,1.516677615737915,-0.12023800964355469,0.4,0.0,1.4,0.0
transgastric_short_axis,2,310,15.501,0.323131432357349,-0.34214606477497533,1.5166783854015407,-0.12023800557120458,-0.007162270031412886,-1.5438149243037474e-06,0.0007696636259647712,4.072313880589513e-06,0.0670168704525686,-0.01941176975315757,1.0169041690705496,0.38864344833804404,0.3558213710784912,-0.6613427102755931,1.4777338495731354,0.24239050369262696,0.4,0.0,1.4,0.0
transgastric_short_axis,2,311,15.551,0.35581421090447335,-0.6613427073762768,1.4777348916957989,0.24239050718285782,-0.007160174017857959,2.8993162762584997e-06,0.001042122662831226,3.4901323193266183e-06,0.04903919362935836,-0.048810354816788026,1.0522240336641353,0.7100157969489824,0.28601052761077883,0.022480533387307468,1.5282349296569824,-0.45119139347076415,0.4,0.0,1.4,0.0
transgastric_short_axis,2,312,15.6012,0.2860033659160297,0.022480529899912227,1.5282357988317683,-0.45119138541256226,-0.007161694749049988,-3.487392861841054e-06,0.0008691747861505425,8.058178524285105e-06,0.06607743019900038,0.01675089315769855,0.9788326775740046,0.4832377191192597,0.3659558773040772,-0.32357294892354255,1.5295324122905731,0.34045240230560303,0.4,0.0,1.4,0.0
transgastric_short_axis,2,313,15.6511,0.3659487164930462,-0.32357294663732367,1.5295333795612747,0.34045239914556813,-0.007160811030697235,2.2862210526043596e-06,0.0009672706999073816,-3.1602301128655374e-06,0.060691943835265515,-0.032680278044306135,1.0587534348235443,0.4884113780498666,0.3146058082580567,-0.5102867984419697,1.5085646510124207,0.019309627532958985,0.4,0.0,1.4,0.0
transgastric_short_axis,2,314,15.7009,0.31459864748617905,-0.5102867989924196,1.5085656068426356,0.019309629393688965,-0.0071607718775809764,-5.504491623000409e-07,0.0009558302147576009,1.8597719531383895e-06,0.06069194383265909,-0.03268027804827747,1.058753434815863,0.529004121924916,0.3370578527450562,-0.2905949835331993,1.5300325675964355,-0.09006802740097046,0.4,0.0,1.4,0.0
transgastric_short_axis,2,315,15.751,0.33705069024842726,-0.290594984484553,1.5300333075578179,-0.09006802424297788,-0.007162496629006555,-9.513547490058738e-07,0.0007399613823863439,3.1579479068746824e-06,0.06777563829069604,-0.016983155434082235,1.0298975300612336,0.33679217727143956,0.35013647079467775,-0.685545226978989,1.4456649250030518,0.2932516731262207,0.4,0.0,1.4,0.0
transgastric_short_axis,2,316,15.801,0.35012931060254543,-0.6855452218366415,1.4456659733673547,0.29325167921780615,-0.0071601921323635204,5.1423477760329e-06,0.0010483643019385082,6.091503079565814e-06,0.04620872653215009,-0.05086316395094541,1.0486791165783436,0.7486930381215511,0.27878837585449223,0.02870221864832899,1.510201250553131,-0.531780813074112,0.4,0.0,1.4,0.0
transgastric_short_axis,2,317,15.8509,0.27878121445255316,0.02870221276508733,1.5102021708567772,-0.5317808065647348,-0.007161401938970951,-5.88323935387834e-06,0.0009203036456492353,6.5093589963371435e-06,0.06451098072051169,0.019606845441192143,0.9727275191206772,0.55718323348733,0.37047524452209474,-0.4548429054384224,1.4606463646888732,0.4198802856445312,0.4,0.0,1.4,0.0
transgastric_short_axis,2,318,15.9015,0.37046808422078714,-0.45484289788959725,1.4606474136774832,0.4198802916231932,-0.007160301307696797,7.548825284068889e-06,0.001048988608219049,5.978631601697562e-06,0.05351934038811992,-0.04205577919849042,1.0678287310139483,0.6226811093084025,0.3033948421478272,-0.3536956727301846,1.517643658876419,-0.3233956270694733,0.4,0.0,1.4,0.0
transgastric_short_axis,2,319,15.9511,0.30338767946592043,-0.353695676056543,1.5176443883757091,-0.3233956177777624,-0.007162681906679244,-3.3263582816935317e-06,0.0007294992898226991,9.291710682865818e-06,0.06772706847409941,-0.013149834347224951,0.9970101733956984,0.5028513691482107,0.36220240592956543,-0.5828364872162861,1.528523300743103,0.23680284576416016,0.4,0.0,1.4,0.0
transgastric_short_axis,2,320,16.0011,0.3621952455517097,-0.5828364861290998,1.5285243131112178,0.23680284550970665,-0.007160377855701165,1.0871860994622765e-06,0.0010123681145181942,-2.545525259955889e-07,0.05305715850345453,-0.04481135488787875,1.055112130499304,0.6432119835049843,0.29510111808776857,-0.13622299921756084,1.5275265479564666,-0.27198711433410644,0.4,0.0,1.4,0.0
transgastric_short_axis,2,321,16.0511,0.2950939552448447,-0.13622300134303453,1.5275272529449442,-0.27198710687219035,-0.007162842923792665,-2.125475476748753e-06,0.0007049884772618424,7.461896870846983e-06,0.06928997935097164,-7.179223660051803e-06,0.9880661912185571,0.34612450197792,0.3480367660522461,-0.605761934953205,1.5252680780410766,0.349599196100235,0.4,0.0,1.4,0.0
transgastric_short_axis,2,322,16.1012,0.3480296055518768,-0.605761932787748,1.5252690865730383,0.34959919502964176,-0.007160500369231511,2.165456635024882e-06,0.0010085319618483518,-1.0706687189866265e-06,0.048920561264917777,-0.048466830425954135,1.0411190587227617,0.7124327212657056,0.2750913143157959,-0.14017966597146997,1.5183651483535767,-0.4481421501159668,0.4,0.0,1.4,0.0
transgastric_short_axis,2,323,16.1511,0.2750841520048138,-0.14017967024216388,1.5183659379869123,-0.4481421399170365,-0.007162310982064446,-4.270693958286154e-06,0.0007896333352087287,1.0198920897254232e-05,0.06791949751581176,0.005731656337429899,0.9685714751373067,0.5000961726253268,0.3638382434844971,-0.6150412828467198,1.494414244365692,0.4260100437641144,0.4,0.0,1.4,0.0
transgastric_short_axis,2,324,16.2011,0.36383108289654925,-0.6150412778192301,1.4944152539154922,0.42601004542934184,-0.0071605879478223,5.027490348578629e-06,0.001009549799770145,1.6651718501587114e-06,0.04611295927554118,-0.05028498905545479,1.058933856344019,0.7549720279351975,0.27184381484985354,-0.16188309727507072,1.5026929288387298,-0.5039468238830567,0.4,0.0,1.4,0.0
transgastric_short_axis,2,325,16.251,0.2718366526896965,-0.16188310349881957,1.5026937461823477,-0.5039468136013724,-0.007162160157061828,-6.223749828230772e-06,0.0008173436170968327,1.0281681184202563e-05,0.06736445845204976,0.006123452129436992,0.9663040586484184,0.5542024713370844,0.3693159818649292,-0.6038811606571206,1.4749652998924254,0.46024381127357483,0.4,0.0,1.4,0.0
transgastric_short_axis,2,326,16.3011,0.3693088212648417,-0.6038811536499222,1.4749663148255783,0.46024381527776814,-0.007160600087413213,7.007199177442103e-06,0.001014933150983675,4.004140630608071e-06,0.045543645099149946,-0.050304327084764115,1.0656581867430484,0.7635828141371953,0.2669282913208008,-0.20055899984736855,1.4960343655586243,-0.5142876425027847,0.4,0.0,1.4,0.0
transgastric_short_axis,2,327,16.3511,0.26692112909346816,-0.20055900679893862,1.4960351760071857,-0.5142876316996583,-0.007162227332687008,-6.951569763649511e-06,0.0008104485608857715,1.0803127258669336e-05,0.06741085107315092,0.0038650922384434704,0.9618113714540522,0.5758892465048367,0.371428394317627,-0.5568016948769697,1.4891351809501647,0.42902801570892335,0.4,0.0,1.4,0.0
transgastric_short_axis,2,328,16.4011,0.371421233836833,-0.5568016893265232,1.4891362051386823,0.42902801832044357,-0.00716048079387133,5.550446215877843e-06,0.0010241885160125364,2.61145726460288e-06,0.04885018744089854,-0.04755946023130092,1.0668723524494135,0.7091228177704982,0.2832463026046753,-0.21594917892153032,1.5157507086753845,-0.4717827743053436,0.4,0.0,1.4,0.0
transgastric_short_axis,2,329,16.4511,0.283239140132394,-0.21594918367696203,1.5157514804736776,-0.4717827631179708,-0.007162472281260315,-4.755431166547333e-06,0.0007717982935322706,1.1187371531250965e-05,0.06795001287675402,0.0013786816690346893,0.9768799806778907,0.544283500700549,0.3719935417175293,-0.5633252328027949,1.4953269201278687,0.44965104246139526,0.4,0.0,1.4,0.0
transgastric_short_axis,2,330,16.5011,0.3719863811465348,-0.5633252273991968,1.4953279353277198,0.4496510442225121,-0.007160570994382787,5.403598777736517e-06,0.0010151998505341891,1.7610521014399097e-06,0.04795868509729089,-0.0482832968947122,1.0670018486791233,0.7275943591657823,0.2790048360824585,-0.2356516191729648,1.513411532306671,-0.47935251531600953,0.4,0.0,1.4,0.0
transgastric_short_axis,2,331,16.5511,0.27899767359420746,-0.23565162421110666,1.5134123030970743,-0.47935250382861844,-0.007162488251013575,-5.038142848646597e-06,0.0007707904036079737,1.1487391789103388e-05,0.06789276810152159,0.0002990554763716378,0.9727861114194638,0.5592981534114831,0.37309882640838626,-0.543398088334385,1.5010643812179565,0.43036763048171994,0.4,0.0,1.4,0.0
transgastric_short_axis,2,332,16.601,0.37309166589021614,-0.5433980835804011,1.5010653998356833,0.43036763164947356,-0.0071605181700880125,4.753984611173028e-06,0.0010186177256245493,1.1676857044998999e-06,0.04949613425358093,-0.04695801974681962,1.0677465074735781,0.7010249989115508,0.28427064418792725,-0.24843298228804173,1.519128395462036,-0.4624359932899475,0.4,0.0,1.4,0.0
transgastric_short_axis,2,333,16.6513,0.2842634816063638,-0.24843298668965463,1.5191291518099304,-0.46243598183611245,-0.007162581563406834,-4.401612791525995e-06,0.0007563478940552587,1.1453835416627122e-05,0.06804127490545547,-0.0011511606478087936,0.9776887254050539,0.5505930281733554,0.37293920516967777,-0.5406143775930876,1.50625992937088,0.4136881719589233,0.4,0.0,1.4,0.0
transgastric_short_axis,2,334,16.7009,0.37293204467052943,-0.5406143734131801,1.506260947608693,0.4136881725551502,-0.0071604991482862555,4.179907742643103e-06,0.0010182378120692306,5.961557775727157e-07,0.050125303260638396,-0.04649824126284065,1.0672559831813535,0.6895113255381383,0.2875415086746216,-0.24641570018014475,1.5192089146614074,-0.4280063581466675,0.4,0.0,1.4,0.0
transgastric_short_axis,2,335,16.7509,0.2875343460235841,-0.24641570424144987,1.5192096580754892,-0.4280063471255982,-0.007162651037505304,-4.061304608942155e-06,0.0007434140813112777,1.1021067836253874e-05,0.06828103765007223,-0.002195042236685516,0.9809810155838141,0.5203552617005287,0.3706283807754517,-0.5885128902441139,1.5036117839813232,0.40670434856414794,0.4,0.0,1.4,0.0
transgastric_short_axis,2,336,16.8009,0.3706212202463508,-0.5885128860575147,1.5036127975566798,0.40670434944066436,-0.00716052910075828,4.186599906253892e-06,0.001013575355155269,8.764473385052045e-07,0.04803707952153549,-0.04870597927581091,1.0651288696647467,0.723432491271324,0.2789526224136353,-0.18924046118480173,1.5128126941680908,-0.4875548938035965,0.4,0.0,1.4,0.0
transgastric_short_axis,2,337,16.8509,0.27894546007237525,-0.18924046634867397,1.5128134851508817,-0.48755488288090104,-0.007162341260009144,-5.1638719127332845e-06,0.0007909827905678986,1.0922691637005858e-05,0.06772051672373597,0.0037237178381214,0.9727656538732419,0.5485460801007057,0.36995949745178225,-0.5710734087111362,1.4906682290554047,0.4554671502113342,0.4,0.0,1.4,0.0
transgastric_short_axis,2,338,16.9009,0.3699523368716596,-0.571073402890664,1.4906692443835672,0.45546715249484304,-0.0071605801226094085,5.820472317027548e-06,0.0010153281606582532,2.2834479403691004e-06,0.04738927470517401,-0.04874647904590203,1.0652696425886292,0.7366810248862424,0.27506504058837894,-0.23075250548235787,1.5102196014404297,-0.4882375280857086,0.4,0.0,1.4,0.0
transgastric_short_axis,2,339,16.9509,0.27505787814930954,-0.2307525108848159,1.5102203799205496,-0.4882375166028144,-0.007162439069437534,-5.402457937949166e-06,0.0007784801199611829,1.1482894685415776e-05,0.06780079493891483,0.0009355182375405356,0.9690480358619489,0.5651386200398214,0.3726542949676514,-0.5419845115560954,1.5005509308815002,0.42692814989089967,0.4,0.0,1.4,0.0
transgastric_short_axis,2,340,17.0009,0.37264713446180964,-0.5419845068102638,1.5005519506133984,0.42692815113183435,-0.007160505841549096,4.745832310707655e-06,0.001019731897608943,1.2408674198651526e-06,0.049659647013857784,-0.04681871628592383,1.0673397066079642,0.6977633738428243,0.28521616458892823,-0.24616272068253325,1.519171463871002,-0.4579113760471344,0.4,0.0,1.4,0.0
transgastric_short_axis,2,341,17.051,0.2852090020011704,-0.24616272503531755,1.5191722188731873,-0.45791136466792753,-0.0071625877577527145,-4.352784324690964e-06,0.0007550021853910795,1.1379207089102703e-05,0.06807739810620649,-0.0011514481712201312,0.9786350222881777,0.5455803296138739,0.37251105308532717,-0.5459967926037059,1.5053891984939576,0.41516204781532284,0.4,0.0,1.4,0.0
transgastric_short_axis,2,342,17.1012,0.37250389258180105,-0.5459967883550791,1.5053902164414703,0.4151620485072911,-0.007160503526207178,4.248626760781958e-06,0.00101794751243735,6.918977584022384e-07,0.04982883324070541,-0.04679498402712183,1.0668847306807134,0.6945035299115222,0.28640093803405764,-0.2398464723968679,1.5188256058216094,-0.44321587314605715,0.4,0.0,1.4,0.0
transgastric_short_axis,2,343,17.1509,0.2863937754277572,-0.2398464766300612,1.5188263567250777,-0.4432158619861136,-0.007162606300354971,-4.23319335086692e-06,0.0007509034682650123,1.1159942069688697e-05,0.06818944387106415,-0.0012240414522587473,0.9798543631749417,0.5300874550317736,0.3712302684783936,-0.5681277236801024,1.5024933161258698,0.4187764235973358,0.4,0.0,1.4,0.0
transgastric_short_axis,2,344,17.2009,0.3712231079531032,-0.5681277192246541,1.5024943320037645,0.4187764245884642,-0.0071605252904114874,4.455449126209247e-06,0.001015877894745222,9.910592405240496e-07,0.048664851725854205,-0.047949209453421585,1.065794117597332,0.713775872911996,0.28145043849945073,-0.2195742197018865,1.5161004990577698,-0.47818358252048493,0.4,0.0,1.4,0.0
transgastric_short_axis,2,345,17.251,0.2814432760334772,-0.21957422449781688,1.5161012724706007,-0.4781835712260367,-0.007162465973583923,-4.795928504552487e-06,0.0007734128305563857,1.1294446663161534e-05,0.0678993540683973,0.001348802144554101,0.9750554024868048,0.5517314293397384,0.37227435111999513,-0.5544140253180916,1.4971921567440032,0.4450445952415466,0.4,0.0,1.4,0.0
transgastric_short_axis,2,346,17.301,0.372267190567194,-0.5544140201017489,1.4971931734321124,0.44504459681616115,-0.007160552801209485,5.2163425486568996e-06,0.001016688108032218,1.5745491913310545e-06,0.04853055264351581,-0.04777190909675296,1.067164053824232,0.7180913733791007,0.282240104675293,-0.2404426875859094,1.5155466018676758,-0.47009130935668947,0.4,0.0,1.4,0.0
transgastric_short_axis,2,347,17.3509,0.28223294214363764,-0.24044269235179208,1.5155473657682519,-0.4700912979018081,-0.007162531655314657,-4.7658832407223266e-06,0.0007639005761385087,1.145488172916128e-05,0.06797615871785317,-0.00034334824603230677,0.9758887530498042,0.5531896513136441,0.37328820228576665,-0.5449642767267038,1.5026556653022767,0.42708169813156127,0.4,0.0,1.4,0.0
transgastric_short_axis,2,348,17.4009,0.37328104176676774,-0.5449642721316317,1.502656683204627,0.4270816991140265,-0.007160518998957391,4.5950725417624e-06,0.001017902349570304,9.823958608543508e-07,0.04952380294533957,-0.046974557592694186,1.0678330799618285,0.7004549471263141,0.2844522714614868,-0.24688065065576975,1.5191358856201171,-0.4617511119604111,0.4,0.0,1.4,0.0
transgastric_short_axis,2,349,17.4512,0.28444510888126984,-0.24688065504937784,1.5191366420597916,-0.46175110052869245,-0.0071625802169680165,-4.393608509582055e-06,0.0007564396740488089,1.1431718600901946e-05,0.06804811006251,-0.0010689573253612238,0.9778704083891574,0.5492819030514414,0.3728193759918213,-0.542163338662105,1.5057388016223907,0.41532364797592164,0.4,0.0,1.4,0.0
transgastric_short_axis,2,350,17.5013,0.3728122154899719,-0.5421633344286447,1.5057398197853313,0.4153236486273775,-0.007160501849512307,4.233460705788014e-06,0.0010181629407895628,6.513853519417115e-07,0.050004540724256835,-0.046607670611559654,1.067169522306307,0.6916320549416011,0.28705065250396733,-0.24544404169524014,1.5191029289245606,-0.4353147862672806,0.4,0.0,1.4,0.0
transgastric_short_axis,2,351,17.5513,0.28704348986981915,-0.2454440458341156,1.5191036753290001,-0.43531477515865097,-0.0071626341481717945,-4.138876921671762e-06,0.0007464044393810605,1.1108627762010099e-05,0.06823556388485771,-0.0018772690770406863,0.9804917045317492,0.52601006812086,0.37105870246887207,-0.5785066242086836,1.5037245108604431,0.4101041313171387,0.4,0.0,1.4,0.0
transgastric_short_axis,2,352,17.601,0.3710515419454569,-0.5785066199683155,1.5037255256405873,0.41010413218634323,-0.007160523415143296,4.240368131661914e-06,0.0010147801442660727,8.691353967181882e-07,0.0484232670704837,-0.048288809754428404,1.0655484720863269,0.7172533070517211,0.2801742315292359,-0.2038554107103982,1.5147200629234314,-0.48300949137210847,0.4,0.0,1.4,0.0
transgastric_short_axis,2,353,17.6509,0.28016706912431294,-0.2038554156675785,1.5147208449468454,-0.4830094802485578,-0.007162404922957598,-4.9571804806126234e-06,0.0007820234143749652,1.1123548599632229e-05,0.06781879179335085,0.002579365777133232,0.9738658897886852,0.5498872539844495,0.37122759819030765,-0.5613879079454384,1.4936049327850343,0.4524197793960571,0.4,0.0,1.4,0.0
transgastric_short_axis,2,354,17.7013,0.37122043762227375,-0.561387902370852,1.4936059489464473,0.45241978137004324,-0.007160568033901566,5.574586604062731e-06,0.0010161614113467462,1.9739229324410022e-06,0.04796266015463923,-0.048237052977030716,1.0663468623867463,0.7276196619059172,0.27841711044311523,-0.23879036257708333,1.5134590948104858,-0.4802479637145996,0.4,0.0,1.4,0.0
transgastric_short_axis,2,355,17.7511,0.2784099479500819,-0.23879036762209338,1.5134598650916455,-0.4802479521803529,-0.007162493033308538,-5.045011248039895e-06,0.0007702811588643633,1.1534247353731619e-05,0.06788608992440696,0.00011634301521932025,0.9721944201935835,0.5615302458342144,0.37317745685577397,-0.5410948701103868,1.5021493306159972,0.426404962348938,0.4,0.0,1.4,0.0
transgastric_short_axis,2,356,17.801,0.3731702963448795,-0.5410948654820623,1.5021503494989181,0.42640496339856604,-0.007160510894397472,4.62832476036117e-06,0.0010188829208362211,1.0495594451337285e-06,0.04972270174587865,-0.046767943467037984,1.0677567794132128,0.6969643987772663,0.28554701805114746,-0.24954564266909843,1.5193165856838227,-0.45561002497673037,0.4,0.0,1.4,0.0
transgastric_short_axis,2,357,17.8515,0.28553985542696253,-0.24954564700356852,1.519317338904818,-0.4556100135557542,-0.0071626241849077855,-4.334471570952291e-06,0.0007532209930541407,1.142098805371799e-05,0.06809012023235257,-0.0014606768380084935,0.978958081356869,0.5451525166865802,0.3725739479064942,-0.5488945407351182,1.5062217295646667,0.410767010307312,0.4,0.0,1.4,0.0
transgastric_short_axis,2,358,17.9011,0.3725667874061784,-0.5488945366035464,1.5062227472340108,0.410767010919427,-0.007160500315800153,4.13157227566507e-06,0.0010176693436683172,6.120443636201479e-07,0.04982218293725981,-0.046853014467288776,1.0668959250986485,0.6942986409003412,0.2864273071289063,-0.23251905513481308,1.518651646900177,-0.43886858539581297,0.4,0.0,1.4,0.0
transgastric_short_axis,2,359,17.9509,0.28642014452796344,-0.2325190593343346,1.5186523980060835,-0.43886857434697196,-0.007162600942854891,-4.199520226890512e-06,0.0007511059069491401,1.104883917558283e-05,0.06822740799385107,-0.00087306018286627,0.9798956907236638,0.5231152011026924,0.3704776048660279,-0.575046179267262,1.4999960974216462,0.42568534541130065,0.4,0.0,1.4,0.0
transgastric_short_axis,2,360,18.0013,0.3704704443239768,-0.575046174558394,1.4999971123405658,0.42568534664640456,-0.007160542050974407,4.708868428005099e-06,0.0010149189192511798,1.2350363619446977e-06,0.048119288700761945,-0.0484097633705147,1.0652012923159708,0.7230197330354046,0.2807073831558228,-0.21030629427273467,1.5134360625743866,-0.47982364625930785,0.4,0.0,1.4,0.0
transgastric_short_axis,2,361,18.0512,0.2807002207302648,-0.21030629930482755,1.5134368415642703,-0.4798236350904284,-0.007162425557962772,-5.032094791759211e-06,0.0007789898835342208,1.1168877448635877e-05,0.06785910001180899,0.002035412797795483,0.974486604145218,0.5491446209119863,0.37174081802368164,-0.5614358448450598,1.4945018792152405,0.45104926772117615,0.4,0.0,1.4,0.0
transgastric_short_axis,2,362,18.1009,0.3717336574553399,-0.5614358393570216,1.4945028950463035,0.4510492695889523,-0.007160568341548147,5.4880385139273995e-06,0.0010158310627234484,1.8677125948311685e-06,0.04800486733715969,-0.04821637019789929,1.06680222589763,0.7269012509304379,0.2789308071136475,-0.23803722894318735,1.513615826368332,-0.47912238020896913,0.4,0.0,1.4,0.0
transgastric_short_axis,2,363,18.1512,0.2789236446186494,-0.23803723396276302,1.513616596243982,-0.47912236869408203,-0.007162494997995824,-5.019574714544228e-06,0.0007698756495761019,1.151488709036523e-05,0.06789595724877358,0.0001290868293841417,0.9726988221891768,0.5601679959710035,0.37317583560943607,-0.5423401059794589,1.501784185409546,0.428017406129837,0.4,0.0,1.4,0.0
transgastric_short_axis,2,364,18.2009,0.3731686750949488,-0.5423401013060778,1.5017852040966133,0.4280174072180474,-0.00716051448726795,4.673381143882535e-06,0.0010186870662021094,1.0881425531676413e-06,0.04961649700053588,-0.046860909577928406,1.0677779037640172,0.698864675123515,0.28488605022430424,-0.2485642470014582,1.5192999200820922,-0.45940444543361664,0.4,0.0,1.4,0.0
transgastric_short_axis,2,365,18.251,0.28487888763486957,-0.24856425135992244,1.519300675040407,-0.45940443401446396,-0.007162589434692403,-4.358465024248941e-06,0.0007549583147714572,1.1419153312735723e-05,0.06806399396550333,-0.001263941682425239,0.978295199594627,0.5480165532386321,0.3727325439453125,-0.5434231803052806,1.5062262236595154,0.41266913595199584,0.4,0.0,1.4,0.0
transgastric_short_axis,2,366,18.3009,0.37272538344606565,-0.5434231761407633,1.5062272417395688,0.41266913655585924,-0.007160499246843368,4.16451721744675e-06,0.0010180800523211016,6.03792843266333e-07,0.05002349881341262,-0.046618204456329464,1.0670525011839884,0.6911097570056687,0.28716545104980473,-0.24162781507694067,1.5190231587409972,-0.4316511626958847,0.4,0.0,1.4,0.0
transgastric_short_axis,2,367,18.3509,0.28715828841489943,-0.2416278191838994,1.5190239046428697,-0.43165115166232404,-0.007162634905339863,-4.106958483479757e-06,0.0007459018728250707,1.1033559164628517e-05,0.06826634404279461,-0.0017426445940612106,0.9806146067131878,0.5211589599007849,0.37058043479919434,-0.5841759116029739,1.5023594295501708,0.41344605259895323,0.4,0.0,1.4,0.0
transgastric_short_axis,2,368,18.4009,0.37057327426490466,-0.5841759072366576,1.5023604435090583,0.4134460535925637,-0.007160534289774985,4.366316779581834e-06,0.001013958886553554,9.935422871767767e-07,0.04804547811343071,-0.04862279380758912,1.06515838691287,0.7235625214243042,0.2795276641845703,-0.19635871627155524,1.5128381607055663,-0.48456192026138306,0.4,0.0,1.4,0.0
transgastric_short_axis,2,369,18.451,0.27952050181377247,-0.19635872140173885,1.5128389474527575,-0.4845619092536969,-0.0071623707977379585,-5.130181993378825e-06,0.0007867471906839912,1.1007683491878473e-05,0.06777524649299602,0.0031411838096958265,0.9733418544848154,0.5482745014274921,0.3706528186798096,-0.5671613082935939,1.4916780896186828,0.4549555724143982,0.4,0.0,1.4,0.0
transgastric_short_axis,2,370,18.501,0.37064565810330036,-0.567161302548566,1.4916791052446046,0.4549555745959948,-0.0071605765092312345,5.7450276840591755e-06,0.0010156259210653763,2.181535366247907e-06,0.047599371826793045,-0.04855423360716152,1.0658967115491795,0.7334325147491059,0.27625226974487305,-0.23454438914381834,1.511436190366745,-0.48530419492721555,0.4,0.0,1.4,0.0
transgastric_short_axis,2,371,18.5509,0.27624510728368384,-0.23454439441202396,1.5114369655299429,-0.48530418340981313,-0.0071624611891335415,-5.268205091019756e-06,0.0007751631969073908,1.1517403117563785e-05,0.06783406825177249,0.0005779040588660706,0.9701580722567653,0.5641495317226783,0.37291622161865234,-0.5406492067467188,1.5012782252311707,0.42614617738723753,0.4,0.0,1.4,0.0
transgastric_short_axis,2,372,18.601,0.3729090611127721,-0.5406492020600141,1.5012792447861534,0.4261461785435534,-0.0071605058801376435,4.686705209545826e-06,0.0010195549816802982,1.1562476829795292e-06,0.04974754023278852,-0.04673856206441672,1.06755391269823,0.6963429683493969,0.2857073307037354,-0.24862978573140937,1.5192531065940857,-0.4548205623149872,0.4,0.0,1.4,0.0
transgastric_short_axis,2,373,18.6509,0.2857001681041522,-0.24862979004921815,1.5192538596971064,-0.4548205509503057,-0.007162599583137936,-4.317809226764873e-06,0.0007531030197132872,1.1364681095429579e-05,0.06809687105343677,-0.0014253016944642156,0.9791232312200591,0.5440261397127294,0.37247757911682133,-0.5502197338547309,1.505882050895691,0.4116924193382263,0.4,0.0,1.4,0.0
transgastric_short_axis,2,374,18.7021,0.3724704186146141,-0.5502197296908066,1.5058830684779787,0.4116924199856866,-0.007160502207213503,4.1639249865282376e-06,0.001017582287106511,6.473895050698339e-07,0.04973225643490556,-0.04693677810657046,1.0668214572493846,0.6958458893003983,0.28609685897827153,-0.23138074102231834,1.5185353621959685,-0.44392884256839754,0.4,0.0,1.4,0.0
transgastric_short_axis,2,375,18.7531,0.2860896963914453,-0.23138074527986066,1.5185361157072093,-0.4439288314722578,-0.007162586826193901,-4.257543024498632e-06,0.0007535112412230922,1.1096137726681727e-05,0.06819114114379418,-0.000622109093737484,0.9795690337989271,0.5269119705356238,0.37073345184326173,-0.5679322310113338,1.4999584593772888,0.42823125014305113,0.4,0.0,1.4,0.0
transgastric_short_axis,2,376,18.8011,0.3707262913256515,-0.567932226267005,1.4999594751191392,0.4282312514380546,-0.0071605176101692215,4.744330971136302e-06,0.001015741844933413,1.2944388288340493e-06,0.048387646923135394,-0.048114704146367836,1.0654570383809001,0.7188726347736736,0.2814727067947388,-0.22003954468453982,1.5148013311386108,-0.4766105556964874,0.4,0.0,1.4,0.0
transgastric_short_axis,2,377,18.8508,0.2814655443294305,-0.22003954957186897,1.514802104495364,-0.47661054441889267,-0.007162465308344126,-4.887329940047979e-06,0.0007733567530931022,1.1277593473425504e-05,0.06790931487845653,0.0012650090968065065,0.9751647964518169,0.5502771618055278,0.37235133647918706,-0.556224392292857,1.4967968636512756,0.4457063507080078,0.4,0.0,1.4,0.0
transgastric_short_axis,2,378,18.9011,0.37234417592356156,-0.5562243870413577,1.4967978801068078,0.44570635232567035,-0.007160555625498426,5.251499621033885e-06,0.0010164555320937806,1.6175970428029598e-06,0.048422853682473746,-0.04787116151920634,1.0672665527156615,0.7198433131185615,0.281696891784668,-0.23904446559577974,1.5151335196495055,-0.4717825870513916,0.4,0.0,1.4,0.0
transgastric_short_axis,2,379,18.9509,0.2816897292620288,-0.239044470412493,1.5151342849471785,-0.4717825755946242,-0.007162522639171464,-4.816712859214655e-06,0.0007652976724884444,1.145676816304837e-05,0.06796153596327621,-0.00019034287476490767,0.9753713513061906,0.5540525978658315,0.37332608699798586,-0.5453668717821181,1.5021253621101378,0.4287928247451782,0.4,0.0,1.4,0.0
transgastric_short_axis,2,380,19.0009,0.3733189264766519,-0.5453668671276111,1.5021263800057518,0.42879282578649214,-0.0071605213341901595,4.654507751541801e-06,0.0010178956129141086,1.0412453265124987e-06,0.049453351961567596,-0.04702695719450735,1.0679046304618458,0.701733556546919,0.2840926170349121,-0.24706266107151986,1.5190488125324249,-0.463533207821846,0.4,0.0,1.4,0.0
transgastric_short_axis,2,381,19.051,0.28408545445879935,-0.2470626654896133,1.5190495697219726,-0.46353319636791934,-0.0071625761127482365,-4.418095649534853e-06,0.0007571895467273878,1.1453926752647615e-05,0.06803431856671292,-0.0010203493215220263,0.9775150822665999,0.550919201637502,0.37296895980834965,-0.5410066737052239,1.5057949778079986,0.4156734383583069,0.4,0.0,1.4,0.0
transgastric_short_axis,2,382,19.1009,0.3729617993064641,-0.5410066694691258,1.5057959960134415,0.4156734390024228,-0.007160501885755547,4.236098244216084e-06,0.001018205441556102,6.440452752370592e-07,0.050048630910381295,-0.046556988745385094,1.0673150279112271,0.6909388405433559,0.28721127510070804,-0.2473733146514884,1.5191871932029724,-0.4336104007959366,0.4,0.0,1.4,0.0
transgastric_short_axis,2,383,19.1508,0.28720411245952665,-0.24737331876888735,1.5191879385070006,-0.4336103896946773,-0.007162641181419233,-4.1173986673936544e-06,0.0007453040280543777,1.1101258369540463e-05,0.0682431597355302,-0.002067585948158315,0.9806480065363297,0.5254904431305056,0.3710618019104004,-0.5805774608216264,1.5042115583896636,0.4073103023529053,0.4,0.0,1.4,0.0
transgastric_short_axis,2,384,19.201,0.37105464138885913,-0.5805774566535122,1.504212572978969,0.40731030317703,-0.007160521541296788,4.168114127170266e-06,0.0010145893048630684,8.240544867264423e-07,0.048406629325885984,-0.04833642103551675,1.0655215503243687,0.7174050183825378,0.2798390626907349,-0.2003998343603443,1.5146193202972411,-0.4841381645679474,0.4,0.0,1.4,0.0
transgastric_short_axis,2,385,19.2508,0.2798319002992056,-0.20039983933708008,1.514620104212458,-0.48413815348266415,-0.007162391529217482,-4.976736350053299e-06,0.0007839152173727412,1.1085280313247589e-05,0.06779809912759518,0.0028517016665861204,0.9735363277365414,0.5496617029949477,0.3709728717803955,-0.562115013340868,1.4928398131370544,0.4533931254386902,0.4,0.0,1.4,0.0
transgastric_short_axis,2,386,19.3009,0.37096571121176364,-0.5621150076963923,1.4928408294377205,0.4533931275025376,-0.007160568631897321,5.644476000110578e-06,0.0010163006645723873,2.063784153817502e-06,0.04789533741774021,-0.048287811276611844,1.0661416862474415,0.7286981676113712,0.27791030406951905,-0.23842933780180947,1.5131280298233032,-0.4814593095302582,0.4,0.0,1.4,0.0
transgastric_short_axis,2,387,19.3509,0.2779031415818937,-0.2384293428873721,1.5131288009767303,-0.48145929799022735,-0.007162487625334605,-5.0855648048394205e-06,0.000771153427485826,1.1540032262730601e-05,0.06787467649512172,0.00018229798690893792,0.971708311188245,0.5624565544261622,0.3731414318084717,-0.5405080175970526,1.5021362228393556,0.42566193866729735,0.4,0.0,1.4,0.0
transgastric_short_axis,2,388,19.401,0.37313427130002186,-0.5405080129766716,1.5021372419276124,0.42566193972111765,-0.007160508449968183,4.620382096150232e-06,0.0010190882561138138,1.053751203883989e-06,0.0497714666657797,-0.046723936369689786,1.067722366067163,0.6960537210490974,0.2858269214630127,-0.2503292986258003,1.519283441734314,-0.45376931862831116,0.4,0.0,1.4,0.0
transgastric_short_axis,2,389,19.451,0.2858197588579745,-0.25032930293213906,1.5192841940070991,-0.4537693072610135,-0.007162605038146526,-4.306338975610082e-06,0.000752272784888617,1.1367296994411016e-05,0.06810188290165992,-0.0015770823349159106,0.9792416405301383,0.5439091748865845,0.37251474857330324,-0.5515336917634948,1.5062996272087097,0.4094948069572449,0.4,0.0,1.4,0.0
transgastric_short_axis,2,390,19.501,0.372507588072803,-0.5515336876576502,1.506300644666843,0.40949480756534573,-0.007160500500279228,4.1058450773162275e-06,0.0010174581324969409,6.0803015945652e-07,0.04973513169747823,-0.04695902023320099,1.0668326548992133,0.6956515405103242,0.28610608577728275,-0.22784221136549768,1.518474130153656,-0.4415163562774658,0.4,0.0,1.4,0.0
transgastric_short_axis,2,391,19.5509,0.2860989231925767,-0.22784221560189954,1.5184748836638189,-0.44151634523882094,-0.007162584705994505,-4.236401161197513e-06,0.000753510162460614,1.1038642126918798e-05,0.06821066423760337,-0.00046324510233106565,0.9795842252935452,0.5233149259102726,0.37031178474426274,-0.5721102314189637,1.4988134014606476,0.43115278630256654,0.4,0.0,1.4,0.0
transgastric_short_axis,2,392,19.6009,0.37030462419730137,-0.572110226546785,1.4988144166509247,0.4311527876632262,-0.007160546961367473,4.872178436846873e-06,0.0010151902764012936,1.3605923658686635e-06,0.04809556057297044,-0.04836864325851299,1.0651086477726008,0.7237740959106721,0.28104300498962403,-0.21465862770203473,1.5133561051368714,-0.47795391554832456,0.4,0.0,1.4,0.0
transgastric_short_axis,2,393,19.651,0.2810358425479738,-0.21465863272178706,1.5133568818012293,-0.4779539043386405,-0.007162441650231777,-5.019753506240746e-06,0.0007766643575692583,1.1209682941299714e-05,0.06788406231834085,0.0016769547767898898,0.9748292295311491,0.5491088386508687,0.3720470428466797,-0.5599277050421263,1.4952947124481202,0.44914751658439633,0.4,0.0,1.4,0.0
transgastric_short_axis,2,394,19.7009,0.3720398822825034,-0.5599276996375212,1.4952957284544466,0.449147518365975,-0.0071605641763681045,5.404604777516594e-06,0.0010160063252803706,1.7815137373635745e-06,0.04813721419720086,-0.04811059693924243,1.067058063625737,0.7246485811206146,0.27986907958984375,-0.23800483408524006,1.5140923876762389,-0.4767274021625519,0.4,0.0,1.4,0.0
transgastric_short_axis,2,395,19.7509,0.27986191708665675,-0.23800483903957623,1.5140931561638142,-0.47672739066970665,-0.007162503187006978,-4.954336670688047e-06,0.0007684875743793616,1.149284581371563e-05,0.06791755264337587,4.94552930315733e-05,0.9736078495676337,0.5580015373370539,0.37321565151214603,-0.5437038733229858,1.50170048289299,0.4289952462673187,0.4,0.0,1.4,0.0
transgastric_short_axis,2,396,19.801,0.37320849099412756,-0.5437038686329488,1.5017015012772665,0.4289952473614642,-0.007160518018489836,4.690037147256097e-06,0.0010183842755669993,1.0940774720319398e-06,0.04952396825733384,-0.046947633784108406,1.0678223194580847,0.7005082435931931,0.2843056917190552,-0.24822906321113652,1.5192313851356507,-0.4624088414669037,0.4,0.0,1.4,0.0
transgastric_short_axis,2,397,19.8515,0.2842985291373438,-0.24822906760409624,1.5192321414569792,-0.46240883001530675,-0.007162581711315306,-4.392960723658947e-06,0.0007563213281564664,1.1451596994992205e-05,0.06804205129773913,-0.001138300751923906,0.9777169732097124,0.5504931697995199,0.3729247331619263,-0.5406845976608925,1.5062213550567627,0.41384808683395385,0.4,0.0,1.4,0.0
transgastric_short_axis,2,398,19.9009,0.37291757266254344,-0.5406845934764645,1.5062223732902016,0.41384808743403756,-0.007160499382935096,4.184429118844475e-06,0.0010182334376463418,6.000137235031872e-07,0.050117331850057054,-0.04650491287468757,1.067243946886526,0.6896569578808815,0.2875102519989014,-0.24645464891108718,1.5192016117572784,-0.42854546227455137,0.4,0.0,1.4,0.0
transgastric_short_axis,2,399,19.9509,0.2875030893489138,-0.24645465297813318,1.5192023553660308,-0.4285454512460408,-0.007162649987582132,-4.067046541935345e-06,0.0007436087527064045,1.1028508855453723e-05,0.06827752595640185,-0.0021791404846890914,0.980949842271833,0.5208222884910867,0.3706674575805664,-0.5877646252015858,1.503651856327057,0.40683243026733396,0.4,0.0,1.4,0.0
transgastric_short_axis,2,400,20.0009,0.37066029705210557,-0.5877646210147062,1.5036528699998195,0.406832431140562,-0.0071605284608816135,4.186879792391331e-06,0.001013672762484666,8.731584232990924e-07,0.04806990575364688,-0.04867256620940521,1.0651651428754028,0.7229001399727154,0.27903470993041996,-0.1903023758635248,1.512970174741745,-0.48719901766777035,0.4,0.0,1.4,0.0
transgastric_short_axis,2,401,20.051,0.27902754758427345,-0.1903023810103513,1.5129709650346026,-0.4871990067289239,-0.0071623461464821025,-5.1468278549882164e-06,0.00079029285722173,1.0938844151960126e-05,0.067728659252965,0.003639780475375192,0.9728377145351845,0.5486115579899713,0.3700589656829834,-0.5702944340922881,1.490868778038025,0.4553134147167206,0.4,0.0,1.4,0.0
transgastric_short_axis,2,402,20.101,0.3700518051037881,-0.5702944282876196,1.4908697934444106,0.4553134169800348,-0.007160579195392383,5.804669370163403e-06,0.0010154063846164183,2.263252824233587e-06,0.04743272363884456,-0.0487073301496557,1.065356019547757,0.7360028915405898,0.27530913352966313,-0.23146294531502853,1.5104753903388977,-0.4876516104698181,0.4,0.0,1.4,0.0
transgastric_short_axis,2,403,20.1522,0.27530197108619753,-0.23146295068946596,1.5104761681581884,-0.4876515989800126,-0.0071624434655894595,-5.374438514501636e-06,0.0007778192902953853,1.1489805955352564e-05,0.06780761898253368,0.0008672836932397832,0.9692758799906049,0.5649192523498744,0.37270483970642093,-0.5417502574098985,1.5006868772506714,0.42683040332794187,0.4,0.0,1.4,0.0
transgastric_short_axis,2,404,20.2009,0.37269767920044505,-0.5417502526745,1.5006878969402928,0.426830404552911,-0.007160505975897542,4.735399140599171e-06,0.001019689620623468,1.224901049047647e-06,0.049673975598397126,-0.04680547102620736,1.0673812837824437,0.6975392460894134,0.28530249595642093,-0.24644753327754962,1.5191965559005738,-0.45744717350006103,0.4,0.0,1.4,0.0
transgastric_short_axis,2,405,20.2514,0.28529533336696133,-0.24644753762399374,1.5191973106263328,-0.4574471621238027,-0.007162589459532082,-4.34644357804224e-06,0.0007547257588898172,1.1376258179356706e-05,0.06808054791542924,-0.0011867420316356795,0.9787200601929018,0.5453067525200815,0.3725008964538574,-0.5466327055377463,1.5054412550926208,0.41473641958236696,0.4,0.0,1.4,0.0
transgastric_short_axis,2,406,20.3013,0.37249373595042,-0.5466327012991753,1.5054422729862642,0.41473642026975277,-0.007160503437575955,4.2385718030435145e-06,0.0010178936430067353,6.873155608244353e-07,0.049811466408797855,-0.046818248791152914,1.066871484533576,0.6947577102287369,0.2863493919372559,-0.23865797434258199,1.5187772943019866,-0.44354749989509584,0.4,0.0,1.4,0.0
transgastric_short_axis,2,407,20.3513,0.28634222933413284,-0.23865797858202173,1.5187780456556297,-0.44354748874120037,-0.007162603123045198,-4.239440449157357e-06,0.000751353643452937,1.1153893795477434e-05,0.06818833485367512,-0.0011315950865248437,0.9798057722289166,0.5298285746087952,0.3711774587631226,-0.5677960977065495,1.5021519521713256,0.42019786834716794,0.4,0.0,1.4,0.0
transgastric_short_axis,2,408,20.4012,0.37117029823621817,-0.5677960932082272,1.50215296807386,0.42019786937255965,-0.007160526904449733,4.498322453263467e-06,0.0010159025335094293,1.0253230518010065e-06,0.048637953219287,-0.04795966324979044,1.0657627275112627,0.7143003804267867,0.281482744216919,-0.220193467073168,1.5159999436855316,-0.4778880021572113,0.4,0.0,1.4,0.0
transgastric_short_axis,2,409,20.451,0.2814755817490763,-0.22019347187459865,1.51600071682254,-0.4778879908586826,-0.007162467842737869,-4.80143235979553e-06,0.0007731370086557041,1.1298528306195167e-05,0.06790245254674512,0.001296833036761035,0.9750946030290193,0.5516940283238536,0.3723188638687134,-0.5542556088451239,1.4972792298316955,0.4447867465496063,0.4,0.0,1.4,0.0
transgastric_short_axis,2,410,20.5009,0.3723117033164312,-0.5542556036385022,1.4972802465398,0.4447867481148977,-0.0071605522822060464,5.2066220467357396e-06,0.0010167081028568568,1.5652258067506724e-06,0.048546063292267086,-0.04775955685515221,1.067203069281136,0.7178193460776796,0.28235650062561035,-0.24036722441970845,1.515598283958435,-0.4698012529850006,0.4,0.0,1.4,0.0
transgastric_short_axis,2,411,20.5509,0.28234933809314683,-0.2403672291783234,1.515599047716087,-0.4698012415341019,-0.0071625324634711765,-4.758613882995269e-06,0.0007637576516586743,1.1450898915402218e-05,0.06797867131645961,-0.000348147447607341,0.9760019863164973,0.5528964003227324,0.3732679605484009,-0.5450987247498608,1.5026268281936646,0.427207720041275,0.4,0.0,1.4,0.0
transgastric_short_axis,2,412,20.601,0.3732608000290904,-0.5450987201513394,1.5026278460766758,0.4272077210265488,-0.007160519310672815,4.598521686765595e-06,0.0010178830102947872,9.852045178722615e-07,0.049513734259594454,-0.046983634904620736,1.0678146372250599,0.7006329361518397,0.28438377380371094,-0.24685368614973272,1.5191291444778443,-0.4620940675735474,0.4,0.0,1.4,0.0
transgastric_short_axis,2,413,20.6511,0.28437661122435953,-0.24685369054720818,1.5191299010711372,-0.46209405613807825,-0.007162579351377769,-4.397475872213511e-06,0.0007565932935498326,1.1435468612595901e-05,0.06804556168016228,-0.001055391636198954,0.9778020810257579,0.5495710714876649,0.37284512519836427,-0.5419760851479588,1.5057322477340698,0.4154556620121002,0.4,0.0,1.4,0.0
transgastric_short_axis,2,414,20.7009,0.3728379646964092,-0.541976080912043,1.5057332659030855,0.4154556626639483,-0.00716050195510632,4.235916279569513e-06,0.0010181690150100847,6.517776376306185e-07,0.05000946813779726,-0.04660095347779651,1.0671955886241147,0.6915625637646127,0.2870663642883301,-0.24581405463919304,1.5191171602249145,-0.43521938037872315,0.4,0.0,1.4,0.0
transgastric_short_axis,2,415,20.7509,0.28705920165330373,-0.24581405877632057,1.5191179065048726,-0.4352193692685174,-0.007162635026357188,-4.1371272944822445e-06,0.0007462799573707459,1.1110204293442288e-05,0.068235539212298,-0.0019058079312073203,0.9805065405845459,0.5261037449589835,0.37107472419738774,-0.5785819001213705,1.5038312456130982,0.40964086503982544,0.4,0.0,1.4,0.0
transgastric_short_axis,2,416,20.8009,0.3710675636745521,-0.5785818958942988,1.5038322603940921,0.4096408658991004,-0.0071605228356469855,4.227071998230457e-06,0.0010147809930533642,8.592054071521741e-07,0.04843356318762129,-0.048283791492430284,1.0655577805785312,0.7170640650886632,0.2801512718200684,-0.20365954353460128,1.5147702469825743,-0.4831007776737213,0.4,0.0,1.4,0.0
transgastric_short_axis,2,417,20.8509,0.2801441094157298,-0.20365954848848114,1.5147710290915217,-0.4831007665513524,-0.007162404338359512,-4.9538785637399624e-06,0.0007821089471237773,1.1122366124738792e-05,0.06781758815846127,0.0025956823309565913,0.9738395402257436,0.5499103435647595,0.3712107419967652,-0.5613661865377974,1.4935804025173187,0.4524396283149719,0.4,0.0,1.4,0.0
transgastric_short_axis,2,418,20.9008,0.37120358142882404,-0.5613661809610637,1.4935814186959142,0.45243963029199463,-0.007160567941226885,5.576733957500729e-06,0.001016178593929858,1.9769596538684772e-06,0.04796301251341219,-0.048236311931080716,1.0663316086482804,0.7276127567829146,0.2784117698669434,-0.23880946243552625,1.513459656572342,-0.4802558283805847,0.4,0.0,1.4,0.0
transgastric_short_axis,2,419,20.951,0.2784046073738873,-0.23880946748057966,1.5134604268515108,-0.4802558168460232,-0.007162493056168255,-5.045054444347191e-06,0.0007702791686001087,1.153456255597038e-05,0.06788602858642015,0.00011531312720708571,0.9721890352917271,0.5615463643743271,0.3731778144836426,-0.5410783918011419,1.5021564462661743,0.4263783722877502,0.4,0.0,1.4,0.0
transgastric_short_axis,2,420,21.001,0.3731706539727975,-0.5410783871736422,1.5021574651509546,0.4263783733366058,-0.0071605108452361685,4.6274996183192885e-06,0.0010188847789034592,1.0487868412445033e-06,0.049724265939543176,-0.04676661241864595,1.0677566887649372,0.6969363671167661,0.2855558872222901,-0.24957972280867305,1.5193156494140625,-0.4555494483232498,0.4,0.0,1.4,0.0
transgastric_short_axis,2,421,21.0508,0.28554872462234376,-0.24957972712919663,1.5193164025538088,-0.4555494369411047,-0.0071625999463108955,-4.320524225114079e-06,0.0007531397467316318,1.138214419035956e-05,0.06809049978859764,-0.0014650716155683126,0.9789670606729273,0.5451154263504167,0.37257251739501956,-0.5489806773516256,1.5062265981674194,0.4107160772323608,0.4,0.0,1.4,0.0
transgastric_short_axis,2,422,21.101,0.3725653568947091,-0.5489806732211688,1.5062276158298067,0.4107160778441159,-0.007160500310455953,4.130456621159664e-06,0.0010176623866514289,6.11684040494902e-07,0.04981962376004709,-0.0468562932362286,1.0668942145687852,0.6943374123415944,0.28641786575317385,-0.2323589533802181,1.5186460292816162,-0.43893215811252595,0.4,0.0,1.4,0.0
transgastric_short_axis,2,423,21.1514,0.28641070312782985,-0.23235895759589398,1.5186467805073418,-0.43893214702081546,-0.007162625343962094,-4.215678178117849e-06,0.0007512257233968613,1.1091702434013255e-05,0.06822707284540125,-0.0008599548924115427,0.9798865741208023,0.5230981760167249,0.3704712390899658,-0.5749703415940327,1.4999509692192077,0.42587559542655945,0.4,0.0,1.4,0.0
transgastric_short_axis,2,424,21.2011,0.3704640785477238,-0.5749703368792882,1.4999519841450484,0.42587559666635944,-0.00716054224212954,4.71474495324218e-06,0.0010149258401227345,1.23973217184839e-06,0.048117180567321366,-0.048409595120917845,1.0651977423093042,0.7230654755397861,0.28071739673614504,-0.21042744729638727,1.5134272616386413,-0.47977477297782894,0.4,0.0,1.4,0.0
transgastric_short_axis,2,425,21.2509,0.28071023431016884,-0.2104274523287197,1.5134280405683365,-0.4797747618078604,-0.007162425976181596,-5.0323340427736635e-06,0.0007789296951171234,1.1169966982194835e-05,0.06785976747411386,0.0020255498012307725,0.9744972433273598,0.5491443374440382,0.3717498779296875,-0.5613946490719476,1.4945221026420592,0.45100095620155334,0.4,0.0,1.4,0.0
transgastric_short_axis,2,426,21.3009,0.3717427173614566,-0.5613946435860351,1.4945231184781615,0.4510009580671541,-0.0071605682309969524,5.485912938282033e-06,0.0010158361021713265,1.8655369179659066e-06,0.048008372635101715,-0.04821355012357666,1.0668100010263233,0.7268417324105251,0.27895560264587405,-0.23803853971778638,1.5136283723831176,-0.47905890111923216,0.4,0.0,1.4,0.0
transgastric_short_axis,2,427,21.3508,0.27894844015065456,-0.23803854473563613,1.5136291422213661,-0.4790588896048913,-0.007162495219540138,-5.0178483912637605e-06,0.0007698382476595007,1.1514341926571172e-05,0.06789653220503754,0.00012682952989268026,0.972722848817952,0.5601114447975992,0.37317695617675783,-0.542386170343939,1.5017774442672729,0.42806103630065917,0.4,0.0,1.4,0.0
transgastric_short_axis,2,428,21.4012,0.37316979568283365,-0.542386165685075,1.501778462871595,0.42806103743800517,-0.0071604939243101896,4.6588669990007715e-06,0.0010186043167393396,1.136774669208892e-06,0.04961305299524718,-0.04686404252834857,1.0677794301420702,0.6989261190335245,0.28486382961273193,-0.24855694411440651,1.51929786028862,-0.45951913847923276,0.4,0.0,1.4,0.0
transgastric_short_axis,2,429,21.4508,0.2848566670235785,-0.24855694847414345,1.51929861529712,-0.4595191270587758,-0.007162589153479596,-4.359737547954504e-06,0.0007550084997457678,1.1420457730693039e-05,0.06806315829780635,-0.0012595181623128466,0.9782730238469335,0.5481136118619631,0.3727385997772217,-0.5432568991847188,1.5062322157859802,0.4127009691238403,0.4,0.0,1.4,0.0
transgastric_short_axis,2,430,21.5009,0.37273143927803354,-0.5432568950199244,1.506233233877749,0.41270096972685977,-0.007160499188338688,4.164794699886173e-06,0.0010180917682365508,6.029491170140865e-07,0.05003036273005479,-0.04661054242445855,1.0670581271789263,0.690998711130601,0.2871906280517578,-0.24188341612375022,1.519034581232071,-0.4313700008869171,0.4,0.0,1.4,0.0
transgastric_short_axis,2,431,21.5509,0.287183465415781,-0.24188342022730788,1.5190353269642385,-0.43136998985502173,-0.0071626359767812,-4.1035575905214204e-06,0.0007457321683292635,1.1031894014108224e-05,0.0682677842584751,-0.0017697658860454813,0.9806392347854083,0.5210418761188561,0.3705774307250977,-0.5845318805333658,1.5024215978622437,0.4130661143302917,0.4,0.0,1.4,0.0
transgastric_short_axis,2,432,21.6009,0.37057027019097283,-0.5845318761768834,1.5024226117832802,0.41306611531780213,-0.007160534124916229,4.3564824312823585e-06,0.0010139210358011562,9.874416954675912e-07,0.04803956789906227,-0.04863283417197487,1.065151588998463,0.7236419213200325,0.27948114871978763,-0.19581923889730005,1.5127982756137848,-0.4847377517223358,0.4,0.0,1.4,0.0
transgastric_short_axis,2,433,21.6509,0.27947398635123305,-0.19581924403264608,1.5127990626774528,-0.4847377407216542,-0.007162368554573978,-5.135346650726073e-06,0.0007870636676781024,1.1000679459308144e-05,0.06777164432776006,0.003183674473713774,0.9732977996347492,0.5482390009114869,0.37060194015502934,-0.5675584729970979,1.4915878332138062,0.45503215928077695,0.4,0.0,1.4,0.0
transgastric_short_axis,2,434,21.7013,0.37059477959672255,-0.5675584672689505,1.491588848724188,0.45503216154469417,-0.007160558306742825,5.7281498131540164e-06,0.0010155103748303136,2.2634022126329506e-06,0.04757739961397631,-0.04857427869818173,1.0658517176559015,0.7337779405285393,0.2761293411254883,-0.2341964721145347,1.5113107302188873,-0.4856009924411774,0.4,0.0,1.4,0.0
transgastric_short_axis,2,435,21.7512,0.2761221786425851,-0.23419647740124233,1.5113115057538753,-0.4856009809136059,-0.00716248290317524,-5.286708647561802e-06,0.0007755349847729122,1.1527596787276264e-05,0.0678308107490799,0.0006116784454020304,0.9700431160104386,0.564262588365436,0.37289195060729985,-0.5407645549114328,1.5012123118400573,0.42619579968452453,0.4,0.0,1.4,0.0
transgastric_short_axis,2,436,21.801,0.372884790121923,-0.5407645502363663,1.5012133313423366,0.42619580090060794,-0.007160485376911931,4.6750696414643585e-06,0.0010195022727027474,1.2155156583648132e-06,0.0497404579559132,-0.04674512944023482,1.06753398872511,0.6964542573247693,0.28567299842834476,-0.24832306447523791,1.519247863483429,-0.4550792536497116,0.4,0.0,1.4,0.0
transgastric_short_axis,2,437,21.851,0.2856658358054748,-0.24832306880904764,1.5192486168151547,-0.4550792422468204,-0.007162622869887047,-4.333811928701009e-06,0.0007533317236793309,1.1402903346577124e-05,0.06809543519043357,-0.001395550159503399,0.9790890418103713,0.5441084422622677,0.3724746465682984,-0.5498794942195273,1.505812205171585,0.4121002584457397,0.4,0.0,1.4,0.0
transgastric_short_axis,2,438,21.9011,0.37246748608687436,-0.5498794900546529,1.5058132227123977,0.41210025913074144,-0.007160481424086433,4.164876827241505e-06,0.0010175408076555934,6.844135787050665e-07,0.049736266388469584,-0.046927867766300604,1.0668228286642114,0.6958078431446064,0.28611173629760744,-0.23217132535904358,1.5185537130832671,-0.44417143006324766,0.4,0.0,1.4,0.0
transgastric_short_axis,2,439,21.9512,0.2861045736848352,-0.23217132963306739,1.5185544665232005,-0.4441714189145515,-0.007162612772252989,-4.274026376543385e-06,0.0007534399312370935,1.1148690442990845e-05,0.0681889094312446,-0.0006677348857687428,0.9795824999906282,0.527464790628025,0.37080130577087406,-0.567527763420778,1.5002142482757568,0.4274505884170532,0.4,0.0,1.4,0.0
transgastric_short_axis,2,440,22.0011,0.37079414525478005,-0.5675277587040876,1.5002152640745239,0.4274505896853169,-0.007160516093979268,4.716693124347764e-06,0.0010157987616479017,1.267697516383775e-06,0.048431021564051685,-0.04808089401551406,1.0655086376969094,0.7181210515135562,0.28151581287384037,-0.220593066072356,1.5150148006439208,-0.4765762882232666,0.4,0.0,1.4,0.0
transgastric_short_axis,2,441,22.0511,0.2815086503818572,-0.22059307095329964,1.5150155737205493,-0.4765762769053638,-0.007162491983164422,-4.880946142074533e-06,0.0007730766255723915,1.1317907025112719e-05,0.0679110766180398,0.0012260870992943018,0.9751938450168443,0.5505043440284386,0.3723799228668213,-0.5557038275235305,1.496978125476837,0.44529045968055725,0.4,0.0,1.4,0.0
transgastric_short_axis,2,442,22.1019,0.372372762332335,-0.5557038223092792,1.496979141923191,0.4452904613372528,-0.007160534486199703,5.2142531959259425e-06,0.001016446347421427,1.6561478983467397e-06,0.048460767760757945,-0.04783855889955327,1.0672835660940216,0.7192068904817239,0.2819295167922974,-0.23923864748994933,1.515271338558197,-0.47113656091690065,0.4,0.0,1.4,0.0
transgastric_short_axis,2,443,22.1511,0.2819223542428028,-0.2392386522981859,1.5152721034737011,-0.47113654943785954,-0.007162549494513548,-4.808238181036421e-06,0.000764915502945975,1.1479060160041189e-05,0.06796717834228402,-0.00022566009101010996,0.9755954399354427,0.5535655058224626,0.373311185836792,-0.5454683631867854,1.5022002636909484,0.42862167463302614,0.4,0.0,1.4,0.0
transgastric_short_axis,2,444,22.2013,0.37330402531544715,-0.5454683585400432,1.5022012815541492,0.42862167566553655,-0.00716052134492426,4.6467427076865345e-06,0.001017863200005473,1.0324409956230434e-06,0.04945382277638502,-0.04702878545734964,1.067884904309182,0.7017193513324043,0.28408193588256836,-0.24698251656746528,1.5190536811351776,-0.46359528250694276,0.4,0.0,1.4,0.0
transgastric_short_axis,2,445,22.2512,0.2840747733067311,-0.24698252098573248,1.5190544383677222,-0.4635952710530299,-0.007162575837180997,-4.418268187106483e-06,0.0007572325452240336,1.1453913574952867e-05,0.06803395069610019,-0.001012779284670389,0.977504028479798,0.5509387974123257,0.3729701042175293,-0.5410207177187849,1.5057708220481871,0.4157801731109619,0.4,0.0,1.4,0.0
transgastric_short_axis,2,446,22.3011,0.3729629437154979,-0.541020713479703,1.5057718402520637,0.41578017375755305,-0.007160502031484653,4.239082736502685e-06,0.001018203875768067,6.465208957486494e-07,0.05004483640797305,-0.04655979152987713,1.067317688076564,0.6910103109988934,0.287194299697876,-0.24743473380412837,1.5191868186950683,-0.43389699296951295,0.4,0.0,1.4,0.0
transgastric_short_axis,2,447,22.3511,0.2871871370571771,-0.24743473792435167,1.5191875640932384,-0.43389698186412123,-0.00716264069886193,-4.120225180473401e-06,0.0007453981706837738,1.1105390622705834e-05,0.06824117868936044,-0.002061921318481366,0.9806308386258049,0.5257594106455177,0.3710844993591309,-0.5801684991467312,1.5042460131168365,0.40732528266906737,0.4,0.0,1.4,0.0
transgastric_short_axis,2,448,22.401,0.3710773388379811,-0.5801684949800195,1.5042470277561062,0.40732528349005737,-0.0071605211498489965,4.166711917381129e-06,0.0010146392685479284,8.209205263283817e-07,0.048426084535485636,-0.04831699390094349,1.065541924240535,0.7170866978701473,0.27988905906677247,-0.2009762006768863,1.5147189393997191,-0.4839906084537506,0.4,0.0,1.4,0.0
transgastric_short_axis,2,449,22.4509,0.2798818966727454,-0.20097620564381494,1.5147197229665705,-0.4839905973605285,-0.0071623940271416985,-4.966927648483153e-06,0.000783566850705633,1.1093219449705222e-05,0.06780153162122984,0.0028075929011555575,0.9735798965522131,0.5497520415176737,0.3710142850875855,-0.5618419977172429,1.4929875565052033,0.45319632153511047,0.4,0.0,1.4,0.0
transgastric_short_axis,2,450,22.5012,0.37100712451931755,-0.5618419920861705,1.4929885728096828,0.4531963235821399,-0.007160568267852363,5.6310721352727366e-06,0.0010163044782398804,2.046967518915768e-06,0.047915009701881645,-0.04827150189963776,1.0661735426577994,0.7283823125814796,0.27804107666015626,-0.23859992575319666,1.513254238986969,-0.4811974348783493,0.4,0.0,1.4,0.0
transgastric_short_axis,2,451,22.551,0.27803391417089646,-0.23859993082545491,1.5132550098887831,-0.481197423338283,-0.007162489259719163,-5.072258332026975e-06,0.000770901814358381,1.1540067919723898e-05,0.06787736888534075,0.0001617107342335878,0.9718310091632996,0.5623017967023538,0.373152232170105,-0.5405568907642447,1.5021736736297606,0.4257254177570343,0.4,0.0,1.4,0.0
transgastric_short_axis,2,452,22.6012,0.3731450716612865,-0.5405568861457265,1.5021746926772348,0.42572541880607684,-0.00716050881861653,4.618518146575864e-06,0.0010190474728250802,1.0489735398515268e-06,0.04976750428193201,-0.04672772111409008,1.067730603163109,0.69613557183708,0.2858021974563599,-0.2503322946820266,1.5192890593528747,-0.4539168747425079,0.4,0.0,1.4,0.0
transgastric_short_axis,2,453,22.651,0.28579503485161495,-0.2503322989893485,1.5192898116807125,-0.4539168633733819,-0.007162604744843704,-4.307322880404497e-06,0.000752327837649375,1.1369126009938035e-05,0.06810085592414222,-0.0015722339925165257,0.9792164271088954,0.5440400830889078,0.37252326011657716,-0.5513117963492316,1.5063131094932556,0.4095195244789123,0.4,0.0,1.4,0.0
transgastric_short_axis,2,454,22.7011,0.37251609961618865,-0.5513117922436056,1.5063141269683449,0.4095195250853898,-0.007160500388635362,4.105626231730063e-06,0.0010174750879880527,6.064067617637638e-07,0.04974489169282131,-0.04694850955608606,1.0668402396832177,0.6954919065426775,0.28614201545715334,-0.22817196480390914,1.5184906085014342,-0.44109690742492674,0.4,0.0,1.4,0.0
transgastric_short_axis,2,455,22.7513,0.2861348528586976,-0.2281719690281711,1.5184913617627949,-0.44109689640876243,-0.007162598455676015,-4.224265360725712e-06,0.0007532613579092998,1.1016272070523785e-05,0.06821366068502034,-0.0005000973495422126,0.9796193861268236,0.5231007493949394,0.3703119039535523,-0.5725955925276307,1.498872948217392,0.43073764429092404,0.4,0.0,1.4,0.0
transgastric_short_axis,2,456,22.8009,0.3703047434066986,-0.5725955876662477,1.498873963354769,0.43073764564463346,-0.007160546853775788,4.861383015623098e-06,0.001015137376658401,1.3536420240581886e-06,0.048084560133662295,-0.04838432044189871,1.0651052342529401,0.7239188457858794,0.28099813461303713,-0.21403619702101276,1.5133018014907837,-0.47825408363342287,0.4,0.0,1.4,0.0
transgastric_short_axis,2,457,22.8509,0.2809909721740201,-0.2140362020483555,1.5133025785378953,-0.47825407243005974,-0.007162439017002859,-5.027343957407241e-06,0.0007770471119047628,1.1203361511550409e-05,0.06788006966204244,0.0017293913599281978,0.974787663719874,0.5491257384157495,0.37200748920440674,-0.560150162216932,1.4951643836975097,0.4494536767959595,0.4,0.0,1.4,0.0
transgastric_short_axis,2,458,22.901,0.37200032863960353,-0.5601501567986875,1.4951653996812837,0.4494536785919321,-0.0071605648033966,5.418244737831166e-06,0.0010159837727370066,1.7959080375594503e-06,0.048116896082145075,-0.04812666766070697,1.0670268025688991,0.7249946498107436,0.2797247886657715,-0.23801906535231515,1.5140195458889008,-0.4770966669559479,0.4,0.0,1.4,0.0
transgastric_short_axis,2,459,22.951,0.27971762616382323,-0.2380190703166363,1.514020314587194,-0.4770966554595302,-0.00716250194825289,-4.964319875581267e-06,0.0007686982929843608,1.1496419084035688e-05,0.06791423906055452,6.110808635327765e-05,0.9734680288906643,0.5583393037206802,0.3732099294662476,-0.5435160580482971,1.5017038534641265,0.4288842046737671,0.4,0.0,1.4,0.0
transgastric_short_axis,2,460,23.001,0.37320276894869764,-0.5435160533596638,1.501704871891918,0.4288842057680391,-0.007160517549943364,4.688633473483898e-06,0.0010184277910043492,1.0942035163048036e-06,0.04953600620859706,-0.046936148486512036,1.0678164826164456,0.7002951768900847,0.2843799591064453,-0.24828505201186624,1.519241122341156,-0.4620241282224655,0.4,0.0,1.4,0.0
transgastric_short_axis,2,461,23.051,0.28437279652371306,-0.24828505640032994,1.5192418784835828,-0.46202411677485355,-0.0071625827322316,-4.388465223006264e-06,0.0007561424274654284,1.14476127435787e-05,0.06804487064413035,-0.001155274574629224,0.9777909050728042,0.5501818149315176,0.3728968143463135,-0.5408722256820669,1.506238207912445,0.4136658887386322,0.4,0.0,1.4,0.0
transgastric_short_axis,2,462,23.101,0.37288965384710504,-0.5408722215014158,1.5062392261407496,0.4136658893373264,-0.007160499208518232,4.180652042259902e-06,0.001018228303659161,5.986235304352941e-07,0.050113867525322306,-0.04651066493614527,1.067215064219201,0.6896984645717524,0.2874962329864502,-0.24603501378588555,1.519191125535965,-0.4285271113872528,0.4,0.0,1.4,0.0
transgastric_short_axis,2,463,23.151,0.287489070337139,-0.246035017853239,1.5191918692302435,-0.42852710036196406,-0.00716264931127819,-4.067353722907371e-06,0.0007436942777123015,1.1025286442349763e-05,0.06827851555327392,-0.0021511113695386382,0.9809365369348346,0.5206093705830478,0.3706406116485596,-0.5878552559024325,1.503524710893631,0.40732228660583497,0.4,0.0,1.4,0.0
transgastric_short_axis,2,464,23.201,0.37063345111926993,-0.5878552517008876,1.5035257245382851,0.4073222874904108,-0.007160529289615975,4.201545392645744e-06,0.0010136446537965438,8.845064009358644e-07,0.04805065021734177,-0.048685949624703004,1.0651463566751727,0.7232324748468337,0.2790184259414673,-0.19025350269633265,1.512849770450592,-0.4870608242511749,0.4,0.0,1.4,0.0
transgastric_short_axis,2,465,23.251,0.2790112635956475,-0.19025350785177994,1.512850560773325,-0.4870608133154434,-0.0071623458196378225,-5.155447154632531e-06,0.000790322733057449,1.0935728229381385e-05,0.06772944152485441,0.003638552963956671,0.9728294863419884,0.5484506874104401,0.3700556516647339,-0.57061201605228,1.4908212155342102,0.45539898977279664,0.4,0.0,1.4,0.0
transgastric_short_axis,2,466,23.301,0.37004849108492655,-0.5706120102433436,1.4908222308789467,0.4553989920401724,-0.007160579807227659,5.808936534777723e-06,0.0010153447352244925,2.267314860052016e-06,0.047414482450475914,-0.0487238096842843,1.0653557484954748,0.7362961895142968,0.2752119541168213,-0.23122756764774677,1.5103720261573792,-0.48788043479919435,0.4,0.0,1.4,0.0
transgastric_short_axis,2,467,23.3509,0.2752047916749845,-0.23122757303343583,1.5103728042234392,-0.48788042331154025,-0.007162441836786534,-5.385688663997773e-06,0.0007780660593987727,1.1487654663799666e-05,0.06780498734704211,0.0008910834675541048,0.9691852752877483,0.565021679154535,0.3726874351501465,-0.5418146726187647,1.5006430598258973,0.42682778177261355,0.4,0.0,1.4,0.0
transgastric_short_axis,2,468,23.4009,0.37268027464430764,-0.5418146678804472,1.500644079536114,0.4268277830028371,-0.0071605058390018924,4.73831750955778e-06,0.0010197102149605273,1.2301550361615995e-06,0.049670860231819026,-0.04680851277299316,1.0673668026743854,0.6975820301675627,0.2852860450744629,-0.24633312138040628,1.5191877549648285,-0.4575409877300262,0.4,0.0,1.4,0.0
transgastric_short_axis,2,469,23.4509,0.28527888248546984,-0.2463331257283936,1.519188509762457,-0.457540976353688,-0.007162588992996161,-4.34798884364408e-06,0.0007547976283540131,1.137633789863911e-05,0.06807996768128313,-0.0011757353540293378,0.9787041181082905,0.5453353001016756,0.3724997043609619,-0.5465136123027494,1.505413541507721,0.41488903155326845,0.4,0.0,1.4,0.0
transgastric_short_axis,2,470,23.5009,0.37249254385742414,-0.5465136080601429,1.5054145594124932,0.4148890322433312,-0.007160503537825317,4.242606516708326e-06,0.0010179047719276898,6.89992145971573e-07,0.04981256239754074,-0.04681531315865772,1.0668720038478734,0.6947509786609078,0.28634889125823976,-0.23893248799432032,1.51878684425354,-0.4436617248058319,0.4,0.0,1.4,0.0
transgastric_short_axis,2,471,23.551,0.2863417286548016,-0.2389324922343073,1.5187875955792354,-0.4436617136483334,-0.007162603438096507,-4.239986474091136e-06,0.0007513256945359805,1.115749683489942e-05,0.06818724348235164,-0.0011464076220696253,0.9798045470582863,0.5300501367902359,0.3712018966674805,-0.5676013540518374,1.5022427703380585,0.4199207324981689,0.4,0.0,1.4,0.0
transgastric_short_axis,2,472,23.6009,0.37119473614113785,-0.5676013495631052,1.5022437862657494,0.4199207335145667,-0.007160526342821958,4.4887319477983005e-06,0.001015927690313197,1.0163286400054672e-06,0.0486557325795707,-0.04794506835458701,1.0657813682528943,0.713994572470411,0.2815071821212769,-0.22044007995129852,1.516081024646759,-0.4778553263425827,0.4,0.0,1.4,0.0
transgastric_short_axis,2,473,23.6509,0.2815000196523595,-0.22044008474574225,1.5160817976365468,-0.47785531504086415,-0.007162468917467463,-4.7944425044157545e-06,0.0007729897880690842,1.1301717243387542e-05,0.0679033468219208,0.0012789174695056974,0.9751137199948658,0.5517760072352159,0.3723324775695801,-0.5540479446979357,1.497353007888794,0.4446154091835022,0.4,0.0,1.4,0.0
transgastric_short_axis,2,474,23.7009,0.37232531701773414,-0.5540479394987573,1.497354024620944,0.44461541074073185,-0.007160551845807824,5.199179102157308e-06,0.0010167321483253997,1.5571639036320985e-06,0.04856132317057768,-0.04774641423345066,1.067211970691359,0.7175623157043802,0.28245105743408205,-0.24043931702265475,1.5156533366203309,-0.4695390974521637,0.4,0.0,1.4,0.0
transgastric_short_axis,2,475,23.7509,0.28244389490056426,-0.24043932177408522,1.5156541002064916,-0.4695390860032968,-0.007162533517775546,-4.751431851233179e-06,0.0007635861611902646,1.1448867310388853e-05,0.0679809200388431,-0.0003620299907850424,0.9760931326270164,0.5526964171050109,0.37325429916381836,-0.5451264382699543,1.5026539800167082,0.42713057141304017,0.4,0.0,1.4,0.0
transgastric_short_axis,2,476,23.8011,0.3732471386445568,-0.5451264336744229,1.5026549978925514,0.42713057239514196,-0.007160519261530689,4.595531910889137e-06,0.0010178758427029126,9.820334309713638e-07,0.049514766560205245,-0.046983548509363836,1.0677992393231133,0.7006119601806837,0.2843928337097168,-0.2468078090387669,1.519126522922516,-0.46204425802230836,0.4,0.0,1.4,0.0
transgastric_short_axis,2,477,23.851,0.2843856711303526,-0.2468078134359445,1.5191272795082682,-0.46204424658782506,-0.007162579364169299,-4.397178398885839e-06,0.0007565857513641673,1.143448342047447e-05,0.06804597269391237,-0.0010539705530718127,0.9778113547242653,0.5495061094664581,0.3728393077850342,-0.5420433091595372,1.5057157693862915,0.415496483373642,0.4,0.0,1.4,0.0
transgastric_short_axis,2,478,23.9012,0.37283214728299996,-0.542043304922094,1.5057167875521875,0.4154964840272708,-0.00716050203418013,4.237444112761947e-06,0.001018165894471398,6.535577684493926e-07,0.05000510651797589,-0.046605101086547585,1.0671908340929732,0.6916374802174166,0.2870489120483399,-0.24574814140221357,1.5191126661300658,-0.43546393404006956,0.4,0.0,1.4,0.0
transgastric_short_axis,2,479,23.9511,0.28704174941394583,-0.24574814554199398,1.5191134125190997,-0.43546392292727387,-0.007162634394078321,-4.1397822867940545e-06,0.0007463890343678508,1.1112793956782656e-05,0.06823404123181732,-0.0018929017035105048,0.9804892013860071,0.5262780164760322,0.3710868835449219,-0.5782504614013316,1.5038252534866332,0.40979141721725465,0.4,0.0,1.4,0.0
transgastric_short_axis,2,480,24.001,0.371079723022206,-0.5782504571713372,1.5038262683048993,0.40979141807713315,-0.0071605227158167,4.229994329696536e-06,0.0010148182651021386,8.598088197719817e-07,0.04844514570228252,-0.04827062410663498,1.0655701989863928,0.7168813527768186,0.28019578456878663,-0.20415389281194724,1.514829793739319,-0.48296249063014984,0.4,0.0,1.4,0.0
transgastric_short_axis,2,481,24.051,0.28018862216241464,-0.20415389775949272,1.5148305755634164,-0.4829624795016381,-0.007162406371834594,-4.9475441473790276e-06,0.0007818240976474399,1.1128509544176742e-05,0.06782040731757005,0.002557459513089975,0.973880255136039,0.5499749066278659,0.37124409675598147,-0.5612201287967634,1.4937069861888885,0.45226173706054684,0.4,0.0,1.4,0.0
transgastric_short_axis,2,482,24.101,0.37123693618823117,-0.5612201232317802,1.4937080023538103,0.45226173902280564,-0.007160567750399707,5.564983838392381e-06,0.0010161649206349317,1.9621962143584487e-06,0.04797588396117275,-0.0482263542853205,1.0663567813766415,0.7274044341693336,0.2785024881362915,-0.23887986975684522,1.513510776901245,-0.48001380264759064,0.4,0.0,1.4,0.0
transgastric_short_axis,2,483,24.151,0.27849532564223467,-0.23887987479506093,1.5135115470172984,-0.48001379111426834,-0.007162494056775478,-5.038216908242711e-06,0.0007701160528513814,1.1533323253390406e-05,0.0678882420639243,0.00010226364331167997,0.9722766071074116,0.5613600372657849,0.37318427562713624,-0.5412227642605486,1.5021512031555175,0.4264766806125641,0.4,0.0,1.4,0.0
transgastric_short_axis,2,484,24.2009,0.37317711511592355,-0.54122275963162,1.5021522220079309,0.42647668166168096,-0.007160511212722268,4.628929047190902e-06,0.0010188524122685648,1.0490485187626474e-06,0.04971466225712318,-0.0467757317978756,1.0677634003865186,0.697107580764323,0.2855061531066895,-0.24934790295816003,1.5193171474456786,-0.45589390196800234,0.4,0.0,1.4,0.0
transgastric_short_axis,2,485,24.2508,0.28549899050791044,-0.2493479072817565,1.5193179007770627,-0.4558938905838062,-0.00716259877895371,-4.323595956773731e-06,0.0007533313838898811,1.1384195551628226e-05,0.06808837897266282,-0.0014374897887574865,0.9789169541426932,0.5453080422641715,0.3725787162780762,-0.5484992485667557,1.5061865258216858,0.41105350885391234,0.4,0.0,1.4,0.0
transgastric_short_axis,2,486,24.3011,0.37257155577767537,-0.5484992444285303,1.5061875435236072,0.41105350946896024,-0.007160500400827984,4.13822603420346e-06,0.0010177019208564035,6.149771248276025e-07,0.04983236577149779,-0.046838997133946805,1.0669027900070422,0.6941502162626274,0.28646473884582524,-0.2332933484158076,1.5186763644218444,-0.43870286564826966,0.4,0.0,1.4,0.0
transgastric_short_axis,2,487,24.3511,0.2864575762428854,-0.23329335261228684,1.5186771152503304,-0.43870285459488506,-0.007162602939785303,-4.1964800399146606e-06,0.0007508284863600609,1.1053382660368814e-05,0.06822797536496003,-0.000931585179966503,0.9799316048256841,0.5233183760193809,0.3705174922943115,-0.5752132094018804,1.5002236109733582,0.4248007577419281,0.4,0.0,1.4,0.0
transgastric_short_axis,2,488,24.4013,0.3705103317533496,-0.5752132047212005,1.500224625884754,0.424800758953749,-0.007160540961938878,4.680679858785738e-06,0.0010149113952299378,1.211752989592367e-06,0.048138137251285705,-0.04840165117000488,1.0652269014223763,0.7226621145876898,0.28068113327026367,-0.21000818667821394,1.5135227611541748,-0.4799850591659546,0.4,0.0,1.4,0.0
transgastric_short_axis,2,489,24.4511,0.2806739708455598,-0.2100081917047459,1.5135235402717493,-0.479985047998738,-0.007162424703934149,-5.026533571420699e-06,0.0007791175744469638,1.1167214381772398e-05,0.06785730890605243,0.002061017679572637,0.974454488111794,0.5491952133031076,0.37171573638916017,-0.5614618730835261,1.4944749146461487,0.45112697811126706,0.4,0.0,1.4,0.0
transgastric_short_axis,2,490,24.5012,0.37170857582069006,-0.5614618675924131,1.494475930475157,0.45112697998190665,-0.007160568470057666,5.4911129029236406e-06,0.001015829006404338,1.870575601942947e-06,0.04800119267754974,-0.048218989397194836,1.0667788401908171,0.7269670466735039,0.27889676094055177,-0.23808460408226634,1.5136036548614502,-0.47919840531349184,0.4,0.0,1.4,0.0
transgastric_short_axis,2,491,24.5511,0.2788895984457006,-0.23808460910369028,1.51360442476639,-0.47919839379734247,-0.007162494851146543,-5.021425037490778e-06,0.0007699049399627663,1.1516150322310019e-05,0.06789528530127557,0.00012846454413808182,0.9726655086151952,0.5602580444769677,0.3731759071350098,-0.5422592124613478,1.501807404899597,0.42791235666275024,0.4,0.0,1.4,0.0
transgastric_short_axis,2,492,24.601,0.3731687466207618,-0.5422592077908687,1.501808423600096,0.42791235774852243,-0.007160514248066586,4.670479550966842e-06,0.0010187004985894102,1.0857036324920682e-06,0.049623409542665475,-0.04685487131842478,1.0677765304464655,0.6987409431411025,0.28493216037750246,-0.2485674303111987,1.5193036651611327,-0.4591678500652313,0.4,0.0,1.4,0.0
transgastric_short_axis,2,493,24.6509,0.284924997787512,-0.24856743466707443,1.5193044200191155,-0.45916783864887883,-0.007162589990491048,-4.355875005415803e-06,0.0007548579820564273,1.1416353049344397e-05,0.06806572966885288,-0.001272257974043717,0.9783412504598703,0.5478108016430078,0.37271928787231445,-0.5437695993064511,1.5062097453117371,0.41261595582962035,0.4,0.0,1.4,0.0
transgastric_short_axis,2,494,24.701,0.3727121273729336,-0.5437695951420755,1.50621076336801,0.4126159564356531,-0.007160499380895499,4.164375611520342e-06,0.0010180562712830059,6.059616247862341e-07,0.050008804998433944,-0.046634420070986504,1.0670403943522728,0.691348431945869,0.28711163997650146,-0.24110369249084546,1.518998628473282,-0.43226919436454775,0.4,0.0,1.4,0.0
transgastric_short_axis,2,495,24.7509,0.28710447734389505,-0.24110369660527098,1.5189993747410435,-0.43226918332710546,-0.007162632606339417,-4.114424780143052e-06,0.000746267762182758,1.1037440232371268e-05,0.0682630740507801,-0.0016856087423186084,0.9805619629315732,0.5214344537864406,0.370589280128479,-0.5833860762803053,1.5022343439102173,0.4142360770225525,0.4,0.0,1.4,0.0
transgastric_short_axis,2,496,24.801,0.370582119593901,-0.5833860718937094,1.5022353579546879,0.41423607802856655,-0.007160534578052953,4.38659643223021e-06,0.0010140444701439908,1.0059449270923732e-06,0.0480601840005613,-0.04859953305910307,1.065174836279475,0.7233590514563094,0.27963006496429443,-0.1975498358750392,1.5129336602210999,-0.4841789859294891,0.4,0.0,1.4,0.0
transgastric_short_axis,2,497,24.8509,0.27962290258854366,-0.19754984099326647,1.5129344462699477,-0.48417897490634,-0.007162375750709236,-5.118226620737997e-06,0.0007860488480006113,1.1023147152139225e-05,0.06778307892006834,0.003047528483241373,0.9734383266037876,0.5483612442116292,0.3707643508911133,-0.5662692325522014,1.4918795748710632,0.45477618312835694,0.4,0.0,1.4,0.0
transgastric_short_axis,2,498,24.901,0.37075719031572646,-0.566269226823201,1.4918805905963985,0.45477618528999564,-0.00716057538690187,5.729001188381383e-06,0.0010157253340028856,2.161576415967134e-06,0.047648905298575475,-0.04850903434937963,1.0659951148153266,0.7326523055313755,0.2765294790267945,-0.23531774615724213,1.5117180075645447,-0.4846357919454575,0.4,0.0,1.4,0.0
transgastric_short_axis,2,499,24.951,0.2765223165608079,-0.23531775139461084,1.511718782004234,-0.4846357804222338,-0.007162465986520801,-5.237367201725787e-06,0.0007744396898213952,1.152322452843603e-05,0.06784132610605809,0.0005025230314324551,0.9704173698001468,0.5638919296699523,0.3729701042175293,-0.5403945419674799,1.5014235342979432,0.42604056615829466,0.4,0.0,1.4,0.0
transgastric_short_axis,2,500,25.0011,0.3729629437115014,-0.5403945372919102,1.501424553807162,0.42604056729753736,-0.007160506027878525,4.675570095146317e-06,0.0010195092170853753,1.1391751152116012e-06,0.04976305810566505,-0.04672413629333142,1.0675982061812488,0.696099679245634,0.28578214645385747,-0.2493070816920762,1.5192643418312073,-0.45425468087196347,0.4,0.0,1.4,0.0
mid_esophageal_4chamber,3,1,0.0513,-5.551115123125783e-17,3.3306690738754696e-16,6.337373456414587e-17,0.0,1.1105699693203519e-14,5.474705821452525e-36,-4.867496439262175e-18,6.370898535129561e-19,4.436161419490211e-18,1.477538564661555e-33,0.76,0.30000000000000004,0.2335674524307251,-0.13564382409830664,-0.12601488769054411,0.28506736464500426,0.3,0.0,0.0,0.0
mid_esophageal_4chamber,3,2,0.1008,0.23356028425530412,-0.13564382477449188,-0.1260150388571883,0.28506748816060945,-0.007168175420982446,-6.761848464349315e-07,-0.00015116664550088324,0.00012351560516740334,-0.009872039366703993,-0.008586672075379729,0.9916039206720206,0.346347723901958,0.2414712429046631,-0.46102114788416193,0.08142719378471375,-0.007424338316917419,0.3,0.0,0.0,0.0
mid_esophageal_4chamber,3,3,0.1506,0.2414640745407392,-0.46102114787574433,0.0814272811954791,-0.007424341707195303,-0.007168363923915449,8.417398429092523e-09,8.741076488459027e-05,-3.390273316300431e-06,0.005214719500697657,-0.0023001212152130566,1.0012311772469809,0.4718606535098194,0.29102079868316655,-0.2116865399255063,-0.098267316198349,-0.03538182148933411,0.3,0.0,0.0,0.0
mid_esophageal_4chamber,3,4,0.2007,0.29101363034503797,-0.21168653996632536,-0.09826741957252855,-0.03538183719632215,-0.007168338128515859,-4.081846135009435e-08,-0.00010337418057067755,-1.57069883137497e-05,-0.00645211539898537,0.002652973859452865,1.0506541253921895,0.23622088433354216,0.2652322769165039,-0.7017220580660789,0.1591557475090027,-0.022798168659210204,0.3,0.0,0.0,0.0
mid_esophageal_4chamber,3,5,0.2506,0.2652251087102468,-0.701722058042504,0.15915591588110983,-0.022798178395875723,-0.007168206257223334,2.357541690627567e-08,0.0001683721073490531,-9.73666490031631e-06,0.008986742134510242,-0.006551226241467563,1.0243314269886696,0.7207451021725687,0.27581343650817874,-0.07255287208405697,0.11198685150146484,0.03106936297416687,0.3,0.0,0.0,0.0
mid_esophageal_2chamber,3,1,0.0515,-5.551115123125783e-17,1.3877787807814457e-16,5.551115123125783e-17,0.0,1.1105699693203519e-14,1.7099807373934228e-35,-5.8987005932297155e-18,8.686897905605554e-19,3.885780586188048e-18,5.392603844284261e-34,0.76,1.5993876953384376,0.0006317615509033314,1.2385142169284145,1.0267568618774414,-0.23692802503108978,0.3,1.571,0.0,0.0
mid_esophageal_2chamber,3,2,0.1012,0.0006245991828882689,1.2385142058584346,1.0267577504990975,-0.23692804100603393,-0.007162368015057611,-1.1069979947859375e-05,0.0008886216513339995,-1.5974912769384862e-05,0.011498763519359221,0.05850653965371754,0.7263502074089394,1.1447876697210175,0.22407233715057373,-0.41323405107405264,1.3169873797416687,0.15068213167190553,0.3,1.571,0.0,0.0
mid_esophageal_2chamber,3,3,0.1513,0.22406517702264878,-0.41323404636398275,1.3169884515516257,0.15068213899467864,-0.007160127924887916,4.710075078411957e-06,0.0010718099517976044,7.322507377533947e-06,0.05959266754058361,-0.031867114947808875,0.9315420128515386,2.3874912641982475,0.26677832603454593,1.6801666103233504,0.3569766273021698,-0.13847326762676238,0.3,1.571,0.0,0.0
mid_esophageal_2chamber,3,4,0.201,0.26677115866223233,1.6801666089989453,0.3569770052154988,-0.1384733116822856,-0.007167372313525763,-1.324404526223303e-06,0.00037791332923951007,-4.405562718484344e-05,-0.007459428067322872,0.023671187580974053,1.0220442780900025,0.39953591167486413,0.18869394063949585,1.6100176988539023,-0.034612956762313844,0.03941508436203003,0.3,1.571,0.0,0.0
mid_esophageal_long_axis,3,1,0.0521,-5.551115123125783e-17,-9.72365368434865e-17,3.885780586188048e-16,0.0,1.1105699693203519e-14,3.0622974320825487e-34,6.1915843745472254e-18,6.070977074075805e-19,2.7200464103316338e-17,-2.644878929942051e-33,0.76,2.375023368306089,0.0529607653617859,3.0359026506283686,0.010054788208007813,-0.4579332847595215,0.3,2.356,0.0,0.0
mid_esophageal_long_axis,3,2,0.1012,0.05295359720237832,3.0359026503946356,0.010054802412022779,-0.45793349800967825,-0.007168159407590738,-2.3373249840426002e-07,1.4204010184214655e-05,-0.00021325015726342652,-0.002296175646797675,-0.01531657642184057,0.8093441211654226,0.8562147667494527,0.29218511581420903,2.4064155081793266,-0.8349950518369674,-0.42942087450027466,0.3,2.356,0.0,0.0
mid_esophageal_long_axis,3,3,0.1511,0.2921779526656934,2.4064155312664797,-0.8349959570413797,-0.4294209464684237,-0.007163148515606406,2.3087154512199626e-05,-0.0009052044030574569,-7.196812635556941e-05,0.026966892926416873,-0.0440322528161199,1.0270277521958928,0.9403315945764388,0.2339815616607666,2.427435838663322,0.6161447105884552,0.20754703731536864,0.3,2.356,0.0,0.0
mid_esophageal_long_axis,3,4,0.2009,0.2339743961848869,2.427435845252174,0.6161453460042559,0.20754707903348013,-0.007165475879543502,6.588852929512421e-06,0.0006354157998644856,4.171809763831324e-05,-0.025516008558955087,0.03166112605610363,0.9804892412044421,0.6573989182863603,0.19989603757858276,3.0346495501117023,-0.26088791720867155,0.41509538540840146,0.3,2.356,0.0,0.0
mid_esophageal_long_axis,3,5,0.2509,0.19988887000902178,3.0346495440757586,-0.2608882565439658,0.41509554275483485,-0.007167569560888401,-6.035944134430898e-06,-0.00033933529287570266,0.000157346430412769,0.018696877238758194,0.012188647938884101,0.9546484580197694,0.8431811395185419,0.2772451162338257,1.5163003110799573,-0.12250153541564941,-0.12467302587032318,0.3,2.356,0.0,0.0
mid_esophageal_long_axis,3,6,0.3009,0.2772379479607005,1.516300311012298,-0.12250166783232669,-0.1246730803113743,-0.0071682731252031865,-6.765998990371127e-08,-0.00013241667616022511,-5.444105238085095e-05,-0.004809904388342509,-0.008270777668498926,1.036443750246148,0.8579998334936384,0.30375099182128906,2.223387556833353,0.004753628826141358,0.1563023717880249,0.3,2.356,0.0,0.0
mid_esophageal_long_axis,3,7,0.3509,0.3037438234307871,2.2233875568286727,0.004753633996239792,0.1563024423710428,-0.007168390501850734,-4.680430996825968e-09,5.170095624401464e-06,7.058301817463474e-05,0.004127943197847714,0.0035712531972432815,1.0633163741140264,0.20506859053758755,0.2672952175140381,2.423278436142248,-0.006799659132957458,-0.054115736746788025,0.3,2.356,0.0,0.0
transgastric_short_axis,3,1,0.0516,-7.16842105263904e-06,8.229862112773428e-17,2.7755575615628914e-16,-1.1657341758564144e-15,-0.007168421052635087,-2.0988468052951254e-35,-5.86157594461259e-19,-7.69734787711085e-19,1.942890293094024e-17,-2.1371793224034264e-17,0.7599928315789473,1.4560239471891345,0.0002351522445678822,0.8980873282106293,1.1635226543426513,-0.2819730867147446,0.4,0.0,1.4,0.0
transgastric_short_axis,3,2,0.1012,0.00022799168374523738,0.8980873162728011,1.1635237325361407,-0.2819731113939537,-0.007160560822613855,-1.1937831436587851e-05,0.001078193480300975,-2.4678826562491903e-05,0.03164189745289816,0.05534695879922032,0.7174079435125136,1.049670589711896,0.16974147558212282,-0.36208743896664636,1.3283263555526734,0.04494488081932068,0.4,0.0,1.4,0.0
transgastric_short_axis,3,3,0.1547,0.16973431488359597,-0.36208743824181666,1.3283273473073,0.04494488330143298,-0.007160698526770792,7.24830306992384e-07,0.0009917546262880837,2.482155498572217e-06,0.03164189747163458,0.05534695879162917,0.7174079434976433,0.4373632476027634,0.3524693012237549,-0.4803391566710543,1.1771079285621644,0.30056319093704226,0.4,0.0,1.4,0.0
transgastric_short_axis,3,4,0.2009,0.3524621410983581,-0.48033914171806713,1.1771090624433844,0.30056322369989097,-0.007160125396815893,1.4952988648371408e-05,0.0011338812069674033,3.276246747376565e-05,0.05125657785460676,-0.03839107663762913,1.068711992538257,0.6107406655702071,0.30144824981689455,0.15814832593542483,1.473959933423996,-0.5942801901340484,0.4,0.0,1.4,0.0
transgastric_short_axis,3,5,0.2511,0.30144108896089844,0.15814831566764553,1.473960939918432,-0.5942801925906671,-0.007160855996013354,-1.0267778104410965e-05,0.0010064944343349635,-2.456623167407218e-06,0.05125657786982528,-0.038391076623419416,1.0687119925254545,0.6271873058608131,0.338376522064209,-0.5750858770122609,1.5278184768676757,0.17386960129737855,0.4,0.0,1.4,0.0
transgastric_short_axis,3,6,0.301,0.33836936169139437,-0.5750858764213886,1.5278194859787568,0.17386960159069975,-0.007160372814693619,5.908723163567365e-07,0.0010091110808270974,2.9338461651048676e-07,0.05495028226183027,-0.042832443665101486,1.031354142447826,0.6173253276764733,0.3152818202972412,-0.15384655095494426,1.528345783996582,-0.2357834352493286,0.4,0.0,1.4,0.0
transgastric_short_axis,3,7,0.3509,0.3152746573476633,-0.15384655279339698,1.5283464732659446,-0.23578342863282736,-0.007162949577936675,-1.8384512664232413e-06,0.0006892693618972725,6.616480221037421e-06,0.054950282261274935,-0.04283244366573016,1.0313541424495338,0.32080178913407703,0.3418646574020386,-0.7193624626197356,1.5167259272575377,0.1751341272354126,0.4,0.0,1.4,0.0
transgastric_short_axis,3,8,0.4009,0.34185749710448765,-0.7193624619489041,1.5167269459129287,0.1751341287077759,-0.007160297550791544,6.708315513783765e-07,0.0010186553914694012,1.4722176937879208e-06,0.04815844884281327,-0.05029108750073154,1.0356115758276354,0.7517712718936091,0.2909884452819824,0.05081423711979674,1.53689617395401,-0.46933630142211913,0.4,0.0,1.4,0.0
transgastric_short_axis,3,9,0.4512,0.29098128370818205,0.050814234195810215,1.536897060990138,-0.4693362931733582,-0.0071615738002789526,-2.923987163699415e-06,0.0008870361283956353,8.248734021419692e-06,0.048158448842386486,-0.05029108750113205,1.03561157582517,0.5034724702466546,0.34796795845031736,-0.4661784841707765,1.5417069152355194,0.1751122185230255,0.4,0.0,1.4,0.0
transgastric_short_axis,3,10,0.5014,0.34796079774474803,-0.46617848373779963,1.5417078821223313,0.17511221736127158,-0.007160705569206825,4.3297880856143516e-07,0.0009668868118376353,-1.1617776729691746e-06,0.05928533657750438,-0.03665650344316264,1.039981134189124,0.5203612877570878,0.32735433578491213,-0.37759165543092316,1.5148543240070342,-0.09353025934696198,0.4,0.0,1.4,0.0
transgastric_short_axis,3,11,0.5512,0.32734717379850103,-0.37759165683661006,1.514855130115781,-0.09353025589687292,-0.007161986411044881,-1.4056882938812212e-06,0.0008061087470072056,3.4497097961664603e-06,0.05928533657401421,-0.036656503448224104,1.0399811341896543,0.4120600710451439,0.35459280014038086,-0.5609164035968183,1.507275033044815,0.1009759446144104,0.4,0.0,1.4,0.0
transgastric_short_axis,3,12,0.601,0.3545856397505319,-0.5609164032870393,1.5072760355517678,0.10097594613751504,-0.007160389848773856,3.0978014654369267e-07,0.0010025069518009985,1.5219458587244894e-06,0.05712671459401405,-0.04005515173106982,1.049017753808726,0.5817163957594864,0.3250433921813965,-0.14953784759444028,1.531747626543045,-0.1809796338558197,0.4,0.0,1.4,0.0
transgastric_short_axis,3,13,0.651,0.3250362291376132,-0.14953784895536162,1.5317483037566477,-0.1809796285838816,-0.007163043783339247,-1.360923951406793e-06,0.0006772136027113786,5.27171112831756e-06,0.057126714593759606,-0.040055151731687624,1.04901775379318,0.27945013279155667,0.34241542816162107,-0.5885656957351032,1.5046383101463319,0.1332549681186676,0.4,0.0,1.4,0.0
transgastric_short_axis,3,14,0.7009,0.3424082679066363,-0.5885656950545801,1.5046393303999466,0.13325496977048967,-0.007160254984618189,6.805251688760196e-07,0.0010202536139930377,1.6504783454896713e-06,0.05525516260829688,-0.04247259844853453,1.0370153676636655,0.6151688072681174,0.31882910728454594,-0.10156237374909988,1.5315603725910187,-0.23168229281902314,0.4,0.0,1.4,0.0
transgastric_short_axis,3,15,0.751,0.3188219443484714,-0.10156237541608375,1.5315610661631265,-0.23168228650430925,-0.007162936074555156,-1.6669896838982414e-06,0.0006935721082508093,6.3145080835611475e-06,0.055255162607843626,-0.04247259844945639,1.0370153676428469,0.2964621203954455,0.3385446786880493,-0.6021044993149015,1.5381129501342774,0.12376737213134766,0.4,0.0,1.4,0.0
transgastric_short_axis,3,16,0.801,0.3385375182682292,-0.6021044993495973,1.5381139498997811,0.12376737272683513,-0.007160419820039586,-3.469532748353727e-08,0.0009997655040487258,5.9532548603777e-07,0.054991636374187636,-0.043034716335685654,1.0308161289248359,0.6330097080663771,0.31962702274322513,-0.09803919888043919,1.535737821006775,-0.25581127531528475,0.4,0.0,1.4,0.0
transgastric_short_axis,3,17,0.8509,0.31961985987322394,-0.09803920048967753,1.5357385212719494,-0.25581126867391546,-0.007162870001128184,-1.609239937513079e-06,0.0007002651746015471,6.641347483144544e-06,0.05499163637355588,-0.04303471633645434,1.030816128922566,0.3161281434752512,0.336446475982666,-0.6436406993157825,1.5444683492660523,0.12593596014976502,0.4,0.0,1.4,0.0
transgastric_short_axis,3,18,0.9039,0.3364393155839761,-0.6436406995062864,1.5444693515819123,0.12593596068524615,-0.0071603986899563075,-1.9050344607984413e-07,0.0010023158596679576,5.353080233770531e-07,0.053114926985837536,-0.04534350277083948,1.028274694473841,0.6745699151345168,0.31449990272521977,-0.011584813159682735,1.5399884857177735,-0.3129200792312622,0.4,0.0,1.4,0.0
transgastric_short_axis,3,19,0.951,0.31449274029249696,-0.011584814897140888,1.5399892483417466,-0.3129200720010665,-0.007162432722779053,-1.7374823238633909e-06,0.0007626239739103837,7.229970865104996e-06,0.053114926985025,-0.04534350277173742,1.0282746944716024,0.3534991662102292,0.3300812244415283,-0.5396934648105166,1.5594969769477844,0.08144198684692383,0.4,0.0,1.4,0.0
transgastric_short_axis,3,20,1.0009,0.3300740636889827,-0.5396934652341319,1.5594979333789283,0.08144198721030893,-0.007160752545482395,-4.23614929162925e-07,0.0009564311435941336,3.63264225953357e-07,0.05848412880944939,-0.038351826368156164,1.0208636237050162,0.572914532036246,0.3309991121292114,-0.27581337838001274,1.533111958837509,-0.1730724612236023,0.4,0.0,1.4,0.0
transgastric_short_axis,3,21,1.051,0.3309919493395086,-0.2758133797689979,1.533112664865695,-0.1730724560102468,-0.00716278970265865,-1.3889866650107217e-06,0.0007060281852906896,5.213329673769861e-06,0.05848412880856941,-0.03835182636943419,1.0208636237038404,0.35848038731934007,0.3537299156188965,-0.7150588151041135,1.4851796284675598,0.21881991248130797,0.4,0.0,1.4,0.0
transgastric_short_axis,3,22,1.101,0.3537227553853991,-0.7150588129401528,1.4851806604510358,0.21881991549714197,-0.007160233497125412,2.1639611401580267e-06,0.0010319834756653485,3.0157173473227883e-06,0.047050837852058575,-0.050919705836639156,1.0496371655712986,0.7540481348465435,0.28601765632629395,0.05278152253941668,1.5290049179077148,-0.5000347143173217,0.4,0.0,1.4,0.0
transgastric_short_axis,3,23,1.1511,0.28601049486793967,0.05278151869335268,1.52900582480091,-0.5000347065227726,-0.007161458354119249,-3.8460640980351285e-06,0.0009068931957091241,7.794524848508105e-06,0.047050837852246216,-0.05091970583654375,1.0496371655686823,0.531466562029736,0.34730312824249265,-0.4445327269495328,1.5370302477836608,0.2123766912460327,0.4,0.0,1.4,0.0
transgastric_short_axis,3,24,1.2009,0.3472959675671318,-0.4445327261503953,1.5370312209213957,0.2123766897796049,-0.007160675360834269,7.991377327535533e-07,0.0009731377347185746,-1.4664293677094277e-06,0.059278710150251886,-0.03640783070289281,1.0396325295735704,0.5140704947012015,0.32415735721588135,-0.41988735568518115,1.510761327123642,-0.08520916185379028,0.4,0.0,1.4,0.0
transgastric_short_axis,3,25,1.251,0.32415019553934465,-0.4198873571573498,1.5107621702041758,-0.08520915856749678,-0.007161676536713561,-1.4721701953478286e-06,0.000843080532938145,3.2862524012518464e-06,0.05927871014940922,-0.036407830704090524,1.0396325295737003,0.4489849046342462,0.35227155685424805,-0.48701624247847936,1.5178876507759094,0.042210224103927614,0.4,0.0,1.4,0.0
transgastric_short_axis,3,26,1.3009,0.352264395988156,-0.48701624275345146,1.517888592622942,0.04221022544172204,-0.007160866091903832,-2.7497023842139624e-07,0.0009418470337654056,1.3367453581378758e-06,0.06105606249151476,-0.034004172517235504,1.0459645611405048,0.5051167508591685,0.3358931064605713,-0.315946113292368,1.5237086271286011,-0.06031009747982025,0.4,0.0,1.4,0.0
transgastric_short_axis,3,27,1.351,0.3358859442326025,-0.315946114158552,1.5237094002313842,-0.06031009496595452,-0.0071622279687811,-8.661854455378461e-07,0.0007731027827073044,2.5138031208068614e-06,0.06105606249139161,-0.03400417251758803,1.045964561132056,0.3505337108742111,0.3484532356262207,-0.6278939895506863,1.4727094515323638,0.18473482460975646,0.4,0.0,1.4,0.0
transgastric_short_axis,3,28,1.4009,0.34844607554067114,-0.627893987451863,1.4727105009131956,0.184734828080229,-0.00716008554950721,2.0988239742006325e-06,0.0010493808318406872,3.4703532881698155e-06,0.05212007876374264,-0.04577789533161116,1.04524276023325,0.6605470764860276,0.30331082344055177,0.020281053610146243,1.532323994207382,-0.34820696296691894,0.4,0.0,1.4,0.0
transgastric_short_axis,3,29,1.451,0.3033036613557987,0.020281051247379445,1.5323248013289659,-0.3482069556662072,-0.0071620847530312545,-2.3627660190056816e-06,0.000807121583535164,7.300686832356029e-06,0.05212007876405821,-0.045777895331355054,1.045242760230859,0.38538219985875216,0.33160736560821535,-0.48003898928787797,1.5602414986610413,0.06674910550117492,0.4,0.0,1.4,0.0
transgastric_short_axis,3,30,1.501,0.33160020458371076,-0.48003898967207415,1.5602424208982066,0.06674910586122973,-0.007161024504455475,-3.841981239603663e-07,0.0009222371646843021,3.5999483034345834e-07,0.060937701149661724,-0.0343598040696356,1.0223381417118729,0.5150233394778995,0.33249418735504155,-0.38332741782273533,1.525313768005371,-0.085171711063385,0.4,0.0,1.4,0.0
transgastric_short_axis,3,31,1.5511,0.33248702539541064,-0.38332741897039446,1.5253145750325432,-0.0851717078342542,-0.007161959630903027,-1.1476593928376757e-06,0.0008070271719144917,3.2290888584562528e-06,0.06093770114887926,-0.0343598040709636,1.0223381417113762,0.41767915246688425,0.3547970533370972,-0.5746707359713988,1.507523706293106,0.10936286187171936,0.4,0.0,1.4,0.0
transgastric_short_axis,3,32,1.6009,0.35478989298111485,-0.5746707355962736,1.507524714979212,0.10936286345067803,-0.007160355982379835,3.751259364481301e-07,0.0010086861049574622,1.5788243091107784e-06,0.056386831403298164,-0.041065988591868524,1.0492027303004956,0.5964999650971604,0.3231195688247681,-0.11838260791079612,1.5330348102092743,-0.20209335958957672,0.4,0.0,1.4,0.0
transgastric_short_axis,3,33,1.6509,0.32311240582609924,-0.1183826093055337,1.5330354913963973,-0.2020933540172636,-0.007162998668904903,-1.394737954999121e-06,0.0006811871237057567,5.5722892589495195e-06,0.05638683140317297,-0.04106598859206387,1.0492027302985958,0.28011838574585757,0.34013853073120115,-0.5831819699498859,1.5258714102745057,0.11868754692077636,0.4,0.0,1.4,0.0
transgastric_short_axis,3,34,1.7009,0.34013137033270807,-0.5831819697877412,1.5258724129612284,0.1186875478909899,-0.007160398492929718,1.6214460305764167e-07,0.0010026867226916897,9.700488154153928e-07,0.05588354518650031,-0.04183276769410262,1.033263928834373,0.6112414098151461,0.3213511466979981,-0.12965583122293958,1.5334890882968901,-0.22401255819797516,0.4,0.0,1.4,0.0
transgastric_short_axis,3,35,1.7512,0.3213439837212036,-0.12965583275115034,1.533489773333442,-0.22401255207314608,-0.0071629767944666745,-1.5282110963401765e-06,0.0006850365529268255,6.1248070991105935e-06,0.055883545186051126,-0.04183276769468973,1.0332639288320336,0.3016596541372119,0.3404993534088135,-0.6518948342193468,1.5269273353099824,0.146509739112854,0.4,0.0,1.4,0.0
transgastric_short_axis,3,36,1.8009,0.3404921931067797,-0.6518948339503736,1.526928351280568,0.14650974013471796,-0.007160302033715344,2.689729378992479e-07,0.0010159705853747547,1.0216997989673057e-06,0.05219426162860667,-0.04626217115406814,1.0335455227872195,0.6827034231096046,0.3093326568603516,0.01940583068502692,1.5389945417404174,-0.330793656206131,0.4,0.0,1.4,0.0
transgastric_short_axis,3,37,1.8511,0.30932549466775844,0.019405828840129757,1.5389953333275885,-0.33079364906994996,-0.00716219259309087,-1.8448949677618053e-06,0.0007915871709278415,7.136154456327735e-06,0.05219426162805517,-0.04626217115466617,1.0335455227847337,0.37059761610415115,0.3296842098236084,-0.49916955730711,1.5609951958179473,0.06497730860710144,0.4,0.0,1.4,0.0
transgastric_short_axis,3,38,1.9013,0.32967704887105437,-0.4991695577258683,1.560996126961685,0.06497730907961063,-0.007160952554059825,-4.187586325017054e-07,0.0009311437376416463,4.7242392489504456e-07,0.0603029431710552,-0.03546710087825688,1.020362328048043,0.5331579207023125,0.33465826511383057,-0.36110510703143545,1.5294337294578553,-0.11714288907051086,0.4,0.0,1.4,0.0
transgastric_short_axis,3,39,1.9513,0.33465110288386174,-0.36110510828966363,1.5294345034886438,-0.11714288513836735,-0.007162229968801049,-1.258228440959101e-06,0.000774030788071358,3.932109133752553e-06,0.0603029431702205,-0.03546710087961803,1.0203623280473781,0.40637805528728765,0.3566328287124634,-0.6216112596440532,1.5057818700313568,0.14337978930473327,0.4,0.0,1.4,0.0
transgastric_short_axis,3,40,2.0012,0.35662566847389265,-0.6216112589164284,1.5057828949830414,0.1433797911030652,-0.007160238570744884,7.276249148157938e-07,0.0010249516843317884,1.7981907308919622e-06,0.05358193733092722,-0.044534993303644646,1.0511500706307877,0.6480969643616267,0.3139533996582031,-0.014572255724371153,1.5358269538879394,-0.2764913208961487,0.4,0.0,1.4,0.0
transgastric_short_axis,3,41,2.0513,0.3139462371220586,-0.014572257408765128,1.5358276976678926,-0.27649131436402075,-0.007162536144521823,-1.6843991498521832e-06,0.0007437799533397462,6.532103201174586e-06,0.05358193733077387,-0.04453499330385484,1.051150070628458,0.32017840521175767,0.32822332382202146,-0.5286301526877311,1.557207984638214,0.061099279260635374,0.4,0.0,1.4,0.0
transgastric_short_axis,3,42,2.1014,0.3282161629952679,-0.5286301531286813,1.5572089313574748,0.061099280012832935,-0.007160826753481433,-4.4094990800729345e-07,0.0009467192610034131,7.520350875307604e-07,0.05930507379799393,-0.03711379376682029,1.0191663640545183,0.5595091850618905,0.33552093505859376,-0.3070935161575924,1.5336343973636628,-0.1594321343421936,0.4,0.0,1.4,0.0
transgastric_short_axis,3,43,2.1512,0.33551377241148383,-0.3070935174921562,1.5336351206481158,-0.15943212945781937,-0.007162647109913141,-1.334563877453492e-06,0.0007232844530739322,4.884346755057902e-06,0.05930507379726329,-0.03711379376794753,1.019166364053268,0.3764861901961272,0.3559740543365479,-0.6916852697078428,1.4975690989494324,0.1949141366958618,0.4,0.0,1.4,0.0
transgastric_short_axis,3,44,2.2009,0.3559668941160642,-0.6916852682337167,1.4975701298027522,0.19491413902191645,-0.007160220483657476,1.4741261999251906e-06,0.001030853319515921,2.325925504917735e-06,0.04893469967856773,-0.04932818408804186,1.0510396610230581,0.7265527348552997,0.2895912408828736,0.04040181821218334,1.534907162475586,-0.4523002177476883,0.4,0.0,1.4,0.0
transgastric_short_axis,3,45,2.2515,0.2895840792333055,0.04040181525071862,1.5349080373963462,-0.4523002095869979,-0.007161649568057909,-2.961462559989504e-06,0.0008749207609073494,8.160664326953918e-06,0.04893469967849174,-0.04932818408815721,1.0510396610204376,0.4864150906179684,0.3496843814849854,-0.44531376135703654,1.5447460468769074,0.16395356826782226,0.4,0.0,1.4,0.0
transgastric_short_axis,3,46,2.3012,0.3496772206657201,-0.4453137610739169,1.5447469987008482,0.1639535671171135,-0.007160819265423389,2.831198817240274e-07,0.0009518239408358262,-1.1507157331104788e-06,0.06026771910883365,-0.03509511340856765,1.0414882422684824,0.49866741795013375,0.3283563137054444,-0.40996142140731956,1.511975669002533,-0.054142794942855836,0.4,0.0,1.4,0.0
transgastric_short_axis,3,47,2.3511,0.3283491520943018,-0.4099614225261577,1.5119765195165895,-0.05414279232717245,-0.0071616111424862555,-1.1188372546545214e-06,0.0008505140567273471,2.61561989661074e-06,0.06026771910792092,-0.035095113409975724,1.0414882422684404,0.43436435725011874,0.35328187942504885,-0.4943026512209362,1.5112348923683165,0.05389636874198914,0.4,0.0,1.4,0.0
transgastric_short_axis,3,48,2.4013,0.35327471865242066,-0.4943026513601097,1.5112358473329905,0.053896370082141765,-0.007160772628264494,-1.3917235044578854e-07,0.000954964674549522,1.3400454113531487e-06,0.060572561546573984,-0.03478606738047415,1.0474384624321416,0.5116606253158085,0.33491125106811526,-0.29314612540992707,1.5237269780158997,-0.07726275951862335,0.4,0.0,1.4,0.0
transgastric_short_axis,3,49,2.4511,0.33490408865926385,-0.2931461263746589,1.523727728874622,-0.07726275664016313,-0.00716240885141664,-9.647310208931998e-07,0.0007508587216182787,2.87840877440902e-06,0.06057256154651607,-0.034786067380590896,1.047438462431131,0.3338415994717518,0.34827153682708745,-0.6515693876117608,1.465928985929489,0.20276063904762268,0.4,0.0,1.4,0.0
transgastric_short_axis,3,50,2.5011,0.34826437675670074,-0.6515693850377369,1.4659300391889607,0.20276064312559328,-0.007160070386905811,2.574024577432707e-06,0.0010532594713594749,4.0778521240372355e-06,0.050512364498944085,-0.04738900416412613,1.0455165191725306,0.6875157356010038,0.2939341068267822,0.04085085213910592,1.5314592554569244,-0.41868242211341855,0.4,0.0,1.4,0.0
transgastric_short_axis,3,51,2.5513,0.29392694509509976,0.04085084917582016,1.5314601155320782,-0.4186824143922943,-0.007161731682483499,-2.963285046565292e-06,0.0008600751546560121,7.721099545240997e-06,0.05051236449942348,-0.047389004163746445,1.045516519170004,0.4533177814208393,0.3491974830627441,-0.4082390635842028,1.5497751262664794,0.1269699764728546,0.4,0.0,1.4,0.0
transgastric_short_axis,3,52,2.6009,0.3491903219558551,-0.4082390635385011,1.5497760402847716,0.12696997553548517,-0.0071611068891288465,4.5701889378856366e-08,0.0009140182918366263,-9.373702485916142e-07,0.062215281293849685,-0.03173939570047368,1.0406557117259556,0.45584536118360275,0.3327262878417969,-0.480505250538102,1.5015900030612945,0.029149073696136472,0.4,0.0,1.4,0.0
transgastric_short_axis,3,53,2.6509,0.3327191269872523,-0.4805052509136449,1.5015909481956653,0.02914907533221811,-0.00716085454441278,-3.75541366216764e-07,0.0009451343708689279,1.6360533454524475e-06,0.06221528129305647,-0.03173939570189517,1.0406557117260133,0.4965706408729376,0.33690335750579836,-0.329973835797602,1.520185631275177,-0.032988341474533084,0.4,0.0,1.4,0.0
transgastric_short_axis,3,54,2.7011,0.33689619548141775,-0.32997383649506457,1.520186429539259,-0.03298833954613478,-0.007162024380441564,-6.97464093819644e-07,0.0007982640817908438,1.9282924347526562e-06,0.06649481344970729,-0.021553971420789353,1.0304364128121655,0.3583264312151665,0.3473778963088989,-0.6259016121601708,1.4562039519309997,0.2262520218372345,0.4,0.0,1.4,0.0
transgastric_short_axis,3,55,2.7513,0.34737073626098325,-0.6259016087650076,1.4562050110069826,0.22625202662271438,-0.00716004791573558,3.395161665179651e-06,0.0010590759832036195,4.785384238880789e-06,0.06649481344982111,-0.021553971420401153,1.0304364128132155,0.6699788400162471,0.29833459854125977,0.04725042823856633,1.5172124130249023,-0.22702313361167908,0.4,0.0,1.4,0.0
transgastric_short_axis,3,56,2.8009,0.2983274361816683,0.047250426186710826,1.5172131764892152,-0.22702312833126095,-0.0071623595913899284,-2.0518537141407005e-06,0.0007634643132333825,5.280386310326226e-06,0.06855364727861843,0.011128135245090138,0.9920283634807918,0.27901315837827906,0.32523384094238283,-0.12611149670718036,1.5433789057731628,0.19117598605155944,0.4,0.0,1.4,0.0
transgastric_short_axis,3,57,2.8509,0.32522667866962957,-0.1261114959285079,1.5433796769108614,0.1911759821967296,-0.007162272753073853,7.786719315605088e-07,0.000771137697409009,-3.854833539879279e-06,0.06855364727830017,0.011128135246359848,0.99202836348412,0.2803589608128269,0.3209856033325196,-0.5163111184990811,1.4293341333389282,0.1319398836135864,0.4,0.0,1.4,0.0
transgastric_short_axis,3,58,2.901,0.3209784431939501,-0.5163111163504426,1.4293351785765447,0.13193988738446105,-0.007160138569504678,2.148638740969851e-06,0.0010452376164452367,3.77075978026243e-06,0.057732116496703866,-0.038067710467919735,1.0208048412238404,0.539527813826344,0.32437987327575685,-0.193078221957228,1.5086642701148987,-0.13742108767032624,0.4,0.0,1.4,0.0
transgastric_short_axis,3,59,2.9514,0.32437271042251786,-0.19307822361983026,1.5086649677252728,-0.13742108321312685,-0.007162853239037858,-1.6626010598192972e-06,0.0006976103744953112,4.457169777476198e-06,0.057732116497135305,-0.03806771046740458,1.0208048412221806,0.2714614460420287,0.34725229740142827,-0.5735065808739519,1.4550925997257231,0.13932349419593812,0.4,0.0,1.4,0.0
transgastric_short_axis,3,60,3.0014,0.3472451373018623,-0.5735065791397869,1.4550936466519007,0.13932349772512076,-0.007160099566030451,1.734165027694616e-06,0.0010469261775630436,3.5290340747338703e-06,0.055486878412346875,-0.04162682856073705,1.0452871138383686,0.5950959744231902,0.3181752920150757,-0.08072255565274138,1.5248684781074524,-0.20814540731906891,0.4,0.0,1.4,0.0
transgastric_short_axis,3,61,3.0509,0.31816812911964715,-0.08072255735173142,1.524869172809268,-0.20814540162411108,-0.007162895428519755,-1.6989896102723964e-06,0.0006947018157968367,5.694933708441914e-06,0.055486878412776386,-0.04162682856030535,1.0452871138358109,0.2685691808315237,0.3387598514556885,-0.5304637390982506,1.537145596218109,0.09801358709335327,0.4,0.0,1.4,0.0
transgastric_short_axis,3,62,3.1011,0.3387526908258542,-0.5304637391728145,1.5371465688464152,0.09801358765686263,-0.007160629834168777,-7.456230695020941e-08,0.0009726283055852469,5.633613662870575e-07,0.05846826747325308,-0.03826464862627588,1.0311020778969036,0.559963263232501,0.32929735183715825,-0.2615122657441253,1.5294730527877807,-0.15218362748622893,0.4,0.0,1.4,0.0
transgastric_short_axis,3,63,3.151,0.3292901890592131,-0.26151226708654274,1.5294737595651746,-0.15218362277261566,-0.007162777944947815,-1.3424179483126627e-06,0.0007067773940402386,4.713584366634774e-06,0.05846826747275709,-0.038264648627006924,1.0311020778949465,0.3366182595406309,0.3517819404602051,-0.699886599120418,1.4691933840751648,0.21525478448867796,0.4,0.0,1.4,0.0
transgastric_short_axis,3,64,3.2009,0.3517747803181352,-0.6998865964923252,1.469194428862754,0.21525478851125524,-0.007160142069949841,2.6280933111201278e-06,0.0010447875895955416,4.022456986053832e-06,0.04783783897500367,-0.05005744770013646,1.0487927573631912,0.7370816866030814,0.2867712497711182,0.0595350077806134,1.5283731230735778,-0.4905802622795105,0.4,0.0,1.4,0.0
transgastric_short_axis,3,65,3.251,0.2867640883236276,0.05953500396577738,1.5283740299381456,-0.4905802546639007,-0.007161447490715773,-3.814835737386419e-06,0.0009068645686478365,7.615585548990104e-06,0.047837838975496615,-0.05005744769979416,1.0487927573605411,0.5229872524441126,0.34728569984436036,-0.4488281353105324,1.5383902732372283,0.19676458024978638,0.4,0.0,1.4,0.0
transgastric_short_axis,3,66,3.3009,0.347278539145593,-0.4488281346630073,1.538391242332657,0.1967645789350998,-0.007160698767505025,6.475256428108835e-07,0.0009690954295867029,-1.3146834096084775e-06,0.05945669163541672,-0.036229577798648785,1.039524617071148,0.5119518359939543,0.3258664608001709,-0.41550805774984406,1.5112352668762208,-0.08056882166862488,0.4,0.0,1.4,0.0
transgastric_short_axis,3,67,3.3509,0.3258592991142757,-0.4155080591577308,1.5112361086443533,-0.08056881849047137,-0.007161685895180283,-1.4078878353877894e-06,0.0008417681321268215,3.178109597975748e-06,0.059456691634555005,-0.03622957779989433,1.0395246170713504,0.44385650511414126,0.35262632369995117,-0.4925621298069473,1.5161622928619385,0.04891091952323914,0.4,0.0,1.4,0.0
transgastric_short_axis,3,68,3.4009,0.35261916288139294,-0.4925621300213253,1.516163241733297,0.04891092084210058,-0.007160818558111329,-2.1437679044455282e-07,0.0009488713589030878,1.3187430772006499e-06,0.06074063910582106,-0.03454057650326332,1.0464392910529123,0.5106354595646639,0.3353442668914795,-0.3031847863033047,1.5243179514884948,-0.07312341728210449,0.4,0.0,1.4,0.0
transgastric_short_axis,3,69,3.4509,0.33533710454531523,-0.3031847872421972,1.5243187100613556,-0.07312341448847004,-0.007162346164439068,-9.388932019070773e-07,0.0007585728609275619,2.793580373420688e-06,0.060740639105764306,-0.03454057650337838,1.0464392910518476,0.3419129723795982,0.3482972860336304,-0.6419569157165799,1.4693203422546386,0.19860435032844542,0.4,0.0,1.4,0.0
transgastric_short_axis,3,70,3.501,0.3482901259561004,-0.6419569132998072,1.4693213939480065,0.19860435413984856,-0.007160077530080634,2.416773108361633e-06,0.0010516933683338797,3.811285220569327e-06,0.051093390013807166,-0.04681886379987611,1.0453114921210376,0.6775188076719739,0.29723982810974126,0.032391861891065646,1.5321432941436768,-0.3963197125196457,0.4,0.0,1.4,0.0
transgastric_short_axis,3,71,3.5512,0.2972326662606453,0.03239185915127596,1.5321441364587152,-0.3963197048522373,-0.007161849095765541,-2.7397872503656837e-06,0.0008423150383296948,7.667383677370155e-06,0.05109339001422283,-0.046818863799543066,1.0453114921185447,0.43144146610838885,0.3440793514251709,-0.4362321531744602,1.5547740577697753,0.10090441360473633,0.4,0.0,1.4,0.0
transgastric_short_axis,3,72,3.6012,0.34407219033703357,-0.43623215334584414,1.5547749730876763,0.1009044131797614,-0.007161088137357385,-1.7138421728922177e-07,0.0009153179011148551,-4.2498619255767405e-07,0.06178533971199241,-0.032693402064427654,1.0351907849812607,0.4770360619490858,0.3315217971801758,-0.43430100768307045,1.5098271171569824,-0.014439433121681213,0.4,0.0,1.4,0.0
transgastric_short_axis,3,73,3.6513,0.3315146358813799,-0.4343010084541509,1.5098280062831835,-0.01443943116591484,-0.007161298795763983,-7.710801475786084e-07,0.0008891262013057649,1.955643661305523e-06,0.06178533971117758,-0.032693402065863866,1.0351907849811415,0.45340743176450765,0.34869792461395266,-0.45922145435970285,1.5119842826843262,0.030355550909042357,0.4,0.0,1.4,0.0
transgastric_short_axis,3,74,3.7014,0.34869076359719386,-0.45922145469092984,1.5119852068841144,0.03035555229421849,-0.0071610167586730195,-3.312275508490912e-07,0.0009241997887200447,1.3851179111599731e-06,0.06215408164422015,-0.031918973944741066,1.0428042215097797,0.47642326591452033,0.34013631343841555,-0.3709113863137576,1.5151455039024353,0.0030473708152770995,0.4,0.0,1.4,0.0
transgastric_short_axis,3,75,3.7516,0.34012915182323344,-0.3709113867710256,1.5151463532364877,0.003047372164314943,-0.007161615182205076,-4.5726724324215573e-07,0.0008493340525319662,1.3498714873827742e-06,0.06215408164420647,-0.03191897394477487,1.0428042215094044,0.3929729563705124,0.3492805004119873,-0.5543335063070087,1.4857151747703552,0.09415840272903442,0.4,0.0,1.4,0.0
transgastric_short_axis,3,76,3.8009,0.34927334007721134,-0.5543335058130971,1.4857161872687001,0.09415840481852378,-0.007160334776058679,4.939116922036788e-07,0.0010124983448323564,2.0893691534627846e-06,0.05743883961618963,-0.03942968285489566,1.0452085927066233,0.5710270568474082,0.32569193840026855,-0.15293818415782107,1.5285770426273346,-0.16875756840705872,0.4,0.0,1.4,0.0
transgastric_short_axis,3,77,3.851,0.3256847753880306,-0.15293818550739657,1.5285777207560827,-0.1687575634689713,-0.007163012237736265,-1.3495753112036484e-06,0.0006781287477862283,4.938061350799603e-06,0.057438839616153245,-0.03942968285498328,1.0452085927052153,0.27189002684584695,0.34272818565368657,-0.5705329950693103,1.4977889350891114,0.12762030944824218,0.4,0.0,1.4,0.0
transgastric_short_axis,3,78,3.901,0.34272102537043714,-0.570532994310011,1.4977899542409174,0.12762031125696094,-0.007160283249412921,7.592986651351371e-07,0.0010191518060207862,1.8085632999051893e-06,0.05611123960250367,-0.04130067360237952,1.0378061712327644,0.5955154049449313,0.32068943977355957,-0.13263334935137824,1.5291734464645386,-0.20349252111911773,0.4,0.0,1.4,0.0
transgastric_short_axis,3,79,3.9509,0.32068227678670697,-0.1326333509060519,1.5291741293145291,-0.20349251538315014,-0.007162986852579252,-1.5546751265267263e-06,0.0006828499902666969,5.735944125979158e-06,0.05611123960241363,-0.04130067360254559,1.0378061712302984,0.28631812113353355,0.3410638809204102,-0.6164295804005996,1.5190557409286498,0.12942450127601623,0.4,0.0,1.4,0.0
transgastric_short_axis,3,80,4.0009,0.3410567206208084,-0.616429580079091,1.519056756762887,0.12942450259168048,-0.00716029960180169,3.2150934709942344e-07,0.0010158342373121146,1.315492460361585e-06,0.054189860743000536,-0.043931445167057506,1.034661735955467,0.6437273884047959,0.3167129516601563,-0.050533918609119884,1.5357872560501098,-0.2713227373123169,0.4,0.0,1.4,0.0
transgastric_short_axis,3,81,4.0509,0.31670578897097224,-0.05053392028301611,1.5357879801399106,-0.271322730632422,-0.007162689183872708,-1.6738972127068848e-06,0.0007240898012702172,6.679870893363008e-06,0.0541898607426155,-0.04393144516753146,1.0346617359529937,0.3186628349814723,0.32983117103576665,-0.5688696221031496,1.5547137619972229,0.084298171377182,0.4,0.0,1.4,0.0
transgastric_short_axis,3,82,4.1009,0.3298240104039569,-0.5688696225095328,1.5547147335682139,0.084298171936525,-0.007160631809777768,-4.063849645387786e-07,0.0009715709907439636,5.591725282539206e-07,0.05727594704562536,-0.04011861599579884,1.0209476748014479,0.5996500208495332,0.32650673389434814,-0.20130146003095822,1.535057714653015,-0.20860296235084533,0.4,0.0,1.4,0.0
transgastric_short_axis,3,83,4.1509,0.3264995708966659,-0.20130146147400638,1.5350583962032651,-0.2086029564090559,-0.00716299768219872,-1.4430481276439784e-06,0.0006815502508532342,5.941766881853357e-06,0.0572759470448472,-0.04011861599686053,1.0209476747997552,0.3281471549130691,0.3479310512542725,-0.7554988330331827,1.482306216573715,0.2212467236995697,0.4,0.0,1.4,0.0
transgastric_short_axis,3,84,4.2009,0.34792389095189946,-0.7554988308023076,1.4823072403386703,0.22124672680861135,-0.007160302373101937,2.2308756370994524e-06,0.001023764955286523,3.108929421028933e-06,0.04487088300845812,-0.052816122343012466,1.0440346514115628,0.7932307359229945,0.29417281150817876,0.06935233502027019,1.5192137832641601,-0.501371426653862,0.4,0.0,1.4,0.0
transgastric_short_axis,3,85,4.2508,0.2941656501552495,0.06935233030125776,1.5192147045139643,-0.5013714200659395,-0.0071613529293201895,-4.7190139174537975e-06,0.0009212498049110312,6.587896961316685e-06,0.04487088300868436,-0.0528161223428992,1.044034651409117,0.5306562936181615,0.3469688415527344,-0.43031363135284134,1.5330561571598054,0.1984322639465332,0.4,0.0,1.4,0.0
transgastric_short_axis,3,86,4.3009,0.3469616808232586,-0.4303136304983527,1.5330571227166931,0.19843226271173808,-0.007160729475742701,8.544891571174447e-07,0.0009655568879797934,-1.2347858565711437e-06,0.06007116958674676,-0.03516444993014996,1.0395768845301734,0.495037821468534,0.3249186754226685,-0.4350623804715889,1.5071010741233826,-0.04698978760242462,0.4,0.0,1.4,0.0
transgastric_short_axis,3,87,4.3509,0.3249115140103686,-0.43506238162053956,1.5071019496141176,-0.04698978506243279,-0.007161412299852236,-1.1489498068296008e-06,0.0008754907354823529,2.5399296143338285e-06,0.06007116958603313,-0.03516444993121848,1.0395768845305737,0.45672357519719703,0.3508934497833252,-0.45951038653203047,1.5168922087669372,0.014723590993881226,0.4,0.0,1.4,0.0
transgastric_short_axis,3,88,4.4009,0.35088628868376237,-0.4595103870226783,1.5168931222578825,0.014723592555282217,-0.0071610995627118664,-4.906475876376982e-07,0.0009134909459299051,1.5612700586431002e-06,0.062415820398576,-0.031460736032579935,1.04465748165691,0.4769095707048839,0.3421553373336792,-0.37296181229365843,1.5175884189605713,0.006994684123992919,0.4,0.0,1.4,0.0
transgastric_short_axis,3,89,4.451,0.3421481757340705,-0.3729618127125477,1.517589270116809,0.006994685400958822,-0.007161599608620295,-4.1889002293111673e-07,0.0008511562382810398,1.2772901452303148e-06,0.06241582039856416,-0.03146073603261137,1.0446574816564602,0.3953776794195491,0.3488283157348633,-0.553411657256867,1.486451082801819,0.09485124235153199,0.4,0.0,1.4,0.0
transgastric_short_axis,3,90,4.5013,0.3488211553961884,-0.5534116567596593,1.4864520947752515,0.09485124441422155,-0.007160338674857702,4.972075772380547e-07,0.0010119734328114356,2.0625730674901663e-06,0.057464235007880525,-0.0393983412991028,1.0447050001350808,0.5703985091411158,0.32577641010284425,-0.15579248947395152,1.5284330443382264,-0.1679862693786621,0.4,0.0,1.4,0.0
transgastric_short_axis,3,91,4.5513,0.3257692470929555,-0.15579249082538874,1.5284337227345102,-0.16798626445007603,-0.007163009888662545,-1.3514395176998635e-06,0.0006783962834224206,4.928559968004268e-06,0.05746423500784398,-0.03939834129918962,1.0447050001337037,0.27293975718839764,0.343024468421936,-0.5737080656551732,1.4954868350028991,0.13052967410087585,0.4,0.0,1.4,0.0
transgastric_short_axis,3,92,4.601,0.34301730815884995,-0.5737080648211833,1.4954878569842718,0.1305296760134107,-0.00716026308598039,8.339906908634845e-07,0.0010219813729933729,1.9123799823076975e-06,0.05590405296552807,-0.04154988801081948,1.0382615183098756,0.5987853521604759,0.3200657606124878,-0.12390265425431184,1.5291565936088563,-0.20858348793983458,0.4,0.0,1.4,0.0
transgastric_short_axis,3,93,4.651,0.3200585976388317,-0.1239026558377023,1.5291572783688023,-0.20858348211419375,-0.007162973656078199,-1.583391174821646e-06,0.0006847599458437989,5.825617588627972e-06,0.055904052965467486,-0.04154988801094994,1.038261518307385,0.28623620927762583,0.3406073093414307,-0.612938425882858,1.5239694718837737,0.12712446098327637,0.4,0.0,1.4,0.0
transgastric_short_axis,3,94,4.7009,0.3406001490116798,-0.6129384256636291,1.5239704836033665,0.12712446211427064,-0.007160329750865634,2.192285377789224e-07,0.0010117195921855772,1.1308230642047868e-06,0.054411047543055306,-0.043692311220579205,1.0338635401066751,0.6408987171348824,0.31766581535339355,-0.062089894727624106,1.5358351930618286,-0.2673875955104828,0.4,0.0,1.4,0.0
transgastric_short_axis,3,95,4.751,0.317658652613192,-0.06208989638127742,1.5358359104446677,-0.26738758883613406,-0.007162740201629419,-1.6536540422690781e-06,0.0007173828396050695,6.674325362579002e-06,0.054411047542606124,-0.04369231122112793,1.0338635401042469,0.31714786764543457,0.3319399356842041,-0.591608752593493,1.552803771686554,0.09320284581184388,0.4,0.0,1.4,0.0
transgastric_short_axis,3,96,4.8008,0.33193277513275726,-0.5916087529781761,1.5528047535623761,0.09320284636771792,-0.007160551446686422,-3.846841853768255e-07,0.0009818758223603674,5.556969403751541e-07,0.056151014280661556,-0.04165154181363091,1.023189384390712,0.6218280525867447,0.32384390830993653,-0.1390171961556504,1.5369918607234954,-0.23902349038124085,0.4,0.0,1.4,0.0
transgastric_short_axis,3,97,4.8509,0.32383674532912055,-0.13901719764059892,1.5369925459811578,-0.23902348395772344,-0.007162980815944747,-1.4849496904290785e-06,0.0006852576622462708,6.42349594324867e-06,0.05615101427985351,-0.04165154181466886,1.0231893843888513,0.31784556963971405,0.3410411357879639,-0.6951273638048782,1.527912478351593,0.1664835564136505,0.4,0.0,1.4,0.0
transgastric_short_axis,3,98,4.9009,0.3410339754673015,-0.6951273634537779,1.5279134930412193,0.1664835573458161,-0.007160320662477613,3.511006151499726e-07,0.0010146896262520219,9.320144555163129e-07,0.04962249799662736,-0.04893722307403701,1.0340141082102434,0.7285311798680377,0.2999058961868286,0.024305506136176297,1.538267996406555,-0.4235729335784912,0.4,0.0,1.4,0.0
transgastric_short_axis,3,99,4.9508,0.29989873435731446,0.024305503634696635,1.538268844307856,-0.4235729253638125,-0.007161829514099534,-2.501478094680921e-06,0.0008479013011002998,8.21465185105829e-06,0.049622497995979994,-0.048937223074657234,1.0340141082077785,0.45732189680540314,0.34814062118530276,-0.4523335210953492,1.5500073211669922,0.13740620098114015,0.4,0.0,1.4,0.0
transgastric_short_axis,3,100,5.0008,0.34813346029719916,-0.45233352106795,1.5500082629309215,0.13740620011761173,-0.007160888103509657,2.7399173981981765e-08,0.0009417639293070055,-8.63542771075616e-07,0.0605544895645656,-0.03475578084426714,1.0395816627121237,0.4986769445249955,0.32837073802948,-0.398465179159828,1.5134987926483154,-0.05737301924228668,0.4,0.0,1.4,0.0
transgastric_short_axis,3,101,5.0509,0.3283635763318183,-0.39846518027062583,1.5134996323317358,-0.05737301658416172,-0.007161697661688577,-1.1107976125492583e-06,0.0008396834196425625,2.6580646558487344e-06,0.06055448956363096,-0.03475578084575512,1.0395816627118768,0.4243584648094995,0.3539945125579834,-0.5202307090571893,1.5080787270069123,0.0712684796333313,0.4,0.0,1.4,0.0
transgastric_short_axis,3,102,5.1009,0.3539873519545184,-0.5202307090284695,1.508079703614139,0.07126848104820649,-0.007160603464763945,2.871990703646176e-08,0.0009766072275349481,1.4147564548862163e-06,0.059304091649975854,-0.03684570371764695,1.0483690695022216,0.5380683721616242,0.33536491394042967,-0.24904305423713005,1.5280802578926087,-0.1282887124300003,0.4,0.0,1.4,0.0
transgastric_short_axis,3,103,5.1509,0.33535775117018685,-0.24904305543294125,1.5280809648307105,-0.1282887083577533,-0.0071627702429174125,-1.1958121774801163e-06,0.0007069381010201645,4.0722147670632256e-06,0.0593040916498965,-0.036845703717794456,1.0483690695009171,0.3147440071506,0.35017185211181645,-0.6764059447140556,1.4643045578956604,0.20388809509277345,0.4,0.0,1.4,0.0
transgastric_short_axis,3,104,5.2008,0.3501646920299737,-0.6764059421161221,1.4643056099549367,0.20388809934889895,-0.007160081842727804,2.5979341675422714e-06,0.0010520592762097195,4.2559978606696505e-06,0.04928029736312769,-0.04864656067019389,1.0475279049672075,0.7111357992523292,0.29049453735351566,0.052769538314511324,1.5305070691108704,-0.457631337761879,0.4,0.0,1.4,0.0
transgastric_short_axis,3,105,5.2514,0.2904873757912265,0.05276953496046577,1.5305079561874146,-0.45763133002187434,-0.007161562288935706,-3.3540451076292466e-06,0.0008870765445905455,7.739978809941036e-06,0.049280297363651845,-0.04864656066980208,1.0475279049645256,0.49115822249743685,0.3491569042205811,-0.4463135078690631,1.5429456001281738,0.16653074440956114,0.4,0.0,1.4,0.0
transgastric_short_axis,3,106,5.3012,0.34914974342110994,-0.44631350752678034,1.5429465546328203,0.166530743292717,-0.007160799471240807,3.422832661747505e-07,0.0009545046469454699,-1.1168461439217584e-06,0.06017777685468719,-0.035227747431785236,1.0410854924150266,0.4999476988025998,0.32842326164245605,-0.40770951064619737,1.5118848508358,-0.056370836091041564,0.4,0.0,1.4,0.0
transgastric_short_axis,3,107,5.3511,0.32841610000922633,-0.4077095117842988,1.511885698637209,-0.05637083343583438,-0.007161633229858121,-1.1381016725279297e-06,0.000847801408614761,2.655145137969537e-06,0.060177776853797445,-0.03522774743314797,1.041085492415113,0.43248974688316866,0.3534121513366699,-0.49924202441708454,1.5108131964683533,0.057528159141540525,0.4,0.0,1.4,0.0
transgastric_short_axis,3,108,5.4013,0.3534049905982594,-0.4992420245233917,1.5108141557888732,0.05752816048499021,-0.007160738410527868,-1.063083778367866e-07,0.0009593205201489093,1.3433398654720252e-06,0.06033148999516001,-0.035192030923076406,1.0475977543854447,0.5167232918335989,0.3346200942993164,-0.2835656738656652,1.524587971687317,-0.08823031711578369,0.4,0.0,1.4,0.0
transgastric_short_axis,3,109,5.4512,0.33461293180263807,-0.2835656748874038,1.524588711796123,-0.08823031398421755,-0.007162496678452686,-1.0217395940759462e-06,0.0007401088064110302,3.1315199822404484e-06,0.06033148999493857,-0.03519203092362987,1.047597754375295,0.3286212045418955,0.3491970062255859,-0.6615719085769081,1.463761708688736,0.2102710205554962,0.4,0.0,1.4,0.0
transgastric_short_axis,3,110,5.5013,0.34918984616718374,-0.6615719058267576,1.4637627620377867,0.21027102489198946,-0.007160058402261145,2.75015277627217e-06,0.0010533490487753118,4.33550422004908e-06,0.0498229611709358,-0.048052194835556804,1.0465855439065812,0.6989554006112105,0.2918482065200806,0.04381844583129484,1.5301175808906555,-0.43907306671142576,0.4,0.0,1.4,0.0
transgastric_short_axis,3,111,5.5511,0.29184104487031,0.043818442599723006,1.5301184541683055,-0.4390730589635052,-0.007161649770561632,-3.231572741302245e-06,0.0008732776498638983,7.747895512891193e-06,0.04982296117380258,-0.048052194833601444,1.0465855438828189,0.47258266865103155,0.3517049789428711,-0.4181430892009093,1.5455787652015687,0.15206369132995606,0.4,0.0,1.4,0.0
transgastric_short_axis,3,112,5.601,0.3516978179774836,-0.41814308892763113,1.5455796982111485,0.1520636900601584,-0.007160965387357615,2.732796228351021e-07,0.0009330095796115788,-1.2698033401309104e-06,0.061426967089123485,-0.03309647763196655,1.0434526115064493,0.4706310210473149,0.33112595081329343,-0.4617549944061009,1.5051907093048096,0.0026560100555419923,0.4,0.0,1.4,0.0
transgastric_short_axis,3,113,5.651,0.33111878974732095,-0.4617549950592296,1.505191628300456,0.002656011884546672,-0.007161065972361378,-6.531290471295671e-07,0.0009189956464208305,1.8319814815802888e-06,0.06142696708531474,-0.03309647763834928,1.043452611507025,0.4785756258436645,0.34289958477020266,-0.3862229189119779,1.518773361968994,-0.010059375929832458,0.4,0.0,1.4,0.0
transgastric_short_axis,3,114,5.7011,0.3428924231632284,-0.3862229195097821,1.5187742125842387,-0.010059374270335653,-0.007161606974432601,-5.978046781235687e-07,0.0008506152445160013,1.657626496866831e-06,0.06488695350388489,-0.02600598130975764,1.0365322367791145,0.40821308586636956,0.35149574279785156,-0.5506670825000262,1.4901077779769898,0.11268774304389953,0.4,0.0,1.4,0.0
transgastric_short_axis,3,115,5.751,0.3514885824771824,-0.5506670817780286,1.4901087912344027,0.11268774497095801,-0.0071603206693205005,7.219988314257689e-07,0.0010132574118710445,1.9261962799155927e-06,0.064886953504218,-0.02600598130883123,1.0365322367834866,0.5713192756317329,0.32679152488708496,-0.16722281848446366,1.5197283571243285,-0.0771871089220047,0.4,0.0,1.4,0.0
transgastric_short_axis,3,116,5.8013,0.32678436200730127,-0.16722281933513783,1.5197290494287445,-0.07718710627050474,-0.007162879783629662,-8.506742564507582e-07,0.000692304416157114,2.65144367978472e-06,0.06928016322547532,-0.00895738711079093,1.0203521984585122,0.23155322412912982,0.3426961898803711,-0.48073538510698766,1.43576593208313,0.21351706781387328,0.4,0.0,1.4,0.0
transgastric_short_axis,3,117,5.8513,0.3426890297459497,-0.4807353810523724,1.435766980373396,0.21351707241932338,-0.007160134421335646,4.05461632997994e-06,0.0010482902640418495,4.605010527403472e-06,0.06265737675316924,-0.029634823693004915,1.0420983664127021,0.5303393922825079,0.32791671752929685,-0.23536849185957576,1.4983473263740539,-0.057226399397850035,0.4,0.0,1.4,0.0
transgastric_short_axis,3,118,5.9012,0.327909555013701,-0.23536849286070133,1.4983480670970248,-0.05722639705755572,-0.007162515595880095,-1.001130152128191e-06,0.0007407229710689573,2.3395769917093135e-06,0.06830269118049141,-0.014321308174753414,1.0229723507061734,0.27118731996859763,0.34560298919677734,-0.5804503156855212,1.4172199261665344,0.2511796424388886,0.4,0.0,1.4,0.0
transgastric_short_axis,3,119,5.9513,0.3455958292655937,-0.5804503103024995,1.4172210054458816,0.25117965035322243,-0.007159931183815954,5.383024328475708e-06,0.001079279343716395,7.91353021753708e-06,0.06830269118027645,-0.014321308174726342,1.0229723507294088,0.6350355551492377,0.29840099811553955,0.04801779313953744,1.5008821831226349,-0.16720111355781556,0.4,0.0,1.4,0.0
transgastric_short_axis,3,120,6.0013,0.2983938355807081,0.048017791185434255,1.5008829255066756,-0.1672011093008347,-0.007162534831433204,-1.954094236942085e-06,0.000742384039980249,4.256662136091036e-06,0.0689825781367518,0.009146470907499434,0.9932496912231898,0.22530667217937267,0.31834158897399906,-0.10676053130179829,1.5347996787071227,0.16032233963012696,0.4,0.0,1.4,0.0
transgastric_short_axis,3,121,6.0511,0.3183344265274791,-0.10676053042071576,1.534800426754125,0.16032233621064762,-0.007162446519861071,8.810829185252207e-07,0.0007480470017691432,-3.419507018885976e-06,0.06898257813592519,0.009146470910541177,0.993249691255365,0.24888045983452073,0.32078511714935304,-0.5165348864484858,1.416137598323822,0.11015887842178344,0.4,0.0,1.4,0.0
transgastric_short_axis,3,122,6.1011,0.32077795701530604,-0.5165348846704687,1.4161386436956676,0.11015888230208137,-0.007160134046974819,1.778019226271216e-06,0.0010453718455709685,3.87908207844638e-06,0.05805843956276919,-0.03740052617744111,1.0215282088245887,0.5343031483592275,0.3278342723846436,-0.1866410079014242,1.509085591506958,-0.1319915657043457,0.4,0.0,1.4,0.0
transgastric_short_axis,3,123,6.151,0.3278271094999419,-0.18664100950543824,1.50908628723547,-0.13199156137933432,-0.0071628847016537555,-1.6040167031203665e-06,0.0006957285121971842,4.324734698634854e-06,0.058058439565007315,-0.03740052617514421,1.0215282088079796,0.26337308687585476,0.34665923118591313,-0.5566518920656528,1.456355253124237,0.13047574496269226,0.4,0.0,1.4,0.0
transgastric_short_axis,3,124,6.2016,0.3466520710522317,-0.5566518905091337,1.4563562930372171,0.13047574822212038,-0.007160133681379782,1.5565217817322722e-06,0.0010399129797453617,3.2581831362085796e-06,0.05638640122524627,-0.040452412270251766,1.0446114280423429,0.5769811793892653,0.32084202766418457,-0.11851686868043894,1.5225105763435363,-0.1819816297531128,0.4,0.0,1.4,0.0
transgastric_short_axis,3,125,6.2509,0.3208348646679941,-0.1185168703096586,1.522511259966584,-0.18198162440827367,-0.007162996190412424,-1.6292229100478524e-06,0.0006836230483310489,5.344611357517807e-06,0.056386401227263724,-0.04045241226847367,1.0446114280193481,0.2616098003535135,0.340471887588501,-0.5313522570228744,1.5172663421630859,0.10162309427261353,0.4,0.0,1.4,0.0
transgastric_short_axis,3,126,6.3011,0.34046472708284636,-0.5313522567901593,1.5172673293432615,0.10162309528897343,-0.0071605056546637956,2.3271663196995396e-07,0.0009871801757546713,1.0150517897129798e-06,0.05830756282756241,-0.0383879351015457,1.0342003065396268,0.556739211430925,0.32858920097351074,-0.23948844367782038,1.5273555850982665,-0.1494043107032776,0.4,0.0,1.4,0.0
transgastric_short_axis,3,127,6.351,0.32858203812189585,-0.2394884450492082,1.5273562849087625,-0.14940430600931862,-0.007162851614807544,-1.3713906453897425e-06,0.0006998104958357657,4.693694944224929e-06,0.058307562826406596,-0.0383879351035026,1.0342003065195768,0.31779948167169497,0.3503073453903198,-0.6909770769173419,1.4618857985973357,0.20543612351417542,0.4,0.0,1.4,0.0
transgastric_short_axis,3,128,6.4014,0.35030018531884927,-0.6909770742614623,1.461886850048975,0.2054361279985013,-0.007160071470496948,2.6558814743191614e-06,0.0010514516378019477,4.483253156121171e-06,0.048510131694222906,-0.04938186814971912,1.0478287901516854,0.7252264292138504,0.289585018157959,0.06346957861985328,1.5289723357200622,-0.47841137695312497,0.4,0.0,1.4,0.0
transgastric_short_axis,3,129,6.4511,0.2895778566961308,0.0634695749640839,1.528973238858847,-0.47841136940133017,-0.007161461828098518,-3.655769376176675e-06,0.0009031387854445952,7.5517688992253525e-06,0.04851013169734504,-0.049381868147711075,1.0478287901269225,0.5115984474098205,0.3471668720245361,-0.45455565854772206,1.5399547800064086,0.17868483667373658,0.4,0.0,1.4,0.0
transgastric_short_axis,3,130,6.501,0.34715971129674056,-0.4545556580324039,1.5399557445637972,0.1786848354644457,-0.007160727795605522,5.153195878144161e-07,0.0009645573879177414,-1.2092569033202747e-06,0.059630293509140654,-0.03606431323489163,1.0393010263537015,0.5108119254881178,0.3283217906951904,-0.39858801746510786,1.5127909727096558,-0.07677711639404297,0.4,0.0,1.4,0.0
transgastric_short_axis,3,131,6.5512,0.32831462890692237,-0.39858801878127376,1.5127918030545642,-0.07677711331078552,-0.007161788267895696,-1.3161679110304942e-06,0.0008303449083470947,3.0828325031706676e-06,0.059630293505058884,-0.03606431324090802,1.0393010263560536,0.42734987669282193,0.35371103286743166,-0.5205218882716866,1.5108779863357544,0.0737029682636261,0.4,0.0,1.4,0.0
transgastric_short_axis,3,132,6.601,0.3537038722589912,-0.5205218882411435,1.510878962200879,0.0737029696092506,-0.007160608440525804,3.0543270508545715e-08,0.0009758651249447404,1.3455033154654392e-06,0.05925615534199239,-0.036939599015404445,1.0478898887340315,0.5392704697736596,0.3349472522735596,-0.25023117778438764,1.5282495354652406,-0.12943910708427428,0.4,0.0,1.4,0.0
transgastric_short_axis,3,133,6.651,0.3349400895046635,-0.25023117898589065,1.5282502426046474,-0.12943910298066097,-0.007162768895945726,-1.201503422302842e-06,0.0007071394062644327,4.103580100294867e-06,0.06859378790886607,-0.012868806639916384,1.0279049618716352,0.3163084586268902,0.3523859977722168,-0.6827633887728332,1.4274881838798523,0.316888364982605,0.4,0.0,1.4,0.0
transgastric_short_axis,3,134,6.7011,0.3523788375763999,-0.6827633822385136,1.427489236906756,0.31688837284765015,-0.00716019581700058,6.5343197763156485e-06,0.0010530269019742437,7.864965722629589e-06,0.045532112305465694,-0.05108630675973607,1.0521271510926056,0.7547234660642907,0.2734984874725342,0.037446208744899775,1.5046723903656005,-0.5683613407373428,0.4,0.0,1.4,0.0
transgastric_short_axis,3,135,6.7512,0.27349132615571997,0.03744620186762848,1.5046733312796707,-0.5683613352989472,-0.007161316814273204,-6.877278543134654e-06,0.0009409140653144022,5.4382803368493215e-06,0.04553211230779626,-0.05108630675814927,1.0521271510896666,0.5927881378166534,0.34454495906829835,-0.42526434034388916,1.512899954509735,0.24123196349143983,0.4,0.0,1.4,0.0
transgastric_short_axis,3,136,6.8009,0.344537798506372,-0.4252643383755919,1.512900945241637,0.24123196294589633,-0.007160561926310963,1.9682966644100775e-06,0.0009907319020082393,-5.455389430874795e-07,0.05928699105676898,-0.03603022648191581,1.0385295705068507,0.5048418531300026,0.32094478607177734,-0.40849316660289925,1.5060144394397736,-0.0653818707704544,0.4,0.0,1.4,0.0
transgastric_short_axis,3,137,6.8509,0.32093762443892576,-0.4084931679156237,1.5060152877962762,-0.06538186792039417,-0.007161632851474835,-1.3127240188210024e-06,0.0008483565017479482,2.8500068255842015e-06,0.06494554901230104,-0.02561933366684123,1.0154642838346153,0.4343173463751931,0.3554006576538086,-0.5427209796272323,1.503084851360321,0.10785078620910644,0.4,0.0,1.4,0.0
transgastric_short_axis,3,138,6.9009,0.355393497231401,-0.5427209791471279,1.503085852008346,0.10785078769574015,-0.007160422407538663,4.801042315082835e-07,0.0010006480252592706,1.486530421586065e-06,0.0576845913830425,-0.03919122550678719,1.0501158505564891,0.5646187090298554,0.3258831977844239,-0.1835578787910071,1.5280207111358641,-0.15844577414989472,0.4,0.0,1.4,0.0
transgastric_short_axis,3,139,6.951,0.3258760348103994,-0.18355788011764976,1.528021393667676,-0.15844576938750748,-0.007162974024305646,-1.3266429530721232e-06,0.000682531812163941,4.762359954629665e-06,0.06933842271167204,-0.0072557266095017465,1.0188506174765983,0.2840464691597625,0.3490735769271851,-0.5876462809806453,1.4128486699104308,0.31786040024757384,0.4,0.0,1.4,0.0
transgastric_short_axis,3,140,7.0011,0.34906641691084717,-0.5876462735504963,1.4128497483490587,0.31786040999443177,-0.007160016338134271,7.4301490305112975e-06,0.0010784386260476557,9.74677252069335e-06,0.05002671851888328,-0.046468987349193164,1.049800989810522,0.6701661950431003,0.28263115882873535,0.008611789115583574,1.5129679276943206,-0.46352262797355653,0.4,0.0,1.4,0.0
transgastric_short_axis,3,141,7.0511,0.2826239971819197,0.008611784281075785,1.5129688054366879,-0.46352262050845233,-0.007161646815485248,-4.8345039984441175e-06,0.0008777423668535906,7.465086549804398e-06,0.06605885783742539,0.016218041923956986,0.9764562225108362,0.49139236826681465,0.3681886911392212,-0.38959198413849633,1.51523557305336,0.35184399647712705,0.4,0.0,1.4,0.0
transgastric_short_axis,3,142,7.1012,0.36818153057397873,-0.38959198100809933,1.5152365743117047,0.3518439952758339,-0.007160565242596705,3.130397451074767e-06,0.0010012583454031357,-1.2013233323842732e-06,0.05809286893865448,-0.03689078448219721,1.061949645954353,0.5383939001634286,0.32031569480896,-0.49978225080539634,1.507984912776947,-0.05849083170890808,0.4,0.0,1.4,0.0
transgastric_short_axis,3,143,7.151,0.32030853370203666,-0.49978225219943473,1.5079858265868573,-0.058490828804319495,-0.007161106923224414,-1.394038142124927e-06,0.0009138099098650712,2.904569631891756e-06,0.06224502409655751,-0.031655874016544794,1.0146986202206052,0.5207832036578386,0.3435133218765259,-0.41253522095925904,1.5320492926597595,-0.08269087707996368,0.4,0.0,1.4,0.0
transgastric_short_axis,3,144,7.201,0.34350616004577206,-0.4125352220241968,1.5320501159318445,-0.08269087387044588,-0.007161830753828653,-1.0649389579003233e-06,0.0008232720853479816,3.209248838389635e-06,0.06512895485140383,-0.02534798404941036,1.0362130836089247,0.44458056311809097,0.35487596988677983,-0.5290941668957854,1.5123057977199554,0.12196130776405334,0.4,0.0,1.4,0.0
transgastric_short_axis,3,145,7.2511,0.35486880941862425,-0.5290941663769452,1.5123067915791744,0.12196130879707373,-0.007160468155488737,5.188412948544265e-07,0.0009938592192109599,1.0325508217935044e-06,0.061739186301690833,-0.03275017495271728,1.0475757272188415,0.5562956386092833,0.32651734352111816,-0.2219628255283354,1.5228498805046082,-0.10480716047286986,0.4,0.0,1.4,0.0
transgastric_short_axis,3,146,7.3011,0.3265101807230663,-0.22196282664342987,1.522850585819005,-0.10480715693020243,-0.007162798051695851,-1.1150976830056703e-06,0.0007053143962090771,3.5422813367870224e-06,0.0688231783954855,-0.011778479576854045,1.0198558922472405,0.28415674640726457,0.3475761413574219,-0.6119633968346987,1.4267311161518097,0.28598415999412535,0.4,0.0,1.4,0.0
transgastric_short_axis,3,147,7.351,0.34756898135681313,-0.6119633909706815,1.4267321883566302,0.28598416797323,-0.007160000608559103,5.86401938403028e-06,0.0010722048156120872,7.978334194255296e-06,0.06882317839594486,-0.011778479572655902,1.0198558922701275,0.6780484922407634,0.29048402309417726,0.05547310455175411,1.4962624408721923,-0.23818983578681946,0.4,0.0,1.4,0.0
transgastric_short_axis,3,148,7.401,0.29047686091503416,0.0554731015528338,1.4962632288352582,-0.23818983043105377,-0.007162179143117718,-2.9989183567264755e-06,0.0007879630655474358,5.355734171892011e-06,0.06825650935115922,0.012061049681355039,0.9856157656344249,0.28473424019158505,0.32802288532257085,-0.10644351110234877,1.5384994422912597,0.1999052035331726,0.4,0.0,1.4,0.0
transgastric_short_axis,3,149,7.4511,0.3280157230078355,-0.10644351009486108,1.5385002087405635,0.19990519939791618,-0.007162314735375575,1.0074875530047929e-06,0.0007664493044587493,-4.135260698398075e-06,0.06813641078702368,-0.01426992982304827,1.0202535514404518,0.27505700053425247,0.3206745386123657,-0.589490166334443,1.4651284752845763,-0.03536169168949127,0.4,0.0,1.4,0.0
transgastric_short_axis,3,150,7.5011,0.32066737817556185,-0.5894901680998575,1.4651294767057612,-0.0353616889796875,-0.0071604368038680035,-1.7654150522275478e-06,0.0010014211847400212,2.709644127752537e-06,0.05853099321543924,-0.03765790378032956,1.0180479930290574,0.5994035543399789,0.33034853935241704,-0.2679079095197886,1.5421673727035523,-0.263916188120842,0.4,0.0,1.4,0.0
transgastric_short_axis,3,151,7.5511,0.3303413763957914,-0.2679079110435605,1.5421680625756853,-0.2639161808481507,-0.007162956625620981,-1.5237727452966215e-06,0.0006898721326068137,7.272690622338149e-06,0.06743295054788503,-0.01722764772864397,1.027722005819154,0.4080324511263227,0.3570189952850342,-0.7999739769385882,1.4985351420879365,0.34437986669540405,0.4,0.0,1.4,0.0
transgastric_short_axis,3,152,7.6012,0.35701183439070894,-0.7999739735842301,1.498536101439063,0.34437986711486523,-0.007160894325262472,3.354358881227789e-06,0.0009593511263719844,4.1940948783908393e-07,0.03873905878574527,-0.05684514187341043,1.0519172819916323,0.8775609363203537,0.2880436897277832,-0.044517275946088446,1.4726047765731811,-0.5321764806747437,0.4,0.0,1.4,0.0
transgastric_short_axis,3,153,7.651,0.288036528187911,-0.04451728527902705,1.4726056815620154,-0.5321764756720794,-0.00716153987220753,-9.332939530813063e-06,0.0009049888333842529,5.002654047565043e-06,0.06557189538315132,0.014855950331436892,0.9844243199162066,0.5504552606367485,0.3694694519042969,-0.6102286802796484,1.4243996171951294,0.4385451978206634,0.4,0.0,1.4,0.0
transgastric_short_axis,3,154,7.7009,0.36946229151390886,-0.6102286702260732,1.4244006622717977,0.4385452080859338,-0.007160390387857986,1.0053575858880968e-05,0.001045076666053431,1.0265236064645742e-05,0.04555069704067399,-0.04998657338127087,1.0691902851379456,0.7524818093880412,0.2672250270843506,-0.13234479168607896,1.4887018753051757,-0.5454275065898895,0.4,0.0,1.4,0.0
transgastric_short_axis,3,155,7.751,0.26721786519340185,-0.13234479976500282,1.4887027350835202,-0.5454274979598728,-0.0071618909488081525,-8.078924998191278e-06,0.0008597783433243134,8.630014857196808e-06,0.06653327023386069,0.009460506198128191,0.96254153394617,0.5835285529352445,0.36971440315246584,-0.5808909232043071,1.4510024116516114,0.44315445384979246,0.4,0.0,1.4,0.0
transgastric_short_axis,3,156,7.801,0.36970724273278716,-0.5808909147760057,1.4510034499134408,0.44315446113856716,-0.0071604196786264574,8.428301875182108e-06,0.001038261827130414,7.288725160171273e-06,0.047056982222392914,-0.04884255188380512,1.0676686658606973,0.7330341972529261,0.27707967758178714,-0.17123004368719225,1.5011778571128844,-0.49939973616600036,0.4,0.0,1.4,0.0
transgastric_short_axis,3,157,7.8509,0.2770725153792936,-0.17123004998320931,1.5011786683809802,-0.4993997258045093,-0.007162202493553891,-6.296017393652809e-06,0.0008112680954071969,1.0361489739695157e-05,0.06746346183971387,0.005344201745691503,0.9716444703542253,0.5514237078339975,0.3699063301086426,-0.5945402063574518,1.4788015716075897,0.46134767332077026,0.4,0.0,1.4,0.0
transgastric_short_axis,3,158,7.901,0.36989916951081153,-0.5945401995982991,1.4788025866354833,0.4613476769316449,-0.0071605978308712575,6.7591534501068565e-06,0.0010150278924178301,3.610819057092702e-06,0.045997762495019565,-0.0499091740764641,1.0659935097211117,0.7572553305227983,0.26888015270233157,-0.21391878906764308,1.4996290796756744,-0.5084390461921692,0.4,0.0,1.4,0.0
transgastric_short_axis,3,159,7.9509,0.2688729904051292,-0.21391879562685423,1.4996298799497492,-0.5084390350573869,-0.007162297202354787,-6.559211561108608e-06,0.0008002740738420737,1.1134782896172005e-05,0.06753298204579622,0.0027648790334016664,0.9635356255310035,0.5756664912226742,0.3714193344116211,-0.5432748755220768,1.4967946166038513,0.4221576682090759,0.4,0.0,1.4,0.0
transgastric_short_axis,3,160,8.0009,0.3714121739582788,-0.5432748706190451,1.4967956392612916,0.42215767002021654,-0.007160453342310221,4.903033860179844e-06,0.001022657433247233,1.8104796019034782e-06,0.049721062005802896,-0.04677861722564851,1.066360317134701,0.6953785609154427,0.2860622882843018,-0.2354518196733708,1.5185061505794526,-0.4547168236255646,0.4,0.0,1.4,0.0
transgastric_short_axis,3,161,8.051,0.28605512571298986,-0.23545182404175327,1.518506907355686,-0.4547168123852894,-0.007162571311997577,-4.3683818761172635e-06,0.0007567762333214209,1.1240274022885328e-05,0.06810802388020362,-0.0005307682750889482,0.9795278318533773,0.5378031818218622,0.37178089618682864,-0.5553051647919133,1.501551990509033,0.42711278228759764,0.4,0.0,1.4,0.0
transgastric_short_axis,3,162,8.1011,0.37177373568205163,-0.5553051601510254,1.5015530075856418,0.427112783424036,-0.0071605047771758235,4.640890807182633e-06,0.0010170766026131237,1.1358676297261764e-06,0.049030197511177265,-0.04748209131123497,1.0663993543688413,0.7084482239385032,0.28284807205200196,-0.2355291553747132,1.5175483466148376,-0.4698989995479584,0.4,0.0,1.4,0.0
transgastric_short_axis,3,163,8.151,0.2828409095213715,-0.2355291599724253,1.5175491105381873,-0.4698989881416393,-0.0071625306304928,-4.597712866221586e-06,0.0007639233494762267,1.1406318327567223e-05,0.06798557192216607,-1.7564898473189372e-05,0.9763645528698977,0.5512014968448028,0.3729979753494263,-0.5464250413905583,1.5015358866691588,0.4314729905605316,0.4,0.0,1.4,0.0
transgastric_short_axis,3,164,8.2009,0.3729908148231247,-0.5464250366603665,1.5015369043704325,0.4314729916608053,-0.007160526301720219,4.7301918110430836e-06,0.0010177012728412086,1.1002056285516664e-06,0.04932359741266246,-0.04713041868340709,1.0676131117241183,0.7041225051474049,0.2838786840438843,-0.2466570699598792,1.5186044589042664,-0.46424524097442627,0.4,0.0,1.4,0.0
transgastric_short_axis,3,165,8.2509,0.2838715214721936,-0.2466570744207317,1.5186052167710438,-0.4642452295160158,-0.0071625716906165374,-4.46085297948352e-06,0.0007578667762671938,1.1458410262643988e-05,0.06802788617674904,-0.0009680497221887354,0.9773299890315159,0.5512861021834871,0.3730228424072266,-0.5412705139066559,1.5055404996871948,0.41666831860542297,0.4,0.0,1.4,0.0
transgastric_short_axis,3,166,8.3009,0.3730156819039375,-0.5412705096409169,1.5055415178742777,0.4166683192765852,-0.007160503289120987,4.265738658103074e-06,0.001018187081413517,6.710918859740433e-07,0.05000694628124727,-0.04658967884003161,1.0673850095081001,0.6917032733145249,0.28703951835632324,-0.24771879738508815,1.51917034034729,-0.4365421422958374,0.4,0.0,1.4,0.0
transgastric_short_axis,3,167,8.3509,0.28703235572059543,-0.2477188015322236,1.5191710866828751,-0.43654213115476076,-0.007162635727727275,-4.14713537747772e-06,0.0007463355847592046,1.1141075189821658e-05,0.06822332830881139,-0.0019903473879071126,0.9804751391890132,0.5281070662857267,0.3712763786315918,-0.5764380346379107,1.504477459001541,0.40779828615188596,0.4,0.0,1.4,0.0
transgastric_short_axis,3,168,8.4009,0.3712692181134447,-0.5764380304741571,1.5044784740772146,0.4077982869514001,-0.007160518147065949,4.16375381428254e-06,0.00101507567289621,7.994443865103342e-07,0.04859308317036794,-0.04814574291764914,1.0657178642242482,0.7143678710515596,0.28038103580474855,-0.20625356646606854,1.5155510959625245,-0.4824567177057266,0.4,0.0,1.4,0.0
transgastric_short_axis,3,169,8.451,0.280373873387975,-0.20625357134825636,1.5155518763372582,-0.48245670654485684,-0.007162416773529479,-4.882187012532231e-06,0.0007803747331324111,1.1160867327722468e-05,0.06783303669822702,0.002397484093117276,0.9740184277487138,0.5504249773377637,0.37136235237121584,-0.5602475340442881,1.4943867180347443,0.45122828249931335,0.4,0.0,1.4,0.0
transgastric_short_axis,3,170,8.5011,0.3713551918050314,-0.5602475285431169,1.4943877341847518,0.45122828438283413,-0.007160566184501847,5.50117148932546e-06,0.0010161500060756026,1.8834567845122557e-06,0.04805633102183366,-0.04816231027040958,1.0664311857686246,0.7260949161554598,0.27903635501861573,-0.23936466910496973,1.5138253635406493,-0.47856174187660216,0.4,0.0,1.4,0.0
transgastric_short_axis,3,171,8.5515,0.27902919251840175,-0.2393646741016201,1.513826132658358,-0.4785617303502149,-0.007162500213949059,-4.996648719883799e-06,0.0007691177084079229,1.152638803409812e-05,0.06790147594841936,1.9712819602037135e-05,0.9727910633168251,0.5602741308522772,0.37322387695312503,-0.5418860162076544,1.5022133714675903,0.4267004490852356,0.4,0.0,1.4,0.0
transgastric_short_axis,3,172,8.6015,0.373216716440375,-0.5418860115812464,1.5022143901505594,0.4267004501257343,-0.007160512750181842,4.6264083200412615e-06,0.0010186829687475467,1.040429426255184e-06,0.04967742427498567,-0.04681328297726004,1.0677986323147994,0.6977670453074013,0.2853245258331299,-0.24837998954353835,1.519312466096878,-0.45716310925483705,0.4,0.0,1.4,0.0
transgastric_short_axis,3,173,8.6512,0.2853173632389331,-0.24837999387921916,1.5193132201715835,-0.4571630978642388,-0.007162594196723772,-4.335683779061656e-06,0.0007540747064614246,1.1390598397068233e-05,0.06808056828724213,-0.0013281245208454553,0.9787346293611419,0.5459656317850531,0.3725949764251709,-0.5467439341251492,1.506003765964508,0.41242458229064943,0.4,0.0,1.4,0.0
transgastric_short_axis,3,174,8.7011,0.37258781592427825,-0.5467439299542901,1.506004783812843,0.41242458292148587,-0.007160500892753892,4.1708594859515946e-06,0.0010178483340961418,6.307661617366831e-07,0.04987459421121371,-0.04677864379789871,1.0669300411734879,0.6935498565833836,0.28661932945251467,-0.2368056625806478,1.5187827246665955,-0.43820982599258423,0.4,0.0,1.4,0.0
transgastric_short_axis,3,175,8.7509,0.2866121668412796,-0.23680566676636738,1.5187834743648496,-0.43820981491614397,-0.007162611235026938,-4.1857186975711695e-06,0.0007496982541103079,1.1076439125466143e-05,0.06822808794094119,-0.0011882080670071703,0.9800794908505948,0.5244721920103292,0.3707127332687378,-0.5755699273463288,1.501266428232193,0.4208094397544861,0.4,0.0,1.4,0.0
transgastric_short_axis,3,176,8.8011,0.370705572733117,-0.5755699227924022,1.5012674431672064,0.4208094408616061,-0.007160535620604431,4.553927327392619e-06,0.0010149350121242326,1.10705191487793e-06,0.04824227526170018,-0.04834573289967613,1.065356542194553,0.7207458498361454,0.2806052923202515,-0.20920374558144186,1.5140053145885468,-0.4805805267333984,0.4,0.0,1.4,0.0
transgastric_short_axis,3,177,8.8513,0.28059812989719224,-0.20920375057392765,1.5140060939742943,-0.4805805155666952,-0.007162423059327046,-4.99248507860426e-06,0.0007793857470501393,1.1166701853661924e-05,0.06785184048682728,0.0021353039718802367,0.9743462797807845,0.5495252835346816,0.3716367959976197,-0.5612470933028004,1.494490269470215,0.45117585139274596,0.4,0.0,1.4,0.0
transgastric_short_axis,3,178,8.9012,0.3716296354293548,-0.5612470878117651,1.4944912853328836,0.4511758532614625,-0.007160568264909492,5.491035796036434e-06,0.0010158626675356014,1.8686526623983249e-06,0.048010165054771375,-0.048209627482054734,1.066698824622669,0.7268365873655012,0.27890882492065433,-0.23839993900008852,1.513644476222992,-0.4791008460044861,0.4,0.0,1.4,0.0
transgastric_short_axis,3,179,8.9509,0.27890166242469006,-0.23839994401719541,1.5136452459691494,-0.47910083448526253,-0.007162495964256047,-5.017107486783887e-06,0.0007697461571683922,1.1519224954597667e-05,0.06789628381814904,0.00010370288701810199,0.9726749680250806,0.5603143690882548,0.37318689823150636,-0.5421657729577889,1.5018954142570495,0.42764495801925656,0.4,0.0,1.4,0.0
transgastric_short_axis,3,180,9.0009,0.37317973771761004,-0.5421657682969193,1.501896432956472,0.42764495909523514,-0.007160513896225611,4.660870284174792e-06,0.001018699422134958,1.075910304653182e-06,0.04963584646853726,-0.04684514764182081,1.0677819196698106,0.6985171013444861,0.2850220680236817,-0.2485249237634875,1.5193066612243653,-0.4587117930650711,0.4,0.0,1.4,0.0
transgastric_short_axis,3,181,9.051,0.28501490543272867,-0.2485249281146863,1.519307415903259,-0.45871178165455706,-0.00716259095300928,-4.351199347267413e-06,0.0007546788932990188,1.1410514031554342e-05,0.06806911845285259,-0.0012849749277165584,0.9784313210561293,0.5473910576409388,0.37269105911254885,-0.5444459589995471,1.5061631190776825,0.4125721384048462,0.4,0.0,1.4,0.0
transgastric_short_axis,3,182,9.101,0.3726838986128346,-0.5444459548337132,1.5061641370879437,0.4125721390165449,-0.007160499714230493,4.165833833063273e-06,0.001018010260192806,6.11627765326585e-07,0.049978331848922204,-0.04666724483644791,1.0670153254311692,0.6918483656308675,0.28700003623962406,-0.24012622914700232,1.518949755191803,-0.43361976349353787,0.4,0.0,1.4,0.0
transgastric_short_axis,3,183,9.1509,0.2869928736117761,-0.2401262332775356,1.518950502225267,-0.43361975244661943,-0.00716262784790992,-4.130533981462772e-06,0.0007470334639901944,1.1046916507384322e-05,0.0682554926277614,-0.001572455558722474,0.9804525883687758,0.5221173529141626,0.3706185817718506,-0.581628514796529,1.5020126352310181,0.41575732812881466,0.4,0.0,1.4,0.0
transgastric_short_axis,3,184,9.201,0.3706114212369805,-0.5816285103716707,1.5020136494733922,0.41575732915738595,-0.007160534870253684,4.4248588586104645e-06,0.0010142423735413594,1.0285022418744005e-06,0.048100010876040766,-0.048543375656554234,1.065217490555497,0.7227837533217262,0.2798532009124756,-0.2001785007066235,1.513175592327118,-0.48335881361961364,0.4,0.0,1.4,0.0
transgastric_short_axis,3,185,9.2512,0.27984603852581436,-0.20017850579619367,1.5131763768396986,-0.48335880256244074,-0.007162386661286276,-5.0895728686550815e-06,0.0007845125810468792,1.1057170578243561e-05,0.06779976878012703,0.0028416009483230587,0.9736462938408652,0.5485918637109877,0.3710062503814697,-0.5642279819944938,1.4923372235298156,0.4543277099132538,0.4,0.0,1.4,0.0
transgastric_short_axis,3,186,9.3011,0.37099908980872826,-0.5642279763024632,1.4923382394871645,0.4543277120293041,-0.00716057274137394,5.6920309165819665e-06,0.001015957347096895,2.1159883925479846e-06,0.04776319201070177,-0.04840470548312515,1.066207240967717,0.7308449099663118,0.2771707773208618,-0.23704216376901446,1.5123644082069396,-0.4830992796421051,0.4,0.0,1.4,0.0
transgastric_short_axis,3,187,9.3511,0.27716361484404,-0.2370421689358434,1.512365181009887,-0.48309926810739007,-0.007162476821701995,-5.16683018117438e-06,0.0007728029470641267,1.1534716005032599e-05,0.0678576236793761,0.0003328094942580094,0.9710175576705473,0.5632837687358592,0.3730651378631592,-0.5403142102099113,1.5018130225181578,0.4256495799064636,0.4,0.0,1.4,0.0
transgastric_short_axis,3,188,9.4011,0.3730579773563867,-0.5403142055667173,1.5018140418443702,0.42564958099969186,-0.0071605067726101,4.643194502246447e-06,0.0010193262113487415,1.0931593656570903e-06,0.04977960209026661,-0.04671327860937788,1.0676676459553656,0.695851261580535,0.2858769416809082,-0.25005965356542975,1.5192662143707276,-0.4535318806171417,0.4,0.0,1.4,0.0
transgastric_short_axis,3,189,9.4511,0.2858697790758957,-0.2500596578706492,1.5192669666195666,-0.45353186925520933,-0.0071626050124074464,-4.305220085768445e-06,0.0007522488385039428,1.1361931728707529e-05,0.0681039241291938,-0.00156684188997846,0.9792929893187681,0.5435727233584556,0.372486162185669,-0.551931043720513,1.5061998208522795,0.40976726145744324,0.4,0.0,1.4,0.0
transgastric_short_axis,3,190,9.5012,0.37247900168459686,-0.551931039605207,1.5062008382826821,0.4097672620758219,-0.007160501072063908,4.115306383537701e-06,0.0010174304027090254,6.183080379670193e-07,0.04970828719433715,-0.04698401331847733,1.0668105051108316,0.6961128536013544,0.28600735664367677,-0.22749785215298282,1.518439300918579,-0.4430209417819977,0.4,0.0,1.4,0.0
transgastric_short_axis,3,191,9.5511,0.2860001940632876,-0.22749785640673206,1.518440055160136,-0.44302093072991416,-0.007162580389082023,-4.253750632158015e-06,0.0007542415557723647,1.1052081506549087e-05,0.06819950833655801,-0.00038828510288234277,0.9794866321729774,0.5244490653575442,0.3703954696655274,-0.5698283600955781,1.4987649026870726,0.43196247239112856,0.4,0.0,1.4,0.0
transgastric_short_axis,3,192,9.6011,0.37038830912005705,-0.5698283552046794,1.4987659181946364,0.4319624737618257,-0.007160545470254722,4.890898146795924e-06,0.0010155075628957122,1.3706301184811328e-06,0.04818176834912899,-0.04827393892782542,1.0651947088792286,0.7224454941151652,0.2812654495239258,-0.21748971358241106,1.5137785500526428,-0.47676213777065274,0.4,0.0,1.4,0.0
transgastric_short_axis,3,193,9.6511,0.28125828707005457,-0.2174897185551219,1.5137793249592795,-0.4767621265305549,-0.007162453871194032,-4.972709902863641e-06,0.0007749066368070674,1.1240096880968025e-05,0.06790078456123287,0.0014441131989931348,0.975024895353747,0.5492260301085974,0.3722193002700806,-0.5586352812874893,1.4959484159946441,0.44761484298706056,0.4,0.0,1.4,0.0
transgastric_short_axis,3,194,9.701,0.37221213970928047,-0.5586352759507653,1.4959494321453457,0.4476148446968127,-0.007160560800060853,5.336724821767361e-06,0.0010161507006053966,1.7096873515776674e-06,0.04824740959355564,-0.04802137342800058,1.067188690986521,0.7227799661294511,0.2806202650070191,-0.23810819802504876,1.5144893660545349,-0.4747640444755554,0.4,0.0,1.4,0.0
transgastric_short_axis,3,195,9.7512,0.28061310249682253,-0.23810820292574086,1.5144901333674765,-0.47476403300000597,-0.0071625101965200385,-4.90069220785533e-06,0.0007673129414256467,1.1475550192532675e-05,0.06793512557534791,-2.4689032890263043e-05,0.9743346064587457,0.5562891561633152,0.3732510566711426,-0.5445775982199919,1.5017512287139891,0.4293411043167114,0.4,0.0,1.4,0.0
transgastric_short_axis,3,196,9.8009,0.373243896151052,-0.5445775935304025,1.501752246879282,0.4293411054026537,-0.007160520090649105,4.689589799836173e-06,0.0010181652920355625,1.0858734338052138e-06,0.04947312974806325,-0.046997819131800636,1.0678539920430692,0.7014042693068634,0.2841672420501709,-0.24763734210643454,1.519092442703247,-0.46308763704299927,0.4,0.0,1.4,0.0
transgastric_short_axis,3,197,9.8509,0.28416007947174976,-0.2476373465169286,1.5190931995381822,-0.4630876255888934,-0.007162578421171222,-4.41049459780387e-06,0.0007568349343618901,1.1454105811152672e-05,0.06803719435514982,-0.0010747152827203944,0.9775871760093038,0.5507962252301092,0.3729573726654053,-0.5408252250500163,1.5059932797431945,0.41484015827178955,0.4,0.0,1.4,0.0
transgastric_short_axis,3,198,9.901,0.3729502121646785,-0.540825220837728,1.5059942979631193,0.4148401588953927,-0.007160500726740222,4.212288818959934e-06,0.0010182199240569077,6.235321332750007e-07,0.05008162145023811,-0.046531517671621586,1.0672909386193319,0.6903265597883095,0.28735496997833254,-0.24700217818645065,1.5191961813926695,-0.43122038497924803,0.4,0.0,1.4,0.0
transgastric_short_axis,3,199,9.9509,0.28734780733288,-0.24700218227995174,1.5191969258806681,-0.4312203739116436,-0.007162645452480676,-4.093500087614527e-06,0.0007444879997345822,1.106760343067304e-05,0.06825932837673597,-0.002124471258438519,0.9807929077720745,0.5233158822161503,0.3708803176879883,-0.5839626298503614,1.5039664429664612,0.4070146283626556,0.4,0.0,1.4,0.0
transgastric_short_axis,3,200,10.001,0.370873157163371,-0.5839626256755396,1.503967457136243,0.40701462920865783,-0.007160524617154651,4.174822566753899e-06,0.001014169781386348,8.459326048269861e-07,0.048250460688130915,-0.04849373012732393,1.065356757524076,0.719951985685669,0.2794540405273438,-0.1956265550312436,1.5138545751571655,-0.485562605381012,0.4,0.0,1.4,0.0
transgastric_short_axis,3,201,10.0511,0.27944687815693886,-0.19562656008661417,1.513855362039365,-0.4855625943623563,-0.007162370404913005,-5.055370974738219e-06,0.0007868821993627573,1.1018652188820353e-05,0.06776673483552349,0.0032236189746638316,0.973200356091757,0.5491237407965956,0.37054674625396733,-0.5660570743206738,1.4919106590270996,0.45436928029060364,0.4,0.0,1.4,0.0
transgastric_short_axis,3,202,10.101,0.37053958568016715,-0.5660570685998717,1.4919116748924823,0.45436928244892805,-0.007160573800186816,5.720801442180709e-06,0.001015865380872624,2.1582627092207083e-06,0.04767145689131454,-0.048491555089565874,1.0657759438393828,0.7322484016633093,0.2766500473022461,-0.23515446109290664,1.5118599460601807,-0.4844535938501358,0.4,0.0,1.4,0.0
transgastric_short_axis,3,203,10.151,0.27664288483551286,-0.23515446631624004,1.5118607203725016,-0.48445358232968977,-0.00716246673325361,-5.223335361783019e-06,0.0007743123215827747,1.1520446799038219e-05,0.06784334905516615,0.0005072933808967697,0.9705287634012212,0.5636689587732366,0.3729658365249634,-0.540553332947476,1.5013858962535858,0.4263935398578644,0.4,0.0,1.4,0.0
transgastric_short_axis,3,204,10.201,0.3729586760181065,-0.540553328264803,1.5013869157114232,0.4263935410004871,-0.007160506857003367,4.682672571120842e-06,0.0010194578368900884,1.1425544496296488e-06,0.04974533094227695,-0.0467389707754554,1.0675960948831344,0.6964336956130561,0.285672664642334,-0.24906103057448808,1.5192817564487457,-0.45496324982643127,0.4,0.0,1.4,0.0
transgastric_short_axis,3,205,10.251,0.2856655020421668,-0.24906103489166487,1.5192825094919318,-0.4549632384561957,-0.007162600167155758,-4.317175977673441e-06,0.000753043185608965,1.137023518190444e-05,0.06809532723353874,-0.0014498042635195585,0.9790865487631217,0.5443561719516175,0.37250990867614747,-0.5499337977386297,1.506024738407135,0.4112096786499023,0.4,0.0,1.4,0.0
transgastric_short_axis,3,206,10.3013,0.37250274817467827,-0.5499337935899543,1.5060257560051635,0.4112096792828668,-0.007160501469418016,4.14867552133257e-06,0.0010175980273009724,6.328942147259728e-07,0.049760046428873196,-0.0469132016509853,1.0668446715148179,0.6953546846484665,0.2861987590789795,-0.23140864179592613,1.5185655100822448,-0.44216238241195677,0.4,0.0,1.4,0.0
transgastric_short_axis,3,207,10.3512,0.2861915964879917,-0.2314086460337529,1.5185662628520316,-0.4421623713351452,-0.007162590987771127,-4.237826695779048e-06,0.000752769785554771,1.1076809934949116e-05,0.06820417789258645,-0.0006844741384975815,0.9796703098733333,0.5254215788112844,0.37062036991119385,-0.570451914297685,1.4998575294971466,0.42774682416915893,0.4,0.0,1.4,0.0
transgastric_short_axis,3,208,10.401,0.37061320937117825,-0.5704519095428779,1.4998585449945843,0.42774682542549947,-0.007160540015518766,4.754807412222114e-06,0.0010154974365512881,1.2562728616954338e-06,0.048280095424134625,-0.048227022204592976,1.0653511825184785,0.7205678595625856,0.28122704029083256,-0.21683357726884278,1.5142751475334166,-0.47785242390632626,0.4,0.0,1.4,0.0
transgastric_short_axis,3,209,10.4509,0.28121987783916536,-0.21683358221199917,1.5142759228425122,-0.4778524126625699,-0.007162451667191583,-4.943156495745463e-06,0.0007753090962702205,1.1243755095913914e-05,0.06789184082796203,0.0015251311713990676,0.974952725081885,0.550024940002158,0.3721608638763428,-0.5578476930069903,1.4960358635902404,0.4475348855495453,0.4,0.0,1.4,0.0
transgastric_short_axis,3,210,10.5009,0.37215370331663633,-0.5578476876764695,1.4960368798636212,0.44753488725071033,-0.007160559706541054,5.3305211629513835e-06,0.0010162733793666154,1.7010995127122645e-06,0.04828794485303171,-0.04798208864060427,1.067124541519432,0.72213573272994,0.2807925701141358,-0.23886620025031255,1.514652276992798,-0.47417466266155245,0.4,0.0,1.4,0.0
transgastric_short_axis,3,211,10.5509,0.28078540760009946,-0.2388662051316623,1.5146530437263745,-0.47417465118278623,-0.007162514036276896,-4.881349844275386e-06,0.0007667335759556697,1.1478766497551042e-05,0.06794047639197416,-9.638219877738247e-05,0.974496684320987,0.5561079960359452,0.37328281402587893,-0.5443480254116486,1.5020429703712463,0.42846494307518007,0.4,0.0,1.4,0.0
transgastric_short_axis,3,212,10.6009,0.3732756535068862,-0.5443480207539579,1.5020439885255596,0.42846494412866587,-0.007160518992870961,4.6576903755556145e-06,0.0010181543126766108,1.0534163077646051e-06,0.0495103921017061,-0.04696988669263198,1.0678671765908756,0.7007311483983145,0.2842782497406006,-0.24771636308940423,1.5191886912345887,-0.4626004022598266,0.4,0.0,1.4,0.0
transgastric_short_axis,3,213,10.6513,0.2842710871604847,-0.24771636748742765,1.519189447787376,-0.46260039081067295,-0.00716258011590806,-4.398023824620425e-06,0.0007565527877664751,1.1449154008205218e-05,0.06804105926274931,-0.0010968300869551731,0.9776922024006116,0.550419681724981,0.3729193925857544,-0.540979896452701,1.5060412167549133,0.4145401774406433,0.4,0.0,1.4,0.0
transgastric_short_axis,3,214,10.7015,0.37291223208536584,-0.5409798922477567,1.506042234971524,0.4145401780594984,-0.007160500388682691,4.204944572618891e-06,0.0010182166105476161,6.187846016826601e-07,0.05008316926677629,-0.04653330710151003,1.0672500257325765,0.6902763981263941,0.2873658895492554,-0.24655632756926854,1.519183822631836,-0.43084774961471556,0.4,0.0,1.4,0.0
transgastric_short_axis,3,215,10.751,0.28735872690382,-0.24655633165980806,1.5191845670813464,-0.4308477385551841,-0.007162645435363605,-4.090538656853811e-06,0.0007444495108625321,1.1059529416886178e-05,0.06826261283644088,-0.002106846359776509,0.9808049328781423,0.522793282220376,0.3708285570144654,-0.5845543509550634,1.5038106476783752,0.40742958312034605,0.4,0.0,1.4,0.0
transgastric_short_axis,3,216,10.8011,0.3708213964886151,-0.5845543467655125,1.5038116617595767,0.4074295839802966,-0.007160525850205971,4.189551765238064e-06,0.0010140811999557913,8.598813512002287e-07,0.04820902892903959,-0.04852984092547212,1.065315048644049,0.7206461699370725,0.27938332557678225,-0.19486874005949395,1.513630244922638,-0.48565829215049744,0.4,0.0,1.4,0.0
transgastric_short_axis,3,217,10.8512,0.2793761632098876,-0.1948687451346356,1.5136310322840814,-0.4856582811448812,-0.007162366894637559,-5.075141053608524e-06,0.0007873614430499335,1.100561374115e-05,0.06776248722478426,0.0032783440457095653,0.9731443233048631,0.5489079297795412,0.37047929763793946,-0.5669154444295199,1.491729022693634,0.4545821880340576,0.4,0.0,1.4,0.0
transgastric_short_axis,3,218,10.901,0.37047213706286736,-0.5669154386935911,1.4917300384435555,0.45458219021023005,-0.007160575072129388,5.735929443523047e-06,0.001015749920011506,2.176110511763696e-06,0.04762266587628478,-0.048535842261991216,1.0657202687544962,0.733024131204401,0.276380467414856,-0.23445619273865548,1.5115824357032777,-0.4850937214851379,0.4,0.0,1.4,0.0
transgastric_short_axis,3,219,10.951,0.27637330495265483,-0.23445619799216263,1.5115832107006595,-0.4850937099697174,-0.007162462201142638,-5.253506731616844e-06,0.0007749973823453565,1.1515421147413759e-05,0.06783639490881858,0.0005766191801299808,0.9702768417374334,0.5639326102183855,0.37291646003723145,-0.5407716705449704,1.5012550057411194,0.4264527121067047,0.4,0.0,1.4,0.0
transgastric_short_axis,3,220,11.001,0.3729092995306025,-0.5407716658527246,1.5012560252470522,0.42645271326482526,-0.007160506629054701,4.692245872198957e-06,0.0010195059307888815,1.1580524508975975e-06,0.04973290071311001,-0.046750694769051034,1.0675553899105967,0.696622279245228,0.28561532497406006,-0.24846013404759293,1.519269397687912,-0.45540928874015807,0.4,0.0,1.4,0.0
transgastric_short_axis,3,221,11.051,0.28560816237601366,-0.24846013836969694,1.5192701510585174,-0.4554092773699667,-0.007162598046340584,-4.322104775664674e-06,0.0007533706050144446,1.137019125463954e-05,0.06809294962692383,-0.0013935986337375661,0.9790296756200769,0.5444638754975745,0.37250082492828374,-0.5493576186756018,1.505882425403595,0.4119978305339813,0.4,0.0,1.4,0.0
transgastric_short_axis,3,222,11.101,0.37249366442627146,-0.5493576145063725,1.5058834430548522,0.4119978311803214,-0.007160502012211839,4.169229545638533e-06,0.0010176512564244056,6.462696764546498e-07,0.04976394796901699,-0.04690001131156418,1.0668443984916895,0.6953444495523535,0.28621337413787845,-0.23282240582772992,1.518594908952713,-0.4428063487529755,0.4,0.0,1.4,0.0
transgastric_short_axis,3,223,11.1511,0.28620621154534553,-0.23282241007046872,1.5185956615957599,-0.4428063376568306,-0.007162592532832517,-4.242738201734216e-06,0.0007526430468815622,1.1096143059756507e-05,0.0681985633327219,-0.0007588794078362219,0.9796824650971876,0.5265906232931566,0.37075548171997075,-0.5694233307444799,1.500328847694397,0.4263993447303772,0.4,0.0,1.4,0.0
transgastric_short_axis,3,224,11.2009,0.37074832118291523,-0.5694233260392165,1.5003298633377176,0.4263993459395232,-0.007160537055592281,4.705264141566905e-06,0.0010156433192868605,1.209078190913139e-06,0.04837110481295741,-0.048152889923761405,1.0654562424273464,0.7190139558076742,0.28133368492126465,-0.21821251214701537,1.514724369764328,-0.4776438230037689,0.4,0.0,1.4,0.0
transgastric_short_axis,3,225,11.251,0.2813265224635203,-0.21821251705113484,1.5147251442377199,-0.4776438117410874,-0.007162457744299927,-4.904120148862247e-06,0.0007744733918867547,1.1262679844814284e-05,0.06789737847456118,0.0014240943748014866,0.9750299205486324,0.5504594140200657,0.3722362518310547,-0.5567269807248254,1.4964549379348755,0.44658532075881957,0.4,0.0,1.4,0.0
transgastric_short_axis,3,226,11.3009,0.37222909127381604,-0.5567269754366648,1.4964559543461133,0.4465853224143297,-0.007160557238601976,5.288160597597734e-06,0.001016411237462325,1.6554446990961576e-06,0.048371452461297246,-0.04791116755475924,1.0671731833809976,0.7207345904527306,0.2813145637512207,-0.23925194248945372,1.5149575009346008,-0.4727435743331909,0.4,0.0,1.4,0.0
transgastric_short_axis,3,227,11.3509,0.28130740123137227,-0.23925194733078356,1.5149582667217345,-0.4727435628642133,-0.007162519848409283,-4.841329958079018e-06,0.00076578713323699,1.14689778978523e-05,0.06795312112660112,-0.00017156958967648635,0.9749997972057569,0.5550056816116735,0.37331690788269045,-0.5447695330719917,1.502198016643524,0.4282857410430908,0.4,0.0,1.4,0.0
transgastric_short_axis,3,228,11.4008,0.3733097473629581,-0.5447695284283366,1.502199034664435,0.4282857420778807,-0.007160519732530678,4.643654887868045e-06,0.0010180209102917494,1.0347209064787357e-06,0.0494963773260191,-0.04698758754845257,1.0678911107668072,0.7009704189503325,0.28421826362609864,-0.24743548281818495,1.5191617266654969,-0.4629346505641937,0.4,0.0,1.4,0.0
transgastric_short_axis,3,229,11.4509,0.28421110104739783,-0.24743548722150288,1.5191624834429582,-0.46293463911374344,-0.007162578700843687,-4.403319643838445e-06,0.000756777461962047,1.145045106661557e-05,0.06803878226276854,-0.0010662692436084606,0.9776337326735722,0.550581117555682,0.3729343891143799,-0.5410021796208844,1.5059442192077637,0.414985467338562,0.4,0.0,1.4,0.0
transgastric_short_axis,3,230,11.501,0.372927228613399,-0.5410021754037156,1.5059452374194162,0.41498546796732505,-0.0071605009810587405,4.217169552624776e-06,0.0010182116516609882,6.286926189629999e-07,0.05006905347150827,-0.046543205432852036,1.0672711038927245,0.6905458860191841,0.28730249404907227,-0.24686229981138344,1.519184571647644,-0.4319607871055603,0.4,0.0,1.4,0.0
transgastric_short_axis,3,231,11.5509,0.28729533140539143,-0.2468623039127701,1.5191853164463982,-0.4319607760293239,-0.007162643680794221,-4.101386276653964e-06,0.0007447987542653087,1.1076235181678735e-05,0.06825484020343184,-0.0020894438103174753,0.980740647047897,0.5238688682298512,0.37092137336730957,-0.5829563294653397,1.503965319442749,0.4074099214553833,0.4,0.0,1.4,0.0
transgastric_short_axis,3,232,11.6009,0.3709142128431775,-0.5829563252836089,1.5039663337308555,0.4074099223016656,-0.007160524131998677,4.181730865582734e-06,0.0010142881065057403,8.462127534549452e-07,0.04828767360089785,-0.04845274440099928,1.0653975225414078,0.7193579801058619,0.27956001758575444,-0.19709087751186685,1.5140172988414764,-0.4850053376197815,0.4,0.0,1.4,0.0
transgastric_short_axis,3,233,11.6509,0.2795528552088455,-0.19709088254780088,1.5140180847976925,-0.48500532658172113,-0.007162376908861173,-5.035933382305129e-06,0.0007859562161543037,1.1038057764473948e-05,0.06777750985585355,0.0031055666504664053,0.9732961344891202,0.5491653859680052,0.37067875862121585,-0.5650674394984111,1.4921713165283204,0.4541344638347626,0.4,0.0,1.4,0.0
transgastric_short_axis,3,234,11.7008,0.37067159804858146,-0.5650674337986611,1.4921723324850458,0.4541344659661952,-0.007160572634344583,5.69975019709535e-06,0.0010159567239026784,2.131370629728953e-06,0.04772756407295509,-0.04844077162388395,1.0658909727446775,0.7313653067755972,0.27697055339813237,-0.2360132057087811,1.51218333363533,-0.4836929682970047,0.4,0.0,1.4,0.0
transgastric_short_axis,3,235,11.7512,0.27696339092599215,-0.23601321089690022,1.512184107131529,-0.48369295677066854,-0.007162472140213315,-5.188119294862585e-06,0.0007734961993131975,1.152633744024841e-05,0.06785149375745511,0.0004229380209680913,0.9708286974451723,0.5633687897041734,0.3730198383331299,-0.5403874263339424,1.5015628512382506,0.4262459837436676,0.4,0.0,1.4,0.0
transgastric_short_axis,3,236,11.8011,0.37301267782599457,-0.5403874216653561,1.5015638706249668,0.4262459848654032,-0.007160507135503076,4.668587518364174e-06,0.0010193867158782505,1.121667087770249e-06,0.04975803341974554,-0.04672820258271389,1.0676384405403299,0.6962382785242833,0.2857369899749756,-0.24963346456723298,1.5192892466068268,-0.4544728317260742,0.4,0.0,1.4,0.0
transgastric_short_axis,3,237,11.851,0.28572982737267605,-0.24963346887943083,1.5192899993161841,-0.45447282035661846,-0.007162602299463363,-4.312199504652676e-06,0.0007527093576485588,1.136945647415399e-05,0.06809799687547893,-0.0015055928906830777,0.9791507652583817,0.544196829756303,0.3725147724151612,-0.5505801968694624,1.506154130887985,0.4104439972400665,0.4,0.0,1.4,0.0
transgastric_short_axis,3,238,11.9009,0.372507611914167,-0.5505801927402661,1.506155148428408,0.4104439978611252,-0.0071605009942339835,4.129197087450422e-06,0.0010175404228654394,6.209874045374451e-07,0.04975214563792839,-0.04693029987049041,1.066841564820018,0.6954333691725264,0.2861693620681763,-0.2299122989643839,1.5185301190853118,-0.44172608070373537,0.4,0.0,1.4,0.0
transgastric_short_axis,3,239,11.9509,0.28616219947941574,-0.22991230319975395,1.5185308720939714,-0.4417260696447132,-0.0071625887605930826,-4.235370985053727e-06,0.000753008659221792,1.1059019973112259e-05,0.0682082107844713,-0.0005973150588016425,0.9796436090725686,0.524395080290713,0.3704924821853638,-0.5711848245520532,1.4993712309837341,0.4292285646915436,0.4,0.0,1.4,0.0
transgastric_short_axis,3,240,12.0009,0.3704853216424755,-0.5711848197440743,1.4993722463683978,0.42922856599714,-0.007160542888491657,4.807979169007013e-06,0.0010153846626703474,1.30552864715919e-06,0.04819920736827163,-0.04828920887685969,1.0652541821417199,0.721966217880644,0.28114867210388184,-0.21581959948974114,1.5138718025207518,-0.47790036091804505,0.4,0.0,1.4,0.0
transgastric_short_axis,3,241,12.0509,0.28114150965676293,-0.2158196044665285,1.5138725784447278,-0.4779003496898384,-0.00716244711880024,-4.976788319370915e-06,0.0007759239766140128,1.1228205067856113e-05,0.06788835009833477,0.0015959150152432449,0.9749009229165666,0.5496009013403115,0.3721073150634766,-0.5588060564923906,1.4956967466831208,0.44828259057998654,0.4,0.0,1.4,0.0
transgastric_short_axis,3,242,12.1009,0.37210015450170897,-0.5588060511278878,1.4956977628336325,0.4482825923179359,-0.007160561767814608,5.364502988442408e-06,0.0010161505106290262,1.7378850161701577e-06,0.04821841750147896,-0.048041456553114426,1.0670926483237426,0.7232965840805713,0.28036601543426515,-0.2384789599830582,1.5143949900627136,-0.4753537071704864,0.4,0.0,1.4,0.0
transgastric_short_axis,3,243,12.151,0.28035885292520357,-0.23847896489795017,1.5143957576012363,-0.475353695684871,-0.0071625090615511575,-4.914892064830543e-06,0.0007675385229095764,1.1485616335919712e-05,0.0679299476090835,-2.973397838390915e-05,0.9740860558356437,0.5569863069507155,0.37325232028961186,-0.5440454237327884,1.5018886731147767,0.42869919776916504,0.4,0.0,1.4,0.0
transgastric_short_axis,3,244,12.2008,0.37324515977108397,-0.5440454190605741,1.5018896913753217,0.4286991988409792,-0.0071605185278428565,4.6722147181292235e-06,0.001018260544006937,1.0717461527385394e-06,0.04951722774607438,-0.046959156745560275,1.0678467364648017,0.7006181212129231,0.28429493904113773,-0.24795323878479916,1.5192085401535034,-0.46249179496765136,0.4,0.0,1.4,0.0
transgastric_short_axis,3,245,12.2511,0.28428777646023756,-0.24795324318027734,1.5192092965908177,-0.4624917835175987,-0.007162580900168948,-4.395478839587741e-06,0.0007564373146800843,1.145005296757409e-05,0.06804167064551914,-0.001116677503778655,0.9777076645179439,0.5504358597467108,0.37292032241821294,-0.5408559346263362,1.506124357509613,0.4142147300720215,0.4,0.0,1.4,0.0
transgastric_short_axis,3,246,12.3009,0.37291316191829316,-0.5408559304309637,1.5061253757336672,0.4142147306822288,-0.00716049991999146,4.195372898773699e-06,0.001018224052982822,6.101363850861166e-07,0.05009853787611291,-0.04652070180116931,1.0672456902253302,0.6899965744613312,0.28743126392364504,-0.24648741827606274,1.519190938282013,-0.4297979103326797,0.4,0.0,1.4,0.0
transgastric_short_axis,3,247,12.3509,0.2874241012761709,-0.24648742235594123,1.519191682352723,-0.4297978992873996,-0.00716264747415422,-4.079879669130491e-06,0.000744070709110098,1.1045278136316796e-05,0.06826947877775745,-0.0021382686523901805,0.9808706232385924,0.5218833909285561,0.3707539319992066,-0.5860233547735403,1.503731252002716,0.4071855912208557,0.4,0.0,1.4,0.0
transgastric_short_axis,3,248,12.401,0.370746771472132,-0.5860233505843805,1.5037322658977708,0.40718559208755245,-0.007160527074714261,4.189160323392614e-06,0.0010138950543686707,8.666267602280886e-07,0.04814453764926735,-0.0485957442967578,1.0652459686012383,0.7216921838300758,0.2792236804962158,-0.19278423394001848,1.5133237102031707,-0.4863526298046112,0.4,0.0,1.4,0.0
transgastric_short_axis,3,249,12.4509,0.2792165181387491,-0.1927842390481702,1.5133244988958783,-0.48635261882910913,-0.007162357466664849,-5.1081508413772654e-06,0.0007886927073628162,1.0975498696006588e-05,0.06774736383534102,0.0034430710057127946,0.9730042097708238,0.5487583477340857,0.3702890396118164,-0.5684842543710368,1.4913339168548583,0.4549355362415314,0.4,0.0,1.4,0.0
transgastric_short_axis,3,250,12.5009,0.3702818790347958,-0.5684842486033156,1.4913349324425793,0.45493553845778667,-0.007160577020626758,5.767721963445271e-06,0.0010155877197645443,2.216193973470648e-06,0.047534167331881955,-0.048615821897081246,1.0655557501392408,0.7344153604466247,0.27588083744049074,-0.23308718229673264,1.5110693598747253,-0.48628334584236144,0.4,0.0,1.4,0.0
transgastric_short_axis,3,251,12.551,0.27587367498690946,-0.23308718760621658,1.5110701361716323,-0.4862833343379304,-0.00716245358112931,-5.309483272140606e-06,0.0007762969065869357,1.1504432201096249e-05,0.0678232125524997,0.000710259479391356,0.969809835220494,0.5643979429369241,0.37281992435455324,-0.5412165848945818,1.5009964080333709,0.42661712107658384,0.4,0.0,1.4,0.0
transgastric_short_axis,3,252,12.6009,0.3728127638482437,-0.5412165801827998,1.5009974276245899,0.4266171222651609,-0.00716050630968983,4.711781517010272e-06,0.0010195912182183705,1.1885092179481526e-06,0.049706329710982426,-0.0467754634638458,1.0674759374700484,0.6970345628955051,0.28548872470855713,-0.247262647824628,1.519247863483429,-0.4563732720851898,0.4,0.0,1.4,0.0
transgastric_short_axis,3,253,12.6509,0.28548156211493075,-0.24726265215705812,1.5192486175406152,-0.456373260714392,-0.007162593626313803,-4.332428469566405e-06,0.0007540571854817409,1.137079817010611e-05,0.06808752924373006,-0.0012790362723659682,0.9789037386328623,0.544747719268115,0.3724864482879639,-0.5480886016102331,1.505605851316452,0.41357132549285885,0.4,0.0,1.4,0.0
transgastric_short_axis,3,254,12.7008,0.37247928778494427,-0.5480885974001556,1.505606869083973,0.4135713261652816,-0.0071605030197340915,4.2100779312821274e-06,0.0010177675192468165,6.723516700765861e-07,0.049777293283861115,-0.04686776406397654,1.0668470935846515,0.6952356095775899,0.286257553100586,-0.23579936219562614,1.5186643801689148,-0.4438489787578583,0.4,0.0,1.4,0.0
transgastric_short_axis,3,255,12.7509,0.2862503905041376,-0.23579936644502944,1.5186651324234832,-0.4438489676246605,-0.007162596448419345,-4.249404426829743e-06,0.000752254568312318,1.1133195693702615e-05,0.0681887384355309,-0.0009262521979783783,0.9797212062579272,0.5287945107420255,0.37101655006408696,-0.5676818730629203,1.501296201610565,0.423450656747818,0.4,0.0,1.4,0.0
transgastric_short_axis,3,256,12.8008,0.37100938953285617,-0.5676818684618037,1.5012972174963863,0.42345065785980296,-0.007160531230769315,4.601117120660005e-06,0.0010158858203662316,1.1119155476687275e-06,0.04854504320895306,-0.04801455553296123,1.0656557404197715,0.7160130900967889,0.28151555061340333,-0.220554679101956,1.5155728174209595,-0.4774221143245697,0.4,0.0,1.4,0.0
transgastric_short_axis,3,257,12.8509,0.28150838814535406,-0.22055468393414385,1.5155735904907504,-0.4774221030291142,-0.007162468049199545,-4.8321873186181765e-06,0.0007730697911227526,1.1295454268187744e-05,0.0679055374747329,0.0012568776055459866,0.9751560021404817,0.5513381448483934,0.37236006259918214,-0.5546344227042417,1.4971987106323241,0.4448809352874756,0.4,0.0,1.4,0.0
transgastric_short_axis,3,258,12.9009,0.372352902046407,-0.5546344174910508,1.4971997272971223,0.4448809368619049,-0.007160552775262757,5.213191146143653e-06,0.001016664797146319,1.5743632340825365e-06,0.048524863140027935,-0.04777952044314522,1.067249509503847,0.7181577361977339,0.28226139545440676,-0.24001088098228826,1.5155147686958312,-0.47012173812389374,0.4,0.0,1.4,0.0
transgastric_short_axis,3,259,12.9509,0.28225423292385515,-0.24001088575089355,1.5155155327446588,-0.4701217266735731,-0.007162530551565787,-4.768604003714634e-06,0.0007640488268843847,1.1450320077732558e-05,0.0679759454042888,-0.00031293125321666445,0.975912119052166,0.5530167873935676,0.3732755184173584,-0.5452459060119796,1.5024920053482056,0.4276644324302673,0.4,0.0,1.4,0.0
transgastric_short_axis,3,260,13.0008,0.37326835789735674,-0.5452459013981629,1.5024930232200928,0.42766443343033433,-0.007160520001715396,4.613816478162249e-06,0.0010178718859512493,9.999984589319267e-07,0.04949309651325881,-0.046999612016991654,1.0678307334531432,0.7010059636772589,0.28423719406127934,-0.2469476874138341,1.5191257739067077,-0.4628417726039886,0.4,0.0,1.4,0.0
transgastric_short_axis,3,261,13.0511,0.28423003148346776,-0.24694769181891119,1.5191265307896433,-0.4628417611590246,-0.007162577811480085,-4.405077195016485e-06,0.0007568829353220511,1.1444964352070181e-05,0.06803986957079397,-0.0010362247807226008,0.9776551191373712,0.550272182029739,0.37290744781494145,-0.5414469067169816,1.5057713838100433,0.4155569664001465,0.4,0.0,1.4,0.0
transgastric_short_axis,3,262,13.1008,0.3729002873130477,-0.5414469024815239,1.505772401999078,0.41555696704722056,-0.007160501893842889,4.235457450918536e-06,0.0010181890337960572,6.470036277981765e-07,0.05003137175256146,-0.04657661476493372,1.0672551988501071,0.6912123671641672,0.28714704513549805,-0.24665444841068115,1.5191557345390319,-0.4343016487598419,0.4,0.0,1.4,0.0
transgastric_short_axis,3,263,13.1509,0.2871398824970331,-0.246654452536614,1.5191564802715707,-0.4343016376550192,-0.007162638464907336,-4.125933759507544e-06,0.0007457325395120978,1.1104821474375347e-05,0.06824003143079392,-0.001994734071579387,0.9805853464399981,0.5257299728372552,0.371064567565918,-0.5797297641630866,1.5040334798812867,0.4083729685306549,0.4,0.0,1.4,0.0
transgastric_short_axis,3,264,13.2008,0.3710574070437229,-0.5797297599679254,1.504034494549897,0.40837296937112555,-0.0071605221951800396,4.1951611947717865e-06,0.001014668609596484,8.404007032155234e-07,0.04841590280789545,-0.048315434231764584,1.0655352589715417,0.717297655404466,0.2799743175506592,-0.2017999288856154,1.514673623943329,-0.48368650803565977,0.4,0.0,1.4,0.0
transgastric_short_axis,3,265,13.2508,0.27996715515363374,-0.20179993385334,1.5146744070830147,-0.4836864969344884,-0.007162397025434299,-4.967724945153432e-06,0.000783139686406755,1.1101169008715105e-05,0.06780661169396086,0.0027415540564998137,0.9736684156494728,0.5497580777957902,0.3710779905319214,-0.5617655982834713,1.4931482203960418,0.45301075286865233,0.4,0.0,1.4,0.0
transgastric_short_axis,3,266,13.3008,0.371070829963596,-0.5617655926669389,1.493149236650467,0.4530107548964937,-0.007160568325472448,5.616532954510883e-06,0.0010162544244162715,2.0277780147777435e-06,0.04792490885841823,-0.04826485064304775,1.066226821856636,0.7282259280771923,0.2781284093856812,-0.23862501772409225,1.5133062955856322,-0.4809999755859375,0.4,0.0,1.4,0.0
transgastric_short_axis,3,267,13.3509,0.2781212468956197,-0.23862502278988654,1.5133070663556945,-0.4809999640472393,-0.00716249006146731,-5.0657947821108145e-06,0.0007707700622703775,1.1538699799688592e-05,0.06787921916095298,0.00015325318329002628,0.9719150919472614,0.5621350270703042,0.3731574058532715,-0.5406638125208222,1.5021673069953918,0.42590181097984314,0.4,0.0,1.4,0.0
transgastric_short_axis,3,268,13.4008,0.37315024534395147,-0.5406638078997,1.5021683260049814,0.42590181202905875,-0.007160509320040357,4.621122354190094e-06,0.001019009588046935,1.0491465436217728e-06,0.049757407593439225,-0.04673653807318362,1.0677360265144,0.6963253426567136,0.2857423305511475,-0.2501847389128794,1.5192972985267639,-0.45430767374038694,0.4,0.0,1.4,0.0
transgastric_short_axis,3,269,13.4509,0.2857351679474813,-0.25018474322323103,1.5192980510397325,-0.45430766236782844,-0.0071626036661613,-4.310352198384105e-06,0.0007525129690636242,1.137255805463205e-05,0.0680983521883038,-0.0015487997493522521,0.9791557021284167,0.5443127177034023,0.37253689765930176,-0.550748725032194,1.506302248764038,0.40976819772720335,0.4,0.0,1.4,0.0
transgastric_short_axis,3,270,13.5008,0.3725297371589808,-0.5507487209217573,1.506303266284152,0.4097681983339658,-0.007160500320853258,4.1104374378052054e-06,0.0010175201135368581,6.066923453285214e-07,0.0497641534485689,-0.04692546024908935,1.066854380883163,0.6951899954156777,0.2862132072448731,-0.22915223695046447,1.5185289955615997,-0.4404770968437195,0.4,0.0,1.4,0.0
transgastric_short_axis,3,271,13.5509,0.28620604465485183,-0.2291522411731674,1.5185297482647417,-0.440477085805223,-0.007162590021234896,-4.222704441763368e-06,0.0007527031420776688,1.1038494361286958e-05,0.06821781247954763,-0.0005882019631047912,0.9796885040559016,0.5230001704119646,0.37035546302795413,-0.5730981809595991,1.4990738717079162,0.42968228101730344,0.4,0.0,1.4,0.0
transgastric_short_axis,3,272,13.6008,0.37034830248226713,-0.5730981761278388,1.4990748868222452,0.42968228235014383,-0.007160545686848555,4.831760471665684e-06,0.0010151143272579914,1.332773284117144e-06,0.04809216055724143,-0.048389127269272844,1.0651365093513534,0.7237150265202512,0.28095622062683107,-0.21335478148303474,1.5133381287574768,-0.47867971186637875,0.4,0.0,1.4,0.0
transgastric_short_axis,3,273,13.6508,0.2809490581905249,-0.21335478651180834,1.5133389062093618,-0.47867970066850873,-0.007162436306215632,-5.028773851433309e-06,0.0007774518854876119,1.119786962039315e-05,0.06787511803358773,0.0017899904027757962,0.9747429571955963,0.5492479905889961,0.3719608783721924,-0.5602490320724012,1.4950568999290466,0.44972482051849366,0.4,0.0,1.4,0.0
transgastric_short_axis,3,274,13.7008,0.3719537178069604,-0.5602490266424821,1.4950579159087711,0.4497248223264805,-0.007160565231804248,5.429919172472198e-06,0.0010159797230118884,1.8079223331567321e-06,0.04810365396647611,-0.048136192384005405,1.0669870092198686,0.7252268534687637,0.2796147584915161,-0.23813666055919896,1.5139747921943665,-0.47735788621902464,0.4,0.0,1.4,0.0
transgastric_short_axis,3,275,13.7509,0.27960759599018203,-0.2381366655300695,1.5139755610074346,-0.47735787471878677,-0.007162501334007396,-4.9708705647421166e-06,0.0007688130675623175,1.1500238693990834e-05,0.06791192404737495,6.204228406865055e-05,0.9733607109580342,0.558627220493273,0.3732090473175049,-0.5433112027038212,1.5017471091270447,0.42866137247085573,0.4,0.0,1.4,0.0
transgastric_short_axis,3,276,13.801,0.3732018868212467,-0.54331119803624,1.5017481275195852,0.4286613736088656,-0.007160496258088598,4.667584426724033e-06,0.0010183925344540998,1.137438353823471e-06,0.04955222702849425,-0.046921703499150376,1.0678129400857717,0.7000060367307533,0.2844862937927246,-0.24830958222221938,1.5192508595466614,-0.4614785638332367,0.4,0.0,1.4,0.0
transgastric_short_axis,3,277,13.851,0.2844791311843332,-0.24830958661787506,1.519251615501056,-0.4614785523539569,-0.00716260839140036,-4.395657404238862e-06,0.0007559543920007298,1.1479294285398767e-05,0.06804890835001413,-0.0011756106186238914,0.9778970306780879,0.5497145841439738,0.3728549957275391,-0.5411825047550072,1.5062427020072937,0.4134747024536133,0.4,0.0,1.4,0.0
transgastric_short_axis,3,278,13.9011,0.37284783522847575,-0.5411825005776185,1.5062437202262222,0.41347470305238065,-0.00716049906350869,4.177389056656373e-06,0.0010182189284168106,5.986962295249589e-07,0.05010490712105688,-0.04652235267392049,1.0671731181471826,0.6898295420862941,0.2874616622924805,-0.2454313084562782,1.5191718383789061,-0.4287568719863892,0.4,0.0,1.4,0.0
transgastric_short_axis,3,279,13.9508,0.28745449964468184,-0.2454313125268488,1.5191725822940416,-0.42875686096237775,-0.007162647798670455,-4.070570200012904e-06,0.0007439151357105113,1.1024009597294e-05,0.06827827649156387,-0.002101968808748368,0.9809030786511153,0.5205166366330883,0.37061934471130376,-0.5876322369670843,1.503354871559143,0.4081089404582977,0.4,0.0,1.4,0.0
transgastric_short_axis,3,280,14.0009,0.3706121841810901,-0.5876322327436017,1.5033558852086264,0.4081089413582353,-0.007160530213730664,4.223482846955775e-06,0.0010136494824969523,8.998686479402666e-07,0.048037790207734146,-0.048689804203417925,1.0651357303665476,0.7234712376464146,0.27903332710266116,-0.19068774359563767,1.5127460317611694,-0.48668612909317016,0.4,0.0,1.4,0.0
transgastric_short_axis,3,281,14.0509,0.27902616475500214,-0.19068774875575586,1.5127468218001,-0.48668611815438995,-0.0071623476589506695,-5.160118481832662e-06,0.0007900389301543101,1.0938777163635876e-05,0.06773444348819661,0.003596675503981929,0.9728515691427364,0.5482442063256433,0.37009797096252445,-0.5707097623866643,1.4908464948177338,0.45545085911750793,0.4,0.0,1.4,0.0
transgastric_short_axis,3,282,14.1008,0.37009081038225744,-0.5707097565789714,1.4908475101087815,0.45545086138125424,-0.007160580266874566,5.807692674649692e-06,0.0010152910465750541,2.26368551278323e-06,0.04740828196090947,-0.04872945850224118,1.0653963298038787,0.7364054203384917,0.2751851558685303,-0.23121689419744043,1.5103413165092467,-0.48793810901641843,0.4,0.0,1.4,0.0
transgastric_short_axis,3,283,14.1509,0.2751779934270073,-0.23121689958638325,1.5103420946251553,-0.48793809752872147,-0.007162441523036271,-5.388943237707917e-06,0.0007781159074418486,1.1487698332646918e-05,0.0678043480273013,0.0008937872531172737,0.9691604381323617,0.5650670339397467,0.37268564701080326,-0.5418000668446613,1.5006421235561371,0.42677984476089476,0.4,0.0,1.4,0.0
transgastric_short_axis,3,284,14.2008,0.3726784865050985,-0.5418000621069029,1.5006431432765766,0.42677984599138163,-0.007160505704620952,4.737757774161366e-06,0.001019720438052979,1.2304191042746326e-06,0.04967292135729809,-0.046806833745764845,1.0673651254361556,0.6975412902701266,0.2853017330169678,-0.2462999775084024,1.5191866314411162,-0.4574648689985275,0.4,0.0,1.4,0.0
transgastric_short_axis,3,285,14.2509,0.28529457042786854,-0.24629998185572244,1.5191873862159904,-0.4574648576234057,-0.007162589099231635,-4.34732064440276e-06,0.000754774874022814,1.137512135824468e-05,0.06808055988109309,-0.00117608259454544,0.9787199388727494,0.5452529189549186,0.3724935054779053,-0.546630833002605,1.5053976249217986,0.4149120637893677,0.4,0.0,1.4,0.0
transgastric_short_axis,3,286,14.3008,0.3724863449742689,-0.5466308287588207,1.5053986428183324,0.4149120644811779,-0.00716050363636542,4.243784440777775e-06,0.0010178965332332376,6.917398139771088e-07,0.049806354299014303,-0.04682157733663831,1.0668668481128418,0.694854775706701,0.2863252878189087,-0.23878418321111652,1.5187782305717468,-0.44396928942203523,0.4,0.0,1.4,0.0
transgastric_short_axis,3,287,14.3509,0.2863181252164595,-0.2387841874546879,1.5187789820608009,-0.4439692782622491,-0.007162602449124458,-4.243570957438061e-06,0.0007514890534012546,1.1159785207030912e-05,0.06818519817760253,-0.0011257502930453233,0.9797812738476885,0.5302439282564191,0.37121238708496096,-0.567180595405551,1.5022165547847748,0.42016809496879576,0.4,0.0,1.4,0.0
transgastric_short_axis,3,288,14.4011,0.3712052265586825,-0.5671805909110014,1.502217570758809,0.42016809598804716,-0.00716052627860127,4.49455026565119e-06,0.0010159740327741573,1.0191830105244353e-06,0.04866858231258221,-0.047929302082940176,1.0657933677498663,0.7138015286770844,0.28155572414398194,-0.22105951457609416,1.5161486233234405,-0.47767612431049344,0.4,0.0,1.4,0.0
transgastric_short_axis,3,289,14.4511,0.28154856167274,-0.2210595193632793,1.5161493959857761,-0.47767611300258084,-0.007162471241836935,-4.787186475745291e-06,0.0007726623358831914,1.130791079746297e-05,0.06790595246222994,0.0012307363761527267,0.975157956990711,0.5518724539819285,0.3723711252212525,-0.5536884179507751,1.4974941973686218,0.44426018843650816,0.4,0.0,1.4,0.0
transgastric_short_axis,3,290,14.5008,0.37236396467024596,-0.5536884127662771,1.4974952141430293,0.4442601899783938,-0.0071605510065088345,5.1844982328144175e-06,0.0010167744063503304,1.5418201708150391e-06,0.04858950942133099,-0.04772256991904801,1.067241632071531,0.7170823119146228,0.28261654376983647,-0.24054193194840687,1.5157555772781373,-0.4690848193645477,0.4,0.0,1.4,0.0
transgastric_short_axis,3,291,14.551,0.28260938123450924,-0.24054193668683713,1.5157563405691947,-0.46908480791945584,-0.0071625353272253625,-4.738429076879221e-06,0.0007632910577246736,1.1445092338093158e-05,0.06798483973156239,-0.0003845775620796828,0.9762522529030837,0.5523414415757733,0.37322955131530766,-0.5451801800285143,1.5026951758861542,0.4270193425655365,0.4,0.0,1.4,0.0
transgastric_short_axis,3,292,14.6009,0.3732223907960969,-0.5451801754374628,1.5026961937489371,0.42701934354276805,-0.0071605192106165,4.591051428062659e-06,0.0010178627820634787,9.77161789236071e-07,0.049515614864290534,-0.046984111255158834,1.0677718531858442,0.7005929574402782,0.284401273727417,-0.2467357164358206,1.5191216543197632,-0.46199313769340516,0.4,0.0,1.4,0.0
transgastric_short_axis,3,293,14.651,0.2843941111480984,-0.24673572083285555,1.5191224109054744,-0.46199312626014977,-0.007162579318517982,-4.397035656379795e-06,0.0007565857112998618,1.14332548726189e-05,0.06804641352986265,-0.001050808554733153,0.9778201560587361,0.5494279160760822,0.37283234596252446,-0.5421309438041577,1.5056899283409118,0.4155700741767883,0.4,0.0,1.4,0.0
transgastric_short_axis,3,294,14.7009,0.37282518546036003,-0.5421309395641642,1.5056909465025141,0.4155700748331803,-0.007160502164478987,4.2399933362324475e-06,0.001018161601234484,6.563219642023621e-07,0.049998820982528884,-0.04661090821987884,1.067185532641956,0.6917466945692186,0.287023401260376,-0.2456777340808946,1.519106674003601,-0.43583207530975343,0.4,0.0,1.4,0.0
transgastric_short_axis,3,295,14.7509,0.28701623862688336,-0.24567773822463557,1.51910742055035,-0.43583206419285503,-0.00716263349265164,-4.143741516446729e-06,0.0007465467494206467,1.1116896982390504e-05,0.0682317283000491,-0.0018754411660768392,0.9804638065630438,0.526553935700753,0.37110691070556645,-0.5777461876877359,1.5038248789787292,0.40998391427993774,0.4,0.0,1.4,0.0
transgastric_short_axis,3,296,14.8009,0.37109975018308367,-0.5777461834543554,1.503825893854411,0.4099839151399225,-0.007160522482681301,4.23338102196828e-06,0.0010148756809075087,8.599153036094175e-07,0.048463860916461765,-0.04824990077909883,1.0655900713126225,0.7165839126324847,0.2802621841430664,-0.2048991617982491,1.5149256677627563,-0.48275679216384887,0.4,0.0,1.4,0.0
transgastric_short_axis,3,297,14.8508,0.28025502173361855,-0.20489916673576766,1.5149264491561887,-0.4827567810260417,-0.007162409447898772,-4.9375186428583606e-06,0.0007813934322933695,1.1137805123883336e-05,0.06782461111358501,0.0024999203222621042,0.9739405215607353,0.5500770188721791,0.3712938785552979,-0.5609926157770757,1.4939000450134277,0.451985350227356,0.4,0.0,1.4,0.0
transgastric_short_axis,3,298,14.9009,0.3712867179878584,-0.5609926102300663,1.4939010611593355,0.45198535216713065,-0.00716056743940313,5.547009017861872e-06,0.0010161459061095077,1.9397117562488567e-06,0.04799588802708027,-0.0482108370363385,1.0663940908622807,0.7270800018960405,0.2786429882049561,-0.23898585524585197,1.5135897980690003,-0.4796390138626099,0.4,0.0,1.4,0.0
transgastric_short_axis,3,299,14.9508,0.27863582570935796,-0.2389858602735004,1.513590567933595,-0.4796390023312733,-0.0071624955980341245,-5.027647656487755e-06,0.0007698645943059877,1.1531337448590028e-05,0.06789166181980383,8.226111329739764e-05,0.972412240701028,0.5610703110063215,0.37319412231445315,-0.5414470939704957,1.5021418404579163,0.4266311651229858,0.4,0.0,1.4,0.0
transgastric_short_axis,3,300,15.0008,0.3731869618026695,-0.5414470893392365,1.5021428592603785,0.42663116617264496,-0.00716051178382597,4.63125908522556e-06,0.0010188024614290329,1.0495911056211732e-06,0.04969968154602174,-0.046789929133075496,1.0677737179458617,0.6973745085813068,0.28542840480804443,-0.2489857546618013,1.519319019985199,-0.456431320810318,0.4,0.0,1.4,0.0
transgastric_short_axis,3,301,15.051,0.2854212421866788,-0.24898575900369946,1.5193197736664557,-0.4564313093845095,-0.0071626213656188886,-4.341900164560863e-06,0.0007536812550163731,1.1425820509171643e-05,0.06808504284198015,-0.0013944285021655553,0.9788386528817294,0.54560878704706,0.3725883007049561,-0.5477487364820577,1.506123795747757,0.41157838168144223,0.4,0.0,1.4,0.0
transgastric_short_axis,3,302,15.101,0.3725811402254896,-0.5477487323410097,1.5061248134391683,0.41157838233209976,-0.007160479466385044,4.141050454637515e-06,0.0010176914065948362,6.500686055707294e-07,0.04985224688504992,-0.04681200053267696,1.0669160989771167,0.6938585651868281,0.2865376710891724,-0.23474793371369526,1.5187231779098511,-0.4383435253143311,0.4,0.0,1.4,0.0
transgastric_short_axis,3,303,15.1512,0.2865305084575363,-0.2347479379190665,1.5187239282530216,-0.4383435142099465,-0.007162631636019776,-4.205375417785521e-06,0.0007503431682829681,1.110437697591663e-05,0.06822924435576994,-0.00104318043044614,0.9800016950603845,0.5236624174579586,0.37058866024017334,-0.5755869674161161,1.5006471794128418,0.42311434864997866,0.4,0.0,1.4,0.0
transgastric_short_axis,3,304,15.2009,0.3705814997012291,-0.5755869627883767,1.5006481943039587,0.42311434981869667,-0.007160538944180785,4.627740220154352e-06,0.0010148911168026647,1.1686503768305576e-06,0.04817131688555733,-0.04838877789763227,1.0652715089637457,0.7220260465737527,0.2806242465972901,-0.20935560818141444,1.5136721898078918,-0.480314626121521,0.4,0.0,1.4,0.0
transgastric_short_axis,3,305,15.2512,0.2806170841745763,-0.20935561319886475,1.5136729692194866,-0.48031461495856237,-0.007162422713871974,-5.017451629438907e-06,0.0007794115949251068,1.1162956818743857e-05,0.06785342433159383,0.002116294866607444,0.9743874419929026,0.549277458706271,0.3716622352600098,-0.5615618664600802,1.4944022601127624,0.45131910066604614,0.4,0.0,1.4,0.0
transgastric_short_axis,3,306,15.3009,0.3716550747106345,-0.5615618609824886,1.4944032758591366,0.4513191026105421,-0.007160549375139803,5.477593946792396e-06,0.0010157463671948987,1.9439631693440055e-06,0.04799036187988378,-0.04822715775877953,1.066729932419118,0.7271561519879323,0.2788073301315308,-0.23815688393872675,1.513566204071045,-0.4794100022792816,0.4,0.0,1.4,0.0
transgastric_short_axis,3,307,15.351,0.2788001676132249,-0.23815688897282009,1.5135669741249895,-0.4794099907401777,-0.00716251830592667,-5.034095458975988e-06,0.00077005394203198,1.1539126954495321e-05,0.06789339374279074,0.00013078071576343164,0.9725783499836078,0.5604814894081676,0.3731742858886719,-0.5420648433136641,1.5018536566257477,0.42768465585708615,0.4,0.0,1.4,0.0
transgastric_short_axis,3,308,15.4012,0.3731671253956694,-0.5420648386646092,1.5018546752871895,0.4276846569864432,-0.00716049300258952,4.649058091820595e-06,0.001018661436545525,1.1287857198407214e-06,0.049639264869698024,-0.046840824958599744,1.067772052443661,0.6984574669766879,0.2850366115570069,-0.24858409587395772,1.519312466096878,-0.4586300567150116,0.4,0.0,1.4,0.0
transgastric_short_axis,3,309,15.4511,0.2850294489413562,-0.24858410023729283,1.51931322077409,-0.45863004526681317,-0.007162615650710486,-4.363338476668824e-06,0.0007546772105956233,1.1448212657465387e-05,0.06806965649256506,-0.0012918050567008064,0.9784455449460885,0.547347645993329,0.37268972396850586,-0.5445549405447802,1.5061752905845642,0.41248525257110596,0.4,0.0,1.4,0.0
transgastric_short_axis,3,310,15.5013,0.37268256348993234,-0.5445549363904578,1.5061763085134716,0.41248525321245033,-0.007160478573698918,4.154324289558517e-06,0.001017928902748995,6.407551999404138e-07,0.049975774663623185,-0.046670965931843014,1.0670132544882756,0.6918842487670783,0.28699066638946535,-0.2399077042959937,1.5189433885574342,-0.43364532365798947,0.4,0.0,1.4,0.0
transgastric_short_axis,3,311,15.5511,0.2869835037371727,-0.2399077084420541,1.5189441357044604,-0.4336453125696812,-0.007162652292575335,-4.146063095610749e-06,0.0007471470240753001,1.1088301586314954e-05,0.06825564148703522,-0.0015566570146766804,0.9804436235032279,0.5220386973487511,0.3706065177917481,-0.5816202756419065,1.501947845363617,0.41601330428123473,0.4,0.0,1.4,0.0
transgastric_short_axis,3,312,15.6011,0.3705993572768973,-0.5816202712210585,1.5019488595295094,0.41601330535381376,-0.007160514850796745,4.420849956951094e-06,0.0010141658872294531,1.0720074716493877e-06,0.04809264173958218,-0.048547679484510706,1.0652095094383485,0.7229157474274318,0.27985715866088867,-0.20021239359268395,1.513141886615753,-0.4833237971305847,0.4,0.0,1.4,0.0
transgastric_short_axis,3,313,15.651,0.27984999624998474,-0.2002123986963381,1.5131426711697609,-0.4833237860407652,-0.007162410903894282,-5.103656148684239e-06,0.0007845540062185476,1.1089811280689961e-05,0.06780008093422332,0.002838151904747399,0.9736525049683602,0.5485655605167701,0.37101068496704104,-0.5642556955145873,1.4923308568954468,0.45434512453079223,0.4,0.0,1.4,0.0
transgastric_short_axis,3,314,15.7009,0.3710035244132123,-0.5642556898452794,1.492331872774118,0.4543451267191463,-0.007160553828461517,5.669310571111194e-06,0.0010158786643900462,2.1878324827408526e-06,0.047761304279770246,-0.04840633158817857,1.0662120763680152,0.7308761509466842,0.2771604061126709,-0.2370284942624818,1.512353172969818,-0.4831204393386841,0.4,0.0,1.4,0.0
transgastric_short_axis,3,315,15.7511,0.27715324361207433,-0.23702849943614873,1.5123539458420394,-0.48312042778842157,-0.007162500596465544,-5.173670018149342e-06,0.0007728722188948571,1.1550288017083463e-05,0.06785739718988525,0.00033446538367882216,0.9710079065658275,0.563296184961988,0.3730642795562744,-0.5403112141536849,1.5018098392009736,0.42564414954185487,0.4,0.0,1.4,0.0
transgastric_short_axis,3,316,15.801,0.3730571190495313,-0.540311209510339,1.501810858530492,0.42564415063549976,-0.0071605067430595805,4.643346105957954e-06,0.0010193295168373913,1.0935764759537052e-06,0.04977988564609774,-0.04671301374692363,1.0676670054421684,0.6958451809428362,0.28587882518768315,-0.2500575937767741,1.5192656526088715,-0.45352083263397214,0.4,0.0,1.4,0.0
transgastric_short_axis,3,317,15.8512,0.2858716625581931,-0.2500575980952783,1.5192664049036235,-0.45352082123409265,-0.007162629490075213,-4.318506608138155e-06,0.0007522947506900293,1.1399891001070725e-05,0.06810400341070805,-0.0015670797815219217,0.9792949188380662,0.5435620391490668,0.3724853992462158,-0.5519488328043569,1.5061981355667113,0.40976744871139525,0.4,0.0,1.4,0.0
transgastric_short_axis,3,318,15.9011,0.3724782387661704,-0.5519488286980208,1.5061991529238945,0.409767449359669,-0.007160480045252985,4.1063390791346e-06,0.0010173571787625564,6.476840571367906e-07,0.04970743979576595,-0.04698489750153885,1.0668098548797094,0.6961268415159774,0.28600430488586426,-0.22747294743560137,1.518437802886963,-0.4430593288421631,0.4,0.0,1.4,0.0
transgastric_short_axis,3,319,15.9511,0.2859971422807772,-0.22747295170516144,1.5184385572022912,-0.44305931774605145,-0.007162605087077397,-4.2695615553464705e-06,0.000754315327139228,1.1096102091082058e-05,0.06819922627948137,-0.00038527316247003243,0.9794836499352784,0.524471015595109,0.3703956604003906,-0.5697852917873245,1.4987611576080322,0.431994305562973,0.4,0.0,1.4,0.0
transgastric_short_axis,3,320,16.0011,0.3703884998752418,-0.5697852869112171,1.498762173047857,0.4319943069828298,-0.00716052514889682,4.876110041624584e-06,0.00101543981921305,1.4192968293245563e-06,0.04818289464607459,-0.04827245504860207,1.0651951155334975,0.7224300396653276,0.2812694311141968,-0.21754551512962664,1.5137841676712036,-0.4767362967252731,0.4,0.0,1.4,0.0
transgastric_short_axis,3,321,16.0511,0.28126226863586606,-0.21754552011191008,1.5137849425936976,-0.4767362854555871,-0.007162478330606965,-4.982285081859876e-06,0.0007749224913852573,1.1269691132442407e-05,0.06790111685733692,0.001439445583498301,0.9750285298907935,0.5492260019348181,0.37222273349761964,-0.5586128108657917,1.495960400247574,0.4475856313705444,0.4,0.0,1.4,0.0
transgastric_short_axis,3,322,16.1012,0.3722155729567456,-0.5586128055504854,1.4959614163274795,0.4475856331411121,-0.007160540873908455,5.315309316747758e-06,0.0010160798983244875,1.770025082743386e-06,0.04824940189988518,-0.04801977317647736,1.0671913619804296,0.7227459673557595,0.2806341409683228,-0.23810744901099218,1.514496481704712,-0.4747278108358383,0.4,0.0,1.4,0.0
transgastric_short_axis,3,323,16.1511,0.2806269784338811,-0.23810745391929752,1.5144972490457516,-0.47472779933654075,-0.007162534441698307,-4.908307676686667e-06,0.0007673410370917313,1.1499317671560812e-05,0.06793544773994178,-2.587701256074812e-05,0.9743480452351534,0.5562563989669829,0.37325162887573243,-0.5445953873038357,1.5017512287139891,0.4293508415222168,0.4,0.0,1.4,0.0
transgastric_short_axis,3,324,16.2013,0.37324446837633735,-0.5445953826292593,1.5017522468015496,0.4293508426554844,-0.007160499395269317,4.6745786698754345e-06,0.0010180875544816865,1.1326958406122315e-06,0.049472012098827664,-0.04699889092844257,1.0678545544861344,0.7014240194573552,0.28416492938995364,-0.24762479612098676,1.5190890721321106,-0.4630975615024567,0.4,0.0,1.4,0.0
transgastric_short_axis,3,325,16.251,0.28415776678727894,-0.2476248005450119,1.519089829025897,-0.46309755001078284,-0.0071626026746856,-4.424027236867068e-06,0.0007568937839453469,1.1491688658581368e-05,0.06803712256867836,-0.0010735195845215737,0.977585078545198,0.550798686494507,0.37295773029327395,-0.5408310299089548,1.50598822388649,0.4148601944446564,0.4,0.0,1.4,0.0
transgastric_short_axis,3,326,16.3009,0.37295056981363717,-0.5408310257059139,1.5059892420335146,0.41486019510075867,-0.007160479636887757,4.203043183321845e-06,0.0010181470192662224,6.555157264908933e-07,0.05008076030392388,-0.046532202062033276,1.067291616157813,0.6903423577801063,0.28735141754150395,-0.24700835755241746,1.5191958068847655,-0.43128086800575255,0.4,0.0,1.4,0.0
transgastric_short_axis,3,327,16.3509,0.28734425489616555,-0.24700836164653706,1.519196551394101,-0.43128085693729645,-0.0071626453384295435,-4.094119571795064e-06,0.0007445093359194831,1.1068454032818778e-05,0.06825892730361048,-0.0021228119204374056,0.9807893368477265,0.5233693180279314,0.37088472843170167,-0.5838774295014248,1.503971686077118,0.4070258635997772,0.4,0.0,1.4,0.0
transgastric_short_axis,3,328,16.4009,0.3708775679071583,-0.583877425326661,1.5039727002575987,0.4070258644453224,-0.0071605245433209435,4.174764735912656e-06,0.0010141804798522456,8.454753782306687e-07,0.04825428315155528,-0.04848984761329917,1.0653608066318085,0.7198898114179775,0.279463267326355,-0.19574677178732547,1.513872926044464,-0.4855232820510864,0.4,0.0,1.4,0.0
transgastric_short_axis,3,329,16.4511,0.279456104955409,-0.19574677684074687,1.5138737128503141,-0.4855232710307242,-0.007162370946041248,-5.053423207830333e-06,0.0007868058506249263,1.1020358975264302e-05,0.06776758168611906,0.0032141401617397578,0.9732084131525816,0.5491335907288429,0.37055759429931645,-0.5659641965776573,1.4919335040092467,0.45434737157821653,0.4,0.0,1.4,0.0
transgastric_short_axis,3,330,16.5011,0.37055043372563395,-0.5659641908587113,1.491934519884432,0.4543473737342181,-0.007160573682550555,5.718946723412348e-06,0.0010158751851164105,2.155939586722648e-06,0.047676714076182125,-0.04848678973042991,1.0657853050938355,0.7321654418597386,0.2766796350479126,-0.23523441834344708,1.511889906692505,-0.4843831863641739,0.4,0.0,1.4,0.0
transgastric_short_axis,3,331,16.5511,0.2766724725682908,-0.23523442355228935,1.5118906809499784,-0.4843831748765086,-0.007162479621752595,-5.2088454347358364e-06,0.0007742574699361664,1.1487803909532575e-05,0.0678441083596368,0.0004994540365222105,0.9705564465593135,0.5636412845359121,0.3729714393615723,-0.5405269302019814,1.5014010638236999,0.42638324089050295,0.4,0.0,1.4,0.0
transgastric_short_axis,3,332,16.6011,0.372964278880628,-0.5405269255459885,1.501402083192338,0.4263832421078533,-0.007160480944443068,4.655995074760254e-06,0.001019368632141832,1.2166899330710342e-06,0.0497469216663745,-0.04673748866885526,1.0676006963322275,0.696408887854537,0.2856802463531494,-0.24913218690986363,1.51928306722641,-0.45490501384735105,0.4,0.0,1.4,0.0
transgastric_short_axis,3,333,16.6511,0.2856730837527215,-0.24913219122644248,1.5192838202288703,-0.4549050024771049,-0.007162600427922422,-4.316578045467314e-06,0.0007530024593677783,1.1370246585085375e-05,0.06809564360127883,-0.0014566457045677352,0.9790940917415791,0.5443387580643043,0.3725106477737427,-0.550009822665373,1.5060410295009612,0.411114928150177,0.4,0.0,1.4,0.0
transgastric_short_axis,3,334,16.7009,0.3725034872976571,-0.5500098185370671,1.5060420470117322,0.41111492883606005,-0.0071604760855589755,4.128308399567784e-06,0.001017510766010523,6.852254219880661e-07,0.04975925652229932,-0.04691512127713013,1.0668444058573199,0.6953612436311681,0.2861958026885987,-0.23122925292937407,1.5185615777492523,-0.442100026845932,0.4,0.0,1.4,0.0
transgastric_short_axis,3,335,16.7512,0.2861886400730405,-0.23122925717706794,1.5185623305913225,-0.4421000157421857,-0.007162615558143315,-4.247698728995278e-06,0.0007528420679177251,1.1103738242462999e-05,0.06820474190215646,-0.0006743697058956746,0.9796676639150439,0.5252898677659502,0.370604419708252,-0.5705545292234371,1.4997989190101624,0.4279220938682556,0.4,0.0,1.4,0.0
transgastric_short_axis,3,336,16.8011,0.37059725916788033,-0.5705545244623149,1.4997999344922697,0.4279220951305298,-0.007160540371735253,4.761122920015646e-06,0.001015482106158593,1.2622067600372185e-06,0.048269761342543724,-0.04823515239076945,1.0653389598185212,0.720745678432013,0.2812161684036255,-0.21669407340080388,1.5142238399505614,-0.47786506354808805,0.4,0.0,1.4,0.0
transgastric_short_axis,3,337,16.8511,0.2812090059525798,-0.21669407834830473,1.5142246153442747,-0.4778650523063789,-0.0071624510456711294,-4.947501881502959e-06,0.0007753937129325911,1.1241708646250902e-05,0.06789132635177295,0.0015350708660066478,0.9749452287325735,0.549972630977507,0.372153377532959,-0.5579718420868693,1.495990922641754,0.4476346919059753,0.4,0.0,1.4,0.0
transgastric_short_axis,3,338,16.9009,0.372146216972984,-0.5579718367518341,1.4959919388995502,0.44763469361202546,-0.007160559975035638,5.3350353083819275e-06,0.0010162577943197818,1.7059850887552116e-06,0.04827885167894548,-0.04798983813152999,1.0671199247899985,0.7222878062766659,0.280736255645752,-0.23881845060420528,1.514618571281433,-0.47432961530685425,0.4,0.0,1.4,0.0
transgastric_short_axis,3,339,16.9508,0.28072909313236166,-0.23881845548994976,1.5146193381197381,-0.4743296038271299,-0.007162513390309544,-4.885744180890344e-06,0.0007668383050747578,1.1479725122113348e-05,0.0679390980471464,-8.783564201303266e-05,0.9744424585991771,0.5562247474226968,0.3732789039611817,-0.5443066423850224,1.5020236832141876,0.42849190764427186,0.4,0.0,1.4,0.0
transgastric_short_axis,3,340,17.0008,0.37327174346810293,-0.5443066377532364,1.5020247012991845,0.4284919087828758,-0.007160493078779365,4.6317875214049014e-06,0.0010180849911556702,1.1379471424983432e-06,0.04951148085719159,-0.046968323718452124,1.0678645256443502,0.7007128307424147,0.28428173065185547,-0.24774669815869593,1.519191312789917,-0.46257905530929566,0.4,0.0,1.4,0.0
transgastric_short_axis,3,341,17.0509,0.2842745680716225,-0.247746702556342,1.519192069324789,-0.4625790438600292,-0.0071625802328733204,-4.397647138893704e-06,0.0007565348714735412,1.14492664049734e-05,0.06804119349534372,-0.0010996261445730994,0.97769552898748,0.5504152300136091,0.3729189157485962,-0.540968473988338,1.5060517029762268,0.41449636001586915,0.4,0.0,1.4,0.0
transgastric_short_axis,3,342,17.1011,0.3729117552482696,-0.5409684697846442,1.5060527211937291,0.4144963606336418,-0.007160500326744365,4.20369437478556e-06,0.001018217501035735,6.177020627318836e-07,0.05008499100588211,-0.04653187256427573,1.0672488873803494,0.6902427623351063,0.287373685836792,-0.24653928749948126,1.519184571647644,-0.43071835713386536,0.4,0.0,1.4,0.0
transgastric_short_axis,3,343,17.1509,0.2873665231662128,-0.24653929160337262,1.5191853161020727,-0.4307183460341959,-0.007162670579177952,-4.103893608535031e-06,0.0007444544269475931,1.1099665961703504e-05,0.06826347846717636,-0.002110135263305734,0.9808127767587798,0.5226771045231888,0.3708188533782959,-0.584736923131356,1.5037982889175414,0.4074095469474792,0.4,0.0,1.4,0.0
transgastric_short_axis,3,344,17.2009,0.3708116928727403,-0.5847369189514295,1.5037993029051107,0.40740954784063454,-0.007160505555636101,4.179928723361947e-06,0.0010139875640560758,8.925753869693106e-07,0.0482007081970355,-0.04853822723075437,1.0653061914811346,0.7207815595678506,0.27936336994171146,-0.1946110792240288,1.5135901725769043,-0.485740590262413,0.4,0.0,1.4,0.0
transgastric_short_axis,3,345,17.2513,0.27935620755179386,-0.19461108431608248,1.513590960152591,-0.4857405792245337,-0.007162389917577487,-5.092057150277643e-06,0.0007875756840830674,1.1037866293244453e-05,0.0677606675626519,0.0032985917214616535,0.9731269293466172,0.5488854300568928,0.37045595645904544,-0.5671171164642554,1.491679587650299,0.4546286270141601,0.4,0.0,1.4,0.0
transgastric_short_axis,3,346,17.3012,0.3704487959023525,-0.5671171107480363,1.4916806033068486,0.45462862926785963,-0.007160556692912261,5.716221299780029e-06,0.001015656541404689,2.253184655459877e-06,0.04761127312085629,-0.04854615549342407,1.0657001456640778,0.7332036651159771,0.27631640434265137,-0.23428260873104195,1.5115168968200683,-0.4852461462020874,0.4,0.0,1.4,0.0
transgastric_short_axis,3,347,17.351,0.276309241881547,-0.23428261399171493,1.5115176719828236,-0.48524613468792965,-0.007162461104289625,-5.260672305370258e-06,0.0007751627550255479,1.1514158626849027e-05,0.06783472459776815,0.0005936207457001713,0.9702169488105812,0.563992685463875,0.37290425300598146,-0.5408276593457001,1.5012224235534668,0.4264733100414276,0.4,0.0,1.4,0.0
transgastric_short_axis,3,348,17.401,0.3728970924993933,-0.5408276546509958,1.5012234430702147,0.4264733112033863,-0.0071605065880859225,4.6947052051937065e-06,0.0010195167476513695,1.1618907676183937e-06,0.04972956035607663,-0.04675381074698774,1.0675453354993254,0.6966740918292087,0.285599422454834,-0.24830902046167694,1.5192665888786316,-0.45553062930107113,0.4,0.0,1.4,0.0
transgastric_short_axis,3,349,17.451,0.2855922598573421,-0.24830902478508943,1.5192673423353895,-0.4555306179307915,-0.007162597491894704,-4.3234103070973954e-06,0.0007534567578278807,1.1370279159118555e-05,0.06809227899845632,-0.0013791509516490894,0.9790138653452232,0.5444991695259304,0.3724990367889405,-0.54919901494912,1.505847596168518,0.4121972559928894,0.4,0.0,1.4,0.0
transgastric_short_axis,3,350,17.501,0.3724918762867981,-0.5491990107747409,1.505848613834126,0.41219725664249207,-0.007160502142395806,4.174378719934769e-06,0.00101766560708958,6.49531613691118e-07,0.04976553855059362,-0.046896037619009213,1.0668447600256823,0.6953321204578264,0.28621912002563477,-0.23319841088413548,1.5186031481266022,-0.44294192061424253,0.4,0.0,1.4,0.0
transgastric_short_axis,3,351,17.5511,0.2862119574078034,-0.23319841514281955,1.5186039007718826,-0.4429419094704075,-0.007162617831301024,-4.258684951470135e-06,0.000752645278851872,1.1143828697158246e-05,0.06819731608678851,-0.0007798885244325367,0.979687556725185,0.5268715592112404,0.3707889556884766,-0.5692003118091318,1.5004516862869262,0.42603045444488524,0.4,0.0,1.4,0.0
transgastric_short_axis,3,352,17.6009,0.37078179515216236,-0.5692003071170814,1.5004527019619633,0.42603045564171893,-0.007160536314335807,4.692050552424497e-06,0.0010156750364059058,1.1967656007420342e-06,0.04839315047464708,-0.0481353796892506,1.0654818981744387,0.7186343907596265,0.28135707378387453,-0.21851436481181905,1.5148327898025513,-0.47761348786354063,0.4,0.0,1.4,0.0
transgastric_short_axis,3,353,17.6509,0.28134991132479736,-0.2185143697067249,1.5148335640941877,-0.4776134765965846,-0.007162459077235627,-4.894905822765444e-06,0.0007742916366611617,1.126695500781889e-05,0.06789846812325079,0.0014024862510170957,0.9750461853452488,0.5505703894873124,0.372252368927002,-0.5564608934812236,1.496550624704361,0.446368293428421,0.4,0.0,1.4,0.0
transgastric_short_axis,3,354,17.7009,0.3722452083703363,-0.5564608882027036,1.4965516411483257,0.44636829507351106,-0.00716055666566405,5.278520302508543e-06,0.0010164439643712273,1.6450252170079602e-06,0.0483909968847285,-0.04789445445734033,1.067183191709905,0.7204067759349685,0.2814353942871094,-0.23934931431680975,1.5150286574363707,-0.47240951328277586,0.4,0.0,1.4,0.0
transgastric_short_axis,3,355,17.751,0.28142823176589177,-0.23934931914883098,1.5150294230011232,-0.4724095018160723,-0.007162521217580309,-4.832021712370157e-06,0.000765564751568579,1.1466704562624531e-05,0.06795605340116875,-0.00018962215477855496,0.9751162260052444,0.5547520764821462,0.3733250141143799,-0.5448625980685223,1.5022369654655456,0.4282333099365234,0.4,0.0,1.4,0.0
transgastric_short_axis,3,356,17.8009,0.3733178535944941,-0.5448625934284687,1.5022379834560304,0.4282333109666574,-0.007160519885861011,4.640053780621011e-06,0.0010179904839338453,1.0300653728147579e-06,0.04949367220795168,-0.04699125261224087,1.0678966720350442,0.7010160886434941,0.28420817852020264,-0.2473684460601206,1.5191557345390319,-0.46299232478141783,0.4,0.0,1.4,0.0
transgastric_short_axis,3,357,17.8511,0.28420101594178776,-0.24736845046445433,1.5191564913607483,-0.4629923133309154,-0.007162578414793094,-4.404333163516854e-06,0.0007568217164511322,1.1450502188935212e-05,0.06803840301826201,-0.001059731519654268,0.9776239999860246,0.5506003147756237,0.37293620109558107,-0.541020904972299,1.5059208124637604,0.41508508644104003,0.4,0.0,1.4,0.0
transgastric_short_axis,3,358,17.9011,0.37292904059446286,-0.5410209007523002,1.5059218306738265,0.41508508707222,-0.007160501118315725,4.219999086121159e-06,0.001018210065958632,6.311089397258133e-07,0.05006524894838892,-0.046546103057706484,1.0672743903685236,0.6906167646509993,0.28728575706481935,-0.24691154748560387,1.519183822631836,-0.4322398891210556,0.4,0.0,1.4,0.0
transgastric_short_axis,3,359,17.9511,0.28727859442162706,-0.24691155158976252,1.519184567524527,-0.4322398780408416,-0.00716264319226193,-4.104158597096395e-06,0.0007448926911538805,1.1080212425990683e-05,0.06825294127902191,-0.002083204326422815,0.9807237511407383,0.5241256556292567,0.3709429264068604,-0.582559539268864,1.5039960290908814,0.4074374477863312,0.4,0.0,1.4,0.0
transgastric_short_axis,3,360,18.0011,0.37093576588310184,-0.5825595350881442,1.503997043428666,0.4074374486298833,-0.007160523758692676,4.180720159379827e-06,0.001014337784195782,8.43482742535733e-07,0.04830620559270302,-0.04843418534299465,1.0654169929963737,0.7190556315159831,0.279603385925293,-0.1976475822094235,1.514106618976593,-0.48483175320625305,0.4,0.0,1.4,0.0
transgastric_short_axis,3,361,18.0509,0.2795962235458969,-0.19764758723608591,1.5141074045826972,-0.48483174216036273,-0.007162379396126001,-5.026661807418991e-06,0.0007856061038281107,1.1045887826637437e-05,0.06778127273609018,0.0030619429449556144,0.9733337829912361,0.5492212269309222,0.37072837352752686,-0.5646193418390593,1.4922797365665434,0.4540230477333069,0.4,0.0,1.4,0.0
transgastric_short_axis,3,362,18.1008,0.3707212129554757,-0.5646193361482049,1.492280752571875,0.454023049853693,-0.007160572051060737,5.690854848643273e-06,0.0010160053308262095,2.120324576824219e-06,0.04775305894109302,-0.04841763470250795,1.0659335392611102,0.7309616332044514,0.27711451053619385,-0.23638752548355935,1.5123288299560547,-0.4833520724773407,0.4,0.0,1.4,0.0
transgastric_short_axis,3,363,18.1509,0.2771073480616593,-0.23638753065586862,1.5123296030903814,-0.4833520609486217,-0.007162474534432172,-5.172311841430384e-06,0.0007731343258545806,1.1528720654380868e-05,0.06785510289032483,0.00038584167699209394,0.9709633966685218,0.5632307014925058,0.3730388402938843,-0.5404054026713004,1.5016521713733673,0.4261551655769348,0.4,0.0,1.4,0.0
transgastric_short_axis,3,364,18.2008,0.37303167978654495,-0.5404053980102255,1.5016531907137178,0.4261551666880772,-0.007160507339197351,4.661075108913914e-06,0.0010193403503555934,1.111074135145083e-06,0.04976016068296168,-0.046727502091047556,1.0676515748918878,0.6962089354288323,0.2857510328292847,-0.24974338238003682,1.5192883103370667,-0.4543621646404266,0.4,0.0,1.4,0.0
transgastric_short_axis,3,365,18.251,0.28574387022655234,-0.24974338669131413,1.5192890629774682,-0.45436215327129725,-0.007162602732343604,-4.3112790933957135e-06,0.0007526404014653308,1.1369128791747892e-05,0.06809861292032221,-0.0015168691873557044,0.9791649599020167,0.5441516969175291,0.37251479625701905,-0.5507305614413217,1.5061771631240843,0.41029438133239743,0.4,0.0,1.4,0.0
transgastric_short_axis,3,366,18.3009,0.37250763575610274,-0.5507305573158157,1.5061781806514976,0.41029438195139534,-0.007160500916523911,4.125505981339771e-06,0.0010175274130698074,6.189268180747475e-07,0.04974946279519009,-0.04693483169578428,1.0668401814872277,0.6954676575948356,0.28615937232971195,-0.22958554158219877,1.5185213181495667,-0.44169293675422666,0.4,0.0,1.4,0.0
transgastric_short_axis,3,367,18.3509,0.28615220974158667,-0.2295855458177266,1.518522071236771,-0.4416929256984082,-0.007162588125318793,-4.2355296739280355e-06,0.000753087203878044,1.1055816135440501e-05,0.0682086160379016,-0.0005761543674110544,0.9796342330995582,0.5242241545154334,0.37046849727630615,-0.5712552318733722,1.4992686158180237,0.4295669325828552,0.4,0.0,1.4,0.0
transgastric_short_axis,3,368,18.401,0.3704613367328624,-0.5712552270536403,1.4992696311894065,0.42956693389900735,-0.007160543443771362,4.8197324232059825e-06,0.0010153713814242283,1.3160847446236997e-06,0.048185436373752576,-0.04829873659536495,1.0652366846285228,0.7222099953888692,0.28114027976989747,-0.21571155421207877,1.5138025185585022,-0.4778675914764404,0.4,0.0,1.4,0.0
transgastric_short_axis,3,369,18.4511,0.281133117323286,-0.2157115591942194,1.513803294547305,-0.47786758025039294,-0.007162446611517491,-4.98214106878295e-06,0.0007759888021621219,1.1226046591797088e-05,0.06788821909426077,0.0016021982722234157,0.974897133480418,0.549517448923569,0.37210247516632083,-0.5589581063458773,1.4956497459411622,0.4483823969364166,0.4,0.0,1.4,0.0
transgastric_short_axis,3,370,18.5011,0.3720953146042437,-0.5589581009767471,1.4956507620709942,0.44838239867942065,-0.0071605620770220195,5.369130719780514e-06,0.0010161298311918482,1.7429392166804705e-06,0.04820796374207558,-0.04805053130785157,1.0670908134413484,0.723469884545888,0.2803046226501465,-0.23840199878874413,1.514355666732788,-0.47552710433006284,0.4,0.0,1.4,0.0
transgastric_short_axis,3,371,18.5511,0.28029746014186696,-0.2384020037086926,1.5143564343963618,-0.47552709284371064,-0.0071625082795118335,-4.919948651647116e-06,0.0007676635746068486,1.1486352689539325e-05,0.06792838638166061,-1.8573212870406225e-05,0.9740271043280964,0.5571064741474899,0.373247241973877,-0.544014152395926,1.5018583379745483,0.42876042981147766,0.4,0.0,1.4,0.0
transgastric_short_axis,3,372,18.6025,0.37324008145537135,-0.5440141477206999,1.501859356249331,0.4287604308868227,-0.0071605185056917795,4.6752262311825344e-06,0.001018274781309449,1.0752761349481748e-06,0.04951680739359899,-0.04695874373569438,1.0678436193719778,0.700627091761785,0.28428728580474855,-0.24799050223411426,1.5192111617088317,-0.46252643694877627,0.4,0.0,1.4,0.0
transgastric_short_axis,3,373,18.6508,0.28428012322384505,-0.24799050662973565,1.5192119181497725,-0.4625264254979798,-0.007162580903544476,-4.39562167475469e-06,0.0007564409396539052,1.1450796818182132e-05,0.06804138025425406,-0.0011180306404794697,0.9776998118578741,0.5504839298039933,0.3729244709014893,-0.5408050016704885,1.506137839794159,0.41417859005928037,0.4,0.0,1.4,0.0
transgastric_short_axis,3,374,18.701,0.372917310401634,-0.5408049974764029,1.506138858020388,0.4141785906680342,-0.0071604998552657955,4.194085935743705e-06,0.001018226228774371,6.086837536435015e-07,0.05010198896427104,-0.04651744897985223,1.0672489696352325,0.6899368663297858,0.287445068359375,-0.2465334826405427,1.5191946833610535,-0.42959970202445985,0.4,0.0,1.4,0.0
transgastric_short_axis,3,375,18.7511,0.28743790571141226,-0.2465334867182718,1.5191954273468307,-0.4295996909814579,-0.0071626479627875965,-4.077729810983866e-06,0.0007439857775799268,1.1042999594197595e-05,0.06827065255695566,-0.0021482368634041524,0.9808843290153775,0.5217398101888133,0.37074332237243657,-0.5862903782847128,1.5037342480659484,0.4070683702468872,0.4,0.0,1.4,0.0
transgastric_short_axis,3,376,18.8009,0.37073616184524494,-0.5862903740977284,1.5037352619291857,0.40706837111323324,-0.007160527191714922,4.186983886236825e-06,0.0010138632370029783,8.662764804809706e-07,0.048135005578359265,-0.04860636433122138,1.0652352671416725,0.7218437769431137,0.27919554710388184,-0.19239324860248122,1.5132823270797728,-0.4865048672676086,0.4,0.0,1.4,0.0
transgastric_short_axis,3,377,18.851,0.2791883847481767,-0.1923932537157162,1.513283116023512,-0.48650485629751206,-0.00716235570506558,-5.113236603351515e-06,0.000788943738560503,1.0970093400295651e-05,0.06774431834845314,0.0034746878194578416,0.9729786596183234,0.5487537243902167,0.3702528476715088,-0.5687362976010776,1.4912653819084167,0.4549874055862427,0.4,0.0,1.4,0.0
transgastric_short_axis,3,378,18.9037,0.37024568709421,-0.5687362918279465,1.4912663974742788,0.4549874078095302,-0.007160577298889037,5.773131265042798e-06,0.0010155658613259905,2.2232265002213222e-06,0.047520059537479765,-0.048628552035603775,1.0655240339122196,0.7346355459354438,0.27580051422119145,-0.23285686047433282,1.5109865936279296,-0.48647584290504453,0.4,0.0,1.4,0.0
transgastric_short_axis,3,379,18.9512,0.2757933517690298,-0.23285686579286816,1.5109873701384169,-0.48647583140260187,-0.007162452161607246,-5.3185356945262125e-06,0.0007765104871443999,1.1502444317272935e-05,0.06782104557871142,0.0007324765982123435,0.969734773879924,0.5644701429488937,0.37280373573303227,-0.5412931715818676,1.5009525906085968,0.42665026502609255,0.4,0.0,1.4,0.0
transgastric_short_axis,3,380,19.0009,0.37279657522676235,-0.5412931668667061,1.5009536102132008,0.42665026621981283,-0.007160506270006246,4.715162041924845e-06,0.0010196046028774174,1.1936523336716729e-06,0.04970161748008935,-0.04677982321215622,1.0674626379731995,0.6971085997866451,0.2854658603668213,-0.24705891600123694,1.5192444929122924,-0.45654554572105405,0.4,0.0,1.4,0.0
transgastric_short_axis,3,381,19.0511,0.28545869777396954,-0.24705892033548105,1.5192452470902245,-0.45654553435008277,-0.007162592851700007,-4.334244470804881e-06,0.0007541779317895529,1.1370971169886919e-05,0.06808652724638872,-0.0012592647981727366,0.9788809630276241,0.544803702191514,0.3724843978881836,-0.5478588415483757,1.5055595995903015,0.4138390986442566,0.4,0.0,1.4,0.0
transgastric_short_axis,3,382,19.1011,0.3724772373850013,-0.5478588373313624,1.5055606173787917,0.41383909932105567,-0.007160503182243805,4.217013603029418e-06,0.0010177884888705909,6.767288029358188e-07,0.04978020872890583,-0.046861587955530415,1.0668478921241935,0.6952069132080665,0.2862603187561035,-0.23631056428924527,1.5186829183101653,-0.4440045867919922,0.4,0.0,1.4,0.0
transgastric_short_axis,3,383,19.1511,0.28625315615891844,-0.2363105685390475,1.5186836704867783,-0.4440045756526786,-0.007162597185018443,-4.249801785206748e-06,0.0007521766126655562,1.1139312227390226e-05,0.06818719900845686,-0.0009557967510361101,0.9797226191053938,0.5291567878500517,0.37105894088745117,-0.5674043633549557,1.5014630448818207,0.42292615842819214,0.4,0.0,1.4,0.0
transgastric_short_axis,3,384,19.2011,0.3710517803572096,-0.5674043587719617,1.5014640608054837,0.4229261595234277,-0.007160530241604912,4.582994530779454e-06,0.0010159236627297337,1.0951669200746833e-06,0.04857435678834944,-0.0479914249219756,1.0656875171302118,0.7155048552024529,0.2815443515777588,-0.22092731359510695,1.5157141941547394,-0.4773979585647583,0.4,0.0,1.4,0.0
transgastric_short_axis,3,385,19.2511,0.2815371891080767,-0.22092731841543944,1.5157149670032846,-0.4773979472640729,-0.0071624696820809615,-4.8203325971419795e-06,0.000772848544928173,1.130068415099941e-05,0.06790671750950258,0.001230643072783249,0.9751754977233624,0.5514898650267059,0.3723793506622315,-0.5542861311679297,1.4973196766853332,0.4446011778831482,0.4,0.0,1.4,0.0
transgastric_short_axis,3,386,19.3011,0.3723721901101849,-0.5542861259669175,1.497320693391461,0.44460117944436917,-0.007160552046655725,5.201012788839208e-06,0.0010167061266832663,1.5611549883608786e-06,0.04855022908055932,-0.04775762388232779,1.0672610730637546,0.7177310996774768,0.2824170827865601,-0.24013821337190766,1.5156065231323241,-0.4696883388519287,0.4,0.0,1.4,0.0
transgastric_short_axis,3,387,19.3513,0.2824099202542431,-0.24013821812857117,1.5156072868946442,-0.46968832740483635,-0.007162532316941464,-4.756664080819288e-06,0.0007637623195780937,1.144709299010839e-05,0.06797967530157423,-0.0003364343671952222,0.9760621222190451,0.5526897505328573,0.3732533693313599,-0.5452856037569787,1.5025399423599244,0.42752736253738405,0.4,0.0,1.4,0.0
transgastric_short_axis,3,388,19.4009,0.3732462088114565,-0.545285599148442,1.502540960220494,0.42752736353186993,-0.007160519903430795,4.608537596206308e-06,0.0010178605688775956,9.944168134586396e-07,0.04949537880209717,-0.046998987157131245,1.067805523035081,0.7009610867038827,0.2842560768127442,-0.2468722242476332,1.5191216543197632,-0.4627394383192062,0.4,0.0,1.4,0.0
transgastric_short_axis,3,389,19.451,0.2842489142348646,-0.24687222865200753,1.519122411181713,-0.46273942687609587,-0.007162577879549771,-4.404374034292897e-06,0.0007568619496066375,1.1443110597960842e-05,0.06804069916661264,-0.001034584807748636,0.9776743594282973,0.5501473776787267,0.37289631366729736,-0.541568996008205,1.5057442319869996,0.41561913471221923,0.4,0.0,1.4,0.0
transgastric_short_axis,3,390,19.501,0.37288915316527615,-0.5415689917703148,1.5057452501704995,0.4156191353622436,-0.007160502021414446,4.2378903887385754e-06,0.0010181834999300726,6.49954701442806e-07,0.05002380620510242,-0.046583915684433014,1.0672458234983448,0.6913416626213783,0.28711695671081544,-0.246526179753491,1.5191471208572387,-0.4347172589063644,0.4,0.0,1.4,0.0
transgastric_short_axis,3,391,19.5509,0.2871097940734472,-0.24652618388399294,1.5191478667779128,-0.4347172477972004,-0.007162637368186613,-4.130500829157541e-06,0.000745920674366688,1.1109163092703212e-05,0.06823754745840871,-0.00197168562282022,0.9805555182433701,0.5260177350856562,0.3710843563079834,-0.5791713741839026,1.5040181250572204,0.40865047888755796,0.4,0.0,1.4,0.0
transgastric_short_axis,3,392,19.6008,0.3710771957859568,-0.5791713699831716,1.504019139787994,0.408650479729487,-0.007160522026612618,4.200731535952053e-06,0.0010147307733047763,8.418591535015531e-07,0.04843471592412015,-0.04829370696413332,1.065555818597767,0.7170015344733663,0.2800503253936768,-0.2026377011079055,1.5147709959983826,-0.4834488827705383,0.4,0.0,1.4,0.0
transgastric_short_axis,3,393,19.6509,0.28004316299318627,-0.20263770606513815,1.5147717786524986,-0.4834488716588373,-0.007162400490439777,-4.957232739556626e-06,0.0007826541161408908,1.1111698805789336e-05,0.06781153730427084,0.002676684540005924,0.9737382271283452,0.5498609418273693,0.3711353540420532,-0.5615294716021328,1.4933615026473999,0.4527191984653473,0.4,0.0,1.4,0.0
transgastric_short_axis,3,394,19.701,0.3711281934740157,-0.5615294660053259,1.4933625188756183,0.45271920046823677,-0.007160568037344483,5.596806618020506e-06,0.0010162282169566398,2.0028265025272783e-06,0.04794588753778342,-0.04824872128647711,1.0662703965521891,0.72788746163655,0.2782773494720459,-0.23874373645206093,1.51339018535614,-0.4806033717155456,0.4,0.0,1.4,0.0
transgastric_short_axis,3,395,19.751,0.2782701869803347,-0.23874374150662261,1.5133909558574699,-0.480603360178772,-0.007162491711192977,-5.05456232382473e-06,0.0007705013294286596,1.1536774779950941e-05,0.06788286292184274,0.00013164549782032978,0.9720588724581707,0.5618307753868427,0.3731691837310791,-0.5408617394852747,1.5021721755981445,0.42616677532196046,0.4,0.0,1.4,0.0
transgastric_short_axis,3,396,19.8013,0.37316202322089964,-0.5408617348613202,1.502173194536084,0.4261667763696675,-0.007160510179486189,4.623954657708483e-06,0.001018937938500022,1.0476383652331362e-06,0.049740549593140754,-0.04675166779622737,1.0677472167912234,0.6966413540680851,0.2856446743011475,-0.2499248310352445,1.5193096572875977,-0.454947426867485,0.4,0.0,1.4,0.0
transgastric_short_axis,3,397,19.8509,0.28563751169928964,-0.24992483535063614,1.51931041010931,-0.4549474154895025,-0.007162601857795978,-4.315392334423256e-06,0.0007528217119606315,1.1377982802610493e-05,0.06809425437242496,-0.0015091901874479587,0.9790567218151631,0.5447507015841306,0.37255816459655766,-0.5498294975312502,1.5062788420200348,0.4101958857536316,0.4,0.0,1.4,0.0
transgastric_short_axis,3,398,19.901,0.37255100409631886,-0.5498294934123006,1.5062798596135183,0.4101958863614179,-0.007160500238752464,4.118950305160061e-06,0.001017593483550883,6.077155950420548e-07,0.04979493092680109,-0.04688823681140178,1.0668768305242913,0.6947100063691655,0.28632678985595705,-0.23076935829863102,1.5185911638736724,-0.43951751396656036,0.4,0.0,1.4,0.0
transgastric_short_axis,3,399,19.9512,0.28631962726021404,-0.2307693625080905,1.518591915726641,-0.4395175029250394,-0.007162595742981592,-4.20945982669966e-06,0.0007518529689325914,1.1041518510314037e-05,0.0682239395788937,-0.0007314155786192081,0.9797986969032626,0.522893300465615,0.3704046726226807,-0.5742690771835552,1.499497814655304,0.42774270458221436,0.4,0.0,1.4,0.0
transgastric_short_axis,3,400,20.0011,0.3703975120785281,-0.5742690724103352,1.4994988296461509,0.4277427058694352,-0.0071605441524428375,4.773220578617813e-06,0.0010149908459987414,1.2871532415408338e-06,0.04809434053856015,-0.04840995748503921,1.0651594744500839,0.7235503537029249,0.2808112621307373,-0.21154722331098152,1.5133298895835876,-0.47931253659725187,0.4,0.0,1.4,0.0
transgastric_short_axis,3,401,20.0512,0.28080409970095177,-0.21154722834674292,1.5133306679636895,-0.4793125254175205,-0.007162429785545261,-5.0357616955042326e-06,0.0007783801027554829,1.1179730385522146e-05,0.0678659042168534,0.0019340401154282249,0.9745979578654915,0.5491304305832149,0.3718338489532471,-0.5610354968318152,1.494703926229477,0.4505599731445312,0.4,0.0,1.4,0.0
transgastric_short_axis,3,402,20.1009,0.37182668838600563,-0.5610354913651151,1.494704942109184,0.450559974990564,-0.007160567241673794,5.466700231997629e-06,0.0010158797062345556,1.8459688919502453e-06,0.048039533584721336,-0.04818859873119816,1.0668824251409492,0.7263111421298705,0.2791785717010498,-0.2380293642955932,1.5137410992622375,-0.4784937686920166,0.4,0.0,1.4,0.0
transgastric_short_axis,3,403,20.1508,0.2791714092038986,-0.23802936929799243,1.5137418687727955,-0.47849375718281284,-0.007162497151160767,-5.002397115844962e-06,0.0007695105578723679,1.1509204928520436e-05,0.06790164572271143,0.00010814658892304395,0.9729389028848714,0.5595989790707487,0.3731865882873535,-0.5428086142718528,1.5017119053840637,0.4284729949951172,0.4,0.0,1.4,0.0
transgastric_short_axis,3,404,20.2009,0.37317942777156343,-0.5428086095880843,1.5017129239765543,0.4284729960903553,-0.007160515790067579,4.683769153849514e-06,0.0010185924888739498,1.0951694249268338e-06,0.04958110222077031,-0.046892986297616256,1.0677930173290062,0.699496359547436,0.28465750217437746,-0.24849421418716752,1.5192778241157532,-0.46058395807743074,0.4,0.0,1.4,0.0
transgastric_short_axis,3,405,20.251,0.28465033958783226,-0.2484942185588016,1.519278579590094,-0.4605839466448796,-0.007162586545243427,-4.371636043296322e-06,0.0007554743399537029,1.1432551313154996e-05,0.06805536631478358,-0.0012187993515862926,0.9780671720708123,0.5490171875910221,0.37279534339904785,-0.5417058783270458,1.5062913880348205,0.41299383430480957,0.4,0.0,1.4,0.0
transgastric_short_axis,3,406,20.3009,0.37278818290038507,-0.5417058741599415,1.5062924062323821,0.412993834899523,-0.007160498662929674,4.167104350331537e-06,0.001018197561274303,5.946428013304834e-07,0.050094458302932916,-0.046538948972666506,1.0671106438454538,0.6899621151751258,0.28742141723632814,-0.2442907473016137,1.519142065000534,-0.428755748462677,0.4,0.0,1.4,0.0
transgastric_short_axis,3,407,20.3508,0.28741425459050374,-0.24429075137359157,1.5191428091710781,-0.42875573744687767,-0.007162645824329346,-4.071978294592779e-06,0.0007441705435676292,1.101579758502594e-05,0.06828053702604875,-0.002024105686178301,0.9808648237593192,0.5199807810360665,0.37054920196533203,-0.5878056337211838,1.5030103242874144,0.40944911699295045,0.4,0.0,1.4,0.0
transgastric_short_axis,3,408,20.4009,0.37054204143292124,-0.5878056294574759,1.5030113378696122,0.4094491179239377,-0.007160532410873719,4.263708315618295e-06,0.0010135821967854316,9.309181258715116e-07,0.04798869877361911,-0.048722768490513574,1.0650873998418078,0.7243225422718924,0.27902281284332275,-0.1906757593707323,1.5124617802619933,-0.48640468640327456,0.4,0.0,1.4,0.0
transgastric_short_axis,3,409,20.4508,0.2790156504962082,-0.19067576455169502,1.5124625703479664,-0.48640467547048943,-0.007162347114546699,-5.180963264764549e-06,0.0007900859736040369,1.0932782017643622e-05,0.06773619451540215,0.003588272863945245,0.972860036178312,0.5479341183582681,0.3701038360595703,-0.5712760170134424,1.490748561000824,0.455642981672287,0.4,0.0,1.4,0.0
transgastric_short_axis,3,410,20.5008,0.3700966754781331,-0.5712760111965473,1.4907495761789287,0.4556429839448759,-0.007160581437333715,5.816895797907219e-06,0.0010151781027870645,2.2725280960293845e-06,0.04737449799753539,-0.048759499940176636,1.0654084435036388,0.7369508153065192,0.27500214576721194,-0.23082310005719098,1.5101454488754271,-0.48835502994060515,0.4,0.0,1.4,0.0
transgastric_short_axis,3,411,20.5509,0.27499498332861266,-0.23082310546730564,1.5101462274357393,-0.48835501845652507,-0.007162438599197117,-5.41011576897652e-06,0.0007785603121194915,1.1484080359094245e-05,0.06779952884427946,0.0009347757848469692,0.9689899023012485,0.5652684102977835,0.3726555347442627,-0.5418970641649891,1.5005692817687988,0.4267375253677368,0.4,0.0,1.4,0.0
transgastric_short_axis,3,412,20.6009,0.3726483742388871,-0.5418970594228797,1.5005703015308658,0.42673752660707454,-0.007160505375839351,4.742109608729521e-06,0.0010197620660899439,1.2392701605403167e-06,0.04966930774277428,-0.046810635771385445,1.0673399144420048,0.6975814193394725,0.2852862358093262,-0.24608369969956356,1.5191709021091462,-0.4575628964424133,0.4,0.0,1.4,0.0
transgastric_short_axis,3,413,20.6511,0.2852790732209255,-0.24608370404896285,1.5191716569866855,-0.45756288506809684,-0.007162588400694804,-4.349400644943049e-06,0.0007548775388070179,1.1374316907457033e-05,0.06808004231402841,-0.001157991030141253,0.9787054086277647,0.5452373410362683,0.3724867343902588,-0.5465218514573719,1.5053390144348144,0.41518414378166196,0.4,0.0,1.4,0.0
transgastric_short_axis,3,414,20.701,0.37247957388638053,-0.5465218472059388,1.5053400323437192,0.41518414447930674,-0.007160503878190133,4.25143350144495e-06,0.001017908904238856,6.975742315933268e-07,0.04980343471111526,-0.046821469126579196,1.066863746130381,0.69492294505798,0.2863062620162964,-0.2391277934095748,1.5187875932693482,-0.4443951985359192,0.4,0.0,1.4,0.0
transgastric_short_axis,3,415,20.7509,0.28629909941407894,-0.2391277976567945,1.5187883448368948,-0.44439518736838324,-0.007162602217506176,-4.2472215640793454e-06,0.0007515675465864962,1.1167534167444364e-05,0.06818181189906165,-0.0011345945353846195,0.9797612944159346,0.5307614829954298,0.3712610721588135,-0.5665330727536334,1.5023474452972412,0.4198963894844055,0.4,0.0,1.4,0.0
transgastric_short_axis,3,416,20.8008,0.3712539116335112,-0.5665330682705695,1.5023484613477027,0.41989639049084637,-0.0071605253021490714,4.483064680627136e-06,0.0010160504608439376,1.0063722876583616e-06,0.04870803837151295,-0.0478928500176429,1.0658335747436465,0.7131439134760411,0.28164651393890383,-0.221820138350556,1.5162982392311095,-0.47732109081745144,0.4,0.0,1.4,0.0
transgastric_short_axis,3,417,20.8508,0.28163935146418284,-0.22182014312189596,1.5162990113902497,-0.47732107950256264,-0.007162474720954036,-4.771340526449989e-06,0.0007721591397339018,1.1314887023953418e-05,0.06791052933184602,0.0011669461697640113,0.97523918771774,0.5518824983674322,0.37241582870483403,-0.55333862838635,1.4976689053058625,0.4438341856956482,0.4,0.0,1.4,0.0
transgastric_short_axis,3,418,20.9008,0.37240866815469104,-0.5533386232199723,1.4976699221121157,0.4438341872181786,-0.007160550142968217,5.166377866359749e-06,0.0010168062524270067,1.5224646188278193e-06,0.04861943419144078,-0.04769792047773656,1.067275198720958,0.7165703824251881,0.28274965286254883,-0.2407054042662565,1.5158709257125855,-0.468703289437294,0.4,0.0,1.4,0.0
transgastric_short_axis,3,419,20.9509,0.2827424903254189,-0.2407054089914058,1.5158716887179127,-0.4687032779944417,-0.007162537129830098,-4.725151867898518e-06,0.0007630053275654393,1.1442852529215986e-05,0.06798819551333268,-0.00040879646440096593,0.9763780686233421,0.5520846208163022,0.3732050657272339,-0.5452093915767211,1.5027747588157654,0.42667704234123227,0.4,0.0,1.4,0.0
transgastric_short_axis,3,420,21.0009,0.37319790520848856,-0.545209386995849,1.502775776681733,0.4266770433097662,-0.007160518745283915,4.580872207128612e-06,0.0010178659670151099,9.684644795049927e-07,0.04952443840826789,-0.04697898714145165,1.067742396348979,0.7004197223905821,0.2844735383987427,-0.24652842679566075,1.5191119171142577,-0.4616312694311142,0.4,0.0,1.4,0.0
transgastric_short_axis,3,421,21.0508,0.28446637581904,-0.2465284311898457,1.51911267360709,-0.4616312580039597,-0.007162579702701099,-4.39418568302795e-06,0.0007564928316146448,1.1427154869546872e-05,0.06804929585178285,-0.0010490662238844053,0.9778933594003223,0.5490132357980647,0.37279558181762695,-0.5425150007616715,1.505613903236389,0.41571912832260133,0.4,0.0,1.4,0.0
transgastric_short_axis,3,422,21.1008,0.3727884213151188,-0.5425149965152554,1.5056149213805812,0.415719128987301,-0.007160502508361373,4.246416094577833e-06,0.001018144190028482,6.646286162271361e-07,0.049976367697260236,-0.046632938091682244,1.0671537157646263,0.6921270817434163,0.28693494796752933,-0.24523619029453786,1.5190797094345092,-0.43702900257110594,0.4,0.0,1.4,0.0
transgastric_short_axis,3,423,21.1509,0.2869277853373719,-0.24523619445159328,1.5190804565468508,-0.43702899144259477,-0.007162630157426007,-4.15705449304962e-06,0.0007471123417804947,1.1128509621970811e-05,0.06822452159871864,-0.001804167744555863,0.9803762369025917,0.5273524545221622,0.3711589336395264,-0.5761371182406777,1.503759714603424,0.4108552069187164,0.4,0.0,1.4,0.0
transgastric_short_axis,3,424,21.2008,0.3711517731174158,-0.5761371139888526,1.5037607296559292,0.41085520778501294,-0.0071605221106210626,4.251824870498869e-06,0.0010150525038028352,8.662262009376579e-07,0.04851577596241598,-0.0481885321506127,1.0656456418782194,0.7157754432030133,0.280481219291687,-0.2073267163556404,1.5151911938667297,-0.4820652633190155,0.4,0.0,1.4,0.0
transgastric_short_axis,3,425,21.2511,0.28047405687243426,-0.20732672126426474,1.5151919738849209,-0.4820652521522709,-0.007162419252726228,-4.908624691753448e-06,0.0007800181908265328,1.116674212115758e-05,0.06783799267012906,0.002311774302525319,0.9741426853518882,0.550387970990338,0.37145643234252934,-0.5602838612260324,1.494511616420746,0.4510951449394226,0.4,0.0,1.4,0.0
transgastric_short_axis,3,426,21.3011,0.37144927177607034,-0.5602838557360966,1.4945126325038887,0.4510951468080462,-0.007160566459023014,5.489936142661501e-06,0.0010160831420381693,1.8685598666251943e-06,0.04805906265343923,-0.04816191682522941,1.0665171394162731,0.7260527613453527,0.27909009456634526,-0.23929051671336785,1.513837909555435,-0.47844995126724243,0.4,0.0,1.4,0.0
transgastric_short_axis,3,427,21.3509,0.2790829320659439,-0.23929052170775558,1.5138386786340767,-0.47844993974283045,-0.007162500401351303,-4.994388744904773e-06,0.0007690786415279845,1.1524412521171655e-05,0.06790244436397974,2.093614363007229e-05,0.9728440799525468,0.5601379122055654,0.37322392463684084,-0.5419964957810007,1.50218378534317,0.4268319013595581,0.4,0.0,1.4,0.0
transgastric_short_axis,3,428,21.4009,0.3732167641237878,-0.5419964911509554,1.5021848040088521,0.4268319024031637,-0.00716051305307531,4.630046460655143e-06,0.0010186656810206795,1.0435367296146029e-06,0.04966834780374311,-0.04682130894022503,1.0678005229651542,0.6979288969682943,0.2852664947509766,-0.24833373792554425,1.5193085337638854,-0.4574774150133133,0.4,0.0,1.4,0.0
transgastric_short_axis,3,429,21.4509,0.28525933215758714,-0.24833374226455418,1.5193092879805343,-0.45747740361934675,-0.007162593389403832,-4.3390112545083e-06,0.0007542166498622606,1.1393966383960857e-05,0.0680783405562246,-0.0013142126177494561,0.9786766090761796,0.5462191404782166,0.3726101875305176,-0.5462885335787456,1.5060135031700135,0.412542552280426,0.4,0.0,1.4,0.0
transgastric_short_axis,3,430,21.5008,0.372603027029765,-0.5462885294062809,1.5060145210527152,0.4125425529096862,-0.007160500752456939,4.172464843311488e-06,0.0010178827017256107,6.291901738621733e-07,0.04989255165995286,-0.04675832198512381,1.0669444934637082,0.6932619909702873,0.2866852283477783,-0.23753183170850675,1.518814183330536,-0.43751342854499814,0.4,0.0,1.4,0.0
transgastric_short_axis,3,431,21.5509,0.2866780657335379,-0.23753183588549143,1.5188149325611393,-0.43751341747098116,-0.007162614240418058,-4.176985091491138e-06,0.0007492306035895172,1.107401532867405e-05,0.06823214973678166,-0.0012616616773769235,0.9801438336695403,0.5242119919571371,0.37071321010589603,-0.5764739873126267,1.5014463792800903,0.4198070693492889,0.4,0.0,1.4,0.0
transgastric_short_axis,3,432,21.6009,0.3707060495707468,-0.5764739827860962,1.501447394116048,0.41980707043770593,-0.007160535149300487,4.526531406425362e-06,0.0010148359572045552,1.0883483974751731e-06,0.04822868019117152,-0.0483707135979055,1.065345992925922,0.720909105590602,0.2804921865463257,-0.20783885471683025,1.5139195522785187,-0.48102244606018063,0.4,0.0,1.4,0.0
transgastric_short_axis,3,433,21.6508,0.2804850241285566,-0.2078388597208343,1.513920332412277,-0.48102243490868263,-0.007162417769148133,-5.004004922278809e-06,0.0007801337582487966,1.1151496231818534e-05,0.06784438963715214,0.0022428708540119975,0.9742384236164072,0.5494008064155074,0.371542501449585,-0.5618047342679278,1.4941902886390686,0.4517733787536621,0.4,0.0,1.4,0.0
transgastric_short_axis,3,434,21.7008,0.3715353408800578,-0.561804728746946,1.4941913044569661,0.4517733806556352,-0.0071605695272427645,5.5209815415892054e-06,0.001015817896862636,1.901910064340218e-06,0.04796426056072532,-0.0482466599163823,1.0666237215549754,0.7276028995032733,0.2785956382751465,-0.23826436745584667,1.5134723898410798,-0.47992251634597777,0.4,0.0,1.4,0.0
transgastric_short_axis,3,435,21.7515,0.2785884757823488,-0.23826437249607368,1.5134731601108165,-0.47992250482122867,-0.007162492797618917,-5.040227852054149e-06,0.0007702697366345664,1.152474979137413e-05,0.06788878756149058,0.00014098168037815322,0.9723723725924367,0.560992369032965,0.37316834926605225,-0.5416268573440761,1.5019448493003844,0.4272034132003784,0.4,0.0,1.4,0.0
transgastric_short_axis,3,436,21.8008,0.37316118875359017,-0.5416268526916561,1.5019458681152251,0.4272034142720571,-0.007160512462106544,4.652420196591335e-06,0.0010188148390477428,1.071609644795823e-06,0.0496740062537388,-0.04680975246029991,1.067760514639018,0.6978364325092659,0.2852636337280274,-0.24863240728060743,1.519332689523697,-0.45745728521347045,0.4,0.0,1.4,0.0
transgastric_short_axis,3,437,21.8509,0.28525647113394015,-0.2486324116176395,1.5193334436466568,-0.45745727381713813,-0.0071625940871771635,-4.337033802258158e-06,0.0007541229600700164,1.1396332167546787e-05,0.06807817066107495,-0.0013352549150799867,0.9786721622254961,0.5463440140279909,0.3726256370544434,-0.5462623180867652,1.5061043213367462,0.41218265018463135,0.4,0.0,1.4,0.0
transgastric_short_axis,3,438,21.9012,0.3726184765541086,-0.546262313924949,1.5061053392151322,0.4121826508047457,-0.007160500334644014,4.161816369233666e-06,0.0010178783854472612,6.200432904547408e-07,0.049904414143488195,-0.046749974642610645,1.0669541915058127,0.6930405068069562,0.2867287635803223,-0.23729195995688548,1.5188227970123291,-0.43659438614845275,0.4,0.0,1.4,0.0
transgastric_short_axis,3,439,21.9511,0.2867216009645102,-0.2372919641241061,1.518823545936244,-0.4365943750873591,-0.007162615812064822,-4.167218819694334e-06,0.0007489239148748149,1.1061092069607243e-05,0.06823884454287069,-0.0012768241851667398,0.9801875024358668,0.5233289169850106,0.37063696384429934,-0.5777922520522158,1.5013203573703766,0.41981362323760985,0.4,0.0,1.4,0.0
transgastric_short_axis,3,440,22.001,0.37062980330771866,-0.5777922475192342,1.5013213720323586,0.4198136243369648,-0.007160536580690529,4.532981307793507e-06,0.0010146619813428525,1.0992875236821791e-06,0.04816419010204388,-0.0484340545834417,1.0652781583999995,0.721952899680117,0.2803407907485962,-0.20596594506833998,1.5135854912281037,-0.4814917044639587,0.4,0.0,1.4,0.0
transgastric_short_axis,3,441,22.0509,0.28033362833872877,-0.2059659501047965,1.5135862724642264,-0.48149169333730246,-0.007162409867372896,-5.036457331545692e-06,0.0007812361221982262,1.112665402723264e-05,0.06783438666878419,0.0023859935104582767,0.9741086146468334,0.5490702187828852,0.37142486572265626,-0.5624981340308112,1.4936697226524354,0.4525637776851654,0.4,0.0,1.4,0.0
transgastric_short_axis,3,442,22.101,0.3714177051520057,-0.5624981284608424,1.4936707384916756,0.45256377964722816,-0.0071605706505527555,5.569969039592633e-06,0.001015839239825646,1.9620002243394476e-06,0.047905081756074996,-0.04829311235352342,1.066539664049719,0.7285665885826008,0.2781906604766846,-0.2379524031012791,1.513240382194519,-0.48100671672821044,0.4,0.0,1.4,0.0
transgastric_short_axis,3,443,22.1509,0.27818349798838504,-0.23795240817243543,1.5132411531973657,-0.4810067051980847,-0.007162488299560868,-5.071157672758781e-06,0.000771002845773161,1.1530127223656955e-05,0.06787880094783634,0.00019919765291287125,0.9719816837841067,0.5618288155126911,0.3731393337249756,-0.5409871993397527,1.5019669452667237,0.4267352783203125,0.4,0.0,1.4,0.0
transgastric_short_axis,3,444,22.2008,0.3731321732142321,-0.5409871946940343,1.501967964231751,0.4267352793910941,-0.00716051074355393,4.645718229259837e-06,0.001018965025795297,1.0707129023798623e-06,0.04971750822067128,-0.046768722689621026,1.0677304919902753,0.6970577374548494,0.28549997806549077,-0.24948366175591605,1.5193317532539368,-0.45591777684688567,0.4,0.0,1.4,0.0
transgastric_short_axis,3,445,22.2513,0.28549281546645605,-0.2494836660786406,1.5193325065544387,-0.45591776546127305,-0.007162599034695712,-4.322724231649035e-06,0.000753300502141265,1.1385612290767025e-05,0.06808806076933159,-0.0014459279460919986,0.9789097909966018,0.5453945827871811,0.3725874423980713,-0.5484348333578893,1.50623127951622,0.4108922832012176,0.4,0.0,1.4,0.0
transgastric_short_axis,3,446,22.3011,0.3725802818978929,-0.5484348292246037,1.5062322972205653,0.41089228381173637,-0.007160500178284022,4.133285907918951e-06,0.0010177043446193141,6.104481696023313e-07,0.04984016486379672,-0.04683264659239096,1.0669086653199455,0.6940103549056039,0.28649320602416994,-0.233259268276233,1.5186840418338776,-0.4381793035984039,0.4,0.0,1.4,0.0
transgastric_short_axis,3,447,22.3513,0.2864860434201065,-0.23325927246697667,1.5186847924577451,-0.4381792925513854,-0.007162604063416706,-4.190744200346063e-06,0.0007506238689027144,1.104701610845418e-05,0.06823175631191325,-0.0009472039878745944,0.9799599656735272,0.5228599037140024,0.37048065662384033,-0.5759579166276397,1.5001816660881042,0.42469608278274534,0.4,0.0,1.4,0.0
transgastric_short_axis,3,448,22.4013,0.3704734960822089,-0.575957911946776,1.500182680900953,0.42469608399768166,-0.007160541631461749,4.680864542694918e-06,0.0010148128470568846,1.2148683519345925e-06,0.048104993966068314,-0.0484353994404946,1.0651929707225207,0.7231892311720118,0.2805954456329346,-0.20894084164758062,1.5133497385025023,-0.4802618205070496,0.4,0.0,1.4,0.0
transgastric_short_axis,3,449,22.4511,0.2805882832126274,-0.20894084669121812,1.5133505182346925,-0.4802618093534156,-0.007162420307143036,-5.0436372734553085e-06,0.0007797321901451236,1.1153632474131576e-05,0.06785184203621372,0.002142910643004416,0.9743799517905198,0.5490129151756274,0.37164626121521,-0.5620929174261988,1.4942090140342712,0.451701660490036,0.4,0.0,1.4,0.0
transgastric_short_axis,3,450,22.5014,0.3716391006452623,-0.5620929119081277,1.4942100297842096,0.4517016623895218,-0.007160569947603814,5.518070796486942e-06,0.0010157499371334236,1.8994227196100186e-06,0.04795256335243875,-0.048259202575554945,1.0667263237871734,0.72777929604171,0.27858088016510013,-0.237889485920526,1.5134220185279845,-0.48004086084365843,0.4,0.0,1.4,0.0
transgastric_short_axis,3,451,22.551,0.2785737176496499,-0.23788949097315706,1.5134227890377465,-0.48004084930291235,-0.007162515450275837,-5.052633524592098e-06,0.0007705097586221399,1.1540769611588147e-05,0.06788755469206104,0.00017049738467110089,0.9723608261542067,0.560927533673876,0.37315523624420166,-0.541736962410394,1.5018401743412018,0.42751893610954284,0.4,0.0,1.4,0.0
transgastric_short_axis,3,452,22.601,0.3731480757313328,-0.5417369577465863,1.5018411931584135,0.4275189371928869,-0.007160512868845493,4.663807917848999e-06,0.0010188172111271513,1.0832757021731806e-06,0.049659344640973574,-0.04682122970297663,1.0677540676350796,0.6981002990315373,0.2851576805114746,-0.24868128044779958,1.5193291316986084,-0.4579960148334503,0.4,0.0,1.4,0.0
transgastric_short_axis,3,453,22.6508,0.28515051791852475,-0.2486812847903499,1.5193298860329225,-0.45799600343017716,-0.007162592949829233,-4.34255083623787e-06,0.0007543343136575393,1.1403273244863687e-05,0.06807419122046574,-0.0013201367929069688,0.9785660162752505,0.5468388663930238,0.3726590156555176,-0.5454644308629882,1.506158812236786,0.412237141084671,0.4,0.0,1.4,0.0
transgastric_short_axis,3,454,22.701,0.3726518551766874,-0.5454644267121918,1.5061598300993069,0.4122371417288546,-0.007160478830349277,4.150798903079079e-06,0.0010178625161015118,6.435949779544926e-07,0.049940342913630274,-0.04671136245954005,1.066983873780283,0.692451249100777,0.2868606328964234,-0.23844750139268167,1.5188808457374572,-0.43500797066688535,0.4,0.0,1.4,0.0
transgastric_short_axis,3,455,22.7515,0.28685347027483216,-0.23844750554080513,1.5188815937355047,-0.4350079596158528,-0.007162621591201587,-4.148124449676497e-06,0.000747998046909251,1.1051029898985566e-05,0.06824837523630273,-0.0014101628940640038,0.9803167207282106,0.5225170890465896,0.37060508728027347,-0.5798894914106533,1.5015808276176452,0.4180641095638275,0.4,0.0,1.4,0.0
transgastric_short_axis,3,456,22.8009,0.37059792674394215,-0.5798894869225969,1.5015818420378375,0.41806411063554627,-0.007160536331395753,4.488056646482866e-06,0.0010144201920527644,1.0716500681754379e-06,0.04811495445583405,-0.048502444658146716,1.0652306051718083,0.722656744373425,0.2800806760787964,-0.2028440544804946,1.5132982436656952,-0.48245269174575806,0.4,0.0,1.4,0.0
transgastric_short_axis,3,457,22.8509,0.280073513681536,-0.20284405955058024,1.5132990266774717,-0.4824526806572009,-0.007162397260372114,-5.070086700447671e-06,0.0007830117764587765,1.1088554538952738e-05,0.06781630084603167,0.0026302996471212576,0.9738665372879589,0.5487488798485457,0.3712136268615723,-0.5632862840718525,1.492894491291046,0.4536509741306305,0.4,0.0,1.4,0.0
transgastric_short_axis,3,458,22.9009,0.3712064662898817,-0.5632862784296198,1.4928955072308012,0.45365097618331784,-0.007160571690662687,5.64223259941568e-06,0.0010159397541603377,2.0526242867159553e-06,0.047831321013697234,-0.04834878171306687,1.0663785087860955,0.7297597430020046,0.27763826847076417,-0.23766159839381007,1.5128104471206665,-0.4821690956354141,0.4,0.0,1.4,0.0
transgastric_short_axis,3,459,22.951,0.27763110598808666,-0.23766160351338303,1.512811219022491,-0.4821690840997042,-0.007162482677541794,-5.119574348135522e-06,0.000771901823948367,1.1535711052830723e-05,0.0678673523393834,0.0002587944701270724,0.9714565405301714,0.5627349116636886,0.3731050252914429,-0.5404926628088926,1.501948219871521,0.42587840423583984,0.4,0.0,1.4,0.0
transgastric_short_axis,3,460,23.0009,0.3730978647833383,-0.5404926581724238,1.5019492390502718,0.4258784053118365,-0.007160508104470192,4.636469106581313e-06,0.001019178749414199,1.0759282006667402e-06,0.04976521637338381,-0.04672703766179383,1.06769828571222,0.6961480459438139,0.28578758239746094,-0.2500660201849107,1.5192860632896423,-0.4540674269199371,0.4,0.0,1.4,0.0
transgastric_short_axis,3,461,23.0509,0.28578041979352453,-0.2500660244937435,1.519286815739802,-0.4540674155514138,-0.007162603936387019,-4.3088329024053945e-06,0.0007524501597285078,1.1368523123064256e-05,0.06810019807303225,-0.0015489384993295982,0.9792018918759966,0.5440456703104353,0.37251660823822025,-0.5511264153702268,1.5062471961021424,0.4098610756874084,0.4,0.0,1.4,0.0
transgastric_short_axis,3,462,23.1011,0.3725094477375536,-0.5511264112555603,1.5062482135948647,0.40986107630007584,-0.007160500666553949,4.114666858780829e-06,0.001017492720952107,6.125966144191158e-07,0.049743561263864346,-0.046945990880208434,1.0668376944002966,0.6955363659831769,0.28613736629486086,-0.2286962746435185,1.5184988476753234,-0.4415118621826172,0.4,0.0,1.4,0.0
transgastric_short_axis,3,463,23.1509,0.28613020370825987,-0.22869627887847185,1.518499600939415,-0.4415118511365487,-0.007162586600972748,-4.23495256133722e-06,0.0007532640919007961,1.1046065561488007e-05,0.06821036073786003,-0.0005216744020608965,0.9796138642977215,0.5236823355787407,0.3703969955444336,-0.571575248129048,1.4989834280490875,0.4304610702037811,0.4,0.0,1.4,0.0
transgastric_short_axis,3,464,23.2009,0.37038983499937195,-0.5715752432774501,1.4989844433672381,0.4304610715491046,-0.007160545061819559,4.851597828852847e-06,0.0010153181501520718,1.3452558996557698e-06,0.04814249760770631,-0.048330301042026125,1.065183254184462,0.7229589716899335,0.281104850769043,-0.21525203408836402,1.5135862402439118,-0.4778418440580368,0.4,0.0,1.4,0.0
transgastric_short_axis,3,465,23.2509,0.28109768832452703,-0.21525203908800128,1.5135870165113552,-0.47784183283974563,-0.0071624445158931715,-4.999638013223774e-06,0.0007762674433303004,1.1218290134169233e-05,0.0678869121611447,0.0016326982000740772,0.974875996607319,0.5492777326498063,0.3720792055130005,-0.5594543281583647,1.4954815918922424,0.44874473333358766,0.4,0.0,1.4,0.0
transgastric_short_axis,3,466,23.3009,0.37207204494987456,-0.5594543227725074,1.4954826079564425,0.44874473509475976,-0.007160563126027264,5.385857538238891e-06,0.0010160641979545192,1.761107150251422e-06,0.04817268861581783,-0.04808077540533692,1.0670782873404487,0.7240565417421188,0.2800914525985718,-0.238178979853396,1.5142242144584654,-0.4761203248500824,0.4,0.0,1.4,0.0
transgastric_short_axis,3,467,23.3509,0.28008429009287084,-0.23817898479042418,1.5142249825372502,-0.47612031336079097,-0.0071625057010018785,-4.937028936632928e-06,0.0007680787849832205,1.1489291798093088e-05,0.06792303879686878,1.6867507962255862e-05,0.973822074071454,0.5575364613267376,0.3732308864593506,-0.54387839359817,1.501770328617096,0.4289128545284271,0.4,0.0,1.4,0.0
transgastric_short_axis,3,468,23.4009,0.3732237259410218,-0.5438783889144643,1.50177134694394,0.4289128556141444,-0.007160518328689465,4.683706343424205e-06,0.001018326843681393,1.085648998061206e-06,0.04951843078206755,-0.046954817746016966,1.0678329786724101,0.7006028229678627,0.2842829942703247,-0.24811277877885174,1.5192205244064332,-0.4625363614082336,0.4,0.0,1.4,0.0
transgastric_short_axis,3,469,23.4509,0.28427583168917064,-0.2481127831738721,1.519221280815736,-0.46253634995620857,-0.007162581154075108,-4.395020886506383e-06,0.0007564093023673558,1.1452025212561363e-05,0.06804120035808586,-0.0011260189995350514,0.9776948924445612,0.5505502930120688,0.3729300975799561,-0.5407005142095949,1.506181095457077,0.41402972316741943,0.4,0.0,1.4,0.0
transgastric_short_axis,3,470,23.5008,0.37292293708033164,-0.5407005100201558,1.5061821136884799,0.4140297237716144,-0.007160499624600526,4.189438938290835e-06,0.0010182314023851878,6.041241910027089e-07,0.05011125870186615,-0.0465092974884734,1.0672518378496831,0.6897720364773894,0.287483549118042,-0.2465707460898578,1.5192012372493744,-0.42901453342437745,0.4,0.0,1.4,0.0
transgastric_short_axis,3,471,23.5513,0.2874763864688148,-0.24657075016151153,1.5192019810076118,-0.42901452238883037,-0.007162649227230303,-4.071653678957469e-06,0.0007437582372306404,1.1035545169117698e-05,0.06827430516843697,-0.002170923491963523,0.980922812336013,0.5212689048216682,0.3707061290740967,-0.5870951938885131,1.5037130883693695,0.4068412312030792,0.4,0.0,1.4,0.0
transgastric_short_axis,3,472,23.6012,0.37069896854636064,-0.5870951897044451,1.5037141021320988,0.40684123207106193,-0.0071605277360694015,4.18406842106793e-06,0.0010137627286710645,8.679131137704995e-07,0.04810244957522014,-0.04864069666647787,1.065199702244653,0.7223681300504007,0.27910895347595216,-0.1912362091385719,1.5131317749023436,-0.48691916663646695,0.4,0.0,1.4,0.0
transgastric_short_axis,3,473,23.6511,0.2791017911255072,-0.19123621426884632,1.513132564591701,-0.4869191556830986,-0.007162350445069636,-5.130275163374228e-06,0.0007896893571687063,1.0953365517732968e-05,0.06773548028780861,0.0035670468743924386,0.9729015861229451,0.5487047547626844,0.37014565467834476,-0.5695461690497599,1.4910534104347228,0.4551559341430664,0.4,0.0,1.4,0.0
transgastric_short_axis,3,474,23.7014,0.37013849410009725,-0.5695461632598231,1.4910544259228802,0.4551559363879001,-0.007160578247369459,5.78993673091455e-06,0.0010154881567525607,2.244772481702551e-06,0.047474684163535945,-0.0486694853492721,1.0654306730166305,0.7353450730969008,0.2755440711975098,-0.23212657176916265,1.5107206930160522,-0.487089754986763,0.4,0.0,1.4,0.0
transgastric_short_axis,3,475,23.7515,0.2755369087498834,-0.23212657711677365,1.5107214702090461,-0.4870897434908095,-0.0071624476263166224,-5.3476103969137295e-06,0.000777192993476484,1.1495954000263784e-05,0.06781407520903775,0.0008030367708003194,0.969495229452499,0.5647029936760382,0.37275209426879885,-0.5415347286151162,1.5008134609222412,0.4267495096206665,0.4,0.0,1.4,0.0
transgastric_short_axis,3,476,23.8014,0.3727449337626696,-0.5415347238892967,1.500814480570373,0.4267495108307342,-0.007160506129315093,4.725819748212688e-06,0.0010196481311596003,1.209999692421149e-06,0.04968690037638368,-0.046793463136040575,1.067420175815768,0.697338798791809,0.2853796243667603,-0.24672036164766062,1.5192205244064332,-0.45702978444099424,0.4,0.0,1.4,0.0
transgastric_short_axis,3,477,23.851,0.2853724617757377,-0.2467203659883055,1.5192212788794173,-0.45702977306726894,-0.007162591022525979,-4.340645439325676e-06,0.0007544729843904238,1.1373724857324087e-05,0.068083345582717,-0.0012196203413272254,0.9787959316408748,0.5450691133428139,0.3724926233291626,-0.5472004581926376,1.5054934989452362,0.41433232555389404,0.4,0.0,1.4,0.0
transgastric_short_axis,3,478,23.9009,0.3724854628258306,-0.5472004539637345,1.505494516790331,0.41433232623662075,-0.007160503332116162,4.2289031264451065e-06,0.0010178450947422575,6.826558915246878e-07,0.04979666224837684,-0.046838543096283505,1.0668600866203575,0.6949717664851579,0.28630657196044923,-0.23757958135461404,1.5187336641311646,-0.4437860614299774,0.4,0.0,1.4,0.0
transgastric_short_axis,3,479,23.951,0.28629940936010223,-0.23757958559910886,1.5187344158723777,-0.4437860502823973,-0.007162600346900962,-4.2444955835442936e-06,0.0007517412131573774,1.1147578855612545e-05,0.06818766469638102,-0.0010498532190894045,0.9797656681007896,0.5295430140631743,0.371125078201294,-0.5675786963766257,1.5018377400398255,0.4214629560470581,0.4,0.0,1.4,0.0
transgastric_short_axis,3,480,24.001,0.37111791767287766,-0.5675786918394211,1.5018387559559656,0.421462957104195,-0.007160528416537653,4.537204604744499e-06,0.0010159161393924272,1.057069034461099e-06,0.048610216447173185,-0.04797268751286167,1.0657300870949344,0.7148299815588113,0.2815172910690308,-0.22060842086051596,1.5158782286167145,-0.47766254839897154,0.4,0.0,1.4,0.0
transgastric_short_axis,3,481,24.0513,0.28151012860009683,-0.22060842566987285,1.51587900158877,-0.4776625370985266,-0.007162468933922503,-4.809356327518559e-06,0.0007729720560404872,1.1300443808581443e-05,0.06790455617767806,0.0012611228512116046,0.9751373797159544,0.5516315522679217,0.3723517894744873,-0.5542026161006205,1.497317804145813,0.4446530472278595,0.4,0.0,1.4,0.0
transgastric_short_axis,3,482,24.1009,0.3723446289224513,-0.5542026108986019,1.4973188208617358,0.44465304878914846,-0.0071605520360634636,5.202018888278581e-06,0.0010167159228203523,1.5612229653344829e-06,0.04855268491935953,-0.04775454799760226,1.0672335789215373,0.7176995472812195,0.282413125038147,-0.24028801618322462,1.5156190691471099,-0.469669238948822,0.4,0.0,1.4,0.0
transgastric_short_axis,3,483,24.1509,0.2824059625054192,-0.24028802093873333,1.515619832853269,-0.4696692275002487,-0.007162532727742149,-4.755509980227413e-06,0.0007637061593554563,1.1448573346958583e-05,0.06797982019509607,-0.0003472796828263621,0.9760573519944222,0.5527420914591435,0.37325720787048344,-0.5451902917182783,1.5025966803073882,0.42732587728500365,0.4,0.0,1.4,0.0
transgastric_short_axis,3,484,24.201,0.37325004735092476,-0.5451902871162367,1.502597698178234,0.42732587827338175,-0.007160519558559246,4.6020414467079585e-06,0.0010178708450045756,9.883087602886133e-07,0.04950590092142523,-0.0469904287616573,1.0678057766868538,0.7007722190884863,0.2843298435211182,-0.24684769403728002,1.5191250248908996,-0.46236521129608155,0.4,0.0,1.4,0.0
transgastric_short_axis,3,485,24.251,0.2843226809424162,-0.2468476984377238,1.5191257816011179,-0.46236519985752006,-0.007162578701885519,-4.4004448253201705e-06,0.0007567102179691841,1.1438561618998792e-05,0.06804353158199192,-0.001045711072476971,0.9777482050188322,0.5498068372162292,0.37286608219146733,-0.5418159833933638,1.505732434988022,0.41554104981422424,0.4,0.0,1.4,0.0
transgastric_short_axis,3,486,24.301,0.37285892168945856,-0.5418159791560931,1.5057334531625477,0.41554105046581924,-0.007160502008886306,4.237270564575187e-06,0.0010181745251183507,6.515237451403217e-07,0.050014487739350036,-0.04659466856375108,1.067216452726255,0.69148761459671,0.2870834350585938,-0.24611047695208646,1.5191291444778443,-0.4350721987724304,0.4,0.0,1.4,0.0
transgastric_short_axis,3,487,24.3509,0.287076272422719,-0.246110481087085,1.519129890631464,-0.435072187661865,-0.007162635874758238,-4.135000416951861e-06,0.0007461536194490536,1.1110564118580806e-05,0.06823597654326531,-0.0019311033338536617,0.9805229247506795,0.5261196408323967,0.37108285427093507,-0.5787412528619088,1.5039125138282776,0.40924763174057005,0.4,0.0,1.4,0.0
transgastric_short_axis,3,488,24.401,0.37107569374849597,-0.5787412486456489,1.5039135285984493,0.40924763259229646,-0.007160522439216572,4.2162604943229735e-06,0.0010147701716352502,8.516563998772713e-07,0.04843765617165834,-0.048284129076288776,1.0655608337079692,0.7169795635750266,0.2801203727722168,-0.2033580653768259,1.514789159631729,-0.48321256828308107,0.4,0.0,1.4,0.0
transgastric_short_axis,3,489,24.451,0.2801132103689549,-0.20335807033021747,1.5147899418942092,-0.48321255716353234,-0.007162403261860717,-4.953392699731245e-06,0.0007822624801944453,1.111954641776072e-05,0.06781579323473058,0.0026198735555667246,0.973807293215464,0.5499076770304849,0.3711876392364502,-0.5613946490719476,1.4935221665382385,0.4525104103088379,0.4,0.0,1.4,0.0
transgastric_short_axis,3,490,24.501,0.37118047866852033,-0.561394643489903,1.493523182734254,0.4525104122927912,-0.0071605679298870776,5.582045004394202e-06,0.0010161960148833906,1.983890407641687e-06,0.04795928651009094,-0.04823882917927197,1.0663122803912577,0.7276721579743638,0.2783794641494751,-0.23880253405550284,1.5134444890022278,-0.4803369093418121,0.4,0.0,1.4,0.0
transgastric_short_axis,3,491,24.5511,0.27837230165671034,-0.2388025391026894,1.5134452593302496,-0.48033689780662203,-0.007162492764872394,-5.047187594681194e-06,0.0007703280211093546,1.1535190996136591e-05,0.06788529542448728,0.00011855202025015145,0.9721576544170689,0.5616166948597368,0.37317609786987305,-0.5410203432117566,1.5021639364242554,0.426327251958847,0.4,0.0,1.4,0.0
transgastric_short_axis,3,492,24.6011,0.3731689373591789,-0.5410203385853645,1.5021649553203433,0.4263272530069795,-0.007160510694242047,4.626392854394354e-06,0.0010188960878561154,1.0480637342198784e-06,0.04972848185300519,-0.046762727359404246,1.0677545213304174,0.69686118950444,0.28557825088500977,-0.24968027794576955,1.5193149003982545,-0.4553950574398041,0.4,0.0,1.4,0.0
transgastric_short_axis,3,493,24.6512,0.2855710882845475,-0.249680282264922,1.519315653453079,-0.4553950460586144,-0.007162600462150167,-4.319152530870086e-06,0.0007530548245620412,1.1381190165422895e-05,0.06809145079302029,-0.0014772067093033739,0.9789895963206141,0.5450276069355907,0.37256951332092286,-0.5491958316393795,1.5062436382770539,0.41056852111816405,0.4,0.0,1.4,0.0
transgastric_short_axis,3,494,24.701,0.37256235282064915,-0.5491958275122941,1.5062446559218268,0.4105685217285364,-0.007160500273866827,4.127085471396471e-06,0.001017644771551601,6.103019378299441e-07,0.049813830787894926,-0.04686408468425522,1.0668902007257657,0.6944230118493735,0.28639650344848633,-0.2319439995928701,1.5186325469970703,-0.4390432933330536,0.4,0.0,1.4,0.0
transgastric_short_axis,3,495,24.7512,0.28638934084915385,-0.23194400379521435,1.5186332983313546,-0.43904328228702494,-0.007162599332383228,-4.202344754183512e-06,0.0007513342836704765,1.1046026167402432e-05,0.06822658078515859,-0.0008278268209517218,0.9798660234144236,0.52300885839877,0.3704512119293213,-0.5748473160352386,1.4998301904201508,0.4263534675121307,0.4,0.0,1.4,0.0
transgastric_short_axis,3,496,24.8011,0.3704440513865277,-0.5748473113053202,1.49983120535481,0.42635346876441105,-0.007160542793569851,4.7299187880587995e-06,0.0010149346578117628,1.2522127447308168e-06,0.048108587530613756,-0.04841239672271491,1.0651852797113055,0.7232333892343729,0.2807351589202881,-0.21063417517600466,1.51338831281662,-0.4796760901451111,0.4,0.0,1.4,0.0
transgastric_short_axis,3,497,24.8512,0.2807279964936634,-0.21063418021057126,1.5133890916512076,-0.4796760789736594,-0.007162426624663532,-5.034568446875495e-06,0.0007788345877047967,1.1171449513818043e-05,0.0678609561434098,0.002008223045715467,0.974517665226984,0.5491254825068905,0.3717663764953614,-0.5613527042847789,1.494548318195343,0.4509333575248718,0.4,0.0,1.4,0.0
transgastric_short_axis,3,498,24.901,0.3717592159272657,-0.5613526988017118,1.4945493340360958,0.45093335938766277,-0.007160568095788429,5.483067159171433e-06,0.0010158407514237685,1.8627271500210407e-06,0.04801251137747697,-0.048210351737798654,1.0668248380578598,0.7267701600315745,0.2789877653121948,-0.23802093788745662,1.5136429781913756,-0.47898062896728516,0.4,0.0,1.4,0.0
transgastric_short_axis,3,499,24.9509,0.27898060281674764,-0.23802094290324077,1.5136437479894544,-0.4789806174538545,-0.007162495447172592,-5.0157840447008576e-06,0.0007697980788372381,1.1513431968656425e-05,0.06789723537583181,0.0001253517684628811,0.9727541203010566,0.5600330321585612,0.3731778144836426,-0.5424533943555174,1.501763212966919,0.4281355633735657,0.4,0.0,1.4,0.0
transgastric_short_axis,3,500,25.0012,0.37317065396883775,-0.5424533896792724,1.5017642316322188,0.42813556446387846,-0.007160514804952519,4.676245214662456e-06,0.0010186652984199803,1.0902445047599226e-06,0.0496076961089989,-0.04686881840386353,1.0677811608381393,0.6990218266846122,0.2848289251327515,-0.24854964122735482,1.5192946769714355,-0.4596997449159622,0.4,0.0,1.4,0.0
mid_esophageal_4chamber,4,1,0.0511,-5.551115123125783e-17,5.551115123125783e-16,4.842394185828637e-16,0.0,1.1105699693203519e-14,7.899046676077193e-35,3.5615558963491474e-19,-4.386910759156149e-19,3.389675930080046e-17,1.8816481317962798e-32,0.76,0.30000000000000004,0.2335674524307251,-0.13564382409830664,-0.12601488769054411,0.28506736464500426,0.3,0.0,0.0,0.0
mid_esophageal_4chamber,4,2,0.101,0.2335602842555517,-0.13564382477511605,-0.12601503885034002,0.2850674881408404,-0.007168175173643862,-6.768079461721409e-07,-0.0001511597930251244,0.00012349583548410597,-0.00987203936618209,-0.008586672074775372,0.9916039206725202,0.346347723883392,0.2414712429046631,-0.46102114788416193,0.08142719378471375,-0.007424338316917419,0.3,0.0,0.0,0.0
mid_esophageal_4chamber,4,3,0.1512,0.24146407454064217,-0.46102114787632703,0.08142728117164169,-0.007424341686460778,-0.007168364020956221,7.834706210162049e-09,8.738692752857023e-05,-3.369519023124078e-06,0.00521471951511941,-0.002300121216249112,1.0012311772469946,0.471860653505961,0.29102079868316655,-0.21168672717902043,-0.09826712894439697,-0.03538191511631012,0.3,0.0,0.0,0.0
mid_esophageal_4chamber,4,4,0.201,0.29101363034506916,-0.21168672721986342,-0.09826723229542497,-0.035381930821075436,-0.00716833809729524,-4.0843512346226386e-08,-0.0001033510284859169,-1.5704760737110934e-05,-0.0064521014520746685,0.0026529755266995773,1.050654126562613,0.23622098825519783,0.2652324676513672,-0.7017220580660789,0.15915424947738646,-0.02279779415130615,0.3,0.0,0.0,0.0
mid_esophageal_4chamber,4,5,0.2511,0.2652252994452475,-0.7017220580422394,0.15915441781932274,-0.022797803891053903,-0.007168206119537086,2.38395736376329e-08,0.00016834193658610717,-9.739733066126359e-06,0.008986654658416655,-0.006551169462885408,1.0243316346321383,0.7207447503210629,0.2758128881454468,-0.07255287208405697,0.11198179564476013,0.031071610021591187,0.3,0.0,0.0,0.0
mid_esophageal_2chamber,4,1,0.0512,-5.551115123125783e-17,-1.5126788710517758e-15,4.718447854656915e-16,0.0,1.1105699693203519e-14,-9.971542910999744e-35,-4.438982786396275e-19,5.955339266254858e-19,3.302913498259841e-17,-4.996247461729368e-32,0.76,1.5993876953384394,0.0006317615509033314,1.2385142169284145,1.0267568618774414,-0.23692802503108978,0.3,1.571,0.0,0.0
mid_esophageal_2chamber,4,2,0.1008,0.0006245991793888419,1.238514205795945,1.02675775051285,-0.23692804079229202,-0.007162371514523003,-1.1132469135883911e-05,0.0008886354076808982,-1.5761198644685164e-05,0.011498763530539833,0.05850653965251154,0.7263502074055366,1.1447876697081798,0.22407228946685792,-0.4132323657924253,1.3169877542495727,0.15068175716400145,0.3,1.571,0.0,0.0
mid_esophageal_2chamber,4,3,0.1508,0.2240651293407704,-0.41323236094141874,1.3169888260673055,0.1506817640604199,-0.00716012608741881,4.851007268347609e-06,0.0010718177309532518,6.896389830517013e-06,0.059592734200727665,-0.03186700602111606,0.9315419404318279,2.3874900478945857,0.26677813529968264,1.680166235816322,0.35697793807983397,-0.13847373576164246,0.3,1.571,0.0,0.0
mid_esophageal_2chamber,4,4,0.2009,0.2667709679477054,1.6801662344797794,0.35697831584095585,-0.13847377969608043,-0.007167351977294691,-1.3365427437389653e-06,0.00037776112161509994,-4.393444978728784e-05,-0.007459444580318105,0.02367127285588671,1.0220440533511166,0.3995371584290884,0.188694167137146,1.6100165753328175,-0.03461239500045776,0.03941339907646179,0.3,1.571,0.0,0.0
mid_esophageal_long_axis,4,1,0.0511,-5.551115123125783e-17,-2.4022929057183787e-16,7.077671781985373e-16,0.0,1.1105699693203519e-14,9.903605622414111e-35,-3.608876863562941e-18,-3.871505650445397e-19,4.9543702473897615e-17,-1.1901848497606632e-32,0.76,2.3750233683060893,0.0529607653617859,3.0359026506283686,0.010054788208007813,-0.4579332847595215,0.3,2.356,0.0,0.0
mid_esophageal_long_axis,4,2,0.1012,0.052953597202724044,3.035902650394631,0.010054802411336536,-0.457933497994236,-0.007168159061870652,-2.33737505525961e-07,1.4203288894517942e-05,-0.000213234714828856,4.9543702473897615e-17,-5.590549586696621e-32,0.76,0.8562147667410823,0.29162168502807617,2.4021974355196694,-0.8464614539623261,-0.4390505962371826,0.3,2.356,0.0,0.0
mid_esophageal_long_axis,4,3,0.1511,0.29161452195763404,2.402197459339013,-0.8464623646294123,-0.4390506678630308,-0.007163070442075049,2.3819344491862903e-05,-0.000910667075073219,-7.162582704559188e-05,0.026873986531758518,-0.044644298040371254,1.025799437408671,0.9547086179439087,0.21846761703491213,2.433848897015801,0.6271735938549041,0.23667401504516603,0.3,2.356,0.0,0.0
mid_esophageal_long_axis,4,4,0.201,0.21846045171303746,2.4338489049975847,0.627174252776495,0.2366740627792856,-0.007165321874634979,7.98178397774922e-06,0.0006589215896937737,4.773410603905339e-05,-0.02544367364849669,0.032570340496918496,0.9643486811934876,0.6797582697418053,0.20444939136505128,3.049299516044444,-0.33862742528915407,0.4336895155906677,0.3,2.356,0.0,0.0
mid_esophageal_long_axis,4,5,0.2509,0.2044422242419217,3.0492995065857653,-0.3386278642858001,0.43368966575540746,-0.007167123129455351,-9.458678826384745e-06,-0.0004389966469205979,0.00015016473425807195,0.023438248259523804,0.01260127170283461,0.9574107801059641,0.8902533633711789,0.2830229759216309,1.4432766836613369,-0.16346801877021788,-0.10379514648914337,0.3,2.356,0.0,0.0
mid_esophageal_long_axis,4,6,0.3008,0.28301580774003227,1.4432766836279658,-0.16346819317763567,-0.10379519018943269,-0.0071681815987527315,-3.3370984504771626e-08,-0.00017440741837749472,-4.370029019855204e-05,-0.005041723893377117,-0.010807802074392515,1.0418967689188272,0.933192159591533,0.3040380716323853,2.2136294017041664,-0.0035590422391891478,0.14872457885742188,0.3,2.356,0.0,0.0
mid_esophageal_long_axis,4,7,0.3508,0.3040309032389407,2.2136294017078724,-0.00355904610135932,0.14872464607184038,-0.007168393444501735,3.705897387395599e-09,-3.862167307909654e-06,6.721441846511497e-05,0.004299555311813194,0.00291063886672197,1.063644092457293,0.20595466150909483,0.26593565940856934,2.346809718570366,-0.008473896718025207,-0.05836443529129028,0.3,2.356,0.0,0.0
transgastric_short_axis,4,1,0.051,-7.16842105263904e-06,0.0,-5.551115123125783e-17,2.7755575615628914e-16,-0.007168421052635086,-6.387708095761736e-36,2.2901646795818255e-19,-5.516997679577049e-19,-3.885780586188048e-18,-9.71445146547012e-18,0.7599928315789473,1.4560239471891347,0.0002351522445678822,0.8980873282106293,1.1635226543426513,-0.2819730867147446,0.4,0.0,1.4,0.0
transgastric_short_axis,4,2,0.1011,0.000227991670679683,0.898087316158696,1.1635237325869996,-0.28197311103119,-0.007160573888122486,-1.2051934170626754e-05,0.0010782443454633497,-2.4316403230633205e-05,-3.885780586188048e-18,-9.71445146547012e-18,0.7599928315789473,1.049670589510338,0.20996084213256838,-0.5350349718855876,1.3613703114509583,-0.1780437727689743,0.4,0.0,1.4,0.0
transgastric_short_axis,4,3,0.151,0.20995368135949663,-0.5350349792946805,1.361371291162441,-0.1780437700484076,-0.007160773071873418,-7.409093325599416e-06,0.0009797114838139267,2.7206027075322666e-06,0.06159679805585041,-0.029302812571832162,0.9143914833279665,0.596298409772468,0.32190680503845215,-0.49826924241109505,1.5471882129192351,-0.2652680680274963,0.4,0.0,1.4,0.0
transgastric_short_axis,4,4,0.201,0.3218996429159893,-0.49826924404704265,1.5471890075108838,-0.2652680605048256,-0.007162122462800978,-1.6359485808006673e-06,0.000794591649640542,7.522664743204804e-06,0.0615967980573069,-0.029302812568110542,0.9143914833296296,0.5885606622905512,0.35586600303649907,-0.49114986380325665,1.5529992648124695,-0.10698567295074463,0.4,0.0,1.4,0.0
transgastric_short_axis,4,5,0.251,0.3558588414368347,-0.49114986467094646,1.5530001159029334,-0.10698566907112256,-0.007161599664333218,-8.676890195410144e-07,0.0008510904634299152,3.879714828892299e-06,0.06330186310646671,-0.029619645431305748,1.0471009493826788,0.5272870188981466,0.34390697479248045,-0.4268389551443445,1.5426008656024932,-0.03815449075698853,0.4,0.0,1.4,0.0
transgastric_short_axis,4,6,0.3008,0.34389981318282137,-0.42683895583012443,1.542601714793605,-0.03815448844272823,-0.007161609659002334,-6.85780159688022e-07,0.0008491911113319881,2.314020893931563e-06,0.06330186310615232,-0.029619645432069165,1.0471009493777905,0.45511508349589586,0.3517955780029297,-0.48719244803529094,1.5168777902126311,0.05781877727508545,0.4,0.0,1.4,0.0
transgastric_short_axis,4,7,0.3511,0.3517884171869495,-0.48719244815752205,1.5168787395526309,0.05781877845213784,-0.007160815980185048,-1.2223160824414072e-07,0.0009493399993476993,1.1769723377343772e-06,0.060767212042856254,-0.0344825266073589,1.045557667960079,0.5066403943233984,0.3347771406173706,-0.31051969370592536,1.5224836117744445,-0.06826951396465301,0.4,0.0,1.4,0.0
transgastric_short_axis,4,8,0.4011,0.3347699783365023,-0.31051969464357665,1.522484378471713,-0.0682695112674378,-0.007162280868068687,-9.376497351987251e-07,0.0007666972678771864,2.697157906849745e-06,0.060767212042797954,-0.034482526607473515,1.0455576679592353,0.3469014062036318,0.3486013412475586,-0.6334930568771718,1.4715014762878418,0.18976671280860902,0.4,0.0,1.4,0.0
transgastric_short_axis,4,9,0.4511,0.3485941811660766,-0.6334930546662477,1.4715025266393944,0.1897667164041839,-0.00716008148200009,2.21092357738636e-06,0.0010503515524423093,3.5954558661593374e-06,0.05172756626794155,-0.04618425987966601,1.0454710466769337,0.6671431829007944,0.30109524726867676,0.024156452338915925,1.532478853225708,-0.36728589363098146,0.4,0.0,1.4,0.0
transgastric_short_axis,4,10,0.5009,0.3010880852740254,0.024156449842702266,1.5324796737425777,-0.36728588614925256,-0.007161994651315189,-2.496211695201043e-06,0.0008205168699319189,7.48170365759712e-06,0.0517275662682937,-0.046184259879381365,1.045471046674489,0.4035057460100699,0.3364543914794922,-0.477373622767521,1.5591269631385802,0.07349998497962952,0.4,0.0,1.4,0.0
transgastric_short_axis,4,11,0.5511,0.3364472304667211,-0.4773736231210238,1.55912788701567,0.07349998520633605,-0.007161012770896796,-3.535030718384407e-07,0.0009238770891072364,2.2666195382695671e-07,0.06090530161046412,-0.034398606714152596,1.0272629001116955,0.5124924026933929,0.3319991588592529,-0.38000422970718273,1.5243271269321441,-0.08113535850048065,0.4,0.0,1.4,0.0
transgastric_short_axis,4,12,0.6011,0.3319919969026519,-0.38000423083485624,1.5243279342832894,-0.08113535536622063,-0.007161956601191052,-1.1276725832854897e-06,0.000807351144957359,3.1342161016487517e-06,0.06090530160963784,-0.03439860671554604,1.0272629001113158,0.41360450320473113,0.35498249530792236,-0.5761962903511478,1.5061786611557006,0.10988679842948913,0.4,0.0,1.4,0.0
transgastric_short_axis,4,13,0.6511,0.35497533496221517,-0.5761962899527667,1.5061796712336237,0.1098868000581108,-0.007160345706993321,3.983814872106236e-07,0.0010100779235836994,1.6284858394593055e-06,0.05630747749260939,-0.04116288763293012,1.0494817226982704,0.5978115224946648,0.32292110919952394,-0.11392166744329128,1.5330780658721923,-0.2041201027393341,0.4,0.0,1.4,0.0
transgastric_short_axis,4,14,0.7012,0.32291394620626324,-0.11392166884547872,1.5330787480485748,-0.20412009713785587,-0.007162993260665137,-1.4021889349682976e-06,0.0006821763816171,5.6014812514697996e-06,0.056307477492489176,-0.04116288763311932,1.0494817226963662,0.279813104696284,0.3399138927459717,-0.5800218796451546,1.5280027347564697,0.11708090801239013,0.4,0.0,1.4,0.0
transgastric_short_axis,4,15,0.7512,0.33990673234430213,-0.580021879508993,1.5280037348419953,0.11708090886357425,-0.00716040166951948,1.3616387737748696e-07,0.0010000855248170298,8.497838637108953e-07,0.05605704410520576,-0.04161644636536953,1.0328910490217942,0.608382673060718,0.32180285453796387,-0.13823953231140124,1.5334259837150575,-0.21955619502067567,0.4,0.0,1.4,0.0
transgastric_short_axis,4,16,0.801,0.3217956915254165,-0.13823953385191534,1.5334266668423586,-0.21955618887682052,-0.0071630125473013395,-1.5405170969122683e-06,0.0006831273020624317,6.143651997335375e-06,0.05605704410360523,-0.04161644636759802,1.0328910490025787,0.302049131901349,0.3413918495178223,-0.6646939864182676,1.5218233543395996,0.15030387868881226,0.4,0.0,1.4,0.0
transgastric_short_axis,4,17,0.8509,0.34138468926077603,-0.6646939860130511,1.5218243741651625,0.15030387991566574,-0.007160257046296845,4.0521862770070247e-07,0.0010198255622073842,1.225461022086392e-06,0.05148846017495736,-0.04700751224284346,1.0347920391240024,0.6947562768002966,0.30645549297332764,0.03028001675852484,1.5392304817199707,-0.3657282216310501,0.4,0.0,1.4,0.0
transgastric_short_axis,4,18,0.901,0.30644833094015816,0.030280014664554322,1.539231300064662,-0.365728213984636,-0.0071620331694353554,-2.093963848472159e-06,0.0008183446923757296,7.64617774187549e-06,0.051488460173339155,-0.04700751224471808,1.0347920391031395,0.40349879243196685,0.33704509735107424,-0.464715097957724,1.5595276865959167,0.07094977340698243,0.4,0.0,1.4,0.0
transgastric_short_axis,4,19,0.9508,0.33703793627390993,-0.4647150982670358,1.559528602161433,0.07094977351184983,-0.00716107716418129,-3.093096809815357e-07,0.0009155655160696213,1.045476168587588e-07,0.06138178874537245,-0.03354834696484568,1.027825668141065,0.5004074233012061,0.3329091787338257,-0.4028088989274773,1.521136881351471,-0.05611467268466949,0.4,0.0,1.4,0.0
transgastric_short_axis,4,20,1.0008,0.3329020170219428,-0.402808899937431,1.521137719443841,-0.056114670050236626,-0.007161711882905664,-1.0099542441951404e-06,0.0008380923700979707,2.634207677970221e-06,0.0613817887422951,-0.033548346970220355,1.0278256681387083,0.4296281560319675,0.353852128982544,-0.52280095079236,1.5092593631744384,0.07475496096611023,0.4,0.0,1.4,0.0
transgastric_short_axis,4,21,1.051,0.3538449684016526,-0.5228009507358204,1.5092603414430528,0.07475496234099221,-0.007160580891426658,5.6540165327965425e-08,0.0009782686138006284,1.3739058799365875e-06,0.05914516898759384,-0.037101575541945514,1.0481437580257709,0.5412737270909959,0.3343035697937012,-0.2432469962137628,1.5283493418216705,-0.13166995704174042,0.4,0.0,1.4,0.0
transgastric_short_axis,4,22,1.1009,0.3342964069795167,-0.24324699743941514,1.5283500454358068,-0.13166995283171623,-0.007162814184539703,-1.2256549241068555e-06,0.0007036141364995037,4.209735856120342e-06,0.059145168987369774,-0.03710157554248914,1.0481437580147879,0.3119243089936599,0.35002779960632324,-0.6708070646410843,1.4637173295021058,0.19955840921401977,0.4,0.0,1.4,0.0
transgastric_short_axis,4,23,1.1511,0.3500206395534906,-0.6708070621148844,1.4637183826442337,0.1995584135135875,-0.007160052832743529,2.526202258977955e-06,0.0010531421263407718,4.298472316240882e-06,0.04966442972915339,-0.04826965897922991,1.0474275458607092,0.7045307968745592,0.2918967008590698,0.052599137616638286,1.5310448624610902,-0.44695570907592774,0.4,0.0,1.4,0.0
transgastric_short_axis,4,24,1.201,0.29188953924193917,0.05259913435488883,1.5310457439545981,-0.44695570124668776,-0.00716161713078893,-3.261751267292706e-06,0.0008814935085213473,7.829022573719762e-06,0.04966442973141456,-0.04826965897778919,1.0474275458384765,0.4810373442319592,0.3509105682373047,-0.42300400317463044,1.5443213549137116,0.1562484426498413,0.4,0.0,1.4,0.0
transgastric_short_axis,4,25,1.2509,0.350903407310682,-0.42300400285540674,1.5443222931078218,0.15624844138367244,-0.0071609266225782404,3.1922549210807297e-07,0.0009381941093120919,-1.2661529211491736e-06,0.061183389184668716,-0.03351649249364299,1.0427450868108454,0.47600983347839015,0.330259895324707,-0.45078250023767624,1.5064833233356476,-0.008563216853141785,0.4,0.0,1.4,0.0
transgastric_short_axis,4,26,1.301,0.33025273415017026,-0.45078250099349093,1.5064842288816003,-0.008563214910409123,-0.007161174536673373,-7.558141005070634e-07,0.0009055459524606371,1.941129165742732e-06,0.06118338918160537,-0.03351649249868056,1.0427450868121206,0.4684888087730425,0.345831036567688,-0.4172860298666622,1.5168663677215577,0.004066219568252563,0.4,0.0,1.4,0.0
transgastric_short_axis,4,27,1.351,0.34582387520521735,-0.41728603038735335,1.5168672484470456,0.004066221097137834,-0.007161362470541535,-5.206907530602478e-07,0.0008807254875670878,1.5290846414759203e-06,0.06384247818009182,-0.02845840403913684,1.0395970655077316,0.4367346695280893,0.3489823341369629,-0.4705023550659263,1.5028090262889862,0.08429217925071716,0.4,0.0,1.4,0.0
transgastric_short_axis,4,28,1.401,0.34897517340050355,-0.4705023547426612,1.5028099870146567,0.08429218029810137,-0.00716073645943828,3.232652032103593e-07,0.0009607256706315247,1.0473362550497628e-06,0.06384247818012567,-0.028458404039058735,1.03959706550784,0.49158017030516926,0.3329589366912842,-0.3187710198067775,1.509881046295166,-0.00947916955947876,0.4,0.0,1.4,0.0
transgastric_short_axis,4,29,1.4508,0.33295177475340926,-0.31877102032043636,1.5098818557021811,-0.009479168158411433,-0.00716193787485022,-5.136584910642768e-07,0.0008094070156899035,1.4006567122677502e-06,0.06645268645204089,-0.021581748737396277,1.0272130555052892,0.34391031497525637,0.34585387706756593,-0.6323614838911863,1.4425658720970154,0.2128766592979431,0.4,0.0,1.4,0.0
transgastric_short_axis,4,30,1.5009,0.3458467170743818,-0.6323614803754879,1.4425669387982412,0.21287666485594858,-0.0071599931841007,3.5156977872600567e-06,0.0010667012256197813,5.55790537497644e-06,0.06645268645213386,-0.021581748737073088,1.0272130555065293,0.6707771900065965,0.3003091812133789,0.07085672975292073,1.5169395840167998,-0.24023998568058014,0.4,0.0,1.4,0.0
transgastric_short_axis,4,31,1.5509,0.30030201901607895,0.07085672757603234,1.5169403687507446,-0.24023998044703715,-0.007162197299952355,-2.176888870026623e-06,0.0007847339441850795,5.233510796126242e-06,0.06813233689857184,0.01318442957191543,0.9940160057833991,0.29385483032240134,0.3289266109466553,-0.07858805284498889,1.543386395931244,0.19161116423606872,0.4,0.0,1.4,0.0
transgastric_short_axis,4,32,1.601,0.3289194484399599,-0.07858805202772334,1.5433871377856203,0.19161116008402423,-0.007162506695611041,8.172655013978922e-07,0.0007418543770037875,-4.152048020785622e-06,0.06813233689818597,0.013184429573262234,0.9940160057866894,0.26173122603672977,0.3165782451629639,-0.5060022507847906,1.4297288646697999,0.08334542326927184,0.4,0.0,1.4,0.0
transgastric_short_axis,4,33,1.651,0.3165710848801575,-0.5060022498129013,1.429729889813478,0.0833454262127189,-0.007160282806330217,9.718903811345837e-07,0.0010251436779805502,2.9432772242689162e-06,0.059102592097472505,-0.036081178239408734,1.0163959357872898,0.5204123241360575,0.33354878425598145,-0.2384546170262192,1.5105113430976866,-0.10803307793140411,0.4,0.0,1.4,0.0
transgastric_short_axis,4,34,1.701,0.3335416215729537,-0.2384546184139127,1.5105120609921947,-0.10803307426562991,-0.007162683027766814,-1.3876929034829992e-06,0.0007178945074437091,3.6657365518277655e-06,0.05910259209770334,-0.03608117823913789,1.0163959357856862,0.29182423111541456,0.34991686344146733,-0.6365205716938875,1.456256008529663,0.17273053550720213,0.4,0.0,1.4,0.0
transgastric_short_axis,4,35,1.7509,0.3499097034195874,-0.6365205694298551,1.4562570669668498,0.1727305398248591,-0.007160021879967606,2.2640328337920375e-06,0.0010584371858180295,4.317514840475063e-06,0.05193122568847634,-0.04586539988759006,1.0478504068099581,0.663828419164712,0.3042465209960938,0.05010978939957875,1.5324058241844176,-0.36928539133071897,0.4,0.0,1.4,0.0
transgastric_short_axis,4,36,1.801,0.30423935912825684,0.05010978689186096,1.5324066610871006,-0.36928538416241125,-0.007161867836910724,-2.507716040178027e-06,0.0008369026827846173,7.168281899853925e-06,0.05193122568898634,-0.04586539988715782,1.047850406807297,0.4069205204198096,0.3401684284210205,-0.4346874989362682,1.558337687730789,0.0696513545036316,0.4,0.0,1.4,0.0
transgastric_short_axis,4,37,1.8508,0.34016126720163664,-0.4346874992347243,1.5583385858101249,0.06965135461263294,-0.00716121938360463,-2.9845679474192204e-07,0.0008980793352610003,1.0898918031813664e-07,0.062382433739686216,-0.03165016479618536,1.0310322293328429,0.47165274820526315,0.33748526573181153,-0.45721334767399907,1.5109987651348114,0.006583287191390991,0.4,0.0,1.4,0.0
transgastric_short_axis,4,38,1.9008,0.33747810462935585,-0.4572133482580141,1.5109996786277087,0.006583288911563123,-0.007161102455750793,-5.840163419936625e-07,0.0009134928975848318,1.7202151711058822e-06,0.062382433738905736,-0.03165016479764904,1.0310322293328402,0.4746759964169134,0.34337172508239744,-0.3995430103872535,1.51637314081192,0.006743202066421508,0.4,0.0,1.4,0.0
transgastric_short_axis,4,39,1.9509,0.3433645636370037,-0.3995430108540614,1.51637401124216,0.006743203473591031,-0.0071614453937531315,-4.6680794062996977e-07,0.0008704302396338166,1.4074087279330073e-06,0.0642987062214544,-0.027406615356666046,1.03717220220026,0.4200363930185482,0.34998884201049807,-0.5078974436014642,1.4948089756965637,0.10284979491233825,0.4,0.0,1.4,0.0
transgastric_short_axis,4,40,2.0009,0.34998168150700176,-0.5078974430054422,1.494809966668468,0.10284979635862612,-0.007160503496096244,5.960224694235301e-07,0.000990971904405001,1.4462162531966046e-06,0.06429870622150781,-0.027406615356535224,1.0371722022005594,0.5291773381268515,0.3339137077331543,-0.2599281010144484,1.5153975477218629,-0.051047112607955934,0.4,0.0,1.4,0.0
transgastric_short_axis,4,41,2.0509,0.3339065452914695,-0.2599281018099673,1.5153982944081443,-0.05104711042495946,-0.007162441684666029,-7.955194160988592e-07,0.0007466862824345938,2.1829090969105594e-06,0.06795981038507976,-0.016225593205644952,1.0277798999733898,0.2964009728406573,0.346420431137085,-0.6296684038507357,1.4239314823150635,0.26998911466598513,0.4,0.0,1.4,0.0
transgastric_short_axis,4,42,2.1009,0.3464132711351697,-0.6296683982844552,1.4239325556514961,0.2699891224677877,-0.0071600019151718125,5.566280333259277e-06,0.0010733364318720941,7.8017110841324e-06,0.06795981038520438,-0.016225593205022835,1.0277798999752756,0.6876196061627985,0.290114164352417,0.07032455526571724,1.5031213658809661,-0.2759690696239471,0.4,0.0,1.4,0.0
transgastric_short_axis,4,43,2.1509,0.29010700237011233,0.07032455208536259,1.503122180999143,-0.2759690640271927,-0.007161982304512846,-3.1803548894064947e-06,0.000815118177051584,5.59672411317094e-06,0.06767897809604176,0.014327767570263102,0.9847510220580447,0.3222035413650107,0.33499512672424314,-0.00994765568550254,1.542165125656128,0.22440476160049438,0.4,0.0,1.4,0.0
transgastric_short_axis,4,44,2.2009,0.3349879640480452,-0.009947654609567813,1.54216584799559,0.22440475640543855,-0.0071626761978283915,1.0759324946152717e-06,0.0007223394623446841,-5.195057855549605e-06,0.06767897809580882,0.014327767570938746,0.9847510220614197,0.2736679442034433,0.31477313041687016,-0.4534154719000859,1.4403229442596435,0.011037496948242187,0.4,0.0,1.4,0.0
transgastric_short_axis,4,45,2.2509,0.31476596961975706,-0.4534154725261846,1.440323902154697,0.01103749895935291,-0.007160797112903471,-6.260983715794822e-07,0.000957895053436914,2.010243980944616e-06,0.06222097538071304,-0.030748419760603732,1.0138728718973695,0.4632475300843629,0.3417515754699707,-0.36472846253016433,1.5007733885765075,0.006543027591705322,0.4,0.0,1.4,0.0
transgastric_short_axis,4,46,2.3009,0.3417444138966609,-0.3647284629591057,1.5007742438953287,0.00654302888615188,-0.007161573309637907,-4.2894145267694566e-07,0.0008553188213600046,1.2947844146914384e-06,0.06222097538064389,-0.03074841976081115,1.0138728718962216,0.3829083760698315,0.3494181871414185,-0.5585525152342367,1.4739722921848297,0.10468619441986084,0.4,0.0,1.4,0.0
transgastric_short_axis,4,47,2.351,0.3494110268851763,-0.5585525144272689,1.4739733159712793,0.10468619689162839,-0.0071602562420829165,8.069675538456053e-07,0.0010237864493090633,2.4716522430787873e-06,0.056983621996525534,-0.039923824618339473,1.0461595295611006,0.5753011445054289,0.3236709117889405,-0.12901598596510203,1.5273716889381408,-0.17508609659671784,0.4,0.0,1.4,0.0
transgastric_short_axis,4,48,2.401,0.3236637487806516,-0.12901598737207565,1.5273723678634177,-0.1750860915486303,-0.007163008288830448,-1.4069734827466451e-06,0.0006789252771587894,5.048062225740748e-06,0.05698362199654394,-0.03992382461835983,1.0461595295596189,0.26334617482835065,0.34069709777832036,-0.5428224710318996,1.5132433782577515,0.10561328873634339,0.4,0.0,1.4,0.0
transgastric_short_axis,4,49,2.4509,0.3406899373198197,-0.5428224707329182,1.5132443735969598,0.10561328994234209,-0.0071604585006870974,2.989814846429503e-07,0.000995339207961225,1.205839498036529e-06,0.057765966551145055,-0.039157632116681204,1.0347051330632608,0.567584683929658,0.3260276079177856,-0.20966813429652445,1.5283085204601288,-0.1626620777606964,0.4,0.0,1.4,0.0
transgastric_short_axis,4,50,2.5011,0.3260204449874751,-0.2096681356759388,1.5283092086141536,-0.16266207283771994,-0.007162930310543063,-1.3794145068687428e-06,0.0006881540245498199,4.922948927648437e-06,0.0577659665508899,-0.03915763211707167,1.034705133061026,0.3039011428618346,0.34797215461730957,-0.6601092713779122,1.4654230257511138,0.1877022379875183,0.4,0.0,1.4,0.0
transgastric_short_axis,4,51,2.5509,0.3479649945583331,-0.6601092690958895,1.465424079416823,0.18770224203689878,-0.007160058976584452,2.2820228638758307e-06,0.0010536657092049325,4.049241761153004e-06,0.050500283671907314,-0.04747032019818488,1.0452627514523303,0.6913496443702283,0.2960681438446045,0.04477418776749703,1.5322745591640472,-0.4212579129695892,0.4,0.0,1.4,0.0
transgastric_short_axis,4,52,2.6011,0.2960609821326293,0.044774184843843656,1.5322754220620727,-0.4212579052624874,-0.007161711975403585,-2.923652470762108e-06,0.0008628980261275479,7.707075379418776e-06,0.05050028367239422,-0.04747032019780312,1.0452627514495847,0.45581033017199446,0.34990997314453126,-0.4036088459399098,1.549018620300293,0.12922882089614868,0.4,0.0,1.4,0.0
transgastric_short_axis,4,53,2.6509,0.34990281202721424,-0.40360884586341084,1.5490195331277645,0.1292288199101419,-0.0071611173172098,7.649929937059515e-08,0.0009128274716935891,-9.860039067092e-07,0.062320454825227654,-0.03151868868434703,1.0414207121559556,0.45201409032347656,0.3329307079315186,-0.48741733950578053,1.5002573166847228,0.03794851140975952,0.4,0.0,1.4,0.0
transgastric_short_axis,4,54,2.701,0.3329235471455474,-0.4874173397823587,1.500258270558751,0.03794851301483959,-0.007160785971051886,-2.76579845294385e-07,0.0009538740282163576,1.6050425624400227e-06,0.062320454824430056,-0.0315186886857856,1.041420712156066,0.5035540925298057,0.3362607479095459,-0.3165419539743812,1.5203253227233886,-0.04221125400066376,0.4,0.0,1.4,0.0
transgastric_short_axis,4,55,2.7509,0.33625358577216846,-0.3165419547288917,1.5203261069985246,-0.04221125190186914,-0.007162137377392076,-7.54511096290784e-07,0.0007842751355467807,2.0987045325488823e-06,0.06686768043940006,-0.020348738374852703,1.0297834286566598,0.3471636159551249,0.34753904342651365,-0.6447904358926401,1.4497028692245484,0.2424214005947113,0.4,0.0,1.4,0.0
transgastric_short_axis,4,56,2.8009,0.3475318833740174,-0.6447904319694772,1.4497039298997052,0.24242140605077633,-0.007160052496140248,3.92316317065965e-06,0.0010606751556184698,5.4559712055931666e-06,0.06686768043952132,-0.020348738374405186,1.0297834286578822,0.692637151169913,0.29248225688934326,0.06908231545287137,1.5145097767353057,-0.2712405328273773,0.4,0.0,1.4,0.0
transgastric_short_axis,4,57,2.8509,0.2924750948291847,0.06908231285681943,1.514510581068393,-0.2712405271481385,-0.007162060158545595,-2.5960506533635042e-06,0.000804333086398913,5.679207815418736e-06,0.06780059248947279,0.014091146358059966,0.9863410303228151,0.3209642782707468,0.33374390602111814,-0.01878658331374545,1.5446771374225616,0.21790704946517944,0.4,0.0,1.4,0.0
transgastric_short_axis,4,58,2.9011,0.33373674334582715,-0.018786582373405025,1.5446778594646977,0.21790704446479303,-0.007162675290925085,9.403393562145613e-07,0.0007220421362798486,-5.000389123440072e-06,0.0678005924891127,0.014091146359198914,0.9863410303261848,0.2704790526202679,0.3146209239959717,-0.4558943339203532,1.4396757946014405,0.01652029266357422,0.4,0.0,1.4,0.0
transgastric_short_axis,4,59,2.951,0.3146137632354173,-0.4558943344310641,1.4396767571934763,0.016520294679582825,-0.007160760554456623,-5.107108372538858e-07,0.0009625920359978192,2.01541988244161e-06,0.06205242708152942,-0.031071089446400822,1.013765231660862,0.4658085645335975,0.34065251350402836,-0.3528266291710321,1.5010934055805205,0.0028168612003326415,0.4,0.0,1.4,0.0
transgastric_short_axis,4,60,3.001,0.3406453518455118,-0.3528266296240138,1.5010942502477134,0.0028168625052495955,-0.007161658516637014,-4.529810124884252e-07,0.0008446671927225652,1.3058116629838262e-06,0.06205242708149082,-0.03107108944654682,1.0137652316596848,0.37180315622235494,0.34873290061950685,-0.5705713820397103,1.4679412168979644,0.12209276003837585,0.4,0.0,1.4,0.0
transgastric_short_axis,4,61,3.0509,0.34872574044389837,-0.5705713808578442,1.467942252099113,0.12209276289983872,-0.007160175608479576,1.1818657627505169e-06,0.0010352011483361772,2.861347409273021e-06,0.05607972077958522,-0.04105552805596009,1.0458860873924103,0.5896639235359996,0.3207436561584473,-0.0988657358918805,1.5272555914878845,-0.19695127243995666,0.4,0.0,1.4,0.0
transgastric_short_axis,4,62,3.101,0.32073649320039876,-0.09886573743589082,1.5272562776984193,-0.19695126696453574,-0.007162958048444409,-1.5440107836483233e-06,0.0006862105347441846,5.475396329481326e-06,0.05607972077968254,-0.04105552805589001,1.0458860873907367,0.26653536223455604,0.3393598794937134,-0.5346711383076015,1.5305374042510986,0.09962696714401245,0.4,0.0,1.4,0.0
transgastric_short_axis,4,63,3.1509,0.339352718914314,-0.5346711382891604,1.5305383834572819,0.0996269678821346,-0.007160579399519338,1.8441789547740992e-08,0.0009792061835248763,7.379695191676593e-07,0.05825866305976236,-0.03854713494923159,1.0321630287969876,0.562598543463757,0.3283872127532959,-0.24571031619235603,1.5293063967704772,-0.1557727239847183,0.4,0.0,1.4,0.0
transgastric_short_axis,4,64,3.2009,0.32838004991895375,-0.24571031754212525,1.5293070966342306,-0.15577271919703733,-0.007162834342044963,-1.3497691576032378e-06,0.0006998637539668396,4.787652733441108e-06,0.05825866305933277,-0.03854713494986525,1.0321630287949233,0.3263256696649482,0.35077643394470215,-0.7062528440943603,1.4673300199985504,0.21103988528251647,0.4,0.0,1.4,0.0
transgastric_short_axis,4,65,3.2509,0.35076927380834716,-0.7062528415006533,1.4673310653851548,0.21103988940949403,-0.007160136354974338,2.5937072917029888e-06,0.0010453866041964834,4.126853805298266e-06,0.04762534146946475,-0.05026286416941027,1.0479187270500123,0.7418140250878086,0.287566351890564,0.06658510258821769,1.5279720251083373,-0.49570334315299985,0.4,0.0,1.4,0.0
transgastric_short_axis,4,66,3.3009,0.28755919048145173,0.06658509869459017,1.5279729377682632,-0.4957033356769828,-0.007161409112223197,-3.893626949299669e-06,0.0009126599257239543,7.475992203957299e-06,0.04762534146997609,-0.05026286416905658,1.0479187270473695,0.528370495784617,0.34725451469421387,-0.43835298647568,1.5370158292293548,0.1987987199306488,0.4,0.0,1.4,0.0
transgastric_short_axis,4,67,3.3512,0.3472473539723962,-0.43835298575660797,1.5370167956244334,0.19879871857568787,-0.007160721817693704,7.190722351290346e-07,0.0009663950784595555,-1.3549549354888825e-06,0.05978778942185253,-0.03566071810787672,1.0395881902910045,0.5032203439599496,0.3250401020050049,-0.4291464801991681,1.509079224872589,-0.0630829540014267,0.4,0.0,1.4,0.0
transgastric_short_axis,4,68,3.401,0.32503294048181886,-0.4291464814856356,1.5090800866887033,-0.06308295116386553,-0.007161523186012876,-1.2864654561299316e-06,0.0008618161140206508,2.8375100311434963e-06,0.05978778942101864,-0.035660718109104116,1.0395881902913213,0.4535026864571601,0.3520035266876221,-0.4673196070859834,1.517500971364975,0.023772263717651367,0.4,0.0,1.4,0.0
transgastric_short_axis,4,69,3.4509,0.35199636565761894,-0.4673196075035406,1.5175018935363278,0.023772265188617858,-0.007161030003058222,-4.1755819836423954e-07,0.0009221713521257727,1.4708419502337962e-06,0.06202219335663248,-0.03222816993872752,1.0457246834429479,0.48483376537134953,0.33977689743041994,-0.3563136641114626,1.5196111361503601,-0.012972485661506652,0.4,0.0,1.4,0.0
transgastric_short_axis,4,70,3.501,0.3397697356416384,-0.3563136646791678,1.5196119636667298,-0.012972484071008594,-0.00716178878148063,-5.677056928792026e-07,0.0008275163695207812,1.5902717294012006e-06,0.06202219335660879,-0.0322281699387839,1.0457246834423009,0.38087060739437517,0.34931244850158694,-0.5711048673015128,1.4825910298347473,0.12163099179267883,0.4,0.0,1.4,0.0
transgastric_short_axis,4,71,3.5513,0.3493052882686724,-0.5711048663675466,1.482592056373102,0.12163099414492606,-0.007160232914673131,9.339666262919942e-07,0.0010265383547298065,2.352128700836766e-06,0.056150113518739005,-0.04112567932090107,1.0454488062156584,0.5919005564272063,0.32116022109985354,-0.11065652791712405,1.5289356339454652,-0.19862176494598388,0.4,0.0,1.4,0.0
transgastric_short_axis,4,72,3.6014,0.3211530581235709,-0.11065652942554816,1.5289363178957496,-0.19862175940990734,-0.007162976282597266,-1.5084251598392618e-06,0.0006839502841807058,5.536052191202916e-06,0.05615011351877501,-0.04112567932090215,1.0454488062139191,0.2730144412505923,0.3399318218231201,-0.5607134207874838,1.527017404460907,0.10946004667282104,0.4,0.0,1.4,0.0
transgastric_short_axis,4,73,3.6513,0.33992466135380706,-0.5607134206836397,1.5270183978965628,0.10946004756279049,-0.0071604693130857995,1.0384415073700779e-07,0.0009934356562158663,8.898085545015304e-07,0.05701401791525624,-0.04031637713808528,1.0329789705255399,0.5883228381295945,0.32403388023376467,-0.18207670349411068,1.5315946400642395,-0.19033203248977662,0.4,0.0,1.4,0.0
transgastric_short_axis,4,74,3.7011,0.32402671723505755,-0.18207670492519681,1.5315953207274822,-0.19033202697295515,-0.007162998707025026,-1.4310862269918959e-06,0.0006806632437463635,5.516797827168444e-06,0.05701401791483003,-0.040316377138676016,1.032978970523313,0.3040846512067022,0.3459514617919922,-0.6731054142737147,1.4835014585494994,0.18242617063522337,0.4,0.0,1.4,0.0
transgastric_short_axis,4,75,3.751,0.34594430166558193,-0.6731054125839944,1.4835025015544492,0.18242617370718506,-0.00716012641023132,1.68972073911256e-06,0.0010430049494062003,3.0718193796456276e-06,0.05011306267203466,-0.048076999595734776,1.0419964780815278,0.7044465143583193,0.29555726051330566,0.03174845881645931,1.533850301170349,-0.42624064700603487,0.4,0.0,1.4,0.0
transgastric_short_axis,4,76,3.8009,0.29555009875085586,0.03174845596733178,1.5338511581573284,-0.4262406390168619,-0.007161762449761202,-2.849126219109794e-06,0.0008569869797613584,7.989147387474954e-06,0.0501130626722062,-0.04807699959563773,1.0419964780788322,0.459907557251266,0.34958996772766116,-0.4305980694408294,1.548904769897461,0.1398867540836334,0.4,0.0,1.4,0.0
transgastric_short_axis,4,77,3.8508,0.3495828067636127,-0.4305980693511737,1.5489057023158832,0.13988675308442122,-0.007160964048341539,8.965621761561226e-08,0.0009324184222269304,-9.99218415640596e-07,0.061247277271945705,-0.033503941461992634,1.0411075445692197,0.4792679861762954,0.33037376403808594,-0.43978528860538424,1.5082781524658202,-0.01636150131225586,0.4,0.0,1.4,0.0
transgastric_short_axis,4,78,3.9009,0.3303666027695445,-0.4397852894168112,1.5082790454845156,-0.016361499298556126,-0.007161268541206892,-8.11427145549058e-07,0.0008930186952440166,2.0135750041837685e-06,0.06124727727108098,-0.03350394146343107,1.0411075445691103,0.4585323992343587,0.3481931686401367,-0.4448461893322135,1.514369523525238,0.01923098087310791,0.4,0.0,1.4,0.0
transgastric_short_axis,4,79,3.9509,0.34818600749683987,-0.44484618975469487,1.5143704317378672,0.01923098231267506,-0.007161143296864197,-4.224820196407602e-07,0.0009082126290594745,1.4395257616161029e-06,0.06279136070950994,-0.030679152586898774,1.042133359543006,0.4626264677847606,0.3436114311218262,-0.4031644933508409,1.5112554903030395,0.0374079092502594,0.4,0.0,1.4,0.0
transgastric_short_axis,4,80,4.001,0.3436042698481809,-0.4031644935096825,1.5112563826093925,0.037407910218561824,-0.007161273645490654,-1.588411343357032e-07,0.0008923063534592603,9.683269545422962e-07,0.06279136070951279,-0.03067915258689728,1.0421333595427884,0.423673720715037,0.34676327705383303,-0.48815418208394584,1.4934981980323792,0.08521178340911865,0.4,0.0,1.4,0.0
transgastric_short_axis,4,81,4.0509,0.3467561164368363,-0.4881541816787928,1.4934991743833548,0.08521178478125702,-0.007160616996585096,4.051529128181268e-07,0.0009763509754475838,1.3720819144112758e-06,0.060130527757091365,-0.035303224275832365,1.0421517242874394,0.507082399717596,0.3328979969024658,-0.28726393077005263,1.5170135493278503,-0.07916460428237915,0.4,0.0,1.4,0.0
transgastric_short_axis,4,82,4.1009,0.33289083448998286,-0.28726393184381677,1.5170143000449325,-0.07916460133938674,-0.00716241248298386,-1.0737641331745487e-06,0.0007507170821022766,2.942940906058687e-06,0.06013052775707252,-0.035303224275881354,1.0421517242867229,0.3270834559467192,0.3485884666442871,-0.6550584823408467,1.461269545841217,0.20062013912200927,0.4,0.0,1.4,0.0
transgastric_short_axis,4,83,4.151,0.3485813065906264,-0.655058479680875,1.4612706015797121,0.20062014348048063,-0.007160053660693582,2.6599720509405255e-06,0.0010557384947585933,4.3583501196888085e-06,0.05037586813911901,-0.04749479851090938,1.0461560560320469,0.6897448966261476,0.2941083669662476,0.04660702516396,1.530995801925659,-0.42506384954452514,0.4,0.0,1.4,0.0
transgastric_short_axis,4,84,4.2009,0.29410120528192,0.04660702211589207,1.530996668904085,-0.4250638418845955,-0.007161684327553304,-3.048067196838767e-06,0.0008669784256860463,7.659904762723721e-06,0.05037586813965562,-0.047494798510481495,1.0461560560295116,0.4595934792563013,0.3507564067840576,-0.4009273756173363,1.548010257768631,0.13427512764930724,0.4,0.0,1.4,0.0
transgastric_short_axis,4,85,4.2509,0.35074924567580923,-0.40092737549470486,1.5480111719622567,0.1342751265870996,-0.0071611082484136866,1.226315818676624e-07,0.000914193625985702,-1.0622062614549436e-06,0.06231361525391151,-0.03150300596977783,1.0423368907163897,0.4506722909922422,0.33278045654296873,-0.4919801458849809,1.4997580976486207,0.04171100506782532,0.4,0.0,1.4,0.0
transgastric_short_axis,4,86,4.3009,0.33277329579264303,-0.4919801461214916,1.499759056055896,0.04171100667443994,-0.007160750325566549,-2.3651023040909611e-07,0.0009584072754440839,1.6065739923809945e-06,0.062313615253122887,-0.031503005971195666,1.0423368907165227,0.5081885194288299,0.3360984802246094,-0.3082443762555349,1.5208196731567383,-0.04913553063869476,0.4,0.0,1.4,0.0
transgastric_short_axis,4,87,4.3513,0.33609131801210257,-0.3082443770511735,1.5208204481347884,-0.049135528401293094,-0.00716221250677865,-7.956380779288246e-07,0.0007749780503214066,2.2373223795010476e-06,0.06709879476327085,-0.01955969258652395,1.0295860632863525,0.3407503432952954,0.34776010513305666,-0.656378057855035,1.4460600308418274,0.2528044449806213,0.4,0.0,1.4,0.0
transgastric_short_axis,4,88,4.4009,0.34775294506661414,-0.6563780535931053,1.4460610911530054,0.2528044508171048,-0.007160066442609413,4.261930233633637e-06,0.001060311177998417,5.836391147949829e-06,0.06709879476339675,-0.019559692586033545,1.0295860632876752,0.7068193676315251,0.29029684066772465,0.06518519531646073,1.5112264659404755,-0.2957674299716949,0.4,0.0,1.4,0.0
transgastric_short_axis,4,89,4.4508,0.29028967870440864,0.06518519229386399,1.511227284633411,-0.2957674240181432,-0.0071619633160013955,-3.022596003031165e-06,0.000818692934852532,5.953521137982066e-06,0.06754908930133474,0.014632751139183782,0.9843665698349706,0.3407863580755836,0.3390596389770508,-0.009052771141397867,1.54557427110672,0.23783761110305784,0.4,0.0,1.4,0.0
transgastric_short_axis,4,90,4.5011,0.3390524763255658,-0.009052770136103838,1.5455749972630644,0.23783760568429457,-0.007162651484972336,1.0052914421468884e-06,0.0007261563446253539,-5.41876846958687e-06,0.06754908930099497,0.01463275114018825,0.9843665698383519,0.2855789904649186,0.31399116516113285,-0.46298450097998484,1.44559639005661,0.012929510879516602,0.4,0.0,1.4,0.0
transgastric_short_axis,4,91,4.5509,0.31398400440405655,-0.4629845015844481,1.4455973523350698,0.012929512923093078,-0.007160757076327204,-6.044630832564399e-07,0.0009622784600673135,2.0427845478201165e-06,0.06193572625773665,-0.03142230813545374,1.0127246897975055,0.473286056260015,0.3403992891311646,-0.3514505030955717,1.5053197272777556,-0.008385887360572815,0.4,0.0,1.4,0.0
transgastric_short_axis,4,92,4.601,0.34039212739781816,-0.3514505036664602,1.5053205623793735,-0.008385885857093989,-0.007161733346359144,-5.708883760351021e-07,0.0008351016172843668,1.503152851293466e-06,0.06193572625766917,-0.0314223081356502,1.0127246897963391,0.37179738964264153,0.3492630004882813,-0.5791650075644217,1.4709822210788726,0.13004655890464784,0.4,0.0,1.4,0.0
transgastric_short_axis,4,93,4.6511,0.3492558403286296,-0.5791650063072031,1.4709832583065596,0.1300465617786788,-0.0071601596516624785,1.2572191364614445e-06,0.0010372276872999638,2.8739130902714685e-06,0.055562488671027165,-0.041759748640601516,1.046201709239916,0.5999648368545007,0.3192316055297852,-0.08370775117526004,1.5282132081985473,-0.21171942987442016,0.4,0.0,1.4,0.0
transgastric_short_axis,4,94,4.7011,0.319224442620634,-0.08370775278189259,1.5282139012510667,-0.2117194241381311,-0.007162909151160158,-1.6066329434252325e-06,0.0006930525197328066,5.736265124648213e-06,0.05556248867113884,-0.041759748640518526,1.046201709238124,0.27348783807903027,0.33872246742248535,-0.5399425119843311,1.537904723739624,0.10335163550376891,0.4,0.0,1.4,0.0
transgastric_short_axis,4,95,4.7508,0.33871530682937345,-0.5399425120501622,1.5379057011024884,0.10335163603005171,-0.007160593111966125,-6.58295205070396e-08,0.000977362864717959,5.261349595703191e-07,0.05799279708193121,-0.038967827490903065,1.0310110939622228,0.5700818125521235,0.3270660161972046,-0.24023914301603247,1.5301460434913634,-0.1650744704246521,0.4,0.0,1.4,0.0
transgastric_short_axis,4,96,4.8009,0.3270588533294916,-0.2402391443968508,1.5301467395199762,-0.16507446541223025,-0.007162867712988476,-1.3808188832739035e-06,0.0006960286125124469,5.01239455200203e-06,0.05799279708140357,-0.038967827491657614,1.0310110939602066,0.3274492484599006,0.35035946369171145,-0.7168285480663092,1.4705183930397034,0.21264671144485472,0.4,0.0,1.4,0.0
transgastric_short_axis,4,97,4.851,0.35035230352555924,-0.7168285455570764,1.4705194344526884,0.21264671537206326,-0.007160166152167764,2.5092333546230932e-06,0.0010414129842914535,3.927086161950808e-06,0.04706305133485058,-0.05081218224201313,1.0472810073317904,0.7526617259332017,0.28665711879730227,0.07008973935897791,1.5273409792900086,-0.5061214040279388,0.4,0.0,1.4,0.0
transgastric_short_axis,4,98,4.9009,0.28664995742310545,0.07008973531663454,1.5273418981665685,-0.5061213966412222,-0.007161374196808908,-4.042343388064521e-06,0.0009188765606802105,7.386691963691436e-06,0.04706305133530999,-0.05081218224170799,1.047281007329173,0.5386423955795402,0.3471017122268677,-0.42565981976576595,1.5348717714786528,0.20876905660629272,0.4,0.0,1.4,0.0
transgastric_short_axis,4,99,4.9508,0.3470945514944193,-0.425659818890944,1.5348727372974418,0.20876905513738908,-0.007160732448274728,8.748218746638536e-07,0.000965818788766188,-1.4688960111173192e-06,0.06002550256973155,-0.03517893390734292,1.0395813672116334,0.4957423136559062,0.3231569766998291,-0.444497148781845,1.5065203996181489,-0.047908549118041995,0.4,0.0,1.4,0.0
transgastric_short_axis,4,100,5.0008,0.32314981534106185,-0.444497149966912,1.5065212818397402,-0.047908546532873686,-0.007161358767217198,-1.1850676975203503e-06,0.0008822215907444861,2.585111958166649e-06,0.060025502568944296,-0.03517893390851278,1.0395813672120289,0.4659674661674292,0.34998745918273927,-0.44967807901124196,1.5195148876190185,0.0008677348136901855,0.4,0.0,1.4,0.0
transgastric_short_axis,4,101,5.0511,0.349980297966184,-0.44967807960923883,1.5195157863756714,0.0008677365270157722,-0.007161216555082844,-5.979968434388758e-07,0.0008987566532593086,1.7122204399057527e-06,0.06294501108340957,-0.030414642089622787,1.0435683620522158,0.46797128334148896,0.3454705476760864,-0.40713089728748564,1.5156731855392456,0.03007860231399536,0.4,0.0,1.4,0.0
transgastric_short_axis,4,102,5.1009,0.3454633863716893,-0.40713089754084303,1.5156740736992669,0.030078603383596914,-0.007161304397137058,-2.533572343994395e-07,0.0008881600222738937,1.0696270092882516e-06,0.06294501108342912,-0.030414642089587073,1.0435683620519374,0.42780255219686014,0.34725327491760255,-0.4844398213773419,1.4966760848522187,0.08360252294540405,0.4,0.0,1.4,0.0
transgastric_short_axis,4,103,5.1508,0.34724611426644586,-0.48443982102186306,1.4966770566505732,0.083602524230459,-0.007160651156727363,3.5547871407841646e-07,0.000971798354310316,1.2850006734214317e-06,0.06030643196362108,-0.03503999593816565,1.0424206617063787,0.503786411083116,0.3329838752746582,-0.2949739069615081,1.5166469060897827,-0.07231092238426208,0.4,0.0,1.4,0.0
transgastric_short_axis,4,104,5.201,0.332976712926473,-0.29497390799081563,1.5166476647077456,-0.07231091959895064,-0.007162348185273426,-1.029307845197886e-06,0.0007586179634230331,2.7852555508096895e-06,0.06030643196360745,-0.035039995938205684,1.042420661705669,0.33217054983928235,0.348255205154419,-0.6474320212167005,1.4632173614501953,0.19541878609657287,0.4,0.0,1.4,0.0
transgastric_short_axis,4,105,5.2509,0.3482480451003493,-0.6474320186995435,1.4632184165454527,0.19541879027172993,-0.0071600540697099035,2.517156728698556e-06,0.001055095257170146,4.175036324756427e-06,0.050884336517519696,-0.04699715769319522,1.0456924546865636,0.6811986167448391,0.2967531442642212,0.04006551090077677,1.5316747847557068,-0.4074342644691467,0.4,0.0,1.4,0.0
transgastric_short_axis,4,106,5.301,0.29674598248979445,0.04006550804222275,1.5316756379612126,-0.4074342568283717,-0.007161774426679528,-2.858552934538195e-06,0.0008532055055894546,7.640750051879758e-06,0.05088433651800313,-0.04699715769280427,1.0456924546840665,0.4422756881589346,0.3470698356628418,-0.41132743579301606,1.5521139281272889,0.11220181903839112,0.4,0.0,1.4,0.0
transgastric_short_axis,4,107,5.3515,0.347062674509684,-0.41132743585158227,1.5521148357672745,0.11220181832658582,-0.00716115315769636,-5.8567157072537054e-08,0.00090763998653336,-7.118071452436076e-07,0.062381626144631774,-0.03148694818754227,1.0383661916200644,0.45576396436160055,0.33322269916534425,-0.47480019772260984,1.5016774506568908,0.025951525211334227,0.4,0.0,1.4,0.0
transgastric_short_axis,4,108,5.4014,0.33321553826992606,-0.4748001981262363,1.501678390800012,0.0259515268462307,-0.007160895418158523,-4.036251776491252e-07,0.0009401431208764692,1.6346163871230131e-06,0.06238162614384714,-0.03148694818897737,1.0383661916201081,0.4908231548843428,0.33794679641723635,-0.3432635922035858,1.518745461130142,-0.021422975635528564,0.4,0.0,1.4,0.0
transgastric_short_axis,4,109,5.4511,0.33793963451620995,-0.3432635928375064,1.5187462755970964,-0.02142297389206327,-0.007161901026343843,-6.339213268354721e-07,0.0008144669547711995,1.7421022592422259e-06,0.06607180322562489,-0.022818732277015086,1.0315810753186845,0.36910839181771066,0.34805498123168943,-0.6064360476041313,1.463804964351654,0.19922453541755675,0.4,0.0,1.4,0.0
transgastric_short_axis,4,110,5.501,0.34804782118150457,-0.6064360449586824,1.463806018310601,0.19922453940836604,-0.0071600501847299625,2.645450002430283e-06,0.0010539589453562941,3.989980897452349e-06,0.0660718032260843,-0.022818732275465516,1.0315810753273928,0.6436033954107502,0.3079855918884278,0.009447314295703902,1.5189720384120942,-0.16666538000106812,0.4,0.0,1.4,0.0
transgastric_short_axis,4,111,5.5509,0.3079784291514622,0.009447312835710875,1.5189727513599909,-0.16666537565604927,-0.007162736965551954,-1.4599860193762317e-06,0.0007129478973617858,4.3449850128872706e-06,0.06936374255116674,0.006461899678291559,1.0015793337455605,0.224697761960342,0.3249194145202637,-0.19349692081485892,1.5359123416900635,0.1784627534866333,0.4,0.0,1.4,0.0
transgastric_short_axis,4,112,5.6008,0.32491225258779677,-0.19349691992793971,1.5359131549734153,0.1784627503924332,-0.0071619324668220265,8.869195783410597e-07,0.0008132833523462523,-3.094211683587546e-06,0.06936374255095007,0.0064618996796624115,1.0015793337487606,0.3056150631194377,0.32661867141723633,-0.5306830129633158,1.4340739053726197,0.18285329689979554,0.4,0.0,1.4,0.0
transgastric_short_axis,4,113,5.6508,0.3266115113707972,-0.5306830097016517,1.4340749644423285,0.18285330155397883,-0.007160046439128678,3.261664393791359e-06,0.0010590697089032737,4.6540982819570024e-06,0.056089290150060145,-0.04029433368051609,1.0260726909277629,0.5671038354130734,0.31597461700439455,-0.14533438070888646,1.5093788311958314,-0.1921521409034729,0.4,0.0,1.4,0.0
transgastric_short_axis,4,114,5.7009,0.3159674540933738,-0.145334382858885,1.5093795237488523,-0.19215213507266937,-0.0071629110207468,-2.1500006779753927e-06,0.0006925530205969404,5.830780619123124e-06,0.05608929015063084,-0.04029433367988498,1.0260726909261124,0.27761461568338464,0.34217119216918945,-0.5988721291537098,1.4973151825904847,0.13076898465156556,0.4,0.0,1.4,0.0
transgastric_short_axis,4,115,5.7508,0.34216403194497325,-0.5988721283984386,1.4973162093123404,0.13076898668073156,-0.007160224216226311,7.552713566231324e-07,0.0010267218560514656,2.029001739243461e-06,0.05484314363622131,-0.04295494340423851,1.0372810742161505,0.6233488572587317,0.31793010234832764,-0.0724877078611341,1.5322983404159545,-0.24375071640014648,0.4,0.0,1.4,0.0
transgastric_short_axis,4,116,5.8009,0.31792293952545153,-0.07248770952438828,1.532299045979645,-0.24375071008852217,-0.007162822876014,-1.6632552287343179e-06,0.0007055636906096069,6.311601083631622e-06,0.05484314363617394,-0.04295494340434669,1.0372810742136511,0.29817538148549055,0.33582892417907717,-0.588196619058721,1.5474228421211242,0.09665861749649048,0.4,0.0,1.4,0.0
transgastric_short_axis,4,117,5.8508,0.3358217636516294,-0.5881966193577383,1.5474238271960745,0.09665861812296139,-0.007160527447809828,-2.990161494861887e-07,0.0009850749503274084,6.262904948711923e-07,0.05620999640505378,-0.04154920453562255,1.02745387157563,0.6173902998324786,0.32372136116027833,-0.13804422689614673,1.5364089391708373,-0.23211756463050842,0.4,0.0,1.4,0.0
transgastric_short_axis,4,118,5.9009,0.3237141981723861,-0.13804422836401045,1.5364096231668585,-0.23211755835398956,-0.007162987892159275,-1.467862905404812e-06,0.0006839960215766707,6.276497567388133e-06,0.056209996404329346,-0.04154920453655887,1.027453871573631,0.3120286505015832,0.3411275386810303,-0.682340570337891,1.5262039732933044,0.1624156515598297,0.4,0.0,1.4,0.0
transgastric_short_axis,4,119,5.9508,0.3411203783779828,-0.6823405699628785,1.5262049900282362,0.16241565257517188,-0.007160303047480595,3.750126818808193e-07,0.0010167349320335645,1.0151870996637508e-06,0.050346788830379324,-0.048201128794600256,1.034220204979502,0.7150958026509903,0.3022709369659424,0.022548319159428388,1.5385217255115509,-0.40288642773628236,0.4,0.0,1.4,0.0
transgastric_short_axis,4,120,6.0009,0.30226377505816965,0.022548316816259906,1.5385225608781141,-0.4028864197117811,-0.007161907772686072,-2.343165778809697e-06,0.0008353665630224432,8.024475767064627e-06,0.050346788827761536,-0.048201128797332585,1.0342202049563856,0.43768340534858613,0.344073486328125,-0.4585286163573619,1.5540808436393738,0.11069517374038697,0.4,0.0,1.4,0.0
transgastric_short_axis,4,121,6.0511,0.3440663253706565,-0.45852861651454,1.554081775591298,0.1106951732663104,-0.007160957468416396,-1.5717855358655938e-07,0.000931951924842725,-4.7409722589730963e-07,0.060857110619205186,-0.03435195068721941,1.0352327091188527,0.49937128779506834,0.32983694076538084,-0.39511652456635155,1.5167463379383086,-0.05870224142074585,0.4,0.0,1.4,0.0
transgastric_short_axis,4,122,6.1008,0.32982977902651484,-0.39511652564196964,1.5167471723365047,-0.05870223874400171,-0.007161738865918506,-1.0756182644383602e-06,0.0008343981959600108,2.676687397072794e-06,0.06085711061829596,-0.03435195068871607,1.0352327091185722,0.42203884161173644,0.3542193651199341,-0.5315790210285054,1.5072651085853577,0.07947207527160645,0.4,0.0,1.4,0.0
transgastric_short_axis,4,123,6.1509,0.3542122045817461,-0.5315790209189525,1.5072660935946374,0.07947207672427137,-0.007160538187990948,1.095530811328561e-07,0.0009850092792601372,1.4525433065569826e-06,0.0587153241648063,-0.03775036354148656,1.048649316643765,0.5499950940729726,0.33213057518005373,-0.22036236974292786,1.529077572441101,-0.1419211746454239,0.4,0.0,1.4,0.0
transgastric_short_axis,4,124,6.2009,0.3321234122920557,-0.22036237097091,1.5290782650875006,-0.141921170269522,-0.007162887997845146,-1.2279820683759373e-06,0.0006926463998228313,4.3758724370459555e-06,0.05871532416471846,-0.037750363541644336,1.048649316642342,0.2999493670396138,0.34932537078857423,-0.6279138384231858,1.4616680222511291,0.18080792198181153,0.4,0.0,1.4,0.0
transgastric_short_axis,4,125,6.2511,0.3493182107438557,-0.6279138361118992,1.4616690776788248,0.18080792603359885,-0.007160044718471811,2.3112869155585376e-06,0.0010554276953643987,4.051650062453336e-06,0.05215452534737797,-0.04563758681017512,1.046879827112695,0.65828490078483,0.304082727432251,0.03309556059722705,1.532030941772461,-0.3541615450143814,0.4,0.0,1.4,0.0
transgastric_short_axis,4,126,6.3012,0.3040755654070582,0.03309555813454779,1.5320317601149815,-0.3541615376857745,-0.007162025192763191,-2.4626713999802148e-06,0.0008183425215908684,7.328381076095155e-06,0.052154525347874826,-0.04563758680975298,1.0468798271099478,0.39135609561526585,0.3340261220932007,-0.4502922705376415,1.5597201836585999,0.06607686381340026,0.4,0.0,1.4,0.0
transgastric_short_axis,4,127,6.3511,0.3340189609350574,-0.4502922708462923,1.5597210890442152,0.06607686395878432,-0.0071611581433147975,-3.086503069132929e-07,0.0009053856152600679,1.4508101697028265e-07,0.061943951437932715,-0.03251154544079457,1.0247933658207091,0.4868198896266442,0.3357993602752686,-0.43738394953997345,1.5166660059928894,-0.02451903247833252,0.4,0.0,1.4,0.0
transgastric_short_axis,4,128,6.4011,0.3357921989155088,-0.43738395037216204,1.5166668872112687,-0.02451903035657299,-0.007161359759564349,-8.32188939586898e-07,0.000881218380359796,2.121690515625249e-06,0.06367146777660385,-0.028824800523032854,1.0295788400715444,0.4578642890469369,0.3500967264175415,-0.4751997967217978,1.5123992374420165,0.04774676170349121,0.4,0.0,1.4,0.0
transgastric_short_axis,4,129,6.4511,0.35008956553677273,-0.4751997969002836,1.51240017878722,0.047746762974514745,-0.007160880768833888,-1.7848705904520943e-07,0.0009413452032965086,1.270960257665542e-06,0.061338303986820795,-0.033438731412045584,1.0441726450369184,0.49317284192088523,0.33576967716217043,-0.3320289431153565,1.5193066612243653,-0.03847965724468231,0.4,0.0,1.4,0.0
transgastric_short_axis,4,130,6.5009,0.33576251513154637,-0.332028943871313,1.5193074588104256,-0.038479655184951334,-0.007162030623872158,-7.559574103624992e-07,0.0007975860597299315,2.059637650759518e-06,0.06650353568525287,-0.021505738824457256,1.0293638092938848,0.3606724658488343,0.34810054302215576,-0.6252196348616504,1.458470661020279,0.22535282835960388,0.4,0.0,1.4,0.0
transgastric_short_axis,4,131,6.551,0.3480933829665995,-0.6252196315572435,1.458471718782424,0.2253528329819945,-0.007160055556324509,3.3044071399897235e-06,0.0010577621441935218,4.622294495975975e-06,0.05111040714226998,-0.046537756151443746,1.0458403879079892,0.669176154541395,0.29573166370391846,0.026243205500561136,1.5281789407253266,-0.39335314178466796,0.4,0.0,1.4,0.0
transgastric_short_axis,4,132,6.601,0.295724501812927,0.02624320247408729,1.5281797805645567,-0.3933531340843148,-0.007161890991485147,-3.0264648001590994e-06,0.0008398392302395815,7.700145829050818e-06,0.05111040714308815,-0.046537756150742446,1.045840387905369,0.42745623101995966,0.3424273014068604,-0.4557744916712997,1.5550935130119323,0.10067858533859253,0.4,0.0,1.4,0.0
transgastric_short_axis,4,133,6.651,0.34242014040503255,-0.4557744918397476,1.555094438878836,0.1006785849161238,-0.007161001827980763,-1.6844740807184118e-07,0.0009258669028120603,-4.2265027006345787e-07,0.06113917027675052,-0.03388795718660122,1.033516444611237,0.4952133783275755,0.33069868087768556,-0.4027695756895066,1.5164323130607604,-0.050052045106887814,0.4,0.0,1.4,0.0
transgastric_short_axis,4,134,6.701,0.3306915192122107,-0.40276957670724933,1.5164331574935748,-0.05005204257928053,-0.007161665474807459,-1.0177423098594825e-06,0.0008444328138574616,2.5270706088351605e-06,0.061139170272971374,-0.03388795719298602,1.0335164446089253,0.4278888694045802,0.3538255214691162,-0.5138562249286245,1.508147449207306,0.06926636037826538,0.4,0.0,1.4,0.0
transgastric_short_axis,4,135,6.751,0.3538183608443672,-0.5138562249083575,1.5081484220297625,0.06926636175466694,-0.007160624748999753,2.0268261245137595e-08,0.0009728224563768344,1.3754549704733732e-06,0.05957665490108444,-0.03640861230940977,1.0481955916619663,0.5316717725537303,0.335164737701416,-0.25879165943709515,1.526855242538452,-0.11787233684062957,0.4,0.0,1.4,0.0
transgastric_short_axis,4,136,6.8011,0.3351575749834954,-0.25879166061812076,1.526855957650934,-0.11787233295770516,-0.007162717920541183,-1.1810265097104511e-06,0.0007151124821149452,3.882607049911406e-06,0.059576654900826295,-0.036408612310031466,1.048195591650599,0.31806286258526517,0.3501929044723511,-0.6711810099088343,1.4629889116287231,0.20908476676940918,0.4,0.0,1.4,0.0
transgastric_short_axis,4,137,6.8514,0.35018574441088807,-0.6711810071762943,1.4629899645003839,0.20908477117286228,-0.007160061462990987,2.7325425486848163e-06,0.0010528716594147454,4.402419937836272e-06,0.049386421584813656,-0.04849869817594502,1.0476355637088546,0.7075659556665017,0.2907673120498657,0.04938474379280468,1.5299059839248657,-0.45308396916389465,0.4,0.0,1.4,0.0
transgastric_short_axis,4,138,6.9014,0.2907601504414614,0.04938474039014373,1.5299068674298661,-0.4530839613262512,-0.007161608404465364,-3.4026618060235757e-06,0.0008835050005101418,7.837431167133612e-06,0.04938642158779595,-0.048498698173959416,1.0476355636842318,0.4863466536653694,0.34976019859313967,-0.4406850417408567,1.5435830125808716,0.16351408324241637,0.4,0.0,1.4,0.0
transgastric_short_axis,4,139,6.9515,0.34975303776071476,-0.440685041389257,1.5435839628830097,0.1635140820114822,-0.007160832424866173,3.516011030949684e-07,0.0009503021373163086,-1.230947889947845e-06,0.06043631127980519,-0.03480220037633688,1.0416449655306421,0.4940458200731736,0.3283726215362549,-0.41622149363874106,1.5109115047931672,-0.04530103783607483,0.4,0.0,1.4,0.0
transgastric_short_axis,4,140,7.001,0.32836545999421657,-0.41622149469422565,1.5109123650268224,-0.04530103537166408,-0.007161542038292098,-1.0554853605266622e-06,0.0008602336559305322,2.4638124362217005e-06,0.06043631127578592,-0.03480220038261443,1.0416449655313118,0.43900521237101886,0.3526448726654053,-0.4817727695753576,1.5117732474803924,0.043244989442825316,0.4,0.0,1.4,0.0
transgastric_short_axis,4,141,7.0509,0.35263771180578485,-0.4817727698062878,1.5117741906672402,0.04324499080275057,-0.0071608596204073725,-2.3093019520624237e-07,0.0009431868469085355,1.359057856280808e-06,0.06119418163682911,-0.033703822182762876,1.0467649327554784,0.49871012321654434,0.3357837200164795,-0.31739920056214244,1.521493412876129,-0.04904012475013733,0.4,0.0,1.4,0.0
transgastric_short_axis,4,142,7.1011,0.33577655784186095,-0.3173992013741941,1.5214941937550863,-0.04904012246345957,-0.007162174618480836,-8.120525050316923e-07,0.0007808789569032748,2.2859994440832717e-06,0.06119418163667209,-0.03370382218318467,1.0467649327477833,0.34933175676288813,0.34766047000885014,-0.623833397096426,1.4699731095314026,0.18061729745864868,0.4,0.0,1.4,0.0
transgastric_short_axis,4,143,7.1513,0.3476533099493092,-0.623833395003038,1.4699741601901586,0.18061730106005047,-0.007160059541154787,2.093390413135459e-06,0.001050658755632438,3.6003990517074414e-06,0.05239415313079053,-0.045455057689373454,1.0446416054601806,0.6553070068424528,0.30493056774139404,0.02125402286964988,1.5320249496459961,-0.33748892126083374,0.4,0.0,1.4,0.0
transgastric_short_axis,4,144,7.2014,0.30492340559664316,0.02125402052973513,1.532025751204813,-0.33748891399608594,-0.00716214475089837,-2.33990037489447e-06,0.0008015588172181466,7.264523619239834e-06,0.052394153132586996,-0.045455057688105455,1.0446416054386316,0.3752610534594171,0.33025257587432866,-0.4738485753637188,1.560240000629425,0.0664541805267334,0.4,0.0,1.4,0.0
transgastric_short_axis,4,145,7.251,0.3302454148268395,-0.47384857570927885,1.5602409195327054,0.06645418077388232,-0.007161047488990641,-3.455589744152488e-07,0.0009189032805061395,2.466064211537225e-07,0.061154543673700774,-0.03397306680406244,1.0209834641789315,0.5094030676089483,0.33260269165039064,-0.39515210273403933,1.5237902698516845,-0.07395042436122894,0.4,0.0,1.4,0.0
transgastric_short_axis,4,146,7.301,0.33259552980325807,-0.3951521038462228,1.5237910917781985,-0.07395042134267182,-0.007161847132527676,-1.1121841897911737e-06,0.0008219265139085382,3.018166090209732e-06,0.06115454367020591,-0.03397306681009282,1.0209834641740194,0.42600639314099104,0.3542530059814453,-0.5509979594595225,1.5093816400051117,0.09045526857376099,0.4,0.0,1.4,0.0
transgastric_short_axis,4,147,7.3515,0.3542458455320366,-0.5509979592781536,1.5093826348259531,0.09045527003182485,-0.00716044940880088,1.8136950199112972e-07,0.0009948208405476952,1.456966501006612e-06,0.05775082792380411,-0.03919748880502491,1.0485333199546398,0.5708230114998575,0.3274907112121582,-0.17610275463230457,1.531186613702774,-0.166650493311882,0.4,0.0,1.4,0.0
transgastric_short_axis,4,148,7.4014,0.3274835482082488,-0.17610275591484958,1.5311872927125894,-0.16665048841071517,-0.007163003909286725,-1.2825449226801079e-06,0.0006790098151227491,4.901140312586449e-06,0.06940344453167689,-0.006453060447043581,1.0202362525920248,0.2850496579160533,0.34884939193725584,-0.5866390443280529,1.4331189102172852,0.3182159955024719,0.4,0.0,1.4,0.0
transgastric_short_axis,4,149,7.4513,0.34884223186896407,-0.5866390378253226,1.4331199788406925,0.3182160032845305,-0.007160068291509985,6.502730429319266e-06,0.0010686234058440488,7.781972740133748e-06,0.050233412791733,-0.046539064955940644,1.048208001995663,0.6701647824867831,0.28708500862121583,-0.010827185441447224,1.512928042602539,-0.4255126036405563,0.4,0.0,1.4,0.0
transgastric_short_axis,4,150,7.5013,0.28707784677122666,-0.010827189851197051,1.5129288891093369,-0.4255125958102498,-0.007161849989145973,-4.409752601500453e-06,0.0008465067980345215,7.83028821537701e-06,0.06691951865166051,0.013723838471064457,0.9809457986211259,0.45462351887967956,0.36116302013397217,-0.4294485201174859,1.5319792596817017,0.33808907017707823,0.4,0.0,1.4,0.0
transgastric_short_axis,4,151,7.5512,0.3611558595645215,-0.4294485181544132,1.5319802579335304,0.3380890678173589,-0.007160569450452225,1.9630728246932723e-06,0.0009982518294354725,-2.359759165952258e-06,0.056962053422979726,-0.03885438523077633,1.0537954135120444,0.5636114825418345,0.3112233400344849,-0.4719088162106784,1.5092541200637817,-0.10345078647136688,0.4,0.0,1.4,0.0
transgastric_short_axis,4,152,7.6011,0.3112161785810104,-0.4719088180076241,1.5092549935643698,-0.10345078273983593,-0.0071614534745731645,-1.7969479133587866e-06,0.0008735005874481621,3.7313616539011326e-06,0.05696205344063884,-0.03885438523295946,1.0038557330751725,0.5032089203574864,0.3441629409790039,-0.4632988996302363,1.5374478240966796,-0.07628529388904572,0.4,0.0,1.4,0.0
transgastric_short_axis,4,153,7.651,0.34415577943940295,-0.46329890064565915,1.5374486827029417,-0.07628529070002782,-0.0071615396009553686,-1.015423828484907e-06,0.0008586062629486498,3.1890188764383927e-06,0.0636870539281216,-0.02883405152390598,1.036486288036126,0.49241855596987677,0.3499609708786011,-0.45128171810639,1.528466001033783,0.014796620035171508,0.4,0.0,1.4,0.0
transgastric_short_axis,4,154,7.7011,0.3499538096853999,-0.451281718574547,1.528466901972398,0.014796621492911999,-0.0071611932010968785,-4.6815643832617516e-07,0.0009009386154629471,1.4570790874402043e-06,0.06368705392832218,-0.028834051523437893,1.0364862880353478,0.4721043270237968,0.343704080581665,-0.40415562620121676,1.5149792223930358,0.035025851726531984,0.4,0.0,1.4,0.0
transgastric_short_axis,4,155,7.751,0.34369691928531865,-0.4041556264027262,1.5149801117848263,0.03502585271888242,-0.007161296346389567,-2.01508016420391e-07,0.000889391790405502,9.926206011108024e-07,0.06375851782500228,-0.028602590965623967,1.0376008283209284,0.42539281107663296,0.347492265701294,-0.4922760064373319,1.4927570468902587,0.09726550755500793,0.4,0.0,1.4,0.0
transgastric_short_axis,4,156,7.8012,0.34748510514270026,-0.4922760058620417,1.4927580302432837,0.09726550893315372,-0.007160558593663246,5.752904817015804e-07,0.0009833530251591436,1.377668209589883e-06,0.0637585178252577,-0.028602590965053208,1.0376008283222418,0.512989387348313,0.33344120979309083,-0.28321270099149964,1.5125692640304564,-0.04031371607780457,0.4,0.0,1.4,0.0
transgastric_short_axis,4,157,7.8512,0.3334340475085242,-0.2832127017559125,1.5125700319237572,-0.04031371406473988,-0.007162284566536677,-7.644137392144474e-07,0.0007678933007883059,2.0120983745822056e-06,0.0674644050475599,-0.01816544038705547,1.0275059306353598,0.31454358695734075,0.3463589191436768,-0.64467752202361,1.4291627959728241,0.2569259044647217,0.4,0.0,1.4,0.0
transgastric_short_axis,4,158,7.9012,0.3463517591496892,-0.6446775170589764,1.429163866130775,0.2569259117486757,-0.007159993987693755,4.964635637626158e-06,0.0010701579472859302,7.283171959609944e-06,0.06746440504800051,-0.01816544038485103,1.0275059306516987,0.6966697136830635,0.29121875762939453,0.07445312074561258,1.5066979163646699,-0.28676032762527465,0.4,0.0,1.4,0.0
transgastric_short_axis,4,159,7.9512,0.2912115956691707,0.0744531175870149,1.5066987382295904,-0.28676032190041106,-0.007161960223751601,-3.1585935794691277e-06,0.0008218649206302941,5.7245905347301974e-06,0.06750401789323679,0.014962314951713558,0.9856038085170102,0.33315805046777414,0.3375427722930908,0.0051569617795862496,1.5434418231010436,0.2313816565990448,0.4,0.0,1.4,0.0
transgastric_short_axis,4,160,8.0012,0.33753560957177436,0.005156962859658165,1.5434425405976002,0.23138165117417664,-0.007162721316341177,1.0801095010681778e-06,0.0007174965552660286,-5.424901737598561e-06,0.06750401789172183,0.01496231495568926,0.9856038085496515,0.27935931216032206,0.31490910053253174,-0.45425567841805986,1.442350342798233,0.003502959680557251,0.4,0.0,1.4,0.0
transgastric_short_axis,4,161,8.051,0.31490193971104546,-0.4542556792035089,1.4423512963498037,0.003502961726151277,-0.007160821486348654,-7.854478253183154e-07,0.0009535515704537853,2.0209399726207355e-06,0.06232900007906278,-0.030572601971547125,1.0138683618621251,0.4641075360268862,0.34276628494262695,-0.3736876069144891,1.5022592486858368,0.0046373441219329835,0.4,0.0,1.4,0.0
transgastric_short_axis,4,162,8.1012,0.34275912340226866,-0.373687607384722,1.5022601083823712,0.0046373454960582094,-0.007161540358263428,-4.702341238851436e-07,0.0008596965339449176,1.3779999816282473e-06,0.062329000079103525,-0.03057260197207791,1.0138683618512794,0.39166003192337484,0.35016584396362305,-0.552647101158608,1.47967024269104,0.09476697807312011,0.4,0.0,1.4,0.0
transgastric_short_axis,4,163,8.1511,0.3501586836523593,-0.5526471005836915,1.4796712582570288,0.09476698032347741,-0.007160311263735324,5.7491700720538e-07,0.0010155659890009122,2.250042134610964e-06,0.057460798624774524,-0.039330258621330175,1.0465143231169973,0.56853431255353,0.32581253051757814,-0.15019566918963587,1.5276965745449065,-0.1663584707736969,0.4,0.0,1.4,0.0
transgastric_short_axis,4,164,8.2012,0.325805367506918,-0.15019567054536714,1.5276972528019073,-0.16635846589132175,-0.0071630106598950805,-1.355731310950775e-06,0.0006782570002354533,4.882348836663952e-06,0.0695375641055561,-0.004661773540459197,1.0188005477881794,0.2684125751305707,0.34597330093383794,-0.5464793449096607,1.4613167338371276,0.29096698765754697,0.4,0.0,1.4,0.0
transgastric_short_axis,4,165,8.2511,0.34596614083610777,-0.5464793402558887,1.461317789406384,0.290966992395588,-0.0071600977301818185,4.653774440997659e-06,0.001055569253195965,4.737310754266492e-06,0.05297974172363887,-0.04397844762263545,1.0434536003978703,0.6244845788520919,0.2950934410095215,-0.12517597815050596,1.5149760390758513,-0.3000985202550888,0.4,0.0,1.4,0.0
transgastric_short_axis,4,166,8.3011,0.2950862782833658,-0.12517598115299106,1.514976764532383,-0.3000985120996845,-0.007162726155668714,-3.0024897626990253e-06,0.0007254565309810721,8.15526740896504e-06,0.05297974172863852,-0.043978447618405504,1.0434536003703097,0.3604922864761865,0.33520441055297856,-0.6915910811902273,1.545057262945175,0.14183456969261168,0.4,0.0,1.4,0.0
transgastric_short_axis,4,167,8.351,0.335197250181685,-0.6915910813491863,1.5450582674539834,0.14183457009076683,-0.007160371293637412,-1.5895754808151044e-07,0.00100450880847463,3.9679353399546393e-07,0.050472398113251514,-0.0482153726770723,1.0269896705628865,0.7236411862348191,0.30568776130676273,0.03306822158416171,1.5413520689964295,-0.3986496198177338,0.4,0.0,1.4,0.0
transgastric_short_axis,4,168,8.4012,0.3056805994160366,0.03306821947236305,1.5413529059787496,-0.3986496118832853,-0.007161890726303159,-2.111797152319828e-06,0.0008369823205956721,7.93442068955937e-06,0.06674042138960212,0.015801320131041723,0.9976605433437444,0.4346168583349267,0.35590596199035646,-0.20273357490714836,1.5488553348541259,0.3097277738571167,0.4,0.0,1.4,0.0
transgastric_short_axis,4,169,8.4511,0.355898800525327,-0.20273357383070234,1.5488562161195452,0.309727768677595,-0.007161465029398107,1.076446261373975e-06,0.0008812654193494198,-5.179534724859069e-06,0.06477099509491986,-0.024205193109892,1.047397948500404,0.4014165934795226,0.30643630027770996,-0.6514965459947578,1.511605467939377,-0.00405170738697052,0.4,0.0,1.4,0.0
transgastric_short_axis,4,170,8.5011,0.30642913993877846,-0.651496547077542,1.5116064765963406,-0.004051704541652718,-0.007160338931318818,-1.0827842662771392e-06,0.001008656964710502,2.8497088323680746e-06,0.05565069071470247,-0.04225912734014081,1.0005699939581463,0.667589453657335,0.3180578231811524,-0.1392544463580736,1.5454592971801757,-0.3384118959903717,0.4,0.0,1.4,0.0
transgastric_short_axis,4,171,8.5515,0.31805066038752894,-0.13925444793785755,1.5454600128520122,-0.3384118876447139,-0.007162793623459339,-1.5797841898050233e-06,0.0007156718373234617,8.345638594308932e-06,0.06894775036240917,0.002069383687025656,1.0097737230933987,0.4022296813657138,0.354833984375,-0.7403161308526949,1.5349135291099547,0.4059008418560028,0.4,0.0,1.4,0.0
transgastric_short_axis,4,172,8.6009,0.3548268233226759,-0.7403161290084528,1.5349144739764018,0.4059008387767875,-0.0071610523239498385,1.8442424080645055e-06,0.0009448664474039251,-3.0792604207540494e-06,0.04022483817968376,-0.05547151189508834,1.0472359945565364,0.8561927312055445,0.26502676010131837,-0.14061334511023255,1.4755847359657288,-0.5656670372486114,0.4,0.0,1.4,0.0
transgastric_short_axis,4,173,8.6509,0.265019598276794,-0.14061335477284279,1.475585608856056,-0.5656670295840247,-0.0071618245243533375,-9.662610075035435e-06,0.0008728903267481666,7.664584285156326e-06,0.06625067822007508,0.009568645769439613,0.9611559877466445,0.6030623491931709,0.3706507205963135,-0.5335721474330775,1.4485201732635498,0.418863309431076,0.4,0.0,1.4,0.0
transgastric_short_axis,4,174,8.701,0.3706435603117831,-0.5335721392783631,1.4485212255719917,0.41886331712496805,-0.007160284530437842,8.154714619778858e-06,0.0010523084398892063,7.693839013845383e-06,0.04999382128551214,-0.04606613637626311,1.0688124613647783,0.6807068503615903,0.29102525711059574,-0.16826001569931945,1.5134238910675049,-0.4429717876195908,0.4,0.0,1.4,0.0
transgastric_short_axis,4,175,8.751,0.29101809469907175,-0.16826002031129478,1.5134246673061496,-0.4429717773011464,-0.007162411523976419,-4.611977300778789e-06,0.0007762386451541785,1.0318440511831705e-05,0.0680852726107481,0.003651437694471792,0.9848382052249705,0.4992771181989267,0.365800952911377,-0.6374180777871902,1.4890138403892517,0.45028676962852476,0.4,0.0,1.4,0.0
transgastric_short_axis,4,176,8.801,0.36579379221309855,-0.637418072044966,1.4890148397830991,0.4502867715858354,-0.007160698278485082,5.742224660184834e-06,0.0009993938466012053,1.95725792739662e-06,0.044206747631493425,-0.051691702321240665,1.0612271239694837,0.7862274998926756,0.25997605323791506,-0.1593557365946395,1.4898218411922455,-0.5283066905021667,0.4,0.0,1.4,0.0
transgastric_short_axis,4,177,8.8509,0.25996889121226135,-0.1593557442991321,1.489822680522309,-0.5283066808317392,-0.007162025653694371,-7.704493094393507e-06,0.0008393300633785789,9.67042588676371e-06,0.06699023984922209,0.0071023398893355055,0.9552448836293572,0.5763497441806631,0.37011566162109377,-0.5871811432515062,1.4664433725357056,0.441389959859848,0.4,0.0,1.4,0.0
transgastric_short_axis,4,178,8.9011,0.37010850114346333,-0.5871811359504697,1.4664444012200688,0.44138996512645345,-0.007160477630444955,7.301036514275306e-06,0.0010286843610002117,5.266551183214001e-06,0.04689740351407699,-0.049169415515678855,1.0670504797720541,0.7381836816726577,0.27529373168945315,-0.16677771688133813,1.5041196166992188,-0.4969392192363739,0.4,0.0,1.4,0.0
transgastric_short_axis,4,179,8.9511,0.2752865694849929,-0.16677772289094114,1.5041204272015563,-0.49693920884301573,-0.007162204460150335,-6.009602189744467e-06,0.0008105023375058184,1.0393355506228399e-05,0.06747991145452799,0.0055609142964577335,0.969668368706158,0.5487785429931331,0.3692875385284424,-0.6010834059022623,1.478611134338379,0.46287454204559325,0.4,0.0,1.4,0.0
transgastric_short_axis,4,180,9.001,0.36928037791272983,-0.6010833991149799,1.478612147316177,0.46287454560703,-0.007160615712703727,6.787283482021042e-06,0.001012977796450714,3.5613826516697296e-06,0.04562263736011863,-0.05023445277815613,1.0653851067708147,0.7633332578562116,0.26690330505371096,-0.21184551815901642,1.4971503991127013,-0.5133366733074188,0.4,0.0,1.4,0.0
transgastric_short_axis,4,181,9.0511,0.2668961427860642,-0.21184552500172324,1.4971512040880635,-0.5133366622637001,-0.007162267646709353,-6.842706467542657e-06,0.0008049753615809193,1.1043719930262416e-05,0.06746533116853781,0.003071120795023796,0.9617147207303152,0.5792650935006185,0.37156076431274415,-0.5460153307016063,1.494761413192749,0.4195546510219574,0.4,0.0,1.4,0.0
transgastric_short_axis,4,182,9.1011,0.37155360384495445,-0.5460153256647082,1.4947624371815813,0.419554652977963,-0.007160467789881523,5.03689777281721e-06,0.001023988831680045,1.9559415019945063e-06,0.04965886328231279,-0.04685761120148378,1.066640269929993,0.6956636828604749,0.28616313934326176,-0.22766226073840318,1.5179475720405577,-0.4554179960489273,0.4,0.0,1.4,0.0
transgastric_short_axis,4,183,9.1512,0.28615597679242954,-0.22766226515395638,1.5179483315715006,-0.4554179848794584,-0.0071625508321980355,-4.415554849986794e-06,0.0007595309427267336,1.1169467545524063e-05,0.06810267406475741,2.4119927114558265e-05,0.9796651780101544,0.5348905668146369,0.37146568298339844,-0.5612519618941683,1.4986851325035095,0.4362226870536804,0.4,0.0,1.4,0.0
transgastric_short_axis,4,184,9.2011,0.37145852243877775,-0.5612519569224735,1.4986861487717,0.4362226884485567,-0.0071605446208260135,4.9716949561920335e-06,0.00101626818969358,1.3948094264427639e-06,0.04846872780860482,-0.04793997150181768,1.0662657193537453,0.7182252884487991,0.2821812629699707,-0.2290202232229914,1.5151563646316528,-0.47242131028175355,0.4,0.0,1.4,0.0
transgastric_short_axis,4,185,9.251,0.28217410047082075,-0.22902022804015765,1.5151571330541849,-0.47242129893297785,-0.007162499149935,-4.817166397306096e-06,0.0007684225326944467,1.1348775976573139e-05,0.0679547458467594,0.0005125936119529505,0.9758536474937505,0.5502510848968927,0.37290592193603517,-0.5523671571549595,1.4986974912643432,0.44035744156837464,0.4,0.0,1.4,0.0
transgastric_short_axis,4,186,9.3011,0.37289876139170036,-0.5523671521101041,1.4986985082021542,0.4403574429797059,-0.007160544334873326,5.044855689391572e-06,0.001016937809918335,1.4112645241307167e-06,0.04877189409814073,-0.04758688954081648,1.0677007116454404,0.713792701681158,0.28314876556396484,-0.24097954341096653,1.516549534034729,-0.46799406509399416,0.4,0.0,1.4,0.0
transgastric_short_axis,4,187,9.3511,0.28314160302140273,-0.24097954807365876,1.5165502962193536,-0.4679940536554961,-0.0071625425620695056,-4.6626929209425e-06,0.0007621846239801134,1.1438498731623113e-05,0.06799604138541018,-0.0004521998664986293,0.9767329150063053,0.551660614272865,0.37314319610595703,-0.5448625980685223,1.5030447790145873,0.4257690479278564,0.4,0.0,1.4,0.0
transgastric_short_axis,4,188,9.4012,0.373136035588657,-0.5448625935179834,1.5030457969123505,0.42576904886642275,-0.007160517300011526,4.550539023589335e-06,0.001017897761562721,9.384973709105384e-07,0.04956798311760857,-0.04694449208303339,1.067663405595888,0.6996389337600908,0.2847684621810913,-0.24640952081417794,1.5191239013671876,-0.46009129292964934,0.4,0.0,1.4,0.0
transgastric_short_axis,4,189,9.451,0.28476129959805585,-0.24640952519234904,1.519124657243279,-0.4600912815214705,-0.007162583035478217,-4.378171871415183e-06,0.0007558760909784749,1.140817874914788e-05,0.06806089928255371,-0.001093641463735649,0.9781887275778618,0.5476059563876617,0.3726694107055664,-0.543544146075419,1.5055601613521576,0.41541427888870236,0.4,0.0,1.4,0.0
transgastric_short_axis,4,190,9.5009,0.3726622502030684,-0.5435441418310223,1.5055611794568824,0.41541427956032084,-0.007160502498081786,4.244396405648433e-06,0.0010181047238427229,6.715480136619061e-07,0.04993687550056114,-0.04667809316808627,1.067031421456047,0.6927479866110985,0.28679192066192627,-0.24351982458387383,1.5190038715839387,-0.4385570884466171,0.4,0.0,1.4,0.0
transgastric_short_axis,4,191,9.5509,0.28678475803825315,-0.24351982876037032,1.519004619708027,-0.43855707731252763,-0.0071626236730527905,-4.1764957535084755e-06,0.000748124088648861,1.1134087724676151e-05,0.06821696815232027,-0.0016345342409236794,0.9802370884313374,0.5278389977869156,0.3711546897888184,-0.5742400528888626,1.5033294050216675,0.41329344062805173,0.4,0.0,1.4,0.0
transgastric_short_axis,4,192,9.6011,0.3711475292651698,-0.5742400485730033,1.503330420256706,0.4132934415354592,-0.007160523648592929,4.315859389639893e-06,0.0010152350378672766,9.073380094746153e-07,0.04853436996980576,-0.048142483195019334,1.0656678987987296,0.7155925817246017,0.2807365417480469,-0.21035685272155416,1.5153260167121887,-0.4810621438980102,0.4,0.0,1.4,0.0
transgastric_short_axis,4,193,9.6511,0.2807293793172312,-0.21035685760920556,1.5153267950929683,-0.48106213269931375,-0.007162430815792271,-4.887653207331953e-06,0.0007783807784773055,1.1198694596995044e-05,0.06785455042448924,0.002072281837078976,0.9743900235992811,0.5506328483526025,0.37166728973388674,-0.559220261265682,1.4951677542686461,0.4498626394271851,0.4,0.0,1.4,0.0
transgastric_short_axis,4,194,9.7009,0.37166012916965163,-0.5592202558402494,1.4951687703926524,0.4498626412219586,-0.0071605642350592155,5.425433143673344e-06,0.001016124005076932,1.7947093699251755e-06,0.04814954492083434,-0.04808954784833472,1.0666859110166644,0.7245439487332433,0.27971982955932617,-0.2395339462817579,1.5141762774467469,-0.4767985586643219,0.4,0.0,1.4,0.0
transgastric_short_axis,4,195,9.751,0.27971266705268394,-0.23953395123054871,1.5141770454910857,-0.47679854715226055,-0.007162506642235846,-4.948791851025242e-06,0.0007680443386267203,1.1512062009698392e-05,0.06791727040204856,-5.205248986963999e-05,0.9734529988780365,0.5587654324877992,0.37325897216796877,-0.5426344685036968,1.50228265542984,0.42692103424072264,0.4,0.0,1.4,0.0
transgastric_short_axis,4,196,9.8009,0.37325181165355836,-0.542634463880499,1.5022836739266898,0.4269210352715662,-0.007160514410610639,4.623197882738195e-06,0.0010184968497128366,1.0307743412764918e-06,0.04963628482038585,-0.04685498671507532,1.0678288890802397,0.6984920524100332,0.2850868940353394,-0.2480408734294196,1.5192723937511443,-0.4584296949863434,0.4,0.0,1.4,0.0
transgastric_short_axis,4,197,9.8509,0.28507973144479515,-0.24804087778039197,1.5192731484507567,-0.45842968358348446,-0.007162590544253314,-4.350972182765347e-06,0.0007546996122162338,1.1402859232014464e-05,0.06807167663570939,-0.0012616511143729746,0.9784986462628054,0.5469138907603991,0.3726480722427368,-0.5449476111639447,1.5059936542510985,0.41308821029663084,0.4,0.0,1.4,0.0
transgastric_short_axis,4,198,9.901,0.37264091174216174,-0.5449476069809593,1.5059946722366906,0.41308821092609893,-0.0071605005748302045,4.182985456429502e-06,0.0010179855913221827,6.293970902109431e-07,0.04993952565148233,-0.046702329683116994,1.0669832122942131,0.6925266454175341,0.2868575811386109,-0.23982306570759962,1.5189029417037965,-0.4359380610466003,0.4,0.0,1.4,0.0
transgastric_short_axis,4,199,9.9511,0.28685041851640963,-0.23982306986397575,1.518903689726712,-0.4359380499734619,-0.00716262220128307,-4.1563765508202595e-06,0.0007480229157597389,1.1073136605394247e-05,0.0682401347035065,-0.001472132024878883,0.980311484009663,0.5239255705481303,0.3707543611526489,-0.5784253561835442,1.5020508350372315,0.41678479056358336,0.4,0.0,1.4,0.0
transgastric_short_axis,4,200,10.0012,0.37074720061976163,-0.5784253517420881,1.5020518496804796,0.41678479159134074,-0.007160532887368722,4.441456432331754e-06,0.0010146432480877706,1.027689002647268e-06,0.04822527514161398,-0.04840876001827733,1.065349718933308,0.7208021617160866,0.280236554145813,-0.20481414870282674,1.5138497065544128,-0.48208539311885834,0.4,0.0,1.4,0.0
transgastric_short_axis,4,201,10.0511,0.2802293917395897,-0.2048141537232905,1.5138504883286803,-0.4820853819998259,-0.0071624062232172455,-5.020463822829483e-06,0.0007817742670875862,1.111903051563936e-05,0.06782690110930627,0.0024839049082554625,0.9739864150152397,0.5492377312230592,0.37133145332336426,-0.5623374705156737,1.4935133656024933,0.4527193857192993,0.4,0.0,1.4,0.0
transgastric_short_axis,4,202,10.1012,0.37132429275324663,-0.5623374649315346,1.4935143815482848,0.4527193877008209,-0.007160570117537626,5.5841399556221565e-06,0.0010159457897558084,1.9814586436318735e-06,0.04790754132581315,-0.04828786521181053,1.066456432640977,0.728522823395596,0.2781560897827149,-0.238121305771039,1.513247310590744,-0.48105343658924105,0.4,0.0,1.4,0.0
transgastric_short_axis,4,203,10.151,0.2781489272941391,-0.23812131084217533,1.5132480815633542,-0.48105342505655263,-0.0071624885757683365,-5.071138108494914e-06,0.0007709726093646502,1.1532689329015902e-05,0.06787846710200585,0.00018931343215857106,0.9719466131248031,0.561949257792183,0.37314288616180424,-0.5408752217382933,1.5020208744049073,0.42647630610466003,0.4,0.0,1.4,0.0
transgastric_short_axis,4,204,10.2011,0.3731357256515542,-0.540875217099618,1.5020218933909675,0.4264763071697546,-0.007160510249991662,4.638675028195379e-06,0.0010189860594203486,1.0650265407139324e-06,0.04973041363695922,-0.04675813554546998,1.0677307068239472,0.6968200607165786,0.28557791709899905,-0.24970593167720756,1.5193208925247192,-0.45540198583602903,0.4,0.0,1.4,0.0
transgastric_short_axis,4,205,10.2509,0.28557075449847896,-0.24970593599595148,1.5193216455726075,-0.45540197445459,-0.007162600519999751,-4.318743723532663e-06,0.000753047888469887,1.1381439026546322e-05,0.06809138333065735,-0.0014787212209038782,0.9789888595271954,0.5450465302494417,0.3725711822509766,-0.549177293541479,1.5062531882286072,0.4105366879463196,0.4,0.0,1.4,0.0
transgastric_short_axis,4,206,10.3011,0.37256402175074993,-0.5491772894154066,1.5062542058742077,0.410536688555716,-0.007160500226854634,4.126072706824606e-06,0.001017645599745672,6.093252657429952e-07,0.049815646488409485,-0.04686254309511374,1.066891260886272,0.6943909252203675,0.28640303611755374,-0.23194568487449743,1.5186344195365906,-0.4389273831367493,0.4,0.0,1.4,0.0
transgastric_short_axis,4,207,10.3511,0.28639587351795187,-0.23194568907556204,1.5186351708228587,-0.43892737209203836,-0.0071625996019163436,-4.201065254022529e-06,0.0007512862681266078,1.1044709135982992e-05,0.06822741738511515,-0.0008319129742229035,0.9798725213205708,0.5229113136682721,0.3704436779022217,-0.5750124736347156,1.4998236365318298,0.42632107257843016,0.4,0.0,1.4,0.0
transgastric_short_axis,4,208,10.4011,0.3704365173592914,-0.5750124689050726,1.499824651444552,0.4263210738311072,-0.007160542930425829,4.729642527087035e-06,0.0010149127215784528,1.252609256844174e-06,0.04810151895817747,-0.048419712731515685,1.0651782179472313,0.7233449785065831,0.2807161808013916,-0.2103971122270956,1.5133516110420226,-0.4797382584571838,0.4,0.0,1.4,0.0
transgastric_short_axis,4,209,10.451,0.2807090183757329,-0.21039711726532226,1.5133523900117343,-0.47973824728869446,-0.007162425658709027,-5.038227073918486e-06,0.0007789697112328024,1.116848760104246e-05,0.06785976478580573,0.0020264364808610545,0.9745010496315141,0.5490854537168508,0.3717509746551514,-0.5614925826598461,1.4944898949623107,0.45106143922805786,0.4,0.0,1.4,0.0
transgastric_short_axis,4,210,10.5011,0.3717438140867265,-0.5614925771708396,1.4944909107853634,0.4510614410971794,-0.007160568424957503,5.4890073691727e-06,0.001015823051467009,1.8690579931838383e-06,0.048001719276259104,-0.04821928740836155,1.0668131630036892,0.7269506737915774,0.2789177417755127,-0.23797936760731617,1.5136029058456422,-0.4791676956653595,0.4,0.0,1.4,0.0
transgastric_short_axis,4,211,10.551,0.27891057928081375,-0.2379793726284299,1.5136036757664746,-0.4791676841507968,-0.007162494698930548,-5.0211138641839895e-06,0.0007699208326672074,1.1514564164699825e-05,0.06789552461847058,0.00013456673932630073,0.9726865671735354,0.5601823759177196,0.37317330837249757,-0.5423365481626902,1.501771077632904,0.42804661774635316,0.4,0.0,1.4,0.0
transgastric_short_axis,4,212,10.601,0.37316614785800284,-0.5423365434879888,1.5017720963243422,0.42804661883606876,-0.0071605144947395356,4.674701334983495e-06,0.001018691437797306,1.089646601977468e-06,0.049615769254620204,-0.04686128004154702,1.0677762213300115,0.6988779932939079,0.2848796844482422,-0.2485747331982504,1.5193004818439484,-0.4594363722324371,0.4,0.0,1.4,0.0
transgastric_short_axis,4,213,10.6512,0.2848725218588575,-0.24857473755698511,1.5193012368125292,-0.45943636081281103,-0.007162589384679983,-4.358734126955046e-06,0.00075496858053932,1.1419626102191814e-05,0.06806374933952146,-0.0012635633570929044,0.9782887710778654,0.5480495334516597,0.3727349042892456,-0.5433748688986308,1.506231654024124,0.412662956571579,0.4,0.0,1.4,0.0
transgastric_short_axis,4,214,10.7011,0.37272774379003326,-0.543374864734478,1.5062326721073358,0.4126629571748275,-0.007160499212525814,4.164153447321083e-06,0.001018083212001503,6.031771296884586e-07,0.050025947584846325,-0.046615675011007905,1.0670545037124723,0.6910688217763356,0.2871744632720947,-0.2416899832436372,1.5190267165660858,-0.43153244369029997,0.4,0.0,1.4,0.0
transgastric_short_axis,4,215,10.751,0.2871673006368205,-0.24168998734922473,1.5190274624071147,-0.43153243265778274,-0.00716263527421721,-4.105586283703273e-06,0.0007458410281354818,1.1032515861288143e-05,0.0682670295910593,-0.001750971436578778,0.9806234715748421,0.5210883277075692,0.3705763101577759,-0.5843324555408002,1.5023717883110046,0.4133385688304901,0.4,0.0,1.4,0.0
transgastric_short_axis,4,216,10.801,0.37056914962347026,-0.5843324511770097,1.5023728022515064,0.41333856982281425,-0.007160534305741589,4.363790683706814e-06,0.0010139405009713253,9.922548874064324e-07,0.048041071155259636,-0.04862830396851579,1.0651535388686262,0.7236294303000768,0.27950799465179443,-0.19612689642104225,1.5128123196601868,-0.48463148510456083,0.4,0.0,1.4,0.0
transgastric_short_axis,4,217,10.8512,0.2795008322819817,-0.1961269015541083,1.5128131065457415,-0.4846314741000465,-0.007162369812664916,-5.133066351908007e-06,0.0007868855544152576,1.1004511601084418e-05,0.06777372882021386,0.0031592484140794096,0.973323821103774,0.5482520165314806,0.37063131332397464,-0.5673448167374572,1.4916363319873809,0.45499452123641965,0.4,0.0,1.4,0.0
transgastric_short_axis,4,218,10.9009,0.3706241527472269,-0.567344810989077,1.491637347592195,0.45499452342215463,-0.007160576747805743,5.748380442112703e-06,0.0010156048129254145,2.1856728682774756e-06,0.047589114275139885,-0.04856356157825416,1.0658779245089212,0.7335942303316842,0.27619481086730957,-0.23438709619193554,1.5113775798797606,-0.48544192020893095,0.4,0.0,1.4,0.0
transgastric_short_axis,4,219,10.9509,0.2761876484071088,-0.23438710146655023,1.5113783551920976,-0.48544190869274517,-0.0071624602006968765,-5.274614080025663e-06,0.0007753123372294743,1.1516186488391542e-05,0.06783256000663826,0.0005932955928849952,0.9701043388778408,0.5642036834879804,0.37290520668029786,-0.5406997651955383,1.5012486391067505,0.42616546454429627,0.4,0.0,1.4,0.0
transgastric_short_axis,4,220,11.0009,0.3728980461744542,-0.5406997605065932,1.501249658671541,0.42616546570409497,-0.007160505843700899,4.688945273808232e-06,0.0010195647891636122,1.159731016358084e-06,0.049744504236901334,-0.04674139011356121,1.0675448520047426,0.6963901524669494,0.285692834854126,-0.2484936524266251,1.5192504850387574,-0.45493104214668273,0.4,0.0,1.4,0.0
transgastric_short_axis,4,221,11.051,0.2856856722550435,-0.24849365674562607,1.5192512382196535,-0.4549310307818974,-0.007162599082509902,-4.319003052441973e-06,0.0007531808957199946,1.136478530711948e-05,0.06809626555840001,-0.0014122450414984994,0.979108821785472,0.5440587868565259,0.3724760293960572,-0.5500759231558666,1.5058505922317504,0.4118729321479797,0.4,0.0,1.4,0.0
transgastric_short_axis,4,222,11.1011,0.3724688688937325,-0.5500759189872875,1.505851609827059,0.41187293279837967,-0.007160502324606012,4.168579485462082e-06,0.001017595307373297,6.50328975094872e-07,0.04973371142600418,-0.046933170650939895,1.0668218490776473,0.6958342876753185,0.286102294921875,-0.23172116791103614,1.5185430396080017,-0.4440510257720947,0.4,0.0,1.4,0.0
transgastric_short_axis,4,223,11.1512,0.2860951323345928,-0.23172117216938912,1.5185437930741372,-0.4440510146716497,-0.007162587282198119,-4.258353439441186e-06,0.000753466135295993,1.110044248345284e-05,0.06819005289911176,-0.0006411494353047581,0.9795738631301398,0.5271650168749394,0.3707638740539551,-0.5677328060187681,1.5000696882247924,0.4278999979019165,0.4,0.0,1.4,0.0
transgastric_short_axis,4,224,11.2011,0.3707567135165595,-0.5677328012719463,1.5000707040666983,0.42789999914013155,-0.007160537395798586,4.746821888725287e-06,0.001015841904839028,1.2381470324917255e-06,0.04840740385524506,-0.04809902463216185,1.0654803848197116,0.7185320163506795,0.2814936637878418,-0.22031012601248107,1.5148985159397126,-0.4765834975004196,0.4,0.0,1.4,0.0
transgastric_short_axis,4,225,11.2511,0.2814865013213492,-0.2203101308915736,1.5148992891349833,-0.4765834862190979,-0.007162466492570169,-4.879092562935816e-06,0.0007731952714208493,1.1281320414298188e-05,0.06791024459990487,0.001245639605674296,0.9751793639177795,0.5503777512972253,0.3723655700683594,-0.5559837715271791,1.4968826259613037,0.445508985042572,0.4,0.0,1.4,0.0
transgastric_short_axis,4,226,11.3011,0.3723584095132518,-0.5559837662843353,1.4968836424463383,0.44550898665090166,-0.007160555107855194,5.242844294952161e-06,0.0010164850331005365,1.6082642335281738e-06,0.048440541178633376,-0.047856003930491636,1.067275311656607,0.7195461786826018,0.28180618286132814,-0.23913004045174455,1.5151975605010986,-0.471480171918869,0.4,0.0,1.4,0.0
transgastric_short_axis,4,227,11.3509,0.2817990203374569,-0.23913004526008025,1.5151983255985693,-0.471480160464244,-0.00716252387119846,-4.808336059227738e-06,0.0007650974704617939,1.1454626019263508e-05,0.06796417994477319,-0.0002065124574461459,0.9754766781777546,0.5538220346567806,0.3733283519744873,-0.5454408369202058,1.5021594423294067,0.42873795933723446,0.4,0.0,1.4,0.0
transgastric_short_axis,4,228,11.401,0.3733211914530532,-0.5454408322689639,1.5021604602014245,0.42873796037447587,-0.007160521434311169,4.651242983931274e-06,0.0010178720174261325,1.0371726461299028e-06,0.04945159400708162,-0.04702961610637352,1.0679046779301304,0.70176239470805,0.2840850353240967,-0.2470072340313326,1.5190448801994323,-0.46357599534988403,0.4,0.0,1.4,0.0
transgastric_short_axis,4,229,11.4508,0.284077872748206,-0.2470072384501385,1.519045637423079,-0.4635759838959769,-0.007162575890673235,-4.4188047025046015e-06,0.0007572236458803892,1.1453907238114241e-05,0.06803404104405987,-0.0010151127126685052,0.9775077263077803,0.5509310955717919,0.3729700565338135,-0.5410237137750112,1.5057760651588439,0.4157532085418701,0.4,0.0,1.4,0.0
transgastric_short_axis,4,230,11.501,0.3729628960318162,-0.5410237095366355,1.5057770833628235,0.4157532091879439,-0.0071605019974186855,4.238376176673739e-06,0.0010182039794683676,6.460029961499368e-07,0.05004548711781745,-0.046559409087106776,1.067317316218222,0.6909972370325282,0.2871976137161255,-0.24740926732620447,1.5191864441871643,-0.4338383824825287,0.4,0.0,1.4,0.0
transgastric_short_axis,4,231,11.5509,0.28719045107535063,-0.24740927144587554,1.5191871895690285,-0.43383837137807724,-0.007162640774840574,-4.11967237753417e-06,0.0007453818647265421,1.1104449567985443e-05,0.06824160909551544,-0.0020621986688053595,0.98063422209861,0.525698259996462,0.3710791110992432,-0.5802538867491818,1.504234965133667,0.40733764142990114,0.4,0.0,1.4,0.0
transgastric_short_axis,4,232,11.6009,0.3710719505779905,-0.5802538825817215,1.5042359797622362,0.4073376422519015,-0.007160521252888943,4.167461121960741e-06,0.0010146285684764997,8.219303650898228e-07,0.04842155664117305,-0.0483213401063253,1.0655372663300031,0.717161414583116,0.2798791885375977,-0.2008582309629742,1.514695719909668,-0.48401925830841064,0.4,0.0,1.4,0.0
transgastric_short_axis,4,233,11.6509,0.2798720261440893,-0.20085823593212954,1.514696503548718,-0.4840192472168613,-0.007162393508377576,-4.969156565441999e-06,0.0007836390501053176,1.1091546769569409e-05,0.06780083635596673,0.0028165712136161156,0.9735715294706768,0.5497314623042523,0.3710065841674805,-0.5618843170114399,1.4929540380477906,0.4532433222770691,0.4,0.0,1.4,0.0
transgastric_short_axis,4,234,11.7009,0.3709994235991538,-0.5618843113772556,1.4929550543548311,0.45324332432800674,-0.007160568326714586,5.634184496463297e-06,0.0010163070398593371,2.050874998789585e-06,0.04791142452075832,-0.04827430630481712,1.0661680083969294,0.7284402281460617,0.2780153274536133,-0.23858045138772546,1.5132295214653015,-0.48124490375518797,0.4,0.0,1.4,0.0
transgastric_short_axis,4,235,11.7509,0.2780081649646336,-0.23858045646255172,1.5132302924107055,-0.48124489221499006,-0.00716248897965465,-5.074827566367502e-06,0.0007709454040373074,1.1540199007309341e-05,0.06787687656346916,0.00016466722928755798,0.9718068449933535,0.5623347645518698,0.37315063476562504,-0.5405441575252828,1.5021699285507202,0.4257005129814148,0.4,0.0,1.4,0.0
transgastric_short_axis,4,236,11.8009,0.3731434742568953,-0.5405441529068122,1.5021709476062055,0.42570051403099907,-0.007160508729763791,4.618471226940865e-06,0.0010190554842607982,1.0495153916178533e-06,0.04976880093307236,-0.04672658272243135,1.067729281975895,0.6961099657365495,0.28581032752990726,-0.25034053383664906,1.5192871868133544,-0.4538659416675568,0.4,0.0,1.4,0.0
transgastric_short_axis,4,237,11.8509,0.28580316492504465,-0.2503405381436341,1.519287939120062,-0.4538659302989766,-0.007162604862526135,-4.3069844752568536e-06,0.0007523067071627806,1.1368580471121645e-05,0.06810119611738095,-0.0015745390964618175,0.9792247217027279,0.5439992622098379,0.37252087593078614,-0.5513870722619183,1.5063112369537353,0.4095000500679016,0.4,0.0,1.4,0.0
transgastric_short_axis,4,238,11.9009,0.3725137154303723,-0.5513870681565386,1.5063122544229355,0.40950005067466577,-0.007160500413857688,4.105379586331451e-06,0.0010174691995273287,6.066935193437763e-07,0.049741908745918925,-0.04695185908345276,1.0668380000808155,0.6955399210057944,0.28613100051879886,-0.22805156079431313,1.5184849908828735,-0.4412129112482071,0.4,0.0,1.4,0.0
transgastric_short_axis,4,239,11.9509,0.2861238379329169,-0.22805156502700433,1.518485744206071,-0.4412129002110823,-0.007162585882003456,-4.232693128968194e-06,0.0007533231985100025,1.1037122624342354e-05,0.06821284495152503,-0.0004879119687565183,0.9796086544538387,0.5231471986842093,0.37030992507934574,-0.5724626425325868,1.4988480434417724,0.43088295335769655,0.4,0.0,1.4,0.0
transgastric_short_axis,4,240,12.0009,0.37030276453241573,-0.5724626376672124,1.498849058592965,0.4308829547142192,-0.007160546929944531,4.865375105134086e-06,0.0010151511908156835,1.3564559847826962e-06,0.04808660790586043,-0.04838059925691597,1.0651047637600994,0.7238968534033634,0.2810102939605713,-0.21420566145131506,1.513311725950241,-0.4781658870220184,0.4,0.0,1.4,0.0
transgastric_short_axis,4,241,12.0511,0.2810031315208417,-0.21420566647692377,1.5133125028930987,-0.47816587581701475,-0.007162439729557279,-5.025608647561176e-06,0.0007769428578404945,1.120500243551095e-05,0.06788120179646408,0.0017149006381053343,0.9747992500320459,0.5491144237464725,0.37201843261718753,-0.5600984802470277,1.4951979021549224,0.44937409386634825,0.4,0.0,1.4,0.0
transgastric_short_axis,4,242,12.1009,0.3720112720525389,-0.5600984748323136,1.4951989181435072,0.449374095658607,-0.007160564648644956,5.414713819247958e-06,0.0010159885831304632,1.7921943846524495e-06,0.048121881041372355,-0.0481227859104304,1.0670356155618674,0.7249093614144363,0.2797611713409424,-0.23800895366255126,1.5140373350143432,-0.4770047252655029,0.4,0.0,1.4,0.0
transgastric_short_axis,4,243,12.151,0.2797540088387014,-0.23800895862441038,1.514038103662224,-0.47700471377005027,-0.007162502240950053,-4.96185934007063e-06,0.0007686478803298343,1.149545294141194e-05,0.06791506287386997,5.865319064123943e-05,0.9735033215694429,0.5582522268845537,0.373211145401001,-0.543567178257659,1.50170048289299,0.4289205319404602,0.4,0.0,1.4,0.0
transgastric_short_axis,4,244,12.2009,0.37320398488331974,-0.5435671735683879,1.501701501309543,0.42892053303497857,-0.007160517681252255,4.689270385638956e-06,0.001018416552649281,1.0944494994258015e-06,0.049532543886490685,-0.04693938951376192,1.0678178884353848,0.7003565646403869,0.2843582391738892,-0.24827138250533357,1.5192385007858276,-0.46213657422065735,0.4,0.0,1.4,0.0
transgastric_short_axis,4,245,12.2509,0.2843510765914491,-0.24827138689509398,1.5192392569797253,-0.4621365627718552,-0.0071625824400412905,-4.389762102089579e-06,0.0007561938977025881,1.1448802867108057e-05,0.06804404493156004,-0.00115049681046403,0.9777692683758674,0.5502740754315364,0.37290506362915044,-0.5408154878672806,1.5062340883255005,0.4137155110359192,0.4,0.0,1.4,0.0
transgastric_short_axis,4,246,12.3009,0.37289790312989723,-0.5408154836856219,1.5062351065555148,0.4137155116349378,-0.00716049925333492,4.181658589027337e-06,0.0010182300137456385,5.989479490538443e-07,0.0501150750142481,-0.0465088169838998,1.0672235457947352,0.6896827774282098,0.2875011205673218,-0.246157290330623,1.5191943088531494,-0.42851943397521974,0.4,0.0,1.4,0.0
transgastric_short_axis,4,247,12.3511,0.2874939579177864,-0.24615729439775202,1.5191950525175866,-0.4285194229491637,-0.007162649535407806,-4.067129687919017e-06,0.0007436644365263489,1.1026053992209698e-05,0.06827831124366308,-0.002159727105820951,0.9809412178019119,0.5206605222979565,0.37064757347106936,-0.5878472040013242,1.5035610381603242,0.40717585401535034,0.4,0.0,1.4,0.0
transgastric_short_axis,4,248,12.4012,0.3706404129420062,-0.5878471998040857,1.5035620518107553,0.4071758548966722,-0.007160529063212913,4.197238388426083e-06,0.0010136504293924455,8.812526679223738e-07,0.048055473770407434,-0.04868286085146018,1.065151023164126,0.723148387992264,0.2790211915969849,-0.19024170572494142,1.5128812291145324,-0.48710988478660583,0.4,0.0,1.4,0.0
transgastric_short_axis,4,249,12.4511,0.27901402925118873,-0.190241710878277,1.5128820194453336,-0.48710987385035676,-0.007162345796145559,-5.153334770403866e-06,0.0007903308008257212,1.0936245879922905e-05,0.06772901557356859,0.0036409710236381208,0.9728301348888833,0.5484960284199817,0.3700541734695435,-0.5705386126747347,1.4908302037239074,0.4553780173301697,0.4,0.0,1.4,0.0
transgastric_short_axis,4,250,12.5011,0.3700470128898913,-0.5705386068666556,1.4908312190846447,0.45537801959685176,-0.007160579652227787,5.808079904566305e-06,0.0010153607358226778,2.2666212507861307e-06,0.0474187257475807,-0.04871997395775079,1.065353702379438,0.7362275018324947,0.2752341508865357,-0.23127906236413698,1.5103958074092865,-0.487828190946579,0.4,0.0,1.4,0.0
transgastric_short_axis,4,251,12.5513,0.2752269884443315,-0.23127906774723844,1.5103965854195867,-0.48782817945845713,-0.007162442204099174,-5.383102837140643e-06,0.0007780103000338497,1.148812245968846e-05,0.06780558777022291,0.0008858018547907593,0.9692059590802968,0.5649973896725182,0.37269129753112795,-0.5418013776192604,1.5006524225234985,0.42683077783584594,0.4,0.0,1.4,0.0
transgastric_short_axis,4,252,12.6011,0.3726841370252534,-0.5418013728815348,1.500653442228856,0.4268307790649386,-0.007160505874619151,4.737726288551202e-06,0.0010197053573990555,1.2290253336911872e-06,0.04967143374246938,-0.04680793450378617,1.0673700392022416,0.6975747367960449,0.28528890609741214,-0.24635933687238676,1.5191898147583007,-0.4575245093822479,0.4,0.0,1.4,0.0
transgastric_short_axis,4,253,12.6509,0.28528174350832336,-0.2463593412200672,1.5191905695414931,-0.45752449800586836,-0.007162589088783309,-4.347679945277356e-06,0.0007547831926554785,1.1376379176398183e-05,0.06808006423796545,-0.0011780856715078204,0.97870685568565,0.545333165617151,0.3725002765655518,-0.5465336484287631,1.5054202826499938,0.41485513858795164,0.4,0.0,1.4,0.0
transgastric_short_axis,4,254,12.7013,0.37249311606204005,-0.5465336441870823,1.5054213005527437,0.4148551392773525,-0.007160503511679861,4.241681334646706e-06,0.0010179027496266286,6.893302699603129e-07,0.04981262140903398,-0.04681564705866498,1.0668721580883078,0.6947475009580475,0.2863501310348511,-0.23888043151738766,1.5187851589679717,-0.4436226823568344,0.4,0.0,1.4,0.0
transgastric_short_axis,4,255,12.751,0.2863429684314342,-0.2388804357570886,1.5187859102920038,-0.44362267120021914,-0.007162603416780088,-4.239703267090236e-06,0.0007513240323552589,1.1156613994180612e-05,0.06818757447993148,-0.0011441944033452178,0.9798059294350454,0.5299933492971325,0.37119617462158205,-0.5676633349650199,1.50222441945076,0.4199688567638397,0.4,0.0,1.4,0.0
transgastric_short_axis,4,256,12.801,0.37118901409511507,-0.5676633304744951,1.5022254353708275,0.4199688577820426,-0.007160526467055656,4.490525356381435e-06,0.0010159200670621482,1.0181338460768214e-06,0.048651285245323514,-0.047948967147240756,1.0657768250294775,0.7140697520674827,0.2814995765686035,-0.22035750115156005,1.5160604267120361,-0.4778709620475769,0.4,0.0,1.4,0.0
transgastric_short_axis,4,257,12.851,0.2814924141000281,-0.2203575059478464,1.5160611997491147,-0.47787095074683894,-0.007162468575397443,-4.796287280855424e-06,0.0007730370776428511,1.130073680715054e-05,0.06790302933068401,0.0012850702382863066,0.9751074597329108,0.5517538636006875,0.37232770919799807,-0.5541093638505757,1.4973305374145507,0.44466896381378174,0.4,0.0,1.4,0.0
transgastric_short_axis,4,258,12.901,0.3723205486460189,-0.5541093586491092,1.4973315541395449,0.4446689653734621,-0.007160551979071662,5.201467951594863e-06,0.0010167249932162485,1.5596149582725419e-06,0.04855672292345328,-0.04775035484447405,1.0672086371987601,0.7176400585023865,0.28242211341857915,-0.2404209661782684,1.5156368582725526,-0.4696186803817749,0.4,0.0,1.4,0.0
transgastric_short_axis,4,259,12.951,0.282414950885373,-0.2404209709318617,1.5156376219096774,-0.46961866893224946,-0.0071625332061251165,-4.7535940743137275e-06,0.0007636371254674648,1.1449525449691524e-05,0.06798023739522341,-0.00035805603287983583,0.9760652085289898,0.5527587546567956,0.3732586145401001,-0.5451152030591057,1.5026470516204833,0.42714948406219483,0.4,0.0,1.4,0.0
transgastric_short_axis,4,260,13.0011,0.373251454020832,-0.5451151984628135,1.5026480694987931,0.42714948504511874,-0.007160519268261536,4.596292341700754e-06,0.0010178783087669851,9.828549816580362e-07,0.049514721070545636,-0.04698334916241596,1.0678039998352047,0.7006135689902754,0.28439192771911626,-0.246822040305842,1.519127271938324,-0.46204978201389313,0.4,0.0,1.4,0.0
transgastric_short_axis,4,261,13.051,0.28438476513973365,-0.24682204470302094,1.5191280285223279,-0.46204977057921837,-0.007162579382567775,-4.397179283220751e-06,0.0007565840046846004,1.1434674361503399e-05,0.06804591899630255,-0.001054750709341557,0.9778103946666727,0.5495174992255475,0.37284035682678224,-0.5420283288784056,1.5057206379890442,0.4154813158035278,0.4,0.0,1.4,0.0
transgastric_short_axis,4,262,13.1012,0.3728331963247741,-0.5420283246414617,1.5057216561557656,0.4154813164566393,-0.00716050200812821,4.236944615769224e-06,0.0010181667203319638,6.530407403394628e-07,0.05000625652913032,-0.046604057183434765,1.0671915731550627,0.6916173312175007,0.28705360889434817,-0.24575825309197746,1.519113602399826,-0.4353951182126999,0.4,0.0,1.4,0.0
transgastric_short_axis,4,263,13.1511,0.28704644625979164,-0.24575825723102995,1.5191143487601737,-0.43539510710069484,-0.0071626345565247865,-4.139054311228177e-06,0.000746360347045025,1.1112002668374014e-05,0.06823447800207229,-0.0018959574796209022,0.9804938883183196,0.5262250028909317,0.37108294963836674,-0.5783452116794896,1.503824317216873,0.40975883502960203,0.4,0.0,1.4,0.0
transgastric_short_axis,4,264,13.201,0.3710757891156024,-0.5783452074500186,1.5038253320243218,0.40975883588955586,-0.007160522764326765,4.229472055945497e-06,0.0010148074484810888,8.598844490692346e-07,0.04844151960822582,-0.04827458374083049,1.0655663598356966,0.7169391829961694,0.28018329143524173,-0.20401457619742247,1.5148110683441163,-0.48300040955543516,0.4,0.0,1.4,0.0
transgastric_short_axis,4,265,13.251,0.2801761290294483,-0.20401458114690363,1.5148118502491235,-0.48300039842868325,-0.00716240579350149,-4.949481033633196e-06,0.0007819050066021616,1.1126749488784391e-05,0.06781961815287234,0.0025681976645614227,0.9738689613897433,0.5499553211078223,0.3712347984313965,-0.5612637588655595,1.4936708461761474,0.4523132318973541,0.4,0.0,1.4,0.0
transgastric_short_axis,4,266,13.3011,0.3712276378635865,-0.5612637532972145,1.493671862344419,0.45231323386382005,-0.007160567809988064,5.568344869393451e-06,0.0010161682711671421,1.9664023877531103e-06,0.04797209536034872,-0.048229303361309345,1.066349819415469,0.7274658266280306,0.2784760475158692,-0.23885889736326085,1.513495796585083,-0.4800845846414566,0.4,0.0,1.4,0.0
transgastric_short_axis,4,267,13.3509,0.27846888502210587,-0.23885890240347907,1.513496566748949,-0.4800845731077752,-0.007162493763267557,-5.040218571765042e-06,0.000770163866303769,1.1533682144735554e-05,0.06788759494394928,0.00010610604207046681,0.972251088708677,0.561414334662946,0.37318239212036136,-0.5411804449663515,1.5021527011871338,0.42644803075790405,0.4,0.0,1.4,0.0
transgastric_short_axis,4,268,13.4008,0.37317523160925603,-0.541180440337837,1.5021537200490407,0.4264480318069497,-0.007160511105151744,4.62851500474924e-06,0.0010188619062179909,1.0489763638966148e-06,0.049717472526639786,-0.046773062131083065,1.0677614470690995,0.6970574894191663,0.28552064895629886,-0.2494158759837951,1.5193167729377746,-0.45579325296878814,0.4,0.0,1.4,0.0
transgastric_short_axis,4,269,13.4508,0.2855134863571778,-0.24941588030648887,1.519317526213026,-0.4557932415851879,-0.0071625991210519865,-4.322693329810305e-06,0.0007532752511313036,1.1383600519780386e-05,0.0680889999057699,-0.0014455650608368635,0.9789315546360411,0.545251863171029,0.372576904296875,-0.5486398759558795,1.5061983228206635,0.4109544515132904,0.4,0.0,1.4,0.0
transgastric_short_axis,4,270,13.5013,0.3725697437965014,-0.5486398718199367,1.5061993405110679,0.41095445212736603,-0.007160500373671157,4.135943614357286e-06,0.0010176904029941018,6.140055743840905e-07,0.049828658943103385,-0.04684404021463903,1.0669002793960698,0.694204573273812,0.2864511251449585,-0.23301995828515415,1.5186675634860993,-0.43876896629333495,0.4,0.0,1.4,0.0
transgastric_short_axis,4,271,13.5508,0.28644396254273924,-0.23301996248278717,1.5186683144153976,-0.43876895524146176,-0.007162602219218719,-4.197632879683773e-06,0.0007509292982349995,1.1051871494776658e-05,0.06822772647095542,-0.000910660795912864,0.9799185260107459,0.5232529421688423,0.37050392627716067,-0.5751437383481321,1.500143840789795,0.42511496987342834,0.4,0.0,1.4,0.0
transgastric_short_axis,4,272,13.6011,0.3704967657358236,-0.5751437336575028,1.5001448557052495,0.425114971093417,-0.007160541337163036,4.690629832673888e-06,0.0010149154531944485,1.2199210694408146e-06,0.04813193863551,-0.0484040492182128,1.0652183378036975,0.7227810774844077,0.2806917428970337,-0.21012859068780992,1.5134946730613708,-0.47992420163154603,0.4,0.0,1.4,0.0
transgastric_short_axis,4,273,13.651,0.28068458047196554,-0.21012859571606046,1.5134954521251034,-0.4799241904635525,-0.007162425068171907,-5.028250175354217e-06,0.0007790637325177666,1.1167992235295971e-05,0.06785801889730346,0.002050816919766417,0.9744670061036473,0.5491799726136527,0.37172555923461914,-0.561443709492654,1.4944882096767425,0.45109139986038205,0.4,0.0,1.4,0.0
transgastric_short_axis,4,274,13.701,0.37171839866621526,-0.5614437040030089,1.4944892255075857,0.4510914017296006,-0.007160568403783125,5.489645289419194e-06,0.001015830842806119,1.869154743658766e-06,0.04800318033322322,-0.048217492995566186,1.0667878244776234,0.7269322858354971,0.2789132356643677,-0.2380707473222195,1.513610770511627,-0.47915983099937437,0.4,0.0,1.4,0.0
transgastric_short_axis,4,275,13.7511,0.2789060731694156,-0.23807075234263061,1.5136115403982595,-0.4791598194837373,-0.007162494951885142,-5.020412062926673e-06,0.0007698866321265034,1.151563803560094e-05,0.06789563101026598,0.00012808820913998674,0.9726815496407257,0.5602170445064932,0.3731761455535889,-0.5422947906290356,1.501798791217804,0.4279550505638122,0.4,0.0,1.4,0.0
transgastric_short_axis,4,276,13.8008,0.373168985039237,-0.5422947859574392,1.5017998099119252,0.427955051650474,-0.00716051435191796,4.671596094692042e-06,0.0010186941203422228,1.0865928685273372e-06,0.04962047689289861,-0.04685746154069152,1.06777730218764,0.698793435695924,0.2849127292633057,-0.24856480876200066,1.5193021671295166,-0.45926756279468534,0.4,0.0,1.4,0.0
transgastric_short_axis,4,277,13.8508,0.2849055666735515,-0.24856481311896017,1.5193029220300405,-0.45926755137716324,-0.00716258975421603,-4.356959364870135e-06,0.00075490052378603,1.1417522732520138e-05,0.06806500028900345,-0.0012686659830197207,0.9783218390224293,0.5478969482087677,0.37272481918334965,-0.5436239160724453,1.506216111946106,0.41263992433547975,0.4,0.0,1.4,0.0
transgastric_short_axis,4,278,13.9008,0.3727176586840243,-0.5436239119079525,1.506217130012538,0.4126399249406614,-0.007160499325371637,4.164493737103111e-06,0.0010180664312344722,6.051101797890308e-07,0.05001493704203177,-0.04662763246341263,1.06704547958077,0.6912489205119395,0.2871342182159424,-0.24132446438402383,1.5190089274406433,-0.4320131245851517,0.4,0.0,1.4,0.0
transgastric_short_axis,4,279,13.9508,0.28712705558237467,-0.24132446849534459,1.5190096735556429,-0.43201311354928135,-0.007162633567707263,-4.111322160756016e-06,0.0007461150003105708,1.1035867895290383e-05,0.06826442976261583,-0.001709486346349153,0.9805840486314155,0.52132181361845,0.37058587074279786,-0.5837130209160045,1.5022871495246888,0.4139051992893219,0.4,0.0,1.4,0.0
transgastric_short_axis,4,280,14.0009,0.37057871020834515,-0.5837130165379283,1.5022881635338488,0.41390520029009537,-0.0071605344527302705,4.378076851452874e-06,0.0010140091588612967,1.000704546855135e-06,0.04805421613330046,-0.04860909241307894,1.0651682157363458,0.7234410004935604,0.2795876979827881,-0.19705642286526395,1.5128947113990783,-0.4843377772808075,0.4,0.0,1.4,0.0
transgastric_short_axis,4,281,14.051,0.27958053560908386,-0.1970564279883891,1.5128954977365021,-0.4843377662640296,-0.007162373704254695,-5.123126999710314e-06,0.0007863374244524821,1.101677555640114e-05,0.0677798511242636,0.0030863314744189255,0.9733983752999238,0.5483252214284335,0.37071826457977297,-0.5666390582426402,1.4917962468624115,0.45485145921707154,0.4,0.0,1.4,0.0
transgastric_short_axis,4,282,14.1008,0.3707111040039192,-0.5666390525069964,1.4917972625464282,0.4548514613869692,-0.007160575853924789,5.735643168027016e-06,0.0010156840157064635,2.169835079071956e-06,0.04762834964970024,-0.04852779600754989,1.0659544579756692,0.7329762919710128,0.2764143466949463,-0.23499847891562287,1.5116011610984803,-0.4849132086753845,0.4,0.0,1.4,0.0
transgastric_short_axis,4,283,14.1508,0.2764071842309443,-0.23499848416577107,1.5116019358375512,-0.484913197154516,-0.0071624640020035695,-5.250148749010713e-06,0.0007747390703323805,1.1520869962429221e-05,0.0678383267838752,0.0005336950242897411,0.9703096646031242,0.5639993550769693,0.372947907447815,-0.5404990294283736,1.5013636130332946,0.42608382182121274,0.4,0.0,1.4,0.0
transgastric_short_axis,4,284,14.2009,0.37294074694184953,-0.5404990247482153,1.5013646325615273,0.4260838229674979,-0.007160505965484579,4.680158415637441e-06,0.0010195282323855722,1.146217172904249e-06,0.049756692828589834,-0.04673005360089525,1.0675799650237534,0.6961994052416078,0.285751485824585,-0.24902863571654077,1.5192594732284546,-0.4544868757724762,0.4,0.0,1.4,0.0
transgastric_short_axis,4,285,14.251,0.28574432322352283,-0.24902864003086278,1.519260226100637,-0.4544868644082407,-0.007162601062120011,-4.314321544286014e-06,0.000752872181396314,1.1364235791997574e-05,0.06809869628859838,-0.0014638987018177228,0.9791672281096375,0.543921809344396,0.3724814891815186,-0.5506586560918896,1.5059734308242798,0.4111613671302795,0.4,0.0,1.4,0.0
transgastric_short_axis,4,286,14.3008,0.37247432867964453,-0.5506586519415948,1.5059744483668371,0.41116136776924783,-0.0071605018741980435,4.150295744175149e-06,0.0010175425570023778,6.388974036656226e-07,0.0497272237026593,-0.04694817376688046,1.0668197323438462,0.6958928564026972,0.28607819080352787,-0.23035683880696695,1.5185115809440612,-0.4436051741123199,0.4,0.0,1.4,0.0
transgastric_short_axis,4,287,14.351,0.28607102821818253,-0.23035684306255663,1.5185123346101639,-0.44360516302866876,-0.007162585345289401,-4.255590892724385e-06,0.0007536661028529556,1.108364841554081e-05,0.06819405461742364,-0.0005633387112327116,0.9795522016155549,0.5261889393340122,0.37064452171325685,-0.5684685250758484,1.4996251473426818,0.42923568034172055,0.4,0.0,1.4,0.0
transgastric_short_axis,4,288,14.401,0.3706373611936664,-0.5684685202955998,1.4996261630082843,0.42923568167161275,-0.00716051959039156,4.780251287423264e-06,0.0010156655970230226,1.3293280434967402e-06,0.048331006872792695,-0.04815889334481689,1.0653892912978857,0.7198522528273336,0.2814156770706177,-0.21930288935988868,1.5145211992263794,-0.4766622377872467,0.4,0.0,1.4,0.0
transgastric_short_axis,4,289,14.4508,0.28140851460855393,-0.2193028942706971,1.5145219730233626,-0.4766622265201632,-0.007162462063785754,-4.9108094017741705e-06,0.0007737969830617241,1.1267081977294865e-05,0.06790689151110771,0.0013170095357201228,0.9751262074171145,0.549981690912686,0.3723129987716675,-0.5569080548730048,1.4965568040847779,0.446254630279541,0.4,0.0,1.4,0.0
transgastric_short_axis,4,290,14.501,0.37230583821457636,-0.5569080495973274,1.4965578204549814,0.44625463192328585,-0.007160557091268899,5.275677967700609e-06,0.0010163702019554994,1.6436791487068788e-06,0.048372951741166355,-0.047913963275588584,1.0672435405305936,0.7206803393372821,0.2813900470733643,-0.23878830278842775,1.5149513215541839,-0.4726323454856872,0.4,0.0,1.4,0.0
transgastric_short_axis,4,291,14.551,0.2813828845542344,-0.2387883076288943,1.5149520874209124,-0.47263233402320587,-0.007162519129877858,-4.840466754704792e-06,0.0007658667284039152,1.146248242229863e-05,0.06795407079118265,-0.00014384473433605785,0.9750757900034668,0.5546937727283351,0.3733052253723145,-0.5451369244667466,1.5020227469444274,0.42893869557380676,0.4,0.0,1.4,0.0
transgastric_short_axis,4,292,14.6009,0.37329806485134887,-0.5451369198026612,1.5020237649168227,0.42893869662737494,-0.00716052096581716,4.664085848749547e-06,0.0010179723945755558,1.0534999760755177e-06,0.049459543054982354,-0.04701821194795487,1.0678904646638245,0.7016298944207053,0.2841147661209107,-0.24723193824830803,1.519063231086731,-0.4634025981903076,0.4,0.0,1.4,0.0
transgastric_short_axis,4,293,14.6508,0.2841076035441111,-0.24723194266404325,1.519063988170938,-0.46340258673631246,-0.007162576799569262,-4.415735418332779e-06,0.0007570842063167307,1.1453994979970671e-05,0.06803517096100373,-0.0010363422743677403,0.9775363822654677,0.5508837188579824,0.37296557426452637,-0.5409512466650366,1.505853775548935,0.41542738666534423,0.4,0.0,1.4,0.0
transgastric_short_axis,4,294,14.7009,0.372958413762985,-0.5409512424359877,1.5058547937588695,0.41542738730336826,-0.007160501541520968,4.2290485072370095e-06,0.0010182099334602207,6.379532718190826e-07,0.050058461782128236,-0.04654937890591525,1.0673079356958852,0.6907565747516908,0.28725402355194096,-0.24726639289491092,1.5191900020122528,-0.4329008955717087,0.4,0.0,1.4,0.0
transgastric_short_axis,4,295,14.7508,0.2872468609094844,-0.24726639700520114,1.5191907470729085,-0.43290088448037134,-0.007162642456466582,-4.110291974182361e-06,0.0007450606549884425,1.1091335716177066e-05,0.06824796836619253,-0.0020846926403194433,0.9806911055061838,0.5248462169382425,0.3710082769393921,-0.581582450432049,1.5041398401260375,0.4072196714401245,0.4,0.0,1.4,0.0
transgastric_short_axis,4,296,14.8008,0.371001116416956,-0.581582446262047,1.5041408545926478,0.4072196722707213,-0.007160522436182855,4.170001851490719e-06,0.0010144666093741957,8.305270390449498e-07,0.04836040705674626,-0.04838312361655206,1.065472913289412,0.7181589351451184,0.2797141790390015,-0.1989729625825503,1.5143820695400239,-0.4845081783771515,0.4,0.0,1.4,0.0
transgastric_short_axis,4,297,14.8508,0.2797070166536529,-0.19897296758285707,1.514382854317569,-0.48450816731160273,-0.007162385348592153,-5.000306197622215e-06,0.0007847775460034902,1.1065546008936784e-05,0.06778946167307386,0.0029610369215447695,0.973426732505154,0.549447217869538,0.37084522247314455,-0.5633874009694915,1.492558932209015,0.4537064013004303,0.4,0.0,1.4,0.0
transgastric_short_axis,4,298,14.9008,0.3708380619027984,-0.5633873953018395,1.4925599483612126,0.4537064033926246,-0.007160570346103903,5.6676520599435945e-06,0.0010161521962071963,2.0921316964025393e-06,0.04782331346931871,-0.048353710751522005,1.0660322729719036,0.7298442438895285,0.2775078058242798,-0.2373900807982981,1.5127256210803985,-0.4824199223041534,0.4,0.0,1.4,0.0
transgastric_short_axis,4,299,14.9508,0.2775006433432737,-0.2373900859275523,1.512726393235492,-0.4824199107695812,-0.007162481005972586,-5.129254349795387e-06,0.0007721550927113866,1.1534573551656832e-05,0.06786484204382996,0.0002858133678230474,0.9713314314967609,0.5628466534650588,0.37308959960937504,-0.5404583954158039,1.5018901711463928,0.42592184715271,0.4,0.0,1.4,0.0
transgastric_short_axis,4,300,15.0009,0.3730824391014662,-0.5404583907746282,1.5018911903610883,0.4259218482356202,-0.007160507908864023,4.641176533764752e-06,0.001019214694414229,1.0828414262482511e-06,0.049765338570938886,-0.04672605975246914,1.0676866913991472,0.6961401171611022,0.2857858657836914,-0.2500298802566805,1.5192864377975464,-0.45408615231513977,0.4,0.0,1.4,0.0
transgastric_short_axis,4,301,15.0508,0.28577870317985776,-0.2500298845656358,1.5192871902631788,-0.4540861409467282,-0.007162603833559718,-4.30895658588433e-06,0.0007524656328445059,1.1368410856712017e-05,0.06810012281407146,-0.0015458359809526435,0.9792001356059186,0.5440451313852152,0.3725156307220459,-0.5511026341739302,1.506238207912445,0.40990676565170286,0.4,0.0,1.4,0.0
transgastric_short_axis,4,302,15.1009,0.3725084702213421,-0.5511026300580444,1.5062392254075014,0.4099067662652187,-0.007160500704002161,4.115886710891811e-06,0.0010174950556685876,6.134449443131725e-07,0.049743334743668,-0.046945704084134926,1.0668372778696722,0.6955431137691316,0.2861365795135498,-0.228764809429696,1.5184997839450836,-0.4415695363998413,0.4,0.0,1.4,0.0
transgastric_short_axis,4,303,15.1508,0.2861294169269338,-0.22876481366518467,1.5185005372138036,-0.44156952535253674,-0.007162586616021532,-4.2354894417770296e-06,0.0007532687205169183,1.1047302489444877e-05,0.06820990287427336,-0.0005243771127295812,0.9796129701425793,0.5237612745332471,0.3704054355621338,-0.5714885497519984,1.499007958316803,0.4304041450023651,0.4,0.0,1.4,0.0
transgastric_short_axis,4,304,15.2012,0.37039827501724787,-0.5714885449027631,1.4990089736472374,0.43040414634528634,-0.007160544885969614,4.849234826108828e-06,0.0010153304336683524,1.342853668037986e-06,0.048148463183126655,-0.04832511618137847,1.0651901211345909,0.7228595473056478,0.28111364841461184,-0.2153662587319932,1.5136160136222838,-0.47781319420337676,0.4,0.0,1.4,0.0
transgastric_short_axis,4,305,15.2508,0.28110648596959315,-0.21536626372888945,1.5136167898194444,-0.4778131829835992,-0.007162445018600358,-4.996895198139253e-06,0.0007761971601665469,1.121977580299398e-05,0.06788746751186876,0.0016239515547413043,0.974882856439548,0.5493018368737123,0.3720857620239258,-0.5593771797105365,1.495513425064087,0.44867320232391356,0.4,0.0,1.4,0.0
transgastric_short_axis,4,306,15.3008,0.3720786014609797,-0.5593771743279191,1.4955144411378072,0.44867320408161415,-0.007160562946171495,5.38261819852946e-06,0.0010160737187976257,1.7576360346441262e-06,0.048178647736177235,-0.04807580616176004,1.067082815349188,0.7239565457830957,0.2801296949386597,-0.23820145027509357,1.5142461231708526,-0.4760173351764679,0.4,0.0,1.4,0.0
transgastric_short_axis,4,307,15.3511,0.2801225324084584,-0.2382014552174377,1.5142468912313696,-0.4760173236648586,-0.007162530201245486,-4.942344306671351e-06,0.0007680605142959112,1.1511631184587085e-05,0.06792396551785276,1.1819411657567128e-05,0.9738589637738302,0.557454379379114,0.3732332706451416,-0.5439134100053153,1.5017793168067932,0.4289083604335785,0.4,0.0,1.4,0.0
transgastric_short_axis,4,308,15.4011,0.3732261101474725,-0.5439134053375729,1.5017803350499213,0.4289083615658331,-0.007160497669272449,4.667744962881896e-06,0.001018243122252339,1.1316834746765266e-06,0.049516951797884026,-0.04695648451592717,1.067834770027656,0.7006284699523078,0.28427536487579347,-0.24809386617392296,1.5192182773590088,-0.4625766210079193,0.4,0.0,1.4,0.0
transgastric_short_axis,4,309,15.4511,0.2842682022947772,-0.24809387056951748,1.5192190337910256,-0.4625766095555613,-0.007162581016290639,-4.3955967581618114e-06,0.0007564320167187222,1.1452358191093668e-05,0.06804091511932783,-0.0011233536744504231,0.9776873794907235,0.5505767115854349,0.372932505607605,-0.5406915260409159,1.5061745415687562,0.41406548867225645,0.4,0.0,1.4,0.0
transgastric_short_axis,4,310,15.5014,0.37292534512906894,-0.540691521860176,1.5061755597276818,0.41406548930841947,-0.007160478536171249,4.180742697514177e-06,0.0010181589208169111,6.355748820088113e-07,0.05011063157961297,-0.04650955635279043,1.0672546537674052,0.6897853562287044,0.2874803066253662,-0.24661063108837095,1.5192021735191346,-0.42908044681549073,0.4,0.0,1.4,0.0
transgastric_short_axis,4,311,15.5512,0.287473143951274,-0.24661063517531967,1.5192029173428159,-0.4290804357367073,-0.007162674092226405,-4.086952496953355e-06,0.0007438236791437244,1.1078778692449312e-05,0.06827380434915238,-0.0021713790269458372,0.9809194578636811,0.5213429337286793,0.37071297168731693,-0.5869970730471005,1.5037290049552918,0.4068133303642273,0.4,0.0,1.4,0.0
transgastric_short_axis,4,312,15.6015,0.3707058111801502,-0.5869970688741184,1.5037300186619005,0.4068133312628319,-0.007160507166819473,4.172984473808201e-06,0.0010137066031968602,8.980249777162282e-07,0.048108099306724036,-0.04863548310767658,1.0652055063526742,0.7222746787962183,0.2791202545166016,-0.19136859737307324,1.5131613610267638,-0.48688855061531067,0.4,0.0,1.4,0.0
transgastric_short_axis,4,313,15.6512,0.279113092165542,-0.1913686025005384,1.5131621506307846,-0.4868885396597579,-0.007162351059631019,-5.127466737388697e-06,0.0007896040201541933,1.0955549163058892e-05,0.06773637354646707,0.0035570331389769222,0.9729109686096842,0.548727353880032,0.37015781402587894,-0.5694229562374516,1.4910816857814788,0.45512859506607056,0.4,0.0,1.4,0.0
transgastric_short_axis,4,314,15.7011,0.37015065344780107,-0.5694229504498054,1.491082701284805,0.45512859730811517,-0.007160578077883639,5.7876470949201e-06,0.0010155033255079698,2.2419838970943487e-06,0.04748162291205062,-0.048663218417805396,1.0654409950144228,0.7352357299190133,0.27558245658874514,-0.23223237000465524,1.5107611398696899,-0.48699790692329403,0.4,0.0,1.4,0.0
transgastric_short_axis,4,315,15.7511,0.27557529414044496,-0.23223237534785574,1.5107619169611182,-0.48699789542638844,-0.007162448300266221,-5.343198681156068e-06,0.0007770914290167687,1.1496906409553549e-05,0.06781512320490611,0.0007927150630616872,0.9695310432866995,0.5646667477252201,0.3727596282958985,-0.5415008357290557,1.50083368434906,0.4267382743835449,0.4,0.0,1.4,0.0
transgastric_short_axis,4,316,15.8011,0.37275246778974,-0.5415008310047448,1.5008347039902157,0.4267382755912257,-0.007160506158495608,4.724311394851183e-06,0.0010196411539511575,1.2076129581435474e-06,0.04968889088108301,-0.04679160477341872,1.0674263742416477,0.6973082326874864,0.2853914022445679,-0.2467649279840274,1.5192242694854736,-0.4569660244703293,0.4,0.0,1.4,0.0
transgastric_short_axis,4,317,15.8514,0.2853842396533012,-0.24676493232378383,1.519225023919148,-0.4569660130969691,-0.0071625912666957725,-4.3397553233084565e-06,0.0007544336740180196,1.1373360622081099e-05,0.06808376803069677,-0.0012248398393121989,0.9788075119368258,0.5450341712212862,0.37249155044555665,-0.547286782062659,1.5055022998809815,0.41426697392463685,0.4,0.0,1.4,0.0
transgastric_short_axis,4,318,15.9015,0.3724843899422453,-0.5472867778353339,1.505503317718687,0.4142669746065719,-0.007160503311379595,4.227325763749378e-06,0.0010178377043190898,6.818641959869332e-07,0.04979452573573717,-0.04684155175779259,1.0668584870013151,0.6950021599171939,0.2863006591796875,-0.2374123639664815,1.5187271102428437,-0.44381274511814117,0.4,0.0,1.4,0.0
transgastric_short_axis,4,319,15.9511,0.2862934965797499,-0.23741236821164236,1.5187278620402367,-0.44381273397166726,-0.007162599937566205,-4.245163041587413e-06,0.0007517973925353484,1.1146472216715774e-05,0.06818762635817614,-0.001037531716967615,0.9797601704070011,0.5294901789079484,0.3711162805557251,-0.5675592220111546,1.5017883049964904,0.42165601487159726,0.4,0.0,1.4,0.0
transgastric_short_axis,4,320,16.0012,0.37110912002706425,-0.5675592174679251,1.5017893209131135,0.42165601593374014,-0.0071605286609360405,4.543229045335483e-06,0.0010159166212713512,1.0620738763761653e-06,0.048605318020403666,-0.04797533431083283,1.0657244018747547,0.7149216809577685,0.28152112960815434,-0.22065205092931203,1.5158563199043273,-0.4776331495285034,0.4,0.0,1.4,0.0
transgastric_short_axis,4,321,16.0513,0.28151396713913157,-0.22065205574019908,1.5158570928620705,-0.4776331382279802,-0.007162469022767512,-4.810886953078563e-06,0.000772957743142971,1.1300521806543033e-05,0.0679047944195898,0.0012571825547639534,0.9751426898286895,0.5516181200662665,0.37235560417175295,-0.5542074846919883,1.497318553161621,0.4446446208000183,0.4,0.0,1.4,0.0
transgastric_short_axis,4,322,16.1016,0.37234844361972624,-0.5542074794901505,1.4973195698773578,0.4446446223612588,-0.007160552026705235,5.201838108668972e-06,0.0010167157361704543,1.5611752191702938e-06,0.048552703142512865,-0.04775462653492654,1.0672373550328258,0.7176980408005705,0.28241541385650637,-0.24027247414155048,1.5156186946392058,-0.4696664301395416,0.4,0.0,1.4,0.0
transgastric_short_axis,4,323,16.1513,0.2824082513238048,-0.24027247889705308,1.5156194583484455,-0.46966641869117465,-0.007162532701451537,-4.755504253431549e-06,0.0007637092400121775,1.1448367250364096e-05,0.06797984654457431,-0.0003463185290993572,0.976059668024845,0.552732383226315,0.373256516456604,-0.5452020886896695,1.5025908754348756,0.4273468497276306,0.4,0.0,1.4,0.0
transgastric_short_axis,4,324,16.2012,0.3732493559578673,-0.545202084100858,1.5025918932310214,0.4273468507604532,-0.007160498736849306,4.58881377731037e-06,0.0010177961407359906,1.0322486074047935e-06,0.049504717943390925,-0.04699141287413051,1.0678054536253678,0.7007933624658487,0.28432161808013917,-0.24684937931890735,1.5191244631290435,-0.4624069689273834,0.4,0.0,1.4,0.0
transgastric_short_axis,4,325,16.2513,0.2843144554771895,-0.24684938373329457,1.5191252199061402,-0.4624069574498168,-0.007162602949678896,-4.414390045098703e-06,0.000756777095457815,1.1477580083473147e-05,0.0680432162201991,-0.0010443977873088994,0.9777399831133877,0.5498443195821245,0.3728693962097168,-0.5417899551548975,1.505733371257782,0.41555097427368165,0.4,0.0,1.4,0.0
transgastric_short_axis,4,326,16.3012,0.37286223572879995,-0.5417899509275368,1.5057343893606223,0.41555097495764226,-0.0071604809169116546,4.22736265222263e-06,0.001018102834887015,6.833740760963564e-07,0.050015420165925126,-0.0465935690142909,1.067219696945436,0.6914731976421159,0.2870867013931275,-0.2461556050489957,1.5191310170173644,-0.4350389611959457,0.4,0.0,1.4,0.0
transgastric_short_axis,4,327,16.3514,0.28707953873225994,-0.2461556091981456,1.5191317631975023,-0.4350389500437498,-0.00716266086754964,-4.149154354278635e-06,0.0007461801360497013,1.115219471595833e-05,0.06823611339715639,-0.0019353267262650145,0.980526091600675,0.5261129912579079,0.3710833549499512,-0.578781137860422,1.5039241235733032,0.4091847144126892,0.4,0.0,1.4,0.0
transgastric_short_axis,4,328,16.4014,0.3710761944275604,-0.578781133645837,1.5039251383400076,0.4091847152633816,-0.007160522390698972,4.214585174903304e-06,0.0010147667035132675,8.50622789060949e-07,0.04843761085196269,-0.04828487643021953,1.0655606157813886,0.7169775120443577,0.28011364936828614,-0.20328971784416255,1.514788597869873,-0.4832354132652283,0.4,0.0,1.4,0.0
transgastric_short_axis,4,329,16.4511,0.280106486965283,-0.2032897227978259,1.5147893801689563,-0.4832354021464016,-0.0071624030031782315,-4.953663658298389e-06,0.0007822990829944641,1.1118823454163319e-05,0.06781539163566733,0.0026252773449473446,0.973800586054621,0.5499038293649086,0.3711826801300049,-0.561406633296853,1.4935073734760285,0.4525298847198486,0.4,0.0,1.4,0.0
transgastric_short_axis,4,330,16.5014,0.3711755195620653,-0.5614066277134453,1.4935083896750703,0.4525298867055447,-0.007160567939580387,5.583408209276343e-06,0.0010161990412164434,1.985633348622668e-06,0.04795806624362232,-0.048239724244740566,1.0663082789593537,0.7276918095007376,0.2783700227737427,-0.23879822722467747,1.513439433145523,-0.4803613459825516,0.4,0.0,1.4,0.0
transgastric_short_axis,4,331,16.5512,0.2783628602810724,-0.23879823227254676,1.5134402034891714,-0.4803613344472025,-0.00716249267030749,-5.0478705179492665e-06,0.0007703436484948944,1.153534938128391e-05,0.06788507235745933,0.00011967921714821708,0.9721485237485192,0.5616367873413003,0.3731755256652832,-0.5410040521560259,1.5021652472019196,0.4263141441822052,0.4,0.0,1.4,0.0
transgastric_short_axis,4,332,16.6012,0.37316836515463203,-0.5410040475298712,1.5021662661014927,0.4263141452302266,-0.007160510651348572,4.626154385133163e-06,0.0010188995724260503,1.0479531649673081e-06,0.04972962615550114,-0.046761659741865705,1.067753874925927,0.6968407367718094,0.2855844020843506,-0.24970705519829245,1.5193145258903502,-0.4553532998085022,0.4,0.0,1.4,0.0
transgastric_short_axis,4,333,16.6514,0.2855772394837504,-0.2497070595170876,1.5193152789224094,-0.4553532884275757,-0.007162600600163733,-4.318795020392644e-06,0.0007530320596090523,1.1380926862883608e-05,0.06809170761824364,-0.0014804601971699681,0.978995805471764,0.5450036116971783,0.37256870269775394,-0.5492546292428214,1.5062481323719024,0.41052919778823854,0.4,0.0,1.4,0.0
transgastric_short_axis,4,334,16.7013,0.3725615422185548,-0.5492546251192709,1.5062491499433133,0.4105291984093755,-0.007160479199202962,4.123553942086465e-06,0.0010175714060845754,6.205479791932572e-07,0.04981221808018625,-0.04686623354165355,1.066889126569866,0.6944469863068425,0.286390495300293,-0.2318316474843824,1.5186288019180298,-0.43907568826675414,0.4,0.0,1.4,0.0
transgastric_short_axis,4,335,16.7512,0.28638333267641297,-0.23183165169761305,1.5186295533444634,-0.43907567719193136,-0.007162623880034451,-4.213234117817266e-06,0.000751426431227226,1.107481388963121e-05,0.06822642804667113,-0.0008190490091316846,0.9798602395163536,0.5229866949080273,0.37044591903686525,-0.5748109888534944,1.4997976082324982,0.4264837962627411,0.4,0.0,1.4,0.0
transgastric_short_axis,4,336,16.8012,0.37043875851426167,-0.5748109841337369,1.4997986230980107,0.4264837975633551,-0.007160522603601223,4.719759674271058e-06,0.0010148655071528763,1.3000499769764692e-06,0.04810637900993136,-0.048413027520993066,1.0651820280382842,0.7232770763927838,0.280740237236023,-0.21069521982161632,1.5133785756111144,-0.47964818930625913,0.4,0.0,1.4,0.0
transgastric_short_axis,4,337,16.8513,0.28073307478499243,-0.21069522486739883,1.5133793544669691,-0.47964817810418703,-0.007162451030526121,-5.045784249783904e-06,0.0007788558526285104,1.1202071986624566e-05,0.06786130129276503,0.0020031469481546892,0.9745234114883614,0.5491214164555763,0.37177112102508547,-0.5613380985106755,1.4945567446231842,0.45091219782829284,0.4,0.0,1.4,0.0
transgastric_short_axis,4,338,16.9012,0.37176396047655,-0.5613380930499661,1.4945577603926736,0.4509121997560994,-0.007160548535337019,5.460711451349063e-06,0.0010157694816228643,1.9272724446666164e-06,0.04801387880557795,-0.048209280267954145,1.066829050232462,0.7267466618955363,0.2789981603622437,-0.23801756732420198,1.5136478467941283,-0.47895497517585756,0.4,0.0,1.4,0.0
transgastric_short_axis,4,339,16.9513,0.2789909978427194,-0.23801757234137585,1.5136486166246073,-0.4789549636575617,-0.00716251952423275,-5.017174845137994e-06,0.0007698304755614279,1.1518318457505897e-05,0.06789746640702785,0.00012470450480521998,0.9727642178859821,0.5600084004899266,0.37317819595336915,-0.5424743667491018,1.5017594678878783,0.4281572848320007,0.4,0.0,1.4,0.0
transgastric_short_axis,4,340,17.0012,0.3731710354385045,-0.5424743620723376,1.5017604865490783,0.4281572859226861,-0.007160514864629755,4.676764015345648e-06,0.0010186611994076435,1.0906163322747226e-06,0.04960607160141505,-0.04687027964761775,1.0677817704950248,0.6990508457591748,0.28481831550598147,-0.2485472069316709,1.5192939279556275,-0.4597542358160019,0.4,0.0,1.4,0.0
transgastric_short_axis,4,341,17.0512,0.28481115291739345,-0.2485472112939957,1.5192946830655831,-0.45975422439282954,-0.007162588587966716,-4.362325851807048e-06,0.0007551099550826014,1.1423172513557529e-05,0.0680614381685679,-0.0012508075399987719,0.9782275824881426,0.5483150143749599,0.37275137901306155,-0.5429136634932887,1.5062464470863342,0.4127610776424408,0.4,0.0,1.4,0.0
transgastric_short_axis,4,342,17.1012,0.3727442185139972,-0.5429136593281185,1.5062474652017297,0.41276107824351804,-0.007160499064397838,4.165170152738531e-06,0.0010181153945835219,6.010069192559018e-07,0.05004469431355689,-0.0465946142342467,1.0670698978959903,0.6907664950502489,0.28724317550659184,-0.24240884948444444,1.5190587369918822,-0.43077528233528134,0.4,0.0,1.4,0.0
transgastric_short_axis,4,343,17.1509,0.2872360128550985,-0.2424088535781815,1.5190594823937786,-0.4307752713152461,-0.007162651493386527,-4.0937389048116e-06,0.0007454018943283625,1.1020137173221349e-05,0.06827081846873072,-0.0018260988488272255,0.9806906207334547,0.5207881179659365,0.3705699682235718,-0.5852848269137476,1.5025485560417176,0.41227590265274044,0.4,0.0,1.4,0.0
transgastric_short_axis,4,344,17.201,0.3705628076897772,-0.585284822577549,1.5025495698828193,0.41227590362783495,-0.007160533794467737,4.336198542195652e-06,0.0010138411013814763,9.750256228683438e-07,0.048026641588096525,-0.04865430743277141,1.065136387778196,0.7238181448582518,0.2793862819671631,-0.1946739964047819,1.51270820646286,-0.48511188511848446,0.4,0.0,1.4,0.0
transgastric_short_axis,4,345,17.2509,0.2793791196034085,-0.19467400155157272,1.5127089942037824,-0.4851118741329307,-0.007162363754505803,-5.146791389573611e-06,0.0007877409219925984,1.0985550733290648e-05,0.06776387814743635,0.003273898966344919,0.9732085101453674,0.5481644018603755,0.37049379348754885,-0.5683998030361568,1.491394587135315,0.45519338493347167,0.4,0.0,1.4,0.0
transgastric_short_axis,4,346,17.301,0.3704866329095081,-0.568399797268759,1.4913956026252926,0.4551933871431011,-0.007160578040686801,5.767398546760132e-06,0.001015489976366765,2.2095679641791545e-06,0.04753084655934809,-0.04861668285977459,1.0657561713847974,0.7345090498082607,0.27586889266967773,-0.23345457369148748,1.5110440805912018,-0.48623035297393796,0.4,0.0,1.4,0.0
transgastric_short_axis,4,347,17.3511,0.2758617302152146,-0.23345457900266206,1.5110448567677999,-0.48623034146538424,-0.007162454463050009,-5.311174610816956e-06,0.0007761765978534269,1.1508554831145985e-05,0.06782383447950366,0.0006835693624521015,0.9697996085395104,0.5645017764884321,0.3728399753570557,-0.5410091080009078,1.5010722458839416,0.4263006618976593,0.4,0.0,1.4,0.0
transgastric_short_axis,4,348,17.4012,0.3728328148513713,-0.5410091032983457,1.5010732655027894,0.42630066307815717,-0.007160505684360384,4.7025622504477515e-06,0.001019618847023082,1.1804295451394302e-06,0.04972544749811601,-0.04675904143589878,1.0674912494748454,0.6966900072061131,0.2856002807617188,-0.24767273302060816,1.5192373772621155,-0.45562781410217285,0.4,0.0,1.4,0.0
transgastric_short_axis,4,349,17.451,0.2855931181657267,-0.24767273734689876,1.5192381309254976,-0.45562780273647213,-0.0071625959920778035,-4.326290672598952e-06,0.0007536633821311825,1.136570016959422e-05,0.06809234564518003,-0.0013324721629119542,0.9790165847615684,0.5442840673113801,0.37246830463409425,-0.5491535123451825,1.5056639000415801,0.41296087760925293,0.4,0.0,1.4,0.0
transgastric_short_axis,4,350,17.501,0.37246114413110226,-0.5491535081486076,1.5056649177205879,0.41296087827712835,-0.0071605029918377725,4.196574701747064e-06,0.0010176790073716793,6.678049064949984e-07,0.04974508790307185,-0.04690865738871465,1.0668256247770027,0.695722448911063,0.28614411354064945,-0.23384892959227938,1.5185924746513366,-0.44466924469470975,0.4,0.0,1.4,0.0
transgastric_short_axis,4,351,17.5511,0.2861369509502145,-0.2338489338541497,1.518593227779701,-0.4446692335690386,-0.007162590434902951,-4.261872334514537e-06,0.0007531283646209388,1.1125668522633694e-05,0.06818419246083922,-0.0007651228302821738,0.9796119082524744,0.5286257643756314,0.3709434509277344,-0.5666860588746908,1.5007541014194488,0.4257817811965942,0.4,0.0,1.4,0.0
transgastric_short_axis,4,352,17.6009,0.37093629039430126,-0.5666860542026839,1.5007551174062117,0.42578178236515196,-0.007160533433147871,4.672007703627203e-06,0.0010159867626533348,1.1684894777381593e-06,0.04852249984328253,-0.048009555065260584,1.0656164721322987,0.7165329742038651,0.2816051483154297,-0.2217411173675863,1.51546196308136,-0.4765145880460739,0.4,0.0,1.4,0.0
transgastric_short_axis,4,353,17.6508,0.28159798584265405,-0.22174112219980907,1.5154627354274144,-0.4765145767444115,-0.00716247277570315,-4.832223466566376e-06,0.0007723460547660277,1.1301661944040297e-05,0.06791458340646217,0.0011456705006978882,0.9752537234892606,0.5509863404416063,0.3724388122558594,-0.554608019958747,1.497354880428314,0.4444186052799225,0.4,0.0,1.4,0.0
transgastric_short_axis,4,354,17.7009,0.3724316517036475,-0.5546080147634331,1.4973558970815022,0.4444186068368623,-0.0071605522118600206,5.195314644163611e-06,0.0010166531864983363,1.5568742421523522e-06,0.04854036786925472,-0.047769878607031344,1.0673183983521017,0.7178691612452698,0.28241701126098634,-0.23964686015078804,1.5155597096443176,-0.46977953152656554,0.4,0.0,1.4,0.0
transgastric_short_axis,4,355,17.7509,0.2824098487301195,-0.23964686491199955,1.5155604736079447,-0.46977952008400653,-0.007162530866889047,-4.761211898843656e-06,0.0007639636270652813,1.144255936827166e-05,0.06797894046911045,-0.0002998845818806906,0.9760650659778602,0.5525441919780494,0.37324228286743166,-0.5455891417034097,1.50235381193161,0.4281846239089966,0.4,0.0,1.4,0.0
transgastric_short_axis,4,356,17.8009,0.3732351223464079,-0.5455891370735676,1.5023548297594047,0.42818462492356346,-0.00716052102396628,4.6298426915166275e-06,0.001017827793394923,1.0144979456316082e-06,0.04946138274169028,-0.0470265181320972,1.067806197774495,0.7015714143011397,0.2840669631958008,-0.2468739095292605,1.5190836417675018,-0.4636787041425705,0.4,0.0,1.4,0.0
transgastric_short_axis,4,357,17.8508,0.2840598006202351,-0.24687391394586322,1.5190843990440879,-0.46367869268864287,-0.007162575565656253,-4.416601521078478e-06,0.0007572765860206398,1.1453927325445757e-05,0.06803353363033864,-0.001002564408432465,0.9774870043930775,0.5509699477905393,0.3729705810546875,-0.5410188451836434,1.5057453555107116,0.41590544600486756,0.4,0.0,1.4,0.0
transgastric_short_axis,4,358,17.9008,0.37296342055249065,-0.5410188409412221,1.5057463737132757,0.41590544665400575,-0.007160502197025042,4.242420782069279e-06,0.0010182025638535515,6.490674487984013e-07,0.05004124784531981,-0.046562168510037326,1.0673197528885925,0.6910803129822037,0.28717703819274903,-0.24753491443419656,1.5191879422187804,-0.43419482038021084,0.4,0.0,1.4,0.0
transgastric_short_axis,4,359,17.9508,0.2871698755524866,-0.24753491855726872,1.5191886877063663,-0.4341948092702595,-0.007162640262418062,-4.123073217229664e-06,0.000745487585510996,1.1109950297412235e-05,0.06823904826170522,-0.002058516952221979,0.9806132760780337,0.52605631691141,0.3711101531982422,-0.5797368797966241,1.504293013858795,0.4072970073223114,0.4,0.0,1.4,0.0
transgastric_short_axis,4,360,18.0009,0.37110299267756547,-0.5797368756326695,1.5042940285514952,0.4072970081390075,-0.0071605206768289255,4.163955127736372e-06,0.0010146927001546179,8.16626847427545e-07,0.04844793509529009,-0.048295656757419994,1.065564455646717,0.7167272697693378,0.2799405574798584,-0.20157522466863997,1.5148299809932708,-0.48384099254608154,0.4,0.0,1.4,0.0
transgastric_short_axis,4,361,18.0509,0.27993339508321863,-0.20157522962478894,1.5148307641960894,-0.4838409814445396,-0.007162396639807615,-4.956147766028738e-06,0.0007832028181548685,1.1101539437616996e-05,0.06780505838037196,0.0027618670672569408,0.9736242162251709,0.5498515822888955,0.3710535526275635,-0.5616305884997719,1.4931545870304108,0.4529631903648376,0.4,0.0,1.4,0.0
transgastric_short_axis,4,362,18.1008,0.371046392059584,-0.5616305828841854,1.493155603321724,0.4529631923924038,-0.007160567979465359,5.6155866860174856e-06,0.0010162913115219724,2.0275027034103263e-06,0.047932864338325644,-0.04825751733189114,1.06620201876204,0.7280939796043842,0.27816467285156254,-0.23871003081951464,1.5133360689640045,-0.48088752958774567,0.4,0.0,1.4,0.0
transgastric_short_axis,4,363,18.1512,0.2781575103608974,-0.23871003588163717,1.5133368396399272,-0.4808875180489182,-0.00716249066517042,-5.062123070946738e-06,0.0007706759229993936,1.1538829087960492e-05,0.06788028277395074,0.000143635879130204,0.9719494996556755,0.5620730537455808,0.37316203117370605,-0.5406939603365998,1.5021841598510741,0.4259121099472046,0.4,0.0,1.4,0.0
transgastric_short_axis,4,364,18.2008,0.37315487066425423,-0.5406939557165769,1.5021851788439777,0.42591211099433046,-0.0071605094518388075,4.620023799223826e-06,0.001018992902799904,1.0470570784170575e-06,0.04975576845652596,-0.04673828287220401,1.0677395175037092,0.6963573448916262,0.2857336521148682,-0.25016676257552134,1.519298234796524,-0.4543627264022827,0.4,0.0,1.4,0.0
transgastric_short_axis,4,365,18.2508,0.28572648951135027,-0.25016676688631967,1.5192989873351177,-0.45436271502921016,-0.007162603517870145,-4.310800171876744e-06,0.0007525385932379958,1.1373071929700624e-05,0.06809799351813932,-0.0015456897983319833,0.9791469204241836,0.5443524333018578,0.3725390195846558,-0.5506695167957101,1.50630149974823,0.4098004054069519,0.4,0.0,1.4,0.0
transgastric_short_axis,4,366,18.3008,0.3725318590843469,-0.5506695126846832,1.5063025172745403,0.4098004060136766,-0.007160500308883728,4.1110270788484825e-06,0.0010175263099750638,6.066543808346973e-07,0.04976694445850561,-0.04692216326140448,1.066856524254655,0.6951460342357042,0.28622353076934814,-0.22928818300173462,1.5185344259262086,-0.44038309535980225,0.4,0.0,1.4,0.0
transgastric_short_axis,4,367,18.3509,0.2862163681788115,-0.2292881872231768,1.5185351785518968,-0.4403830843211847,-0.0071625905366202456,-4.221442183250354e-06,0.0007526256878746594,1.1038614514627987e-05,0.06821843793480933,-0.0006006967043324729,0.9796985418048731,0.5229795762561671,0.3703607559204102,-0.57318132151988,1.4991017725467681,0.4295319160938263,0.4,0.0,1.4,0.0
transgastric_short_axis,4,368,18.4008,0.3703535953748749,-0.5731813166923027,1.4991027876560024,0.42953191742374575,-0.007160545535462515,4.827577893633403e-06,0.0010151092334758727,1.3298516223463516e-06,0.04809268115030226,-0.04839036377176678,1.0651400999920633,0.7236952132764377,0.2809463977813721,-0.21321602662905242,1.513339065027237,-0.4787259635925293,0.4,0.0,1.4,0.0
transgastric_short_axis,4,369,18.4508,0.2809392353455504,-0.21321603165820574,1.5133398425479205,-0.4787259523960476,-0.007162435821640863,-5.029153152686281e-06,0.0007775206833500233,1.119648060765152e-05,0.06787444892425279,0.0018009694995014666,0.9747330321235388,0.5492367424366886,0.3719511985778809,-0.5603113874926119,1.4950299353599548,0.4497905466556549,0.4,0.0,1.4,0.0
transgastric_short_axis,4,370,18.5011,0.37194403801248754,-0.5603113820598629,1.495030951331314,0.44979054846653366,-0.007160565393193457,5.432749804499234e-06,0.001015971357729263,1.81081509962806e-06,0.04809859159561852,-0.04814034457301943,1.0669790424821324,0.7253126229906923,0.27958035469055176,-0.238128983165119,1.5139564413070679,-0.47744739360809324,0.4,0.0,1.4,0.0
transgastric_short_axis,4,371,18.5508,0.27957319218954524,-0.23812898813846614,1.5139572101748007,-0.47744738210712884,-0.007162501006491175,-4.973346495521814e-06,0.0007688677328087538,1.150096522476478e-05,0.0679111164168747,6.562289991929662e-05,0.9733274385284763,0.5587041072544934,0.37320733070373535,-0.5432731902404495,1.5017437385559083,0.42864920096397396,0.4,0.0,1.4,0.0
transgastric_short_axis,4,372,18.6008,0.3732001701868528,-0.543273185557361,1.501744757031628,0.4286492020543582,-0.007160516882482379,4.683088977258373e-06,0.0010184757184161194,1.0903158886740083e-06,0.04955434879213944,-0.04691957147578562,1.0678114606248599,0.6999686557474695,0.28449878692626956,-0.24832437524983694,1.5192529193401336,-0.46141321220397946,0.4,0.0,1.4,0.0
transgastric_short_axis,4,373,18.6509,0.28449162434202746,-0.24832437963143794,1.5192536752131547,-0.4614132007631738,-0.00716258424206672,-4.381602295905095e-06,0.0007558730203435387,1.1440805914118137e-05,0.06804938024006273,-0.0011788541841230042,0.9779094421986978,0.5496642277398479,0.3728504180908203,-0.5412102182751009,1.5062475706100464,0.4134366899013519,0.4,0.0,1.4,0.0
transgastric_short_axis,4,374,18.7012,0.37284325759179693,-0.5412102140985716,1.5062485888282833,0.41343669049967335,-0.007160499023523988,4.176529307681671e-06,0.0010182182362098455,5.982501120447862e-07,0.05010472068641457,-0.04652298268295271,1.0671682494634367,0.6898294312235247,0.28746061325073247,-0.24536015212090265,1.51917034034729,-0.4287280348777771,0.4,0.0,1.4,0.0
transgastric_short_axis,4,375,18.7508,0.2874534506029969,-0.2453601561912574,1.5191710842674429,-0.42872802385465275,-0.0071626477356113395,-4.070354692192065e-06,0.0007439201527857122,1.1023122811459854e-05,0.06827860436833676,-0.0020981013122483225,0.9809021536960518,0.5204592181825238,0.37061305046081544,-0.5876824209088756,1.5033320265769958,0.4081834675312042,0.4,0.0,1.4,0.0
transgastric_short_axis,4,376,18.8009,0.3706058899304341,-0.5876824166829842,1.503333040217167,0.40818346843317244,-0.007160530381192778,4.2258918545947916e-06,0.0010136401713824908,9.018999394125488e-07,0.04803307359795244,-0.04869357736713503,1.06513089654738,0.7235510332297175,0.2790266990661621,-0.19063006951328065,1.5127186926841736,-0.4866802305936813,0.4,0.0,1.4,0.0
transgastric_short_axis,4,377,18.8508,0.2790195367187857,-0.19063007467562487,1.5127194827603558,-0.4866802196561603,-0.00716234737638164,-5.162346394725931e-06,0.0007900761813940184,1.0937517787320162e-05,0.06773419327774083,0.003600404439656921,0.972846748640364,0.5482147534177662,0.3700927734375,-0.5707985205523696,1.4908292674541472,0.45547220606803895,0.4,0.0,1.4,0.0
transgastric_short_axis,4,378,18.9009,0.3700856128570885,-0.5707985147432334,1.4908302827313245,0.45547220833339797,-0.007160580411510804,5.8091368145360346e-06,0.0010152771766219503,2.265298286312845e-06,0.04740324149880767,-0.04873400440842247,1.0653922470305217,0.7364854973564461,0.2751578092575073,-0.2311449888480083,1.5103121048927306,-0.4880030861377716,0.4,0.0,1.4,0.0
transgastric_short_axis,4,379,18.951,0.2751506468164587,-0.23114499424013396,1.5103128830802612,-0.48800307465076,-0.007162441048630116,-5.39212572079758e-06,0.0007781875306634005,1.1487012587667037e-05,0.06780359452640666,0.0009008885741753252,0.969134951356807,0.565094065085358,0.3726804256439209,-0.5418217882523023,1.5006284540176391,0.4267843388557434,0.4,0.0,1.4,0.0
transgastric_short_axis,4,380,19.0009,0.3726732651382445,-0.5418217835135652,1.500629473743432,0.4267843400878526,-0.007160505676471678,4.738737360767231e-06,0.0010197257918200576,1.2320416618695471e-06,0.049671720238701374,-0.04680796885001398,1.0673608114372732,0.6975591440574264,0.285294771194458,-0.24626758265045512,1.5191840098857878,-0.4575027879238129,0.4,0.0,1.4,0.0
transgastric_short_axis,4,381,19.051,0.2852876086055175,-0.24626758699833262,1.5191847646858054,-0.45750277654853233,-0.007162588940546287,-4.347878706625453e-06,0.0007548000175607306,1.1375280346321177e-05,0.06808031173677154,-0.0011725774278769597,0.978713123037622,0.5452709930192963,0.37249379158020024,-0.5465804618072996,1.5053906965255737,0.41495756649971005,0.4,0.0,1.4,0.0
transgastric_short_axis,4,382,19.101,0.372486631076543,-0.5465804575623773,1.50539171442649,0.41495756719216637,-0.007160503657276243,4.244922239074307e-06,0.0010179009160968158,6.923855914491734e-07,0.04980738190457873,-0.046819964821650364,1.0668675559085576,0.6948412610794008,0.28632764816284184,-0.23888679813686864,1.5187823501586915,-0.4439715364694595,0.4,0.0,1.4,0.0
transgastric_short_axis,4,383,19.1508,0.2863204855601843,-0.23888680238020582,1.5187831016209214,-0.44397152530878886,-0.00716260265758556,-4.243336446338493e-06,0.0007514622306729878,1.1160669462399484e-05,0.0681850801711323,-0.0011326734505361256,0.9797833608414721,0.5302924446665354,0.3712189197540283,-0.5671652406173909,1.5022478261947632,0.42005368280410765,0.4,0.0,1.4,0.0
transgastric_short_axis,4,384,19.2009,0.37121175922792005,-0.5671652361264846,1.5022488421716966,0.42005368382023356,-0.007160526108343559,4.490906320640251e-06,0.001015976933043976,1.016056767970817e-06,0.048672777795906286,-0.04792642349322963,1.0657979236376869,0.7137262016302635,0.28155872821807865,-0.22106325964637707,1.5161651016712188,-0.4776779032230377,0.4,0.0,1.4,0.0
transgastric_short_axis,4,385,19.2508,0.28155156574675744,-0.22106326443221266,1.5161658743227697,-0.47767789191494686,-0.007162471321113339,-4.785836546355628e-06,0.0007726515509222093,1.1308089777402825e-05,0.06790599931174413,0.0012305292753721142,0.9751598745584513,0.5518783174214695,0.3723707914352417,-0.5536745611907282,1.4974994404792785,0.4442512002468109,0.4,0.0,1.4,0.0
transgastric_short_axis,4,386,19.3008,0.37236363088425734,-0.5536745560067156,1.4975004572547395,0.44425120178809774,-0.0071605509844109815,5.184013000028157e-06,0.0010167754602087335,1.5412209400629455e-06,0.0485904564874412,-0.04772173936678743,1.0672409601459183,0.7170667697796264,0.28262009620666506,-0.2405550396943971,1.5157593223571777,-0.4690733032464981,0.4,0.0,1.4,0.0
transgastric_short_axis,4,387,19.3509,0.28261293367126533,-0.24055504443240666,1.515760085637262,-0.46907329180138446,-0.007162535399651036,-4.738010565177634e-06,0.0007632800847116368,1.1445114620525283e-05,0.06798493895965654,-0.0003858644314768478,0.9762555701055993,0.5523373998302822,0.3732291698455811,-0.5451751241836323,1.502700418996811,0.4269996809005737,0.4,0.0,1.4,0.0
transgastric_short_axis,4,388,19.4009,0.3732220093264011,-0.5451751195932013,1.502701436860228,0.4269996818772359,-0.007160519180034548,4.590431291915971e-06,0.0010178634155980774,9.765929707481031e-07,0.049516440725312534,-0.046983485170399755,1.067771141615165,0.7005778224183183,0.28440723419189456,-0.2467295370698538,1.519121841573715,-0.4619628025531769,0.4,0.0,1.4,0.0
transgastric_short_axis,4,389,19.4508,0.2844000716125178,-0.24672954146657466,1.5191225981482388,-0.4619627911203299,-0.007162579376670758,-4.396721836313893e-06,0.0007565745241148587,1.1432846940159977e-05,0.06804664678914431,-0.0010514252620226405,0.9778261309436578,0.549398419951104,0.37282972335815434,-0.5421541632399118,1.5056876812934876,0.4155683888912201,0.4,0.0,1.4,0.0
transgastric_short_axis,4,390,19.5008,0.37282256285598325,-0.5421541589998273,1.505688699454125,0.41556838954787434,-0.007160502171253328,4.240084758511637e-06,0.0010181606364031558,6.565837259679498e-07,0.04999777848616699,-0.046612030136338585,1.067183062103113,0.6917636393987799,0.28701946735382083,-0.2456429049272634,1.5191049887180328,-0.435878795170784,0.4,0.0,1.4,0.0
transgastric_short_axis,4,391,19.551,0.2870123047204903,-0.24564290907156017,1.5191057352909931,-0.43587878405356095,-0.007162633330559463,-4.144296897541836e-06,0.0007465729607368371,1.1117221464193317e-05,0.06823147965788996,-0.0018714577767314899,0.980459951730102,0.5265768212036427,0.37110788822174073,-0.5776862665632092,1.503817014312744,0.41003877968788144,0.4,0.0,1.4,0.0
transgastric_short_axis,4,392,19.6008,0.3711007276992406,-0.5776862623284866,1.503818029194539,0.4100387805486063,-0.007160522500368325,4.234722902818463e-06,0.001014881795053723,8.606552464524644e-07,0.04846512087726381,-0.04824803567630262,1.065591524359432,0.7165658171879237,0.28027110099792485,-0.20499391207640708,1.5149322216510772,-0.4827275805473328,0.4,0.0,1.4,0.0
transgastric_short_axis,4,393,19.6508,0.2802639385881028,-0.2049939170130913,1.5149330029918167,-0.4827275694084457,-0.007162409822044809,-4.936685624301851e-06,0.0007813407391658472,1.1138884378859435e-05,0.06782515091363157,0.0024925059594916813,0.9739490353855444,0.5500861131300321,0.37130045890808105,-0.5609695835948357,1.493922515487671,0.45195370430946347,0.4,0.0,1.4,0.0
transgastric_short_axis,4,394,19.7008,0.37129329834067015,-0.5609695780499161,1.4939235316304345,0.4519537062466119,-0.007160567411084379,5.544919732429478e-06,0.0010161427626285545,1.937085430168665e-06,0.04799803403303232,-0.04820920553742568,1.066399219038278,0.7270452012094163,0.2786586284637451,-0.23899484341453098,1.5135984117507935,-0.479597724366188,0.4,0.0,1.4,0.0
transgastric_short_axis,4,395,19.7509,0.2786514659679836,-0.23899484844101945,1.5135991815885168,-0.479597712835105,-0.007162495761495293,-5.026490513793218e-06,0.0007698377225035041,1.1531084444210915e-05,0.06789203746938675,8.023997164809983e-05,0.9724273534068597,0.5610372042095871,0.3731951475143433,-0.541473122208962,1.502139967918396,0.42665138854980467,0.4,0.0,1.4,0.0
transgastric_short_axis,4,396,19.8011,0.37318798700249123,-0.5414731175773474,1.5021409867151982,0.42665138959961446,-0.007160511852147027,4.631615275992171e-06,0.001018796801475313,1.0497417348909447e-06,0.04969787377172437,-0.04679161987957936,1.0677748481927745,0.6974067755007451,0.2854189395904541,-0.24894287360706183,1.519319394493103,-0.4564968596935272,0.4,0.0,1.4,0.0
transgastric_short_axis,4,397,19.8509,0.28541177699372655,-0.24894287793606795,1.5193201481611185,-0.4564968483057809,-0.007162596727535794,-4.329006566703021e-06,0.0007536680151658408,1.1387746590453053e-05,0.068084632480024,-0.0013892649026740912,0.9788291131876832,0.5456461193824528,0.3725895404815674,-0.5476566077530978,1.506116492843628,0.41164092450141904,0.4,0.0,1.4,0.0
transgastric_short_axis,4,398,19.9009,0.3725823799810112,-0.5476566036013072,1.5061175106147404,0.4116409251222537,-0.007160500556331966,4.151790588616654e-06,0.0010177711125591833,6.207637515594635e-07,0.04985474164169699,-0.04680864873245749,1.066917771191631,0.6938217772960139,0.286546802520752,-0.2349252627915917,1.518728795528412,-0.43829530742168427,0.4,0.0,1.4,0.0
transgastric_short_axis,4,399,19.951,0.28653963991352044,-0.23492526698108554,1.5187295457549537,-0.43829529635956654,-0.007162607231503461,-4.189493724809871e-06,0.0007502265412713198,1.1062115149373882e-05,0.06822941718930023,-0.0010569365495285378,0.9800104920760908,0.5237008747588511,0.3705969572067261,-0.5756379003719639,1.500698486995697,0.4229064967632294,0.4,0.0,1.4,0.0
transgastric_short_axis,4,400,20.0011,0.3705897966680256,-0.5756378957506785,1.5006995018838065,0.42290649792674895,-0.00716053870052423,4.62128604549604e-06,0.0010148881093005747,1.1634521583744219e-06,0.04817516408488526,-0.04838741943040878,1.0652765905647663,0.7219516900406918,0.2806165456771851,-0.2092683480438223,1.5136894171714783,-0.48035713276863096,0.4,0.0,1.4,0.0
transgastric_short_axis,4,401,20.051,0.28060938325474616,-0.2092683530602723,1.513690196623453,-0.480357121606283,-0.007162422439006425,-5.0164487186043706e-06,0.000779451974389174,1.1162346387271303e-05,0.06785290565334505,0.002123635473907407,0.9743785683493449,0.5492866173916161,0.3716552257537842,-0.5615774085017543,1.494391773891449,0.45134625248908994,0.4,0.0,1.4,0.0
transgastric_short_axis,4,402,20.1009,0.37164806518490445,-0.5615774030015105,1.4943927897090452,0.4513462543686275,-0.007160568879578199,5.500243633687442e-06,0.0010158175956558563,1.8794733857707694e-06,0.047988762064260414,-0.048228379023160725,1.0667235867235378,0.7271839188618834,0.278794527053833,-0.23816549760037747,1.513560773706436,-0.47944089918136595,0.4,0.0,1.4,0.0
transgastric_short_axis,4,403,20.1509,0.2787873645596197,-0.23816550262801645,1.5135615437270022,-0.4794408876620703,-0.0071624942132610826,-5.027638309759576e-06,0.0007700205654721043,1.1519296171793219e-05,0.0678931173326104,0.00013125064462645927,0.9725658788180003,0.5605132457028219,0.373173999786377,-0.5420367552865422,1.5018598360061646,0.4276535717010498,0.4,0.0,1.4,0.0
transgastric_short_axis,4,404,20.2009,0.37316683927276384,-0.5420367506228319,1.501860854746015,0.4276535727814039,-0.007160513613199774,4.663710161194889e-06,0.0010187398489262618,1.0802854645759395e-06,0.049641501212044435,-0.0468388295247052,1.0677713855336135,0.6984175467316526,0.28505117893218995,-0.2485876536907265,1.5193137768745422,-0.45855459337234494,0.4,0.0,1.4,0.0
transgastric_short_axis,4,405,20.2508,0.2850440163407362,-0.24858765803986582,1.519314531469603,-0.458554581963166,-0.007162591453727305,-4.349138330190257e-06,0.0007545950601526797,1.140917928944231e-05,0.06807020531741279,-0.0012946311062510853,0.978460087977965,0.547283257525789,0.37268559932708745,-0.5446650456110982,1.5061707964897155,0.41246521639823913,0.4,0.0,1.4,0.0
transgastric_short_axis,4,406,20.3009,0.3726784388273662,-0.5446650414475052,1.5061718144831566,0.4124652170094736,-0.007160499721149729,4.163593341888513e-06,0.00101799344104795,6.111643035222258e-07,0.04997119181226646,-0.04667605401910346,1.0670094489770223,0.6919584413194484,0.2869737625122071,-0.23973805261217723,1.518935523891449,-0.43383454377651215,0.4,0.0,1.4,0.0
transgastric_short_axis,4,407,20.3511,0.28696659988556344,-0.23973805674561174,1.5189362711047147,-0.4338345327299105,-0.0071626266435609,-4.133434632339196e-06,0.0007472132656898376,1.1046599826989406e-05,0.0682546050034016,-0.001538573226612017,0.9804271021020008,0.5221198365958398,0.3706084728240967,-0.5813766588200024,1.5019068367481232,0.4162621647834778,0.4,0.0,1.4,0.0
transgastric_short_axis,4,408,20.4011,0.37060131230915117,-0.5813766543926838,1.5019078509406487,0.41626216586035536,-0.007160514945581769,4.427320574769394e-06,0.0010141925204743604,1.076305784435054e-06,0.04809699867956707,-0.048540586902335696,1.065213963982985,0.7228571767098045,0.27988834381103517,-0.20057922322689636,1.513169600200653,-0.4832058271408081,0.4,0.0,1.4,0.0
transgastric_short_axis,4,409,20.4509,0.2798811814228339,-0.2005792283153995,1.5131703844934608,-0.4832058160793063,-0.0071623882012373675,-5.088503410928456e-06,0.0007842928079320019,1.1061500016255463e-05,0.06780236930387658,0.00280929524147019,0.9736819771687488,0.5485945260638694,0.3710443258285523,-0.5639768750320237,1.4923930252075195,0.4542829562187195,0.4,0.0,1.4,0.0
transgastric_short_axis,4,410,20.5009,0.37103716525609615,-0.5639768693443399,1.4923940411898364,0.4542829583292223,-0.007160572456198154,5.687684269968379e-06,0.0010159823154112693,2.110440227324713e-06,0.0477769223022415,-0.04839204238657613,1.0662416738731035,0.7306287840125,0.2772481441497803,-0.2372623739016504,1.5124411823272705,-0.48291024677753447,0.4,0.0,1.4,0.0
transgastric_short_axis,4,411,20.5509,0.2772409816716264,-0.23726237906006106,1.512441954929228,-0.48291023524143384,-0.0071624781537890335,-5.1584108479736115e-06,0.0007726019572959141,1.1536101672675603e-05,0.0678595871805846,0.00031138091419174833,0.9710900480045177,0.5632128386564262,0.3730759620666504,-0.5403207640829064,1.5018654536247253,0.42558235573768616,0.4,0.0,1.4,0.0
transgastric_short_axis,4,412,20.6011,0.3730688015597945,-0.5403207594442945,1.5018664729263458,0.4255823568247532,-0.007160506855912509,4.638612578237761e-06,0.001019301619629215,1.0869984509648887e-06,0.04978143653322312,-0.04671239002211361,1.0676750391996495,0.6958224869051376,0.2858891248703003,-0.25012743933755066,1.5192647163391113,-0.45344274773597715,0.4,0.0,1.4,0.0
transgastric_short_axis,4,413,20.6509,0.28588196226498097,-0.25012744364207506,1.5192654685378608,-0.45344273637451293,-0.007162605319345921,-4.304524115239224e-06,0.0007521987498825492,1.1361464555868852e-05,0.06810444106787586,-0.0015745119713496368,0.9793053447337243,0.5435266614948822,0.3724849700927735,-0.5520550055468778,1.5062121796131134,0.4096706384181976,0.4,0.0,1.4,0.0
transgastric_short_axis,4,414,20.7009,0.3724778095917342,-0.5520550014338295,1.5062131970330892,0.4096706390355358,-0.007160501039113374,4.113048991956987e-06,0.0010174199753902136,6.172670723588446e-07,0.049705279546003615,-0.046988266874953305,1.066808572622246,0.6961562118409548,0.28599622249603274,-0.22724917948619666,1.518431436252594,-0.4430578308105469,0.4,0.0,1.4,0.0
transgastric_short_axis,4,415,20.7509,0.2859890599162881,-0.22724918374077616,1.5184321905818985,-0.443057819760271,-0.0071625797446658495,-4.254580154887983e-06,0.0007543293041094925,1.1050272852710004e-05,0.06819930033494541,-0.00037005851324672327,0.9794759947198515,0.5243730555495512,0.3703693151473999,-0.5699940794555975,1.4987267028808593,0.43214654302597044,0.4,0.0,1.4,0.0
transgastric_short_axis,4,416,20.801,0.37036215460136424,-0.5699940745597551,1.4987277183462844,0.4321465443998429,-0.0071605460355820905,4.895843488942426e-06,0.0010154654243427657,1.3738047913428408e-06,0.04816819075190928,-0.048285297368761484,1.0651709048994542,0.7226821189981759,0.2812459468841553,-0.21731744034939657,1.5137130111694335,-0.4768030527591705,0.4,0.0,1.4,0.0
transgastric_short_axis,4,417,20.8512,0.28123878443112355,-0.21731744532791678,1.513713786193244,-0.47680304152139136,-0.007162453031629395,-4.978520382942738e-06,0.0007750238105758945,1.123777729794271e-05,0.06789992720186884,0.0014572478098505313,0.9750096824434522,0.549183998257143,0.3722100734710694,-0.5587654224798209,1.4958956103801726,0.44773094043731687,0.4,0.0,1.4,0.0
transgastric_short_axis,4,418,20.9009,0.37220291290997853,-0.5587654171377796,1.495896626515572,0.4477309421528526,-0.007160561091061947,5.342041399623413e-06,0.0010161353979575359,1.7154704032740705e-06,0.04823750758282759,-0.04802968866697317,1.0671828372587155,0.7229457994746185,0.2805577039718628,-0.23806494246328097,1.5144530387878419,-0.4749345391988754,0.4,0.0,1.4,0.0
transgastric_short_axis,4,419,20.9509,0.2805505414623561,-0.238064947368757,1.514453806213317,-0.4749345277222008,-0.007162509506760611,-4.905477941984231e-06,0.0007674254752053146,1.1476676019483336e-05,0.0679335995487321,-1.5918755492087475e-05,0.9742742926057364,0.5564221164637966,0.3732470035552979,-0.5445246054754885,1.5017336268424988,0.42935758266448976,0.4,0.0,1.4,0.0
transgastric_short_axis,4,420,21.001,0.3732398430353068,-0.5445246007843444,1.5017346450243618,0.4293575837525827,-0.007160519991231585,4.69114449793772e-06,0.0010181818616195153,1.0880240608461372e-06,0.049475074272543995,-0.046995479799618343,1.0678510960051197,0.701370814608231,0.28417277336120605,-0.2476761035838628,1.5190976858139038,-0.46305711464881893,0.4,0.0,1.4,0.0
transgastric_short_axis,4,421,21.0509,0.2841656107826181,-0.2476761079936537,1.5190984426233447,-0.46305710319470966,-0.007162578587887091,-4.409792062006704e-06,0.0007568094420303599,1.1454109452970771e-05,0.06803739775976196,-0.0010784003112222175,0.9775923871326766,0.5507879628773945,0.3729564666748047,-0.5408106192759128,1.5060071365356444,0.4147819222927093,0.4,0.0,1.4,0.0
transgastric_short_axis,4,422,21.1011,0.37294930617416033,-0.540810615065283,1.5060081547567759,0.41478192291487836,-0.007160500644376432,4.210630528474212e-06,0.0010182211303696638,6.220988486302768e-07,0.050084015735820525,-0.04652963998498144,1.067289159157998,0.6902822856307771,0.28736529350280765,-0.2469783969901541,1.5191967431545257,-0.43104942212104796,0.4,0.0,1.4,0.0
transgastric_short_axis,4,423,21.1509,0.287358130857046,-0.24697840108195235,1.519197487583769,-0.4310494110558453,-0.0071626457615701165,-4.091800021607038e-06,0.0007444292436464549,1.1065200875831448e-05,0.06826047323158005,-0.0021287301070671925,0.980803325243889,0.5231616930767103,0.3708674430847168,-0.58420418688361,1.5039495901107789,0.4069900980949402,0.4,0.0,1.4,0.0
transgastric_short_axis,4,424,21.201,0.37086028255988013,-0.584204182708397,1.503950604250103,0.4069900989424209,-0.007160524836619352,4.175213396609018e-06,0.0010141393236918256,8.474109467385871e-07,0.04823939994330691,-0.04850487164006741,1.0653450348407898,0.720132153835391,0.2794275999069214,-0.19528631539603997,1.513801582288742,-0.48567102541923524,0.4,0.0,1.4,0.0
transgastric_short_axis,4,425,21.2509,0.27942043753804674,-0.19528632045698174,1.5138023693865659,-0.4856710144054492,-0.0071623688744961896,-5.060942334400674e-06,0.0007870978236762,1.1013782403703906e-05,0.06776435538870372,0.0032503497012187485,0.9731773063540834,0.5490933357387954,0.3705160617828369,-0.5663240978318462,1.4918451201438903,0.45443313388824463,0.4,0.0,1.4,0.0
transgastric_short_axis,4,426,21.3012,0.3705089012273805,-0.5663240921292483,1.4918461359088573,0.45443313612524605,-0.007160555456450533,5.702600792814307e-06,0.0010157649598301639,2.2364856036962933e-06,0.047656314434739444,-0.048505268480553414,1.065749523644595,0.7324874675534377,0.27656447887420654,-0.23492713532673318,1.5117726857185363,-0.48465638988018034,0.4,0.0,1.4,0.0
transgastric_short_axis,4,427,21.3509,0.27655731638503606,-0.23492714056472988,1.5117734602973352,-0.48465637834724706,-0.007162489170482167,-5.237999702853695e-06,0.0007745787958088223,1.1532957692996457e-05,0.06784115407345612,0.0005296714268640257,0.9704487489953386,0.5637499170833591,0.37294988632202153,-0.5406271108320496,1.5013433896064758,0.4264188191413879,0.4,0.0,1.4,0.0
transgastric_short_axis,4,428,21.401,0.3729427258152209,-0.5406271061461956,1.5013444090786248,0.4264188202890331,-0.007160506800668312,4.685854418936271e-06,0.0010194721478399655,1.1475769210645946e-06,0.04974098584670503,-0.04674304205100968,1.0675829547201081,0.6965008711656479,0.2856520175933838,-0.24886272910300725,1.5192781986236572,-0.4551203558921814,0.4,0.0,1.4,0.0
transgastric_short_axis,4,429,21.451,0.2856448549939347,-0.24886273342186271,1.519278951778392,-0.4551203445218336,-0.007162599449048509,-4.3188561367989735e-06,0.0007531547345247265,1.1370347234219894e-05,0.06809447898301448,-0.0014309163331264248,0.9790660157209092,0.5444003633453819,0.37250747680664065,-0.5497287551406396,1.5059786739349366,0.4114722086906433,0.4,0.0,1.4,0.0
transgastric_short_axis,4,430,21.5008,0.3725003163049984,-0.5497287509851867,1.5059796915515795,0.41147220932788997,-0.007160501642350318,4.155453203596414e-06,0.0010176166415968532,6.371759945911608e-07,0.04976196774673591,-0.04690815899739192,1.0668450853319276,0.6953409281306555,0.2862059354782105,-0.231897747974876,1.5185763708114624,-0.442348512840271,0.4,0.0,1.4,0.0
transgastric_short_axis,4,431,21.5512,0.28619877288660106,-0.23189775221398876,1.5185771235219123,-0.442348501757174,-0.007162591609433133,-4.239112214042904e-06,0.0007527104500799123,1.1083094616235662e-05,0.06820251509614074,-0.0007114716913997629,0.9796766204769654,0.5257946538373734,0.3706648349761963,-0.5701493126188247,1.5000187551498412,0.42727194814682007,0.4,0.0,1.4,0.0
transgastric_short_axis,4,432,21.6009,0.370657674437165,-0.5701493078812655,1.5000197706913978,0.4272719493869426,-0.007160539031194681,4.737559774951548e-06,0.0010155415557219693,1.2400545647720503e-06,0.04830927931665314,-0.04820379999653672,1.0653853847844277,0.7200669959170461,0.28125867843627933,-0.21724366246482296,1.514419707584381,-0.4778058912992477,0.4,0.0,1.4,0.0
transgastric_short_axis,4,433,21.6511,0.28125151598279163,-0.21724366739562567,1.5144204826446854,-0.47780588004961577,-0.007162453487699012,-4.930801955787713e-06,0.0007750603044042824,1.1249630452598298e-05,0.06789340524905872,0.001495600075698449,0.974974870560452,0.5501695369052316,0.3721829891204834,-0.5574949073863389,1.4961650688171386,0.44724557819366456,0.4,0.0,1.4,0.0
transgastric_short_axis,4,434,21.7016,0.37217582858140724,-0.5574949020886683,1.496166085061275,0.4472455799419688,-0.007160539076048267,5.297673798529235e-06,0.001016244129708241,1.7477612493835238e-06,0.04831395056923292,-0.047959954141893066,1.0671384185743684,0.7217002667753597,0.28095388412475586,-0.23899615418913,1.5147475892543794,-0.4737305899143219,0.4,0.0,1.4,0.0
transgastric_short_axis,4,435,21.7511,0.2809467215847506,-0.23899615906679406,1.5147483557396546,-0.4737305784137003,-0.007162540005261264,-4.877664897041126e-06,0.0007664852725829461,1.1500641932101774e-05,0.06794441415232363,-0.00012040784273115862,0.9746521041635339,0.5557703601481754,0.37329375743865967,-0.5444731107590983,1.5020948397159577,0.42839603362083434,0.4,0.0,1.4,0.0
transgastric_short_axis,4,436,21.8013,0.37328659691945965,-0.5444731061061974,1.5020958578294765,0.4283960346681086,-0.007160519200120526,4.6529017716447154e-06,0.0010181135181285246,1.0472054505898373e-06,0.049506711514099744,-0.046974843820823266,1.0678747304576737,0.7007933332176969,0.28426442146301273,-0.2476270431631565,1.5191804520606995,-0.4626801724433899,0.4,0.0,1.4,0.0
transgastric_short_axis,4,437,21.8511,0.2842572588832845,-0.24762704756257814,1.5191812086736514,-0.4626801609941279,-0.007162579728214646,-4.3994222676626484e-06,0.0007566129519238505,1.1449261519293547e-05,0.06804053553007577,-0.0010880184528899318,0.9776788578871807,0.5504476620753648,0.3729221105575562,-0.5410031158884552,1.5060101325988768,0.41467425127029417,0.4,0.0,1.4,0.0
transgastric_short_axis,4,438,21.901,0.37291495005698383,-0.5410031116797318,1.5060111508133964,0.41467425189234763,-0.0071605005725835945,4.208723154254077e-06,0.0010182145190495858,6.219833047255127e-07,0.05007814428206914,-0.046537110721377006,1.067254700936077,0.6903702383915654,0.28734376430511477,-0.24662486235544606,1.519183073616028,-0.4312192614555359,0.4,0.0,1.4,0.0
transgastric_short_axis,4,439,21.951,0.2873366016603235,-0.24662486644965464,1.5191838181896289,-0.43121925039066317,-0.00716264479133913,-4.094210386934479e-06,0.0007445736013128541,1.1064870783687765e-05,0.0682600884978673,-0.002098743365654382,0.9807825797409939,0.5231363976082133,0.370857572555542,-0.5840264832986852,1.503852030801773,0.4074631015777588,0.4,0.0,1.4,0.0
transgastric_short_axis,4,440,22.0011,0.3708504120302054,-0.5840264791105518,1.5038530449507546,0.40746310243409756,-0.007160525336453675,4.188133337665795e-06,0.0010141489803049944,8.562685237448058e-07,0.04823381376578092,-0.048505131510626145,1.0653412612849806,0.7202418077089388,0.2794411659240723,-0.19560895320091387,1.5137504619598388,-0.48542815704345704,0.4,0.0,1.4,0.0
transgastric_short_axis,4,441,22.0509,0.2794340035538391,-0.19560895826357658,1.5137512488515226,-0.48542814602710577,-0.007162370233144328,-5.062664434966574e-06,0.0007868916838681218,1.1016348147195696e-05,0.06776763596578576,0.003220379192409191,0.973194464578748,0.5489798317084258,0.37054612636566164,-0.5663244723388745,1.4918733954906462,0.4544423093318939,0.4,0.0,1.4,0.0
transgastric_short_axis,4,442,22.101,0.37053896579135265,-0.5663244666146863,1.4918744113048028,0.45444231149344283,-0.0071605743090393074,5.724188090829483e-06,0.0010158141551043292,2.161487013749573e-06,0.047656147888874525,-0.04850553391857932,1.0657777041294902,0.7324957856200672,0.276569128036499,-0.23496027919873705,1.5117753072738647,-0.4846456227779388,0.4,0.0,1.4,0.0
transgastric_short_axis,4,443,22.1509,0.27656196557109364,-0.2349602844312408,1.5117760817876107,-0.4846456112587952,-0.007162465405362719,-5.232505516632604e-06,0.0007745137466887205,1.151914420199053e-05,0.06784127433585697,0.0005270554431021507,0.9704532359012044,0.563753975219584,0.37295193672180177,-0.5406091344946915,1.5013497562408447,0.4263972849369049,0.4,0.0,1.4,0.0
transgastric_short_axis,4,444,22.2008,0.3729447762150422,-0.5406091298095376,1.5013507757145392,0.42639728608384875,-0.0071605067594421095,4.6851542361521865e-06,0.0010194736936184495,1.1468753145443665e-06,0.049742471219820845,-0.0467417347892949,1.0675846022713902,0.6964745807889116,0.28566048145294193,-0.24889961804529406,1.5192774496078492,-0.4550630561828613,0.4,0.0,1.4,0.0
transgastric_short_axis,4,445,22.251,0.28565331885330325,-0.24889962236367713,1.5192782027313383,-0.45506304481287096,-0.00716259963858896,-4.318384281361394e-06,0.0007531234890775197,1.1369991037204113e-05,0.06809483312673388,-0.0014353903548204828,0.9790745746721676,0.5443673850472902,0.37250638008117676,-0.5498094614052366,1.5059846660614014,0.4114182795524597,0.4,0.0,1.4,0.0
transgastric_short_axis,4,446,22.3008,0.37249921957954596,-0.5498094572510107,1.505985683671394,0.4114182801892312,-0.007160501630696323,4.154226193127426e-06,0.001017609991961203,6.367009543107188e-07,0.049759750236435876,-0.046911107136592564,1.0668436366068674,0.6953737833881448,0.2861978530883789,-0.23174363833273368,1.5185713149547577,-0.44239289202690124,0.4,0.0,1.4,0.0
transgastric_short_axis,4,447,22.3511,0.28619069047237494,-0.23174364258770583,1.5185720677766819,-0.4423928809013834,-0.007162616003937904,-4.254974403335058e-06,0.0007528219220663566,1.1125510516041746e-05,0.06820228295226323,-0.0006994382457049088,0.9796688397642952,0.5257646537606315,0.3706575393676758,-0.5700980051559487,1.499974188709259,0.4274483413696289,0.4,0.0,1.4,0.0
transgastric_short_axis,4,448,22.4009,0.370650378848872,-0.5700980004271154,1.4999752041834933,0.42744834265956744,-0.0071605188038994655,4.728835689584352e-06,0.001015474228662136,1.2893732151965106e-06,0.048306393890404795,-0.04820455990876189,1.0653808800649223,0.7201251679025337,0.2812631130218506,-0.2173009620401517,1.514405101776123,-0.4777481234550476,0.4,0.0,1.4,0.0
transgastric_short_axis,4,449,22.451,0.2812559505681361,-0.2173009669715733,1.5144058768002182,-0.4777481122052156,-0.007162453714409289,-4.931421933019194e-06,0.000775024094925277,1.1249830155696786e-05,0.06789395699587969,0.0014897681830097062,0.9749803211660799,0.5501380034903349,0.37218718528747563,-0.5575125092166687,1.4961688138961793,0.4472319086551666,0.4,0.0,1.4,0.0
transgastric_short_axis,4,450,22.501,0.3721800247483949,-0.5575125039194868,1.4961698301368367,0.44723191040298094,-0.0071605390808464975,5.297185264790467e-06,0.0010162406514895208,1.7472711811993337e-06,0.04831352547250946,-0.04796055749333568,1.0671423815992402,0.7217057301704233,0.28095512390136723,-0.23896675538740905,1.514745342206955,-0.47373302421569824,0.4,0.0,1.4,0.0
transgastric_short_axis,4,451,22.5509,0.2809479613614399,-0.2389667602652696,1.5147461087027771,-0.47373301271539175,-0.007162539927278479,-4.8778646675101385e-06,0.00076649581958081,1.150032674517754e-05,0.06794438981354077,-0.0001183255385311683,0.974653490160792,0.5557590639967172,0.373292875289917,-0.5444916488569987,1.502083791732788,0.42843516969680784,0.4,0.0,1.4,0.0
transgastric_short_axis,4,452,22.601,0.3732857147914261,-0.5444916442175419,1.5020848097709028,0.4284351707914871,-0.00716049849102411,4.639459936508667e-06,0.0010180381084798776,1.0941073486792995e-06,0.049504666323003536,-0.046976507048054186,1.0678745459137848,0.7008300846952986,0.28424997329711915,-0.24763191175452431,1.5191797030448912,-0.4627528269767761,0.4,0.0,1.4,0.0
transgastric_short_axis,4,453,22.6508,0.284242810693227,-0.24763191616804614,1.5191804597368144,-0.462752815488588,-0.007162603892059329,-4.413523086525463e-06,0.0007566919208650871,1.1488202468498277e-05,0.06803998648007488,-0.0010858651410602911,0.977664400764712,0.550513799106758,0.3729279518127442,-0.540955553495862,1.5060123796463012,0.4146892315864563,0.4,0.0,1.4,0.0
transgastric_short_axis,4,454,22.701,0.3729207913121687,-0.5409555492870194,1.5060133978624801,0.4146892322082065,-0.007160500575510066,4.208842957080571e-06,0.001018216177869293,6.216797497745316e-07,0.050079938185500605,-0.04653503665596628,1.067260378203856,0.6903420816402259,0.28735032081604006,-0.24670463235247234,1.5191864441871643,-0.43115072650909425,0.4,0.0,1.4,0.0
transgastric_short_axis,4,455,22.751,0.28734315817096745,-0.24670463644582574,1.5191871887168,-0.43115071544453687,-0.007162645072642172,-4.09335460474447e-06,0.0007445296363428333,1.1064554991495562e-05,0.06826037084375197,-0.002106548997209452,0.9807889631310167,0.5231168770335257,0.3708577394485474,-0.5841083130843671,1.503872441482544,0.4073471913814545,0.4,0.0,1.4,0.0
transgastric_short_axis,4,456,22.801,0.37085057892329254,-0.5841083088992338,1.5038734556241522,0.40734719223592464,-0.007160525254914443,4.185132968144493e-06,0.00101414160694268,8.544007602611314e-07,0.04823331289331807,-0.04850690604552978,1.0653401684798907,0.7202455380493683,0.2794336318969727,-0.1954769394734408,1.5137538325309754,-0.48550362038612366,0.4,0.0,1.4,0.0
transgastric_short_axis,4,457,22.8509,0.2794264695273119,-0.19547694453661665,1.5137546195068277,-0.4855036093711763,-0.007162369660636043,-5.063176273523513e-06,0.0007869758525989078,1.101494456092731e-05,0.06776646940690681,0.0032318535096898613,0.9731866383340475,0.5490018945938189,0.3705339908599854,-0.5663679151541564,1.4918559808731078,0.454450361251831,0.4,0.0,1.4,0.0
transgastric_short_axis,4,458,22.9008,0.3705268302856603,-0.5663679094286364,1.4918569966879893,0.45445036341528144,-0.007160574325019269,5.725519452954007e-06,0.0010158148812479167,2.1633886459244828e-06,0.047653723699402586,-0.04850770273760596,1.0657667124271142,0.7325326731364227,0.27655413150787356,-0.23491533835534195,1.5117605142116546,-0.48468120102882384,0.4,0.0,1.4,0.0
transgastric_short_axis,4,459,22.951,0.27654696904273174,-0.2349153435894657,1.5117612887649585,-0.48468118951002576,-0.007162465141817901,-5.234125147361828e-06,0.0007745533035748842,1.1518798624046621e-05,0.06784088780163286,0.0005313240555675589,0.9704391793025968,0.5637661843686183,0.37294883728027345,-0.540625051043394,1.5013411425590515,0.4264066476345062,0.4,0.0,1.4,0.0
transgastric_short_axis,4,460,23.0008,0.3729416767735143,-0.5406250463575389,1.5013421620348515,0.4264066487824518,-0.007160506758993074,4.6858550679729605e-06,0.0010194757988141723,1.1478777187057414e-06,0.04974142349963467,-0.04674269215767697,1.0675820679992523,0.6964915344329028,0.28565516471862795,-0.24885917128623847,1.5192770750999451,-0.4551020986318588,0.4,0.0,1.4,0.0
transgastric_short_axis,4,461,23.0508,0.28564800211914987,-0.24885917560500592,1.5192778282488089,-0.4551020872617616,-0.007162599478135563,-4.318766768843978e-06,0.0007531488631312227,1.1370096543723253e-05,0.06809461085079838,-0.0014312984897919259,0.9790692518278776,0.544382566623794,0.37250623703002933,-0.5497574049283039,1.5059760523796082,0.4114729577064514,0.4,0.0,1.4,0.0
transgastric_short_axis,4,462,23.1011,0.3724990765283677,-0.5497574007727173,1.505977069994076,0.4114729583440049,-0.007160501661527709,4.155586935918422e-06,0.001017614467246209,6.374834242544595e-07,0.0497605926218008,-0.04690959372093646,1.0668440205669085,0.6953636712606311,0.2862008571624756,-0.2318584247369053,1.518574123764038,-0.4424118046760559,0.4,0.0,1.4,0.0
transgastric_short_axis,4,463,23.151,0.2861936945710975,-0.2318584289767905,1.518574876511697,-0.44241179359258986,-0.007162591378119286,-4.239885072726669e-06,0.0007527476593099031,1.1083464096468092e-05,0.06820207376002033,-0.0007066219442254098,0.9796716421503722,0.5258311541669423,0.3706663608551026,-0.5700620524812327,1.500010515975952,0.4273305586338043,0.4,0.0,1.4,0.0
transgastric_short_axis,4,464,23.2008,0.37065920031608157,-0.570062047742143,1.5000115315281377,0.4273305598749042,-0.007160539021127338,4.739090454681379e-06,0.0010155521850102075,1.2410323610800582e-06,0.04831173116311928,-0.04820067737018567,1.06538739997563,0.7200314817031682,0.2812670707702637,-0.2173528312635702,1.5144315045833587,-0.4777548645973205,0.4,0.0,1.4,0.0
transgastric_short_axis,4,465,23.2509,0.2812599083163141,-0.21735283619288104,1.5144322795766616,-0.47775485334662576,-0.00716245394961066,-4.929311271404568e-06,0.0007749933032757312,1.125069376562959e-05,0.06789406959754622,0.001486453320849547,0.974982530821999,0.5501689842943772,0.372189736366272,-0.5574518390780853,1.4961884755611419,0.4471886529922485,0.4,0.0,1.4,0.0
transgastric_short_axis,4,466,23.301,0.3721825758074516,-0.5574518337630326,1.496189491882987,0.4471886546767756,-0.0071605588202337785,5.315053295279403e-06,0.0010163218442299463,1.6844616977765793e-06,0.04831779414097837,-0.04795686482106867,1.0671436764849158,0.721634580154532,0.2809807777404785,-0.2389944689075027,1.5147612587928772,-0.4736612123250961,0.4,0.0,1.4,0.0
transgastric_short_axis,4,467,23.3513,0.2809736152002377,-0.23899447378332672,1.5147620252385172,-0.473661200825127,-0.007162540240852775,-4.8758271333855915e-06,0.0007664456370685655,1.1499989798842497e-05,0.06794502655892104,-0.0001226665576533146,0.9746781570587848,0.5557075619257108,0.37329480648040775,-0.5445070036451588,1.5020946524620056,0.428415133523941,0.4,0.0,1.4,0.0
transgastric_short_axis,4,468,23.4009,0.37328764598190095,-0.5445069990067432,1.5020956704940973,0.42841513461730063,-0.0071604985067735445,4.63841787947595e-06,0.0010180320866008913,1.0927872883464183e-06,0.049504566666453836,-0.04697689790656888,1.0678757729221924,0.7008312745071504,0.2842511892318726,-0.24761693147339262,1.5191785795211792,-0.46274833288192746,0.4,0.0,1.4,0.0
transgastric_short_axis,4,469,23.4509,0.28424402665232756,-0.24761693587363343,1.5191793361660837,-0.462748321431934,-0.007162579544994373,-4.400243427912962e-06,0.0007566449052848701,1.1449993559063024e-05,0.06804003249954642,-0.0010849985828063468,0.9776656947613727,0.5505027842383498,0.37292702198028566,-0.540969597509423,1.5060071365356444,0.4147068334579468,0.4,0.0,1.4,0.0
transgastric_short_axis,4,470,23.5009,0.3729198614796819,-0.5409695933000246,1.5060081547510817,0.4147068340802509,-0.007160500603849647,4.209399064857299e-06,0.0010182154368686817,6.22233439746167e-07,0.05007876245197122,-0.04653608403018783,1.0672597828172485,0.6903628914448311,0.28734536170959474,-0.24669789122596308,1.5191856951713563,-0.4312233810424805,0.4,0.0,1.4,0.0
transgastric_short_axis,4,471,23.5509,0.28733819906468305,-0.24669789532006792,1.5191864397298023,-0.4312233699770255,-0.007162644911672562,-4.0941038062573014e-06,0.0007445584456186409,1.1065453506649089e-05,0.06825991742956077,-0.0021035888025401775,0.9807839991893637,0.5231744787115944,0.3708621978759766,-0.5840086942148414,1.5038745012760162,0.40737733926773073,0.4,0.0,1.4,0.0
transgastric_short_axis,4,472,23.6008,0.3708550373507835,-0.5840086900292848,1.5038755154296863,0.4073773401220375,-0.007160525193013719,4.185556636671765e-06,0.0010141536691307353,8.542367691570696e-07,0.048237270414079984,-0.04850268422205896,1.0653444607697997,0.7201819206479948,0.27944421768188477,-0.19562018841176262,1.5137718089103698,-0.48545175104141236,0.4,0.0,1.4,0.0
transgastric_short_axis,4,473,23.6508,0.2794370553115835,-0.195620193472889,1.513772595795312,-0.4854517400245038,-0.007162370301220376,-5.061127752877324e-06,0.0007868849428830753,1.1016905993021759e-05,0.06776751549165999,0.0032203934392824596,0.9731960887208102,0.5490084509123103,0.3705469608306885,-0.5662669855100316,1.4918821964263915,0.4544267672538757,0.4,0.0,1.4,0.0
transgastric_short_axis,4,474,23.7012,0.37053980025648475,-0.5662669797866274,1.4918832122509844,0.4544267694146358,-0.007160574203770562,5.723403932804325e-06,0.0010158245915799962,2.160698049393719e-06,0.04765943825900086,-0.04850253419226364,1.0657779742464748,0.7324427685626902,0.2765866756439209,-0.23500297299996237,1.5117934709072114,-0.48460386514663695,0.4,0.0,1.4,0.0
transgastric_short_axis,4,475,23.7511,0.27657951317822677,-0.23500297823049315,1.5117942453771507,-0.4846038536272043,-0.007162465694263948,-5.230531556692423e-06,0.000774469938172007,1.1519433593887067e-05,0.06784172539938917,0.0005227266431248826,0.9704696275032847,0.5637356336034725,0.3729549884796143,-0.5405967757627579,1.5013576209068298,0.42639634866714476,0.4,0.0,1.4,0.0
transgastric_short_axis,4,476,23.8009,0.3729478279728342,-0.540596771078145,1.501358640377119,0.42639634981314867,-0.007160506780210045,4.684612944775864e-06,0.0010194702885117392,1.1459357979572837e-06,0.04974310712945294,-0.046741120181295115,1.0675871301523927,0.6964654406534317,0.28566319942474366,-0.24893500895946769,1.5192785731315612,-0.4550407729625702,0.4,0.0,1.4,0.0
transgastric_short_axis,4,477,23.851,0.2856560368249874,-0.24893501327756762,1.5192793262371662,-0.4550407615925303,-0.007162599756196533,-4.31810113550681e-06,0.0007531056053458237,1.1370040025451122e-05,0.06809494518619384,-0.0014385645315579294,0.9790772357503328,0.5443646159775393,0.372507119178772,-0.5498369876718161,1.5059934669971466,0.4113722150802612,0.4,0.0,1.4,0.0
transgastric_short_axis,4,478,23.9011,0.37249995867717706,-0.5498369835188136,1.5059944846045248,0.411372215716197,-0.007160501594916933,4.15300333621202e-06,0.0010176073768307509,6.358652111701785e-07,0.04975981226725099,-0.046911573052995356,1.0668438281228771,0.6953696077250265,0.28619806766510014,-0.23166929868761765,1.5185700041770935,-0.44234252071380614,0.4,0.0,1.4,0.0
transgastric_short_axis,4,479,23.951,0.2861909050739679,-0.23166930292702392,1.5185707569487068,-0.4423425096327413,-0.007162591132252065,-4.239408378843498e-06,0.0007527716130214365,1.1081062684997324e-05,0.06820269803855324,-0.0006960908320531589,0.9796691809848901,0.5256891631355519,0.3706493377685547,-0.570175340857291,1.4999483476638793,0.4275150037765503,0.4,0.0,1.4,0.0
transgastric_short_axis,4,480,24.0009,0.3706421772291564,-0.5701753361115282,1.4999493631995549,0.4275150050239107,-0.00716053939825091,4.745763282749992e-06,0.0010155356746509626,1.2472929179341257e-06,0.048300604596676164,-0.048209496103674615,1.065374332955547,0.7202227088840848,0.28125522136688236,-0.21719909612845617,1.514376639175415,-0.4777709684371948,0.4,0.0,1.4,0.0
transgastric_short_axis,4,481,24.0511,0.28124805891361415,-0.21719910106243867,1.5143774142617152,-0.4777709571887088,-0.007162453268098155,-4.933983284874922e-06,0.0007750863008518605,1.124848468316111e-05,0.06789349592966243,0.0014974795636099516,0.9749742866267159,0.5501134005278612,0.3721814632415772,-0.5575857253406998,1.496139789533615,0.4472978220462799,0.4,0.0,1.4,0.0
transgastric_short_axis,4,482,24.101,0.3721743026824663,-0.5575857200207455,1.4961408058387597,0.4472978237361023,-0.007160559110914315,5.319954520090267e-06,0.0010163051441027156,1.6897575657308315e-06,0.04830794672154643,-0.04796525696003946,1.067138511349945,0.721799488963964,0.280919623374939,-0.23894465947273982,1.514725118780136,-0.4738292727470398,0.4,0.0,1.4,0.0
transgastric_short_axis,4,483,24.1509,0.2809124608595332,-0.23894466434447828,1.5147258852895424,-0.4738292612707601,-0.007162515405821151,-4.871738019822815e-06,0.0007665094067924553,1.147628080229226e-05,0.06794353809354092,-0.00011353084015385331,0.9746192391110369,0.5558350404473356,0.3732906818389893,-0.5444601902666222,1.5020748035430909,0.4284419108390808,0.4,0.0,1.4,0.0
transgastric_short_axis,4,484,24.201,0.37328352131978204,-0.5444601856116746,1.5020758216639916,0.42844191188865466,-0.00716051920741004,4.654947563795877e-06,0.0010181209001449306,1.049505772882074e-06,0.049505914029413726,-0.04697506123898089,1.067872944846402,0.7008085396030463,0.28425612449646,-0.24765063710593893,1.5191815755844116,-0.46271949577331545,0.4,0.0,1.4,0.0
transgastric_short_axis,4,485,24.251,0.28424896191677146,-0.24765064150566496,1.5191823322071993,-0.4627194843233812,-0.007162579688482899,-4.399725433707102e-06,0.0007566227875675591,1.1449934665655678e-05,0.06804022066045466,-0.0010882803234184505,0.9776704548401514,0.5504933174329689,0.372926139831543,-0.540960609340744,1.5060187462806702,0.4146566493988037,0.4,0.0,1.4,0.0
transgastric_short_axis,4,486,24.3009,0.37291897933100826,-0.5409606051327576,1.5060197644969318,0.41465665001991425,-0.007160500534677402,4.207986829102161e-06,0.0010182162602348213,6.210395157698576e-07,0.05008065709823613,-0.04653464547671029,1.067258169870809,0.6903275207144767,0.2873537540435791,-0.2466724247480392,1.5191860696792603,-0.4310838768482208,0.4,0.0,1.4,0.0
transgastric_short_axis,4,487,24.351,0.2873465913984248,-0.24667242884075713,1.5191868141909906,-0.4310838657847695,-0.007162645154360106,-4.092718240109473e-06,0.0007445117305392878,1.1063449297173719e-05,0.06826086525085376,-0.002106649909517936,0.9807924718090477,0.5230457662926742,0.3708513259887696,-0.5842064339257798,1.503858959197998,0.40736423149108886,0.4,0.0,1.4,0.0
transgastric_short_axis,4,488,24.4012,0.3708441654633863,-0.5842064297396968,1.5038599733264881,0.4073642323467599,-0.007160525383239582,4.186083496329296e-06,0.0010141284890194766,8.556012723136024e-07,0.04822800395714524,-0.048511931866714285,1.0653346421339172,0.7203330667764556,0.27942259311676027,-0.19534267870379798,1.5137268679618836,-0.4855378878593445,0.4,0.0,1.4,0.0
transgastric_short_axis,4,489,24.4511,0.2794154307477085,-0.19534268376959066,1.5137276550226417,-0.4855378768464455,-0.00716236905164677,-5.065791436421369e-06,0.0007870607583126714,1.1012896100456498e-05,0.06776559312734011,0.003242120588724252,0.9731773432171251,0.5489812490546194,0.37052192687988283,-0.5664885064172666,1.491828267288208,0.4544791983604431,0.4,0.0,1.4,0.0
transgastric_short_axis,4,490,24.5012,0.3705147663053933,-0.5664885006894772,1.4918292830887419,0.45447920052666735,-0.007160574489503791,5.727790357563111e-06,0.00101580053278624,2.166162553740968e-06,0.047646891841223615,-0.048513899205125846,1.065756449072157,0.7326408133344664,0.27651600837707524,-0.23481440871121714,1.511721378135681,-0.4847718319416046,0.4,0.0,1.4,0.0
transgastric_short_axis,4,491,24.5511,0.276508845912579,-0.2348144139495992,1.5117221527864872,-0.4847718204235394,-0.0071624644961382055,-5.238382100858552e-06,0.0007746508064836405,1.151806596935243e-05,0.06783990362724122,0.0005412796009736705,0.9704035461876062,0.5638026529170791,0.3729417324066162,-0.5406574459013412,1.5013224171638488,0.4264169466018677,0.4,0.0,1.4,0.0
transgastric_short_axis,4,492,24.6012,0.37293457189988444,-0.5406574412140941,1.5013234366460981,0.4264169477520241,-0.007160506731833825,4.6872471072812044e-06,0.0010194822482159274,1.1500882214458478e-06,0.049739538318621865,-0.0467444635884956,1.0675762016441896,0.6965205368704805,0.2856463670730591,-0.2487713493881039,1.5192755770683288,-0.45516997818946836,0.4,0.0,1.4,0.0
transgastric_short_axis,4,493,24.6515,0.2856392044738953,-0.24877135370759174,1.5192763302659156,-0.4551699668193454,-0.007162599163783591,-4.319488512960591e-06,0.0007531975874157113,1.1370122800062609e-05,0.06809424585738122,-0.0014229919876732411,0.9790604998190764,0.5444006976803933,0.37250509262084963,-0.5496688340161128,1.5059554544448852,0.4115886806488037,0.4,0.0,1.4,0.0
transgastric_short_axis,4,494,24.7012,0.37249793211911103,-0.5496688298575224,1.5059564720674983,0.4115886812882872,-0.007160501738562873,4.158591021684657e-06,0.001017622612239856,6.394126139334372e-07,0.04976135307957736,-0.04690746015698789,1.0668441497484478,0.6953590459556018,0.28620371818542484,-0.23207189374303197,1.5185788051128388,-0.442497566986084,0.4,0.0,1.4,0.0
transgastric_short_axis,4,495,24.7514,0.2861965555937862,-0.23207189798352643,1.5185795578365342,-0.44249755589982553,-0.007162591638538544,-4.240495073332086e-06,0.000752723696420348,1.108625602117275e-05,0.06820131205892281,-0.0007182496049105433,0.979674124630143,0.5259978976254769,0.3706860065460205,-0.5699231103737361,1.5000809234619141,0.42712439203262326,0.4,0.0,1.4,0.0
transgastric_short_axis,4,496,24.8014,0.3706788460074337,-0.5699231056421428,1.5000819390341436,0.4271243932666513,-0.007160538586785184,4.731593695586081e-06,0.001015572228295748,1.2339606096314428e-06,0.04832476244318596,-0.04819022385148121,1.0654025615616112,0.7198081121107763,0.28128159046173096,-0.21754027203123052,1.5144959199428558,-0.4777312705993652,0.4,0.0,1.4,0.0
transgastric_short_axis,4,497,24.8514,0.281274428006952,-0.2175402769550083,1.5144966948225935,-0.4777312593460333,-0.007162454778932233,-4.923778169080576e-06,0.0007748797373402031,1.1253330888712675e-05,0.06789479290366361,0.00147287759346028,0.9749928220306869,0.5502328441890607,0.37219991683959963,-0.5572930480980893,1.4962468987941742,0.44705720071792604,0.4,0.0,1.4,0.0
transgastric_short_axis,4,498,24.9012,0.37219275628112547,-0.5572930427889248,1.4962479151356476,0.4470572023960919,-0.007160558474116302,5.3091643330162665e-06,0.0010163414717368575,1.678101199494656e-06,0.048329532269996804,-0.04794687337423127,1.067150127174194,0.7214378571480418,0.28105370998382573,-0.23905195573634558,1.5148043272018432,-0.4734605697154999,0.4,0.0,1.4,0.0
transgastric_short_axis,4,499,24.951,0.28104654746690255,-0.2390519605977249,1.514805093464763,-0.47346055824163175,-0.007162516923149305,-4.861378470790285e-06,0.0007662629199623706,1.1473868106157014e-05,0.06794680125383425,-0.00013343935054257149,0.9747484242019298,0.5555545638648743,0.37329969406127933,-0.5445633669529167,1.5021176846981048,0.4283853601455688,0.4,0.0,1.4,0.0
transgastric_short_axis,4,500,25.001,0.37329253354189973,-0.5445633623019217,1.5021187027852383,0.42838536119000814,-0.007160519379587183,4.6509950904938285e-06,0.0010180871335025083,1.0443704311768843e-06,0.04950286965632762,-0.046979155742875235,1.0678791542307398,0.7008600370021236,0.2842446327209473,-0.2475776082354219,1.5191750216960906,-0.46278578367233275,0.4,0.0,1.4,0.0
mid_esophageal_4chamber,5,1,0.0509,-5.551115123125783e-17,2.220446049250313e-16,1.8992172743335922e-16,0.0,1.1105699693203519e-14,3.661645344515978e-34,9.325033908552236e-18,6.389321404584247e-19,-1.110504578376824e-16,-2.4658155037312036e-32,0.76,0.30000000000000004,0.2335674524307251,-0.13564382409830664,-0.12601488769054411,0.28506736464500426,0.3,0.0,0.0,0.0
mid_esophageal_4chamber,5,2,0.1009,0.23356028425530412,-0.135643824774492,-0.12601503885718904,0.28506748816060945,-0.007168175420982435,-6.761848463591667e-07,-0.00015116664549939127,0.0001235156051677544,-0.009872039366704043,-0.00858667207537972,0.9916039206720206,0.3463477239019583,0.2414712429046631,-0.46102114788416193,0.08142719378471375,-0.007424338316917419,0.3,0.0,0.0,0.0
mid_esophageal_4chamber,5,3,0.1512,0.2414640745407392,-0.4610211478757451,0.08142728119547835,-0.007424341707194415,-0.007168363923906105,8.417398424529234e-09,8.741076488248243e-05,-3.390273316068037e-06,0.00521471951511938,-0.002300121216249135,1.0012311772469946,0.47186065350982004,0.29102079868316655,-0.2116865399255063,-0.098267316198349,-0.03538182148933411,0.3,0.0,0.0,0.0
mid_esophageal_4chamber,5,4,0.201,0.29101363034503797,-0.21168653996632258,-0.09826741957252841,-0.03538183719632304,-0.007168338128515856,-4.081846136041835e-08,-0.0001033741805695117,-1.5706988313884814e-05,-0.006452115398985361,0.0026529738594528738,1.0506541253921895,0.23622088433353974,0.2652322769165039,-0.7017220580660789,0.1591557475090027,-0.022798168659210204,0.3,0.0,0.0,0.0
mid_esophageal_4chamber,5,5,0.2511,0.2652251087102468,-0.7017220580425029,0.15915591588110997,-0.022798178395875723,-0.007168206257229174,2.3575416852135726e-08,0.00016837210734717726,-9.736664899245587e-06,0.008986742145797784,-0.006551226252057098,1.0243314269853978,0.7207451021725677,0.27581343650817874,-0.07255287208405697,0.11198685150146484,0.03106936297416687,0.3,0.0,0.0,0.0
mid_esophageal_2chamber,5,1,0.051,-5.551115123125783e-17,6.106226635438361e-16,1.942890293094024e-16,0.0,1.1105699693203519e-14,2.4643636418184892e-36,2.0718980847818759e-19,-5.7946658237796595e-19,1.3600232051658169e-17,8.304609920197762e-33,0.76,1.5993876953384372,0.0006317615509033314,1.2385142169284145,1.0267568618774414,-0.23692802503108978,0.3,1.571,0.0,0.0
mid_esophageal_2chamber,5,2,0.101,0.0006245991793888419,1.238514205795945,1.02675775051285,-0.23692804079229113,-0.007162371514523385,-1.1132469138940286e-05,0.0008886354076884907,-1.5761198634647956e-05,0.011498763530539857,0.058506539652511534,0.7263502074055366,1.1447876697081796,0.22407228946685792,-0.4132323657924253,1.3169877542495727,0.15068175716400145,0.3,1.571,0.0,0.0
mid_esophageal_2chamber,5,3,0.151,0.22406512933892425,-0.4132323610824501,1.3169888260583313,0.15068176448693382,-0.007160127933718409,4.709980111610889e-06,0.001071808752699809,7.322667534700764e-06,0.05959273418817656,-0.03186700604210301,0.9315419404300238,2.387490048033823,0.26677815914154057,1.680167359337407,0.35697775082588196,-0.1384733612537384,0.3,1.571,0.0,0.0
mid_esophageal_2chamber,5,4,0.2009,0.26677099176923336,1.6801673580129899,0.3569781287403542,-0.13847340530920071,-0.0071673723071529645,-1.324417431567613e-06,0.0003779144730751723,-4.4055566433797494e-05,-0.007459457011150026,0.023671254380140585,1.0220440834221054,0.39953716650698184,0.18869408369064333,1.610018447867959,-0.03461220774650574,0.03941396083831787,0.3,1.571,0.0,0.0
mid_esophageal_long_axis,5,1,0.051,-5.551115123125783e-17,-2.1901397397931462e-16,-1.5265566588595902e-16,0.0,1.1105699693203519e-14,3.369878444621654e-35,3.4102725778456575e-18,3.795753702247674e-19,-1.0685896612017132e-17,2.3403606825299665e-33,0.76,2.375023368306089,0.0529607653617859,3.0359026506283686,0.010054788208007813,-0.4579332847595215,0.3,2.356,0.0,0.0
mid_esophageal_long_axis,5,2,0.1008,0.05295359720237832,3.035902650394636,0.010054802412023126,-0.45793349800967836,-0.007168159407590739,-2.337324984123299e-07,1.4204010184315649e-05,-0.00021325015726310955,-0.002296175646797692,-0.015316576421840571,0.8093441211654226,0.8562147667494532,0.29218511581420903,2.4064155081793266,-0.8349950518369674,-0.42942087450027466,0.3,2.356,0.0,0.0
mid_esophageal_long_axis,5,3,0.1509,0.2921779526656934,2.4064155312664797,-0.8349959570413801,-0.42942094646842205,-0.007163148515601789,2.3087154512086303e-05,-0.0009052044030428539,-7.196812635347906e-05,0.026966892926416942,-0.044032252816119895,1.0270277521958928,0.9403315945764383,0.2339815616607666,2.427435838663322,0.6161447105884552,0.20754703731536864,0.3,2.356,0.0,0.0
mid_esophageal_long_axis,5,4,0.2008,0.23397439618488713,2.427435845252174,0.616145346004255,0.20754707903348013,-0.007165475879538722,6.588852929944157e-06,0.000635415799851192,4.1718097634548256e-05,-0.025516008558955035,0.031661126056103585,0.9804892412044424,0.6573989182863594,0.19989603757858276,3.0346495501117023,-0.26088791720867155,0.41509538540840146,0.3,2.356,0.0,0.0
mid_esophageal_long_axis,5,5,0.2509,0.19988887000902178,3.034649544075758,-0.26088825654396425,0.41509554275483573,-0.007167569560883766,-6.035944134467146e-06,-0.0003393352928717877,0.00015734643040977468,0.018696877238758087,0.012188647938884134,0.9546484580197696,0.8431811395185413,0.2772451162338257,1.5163003110799573,-0.12250153541564941,-0.12467302587032318,0.3,2.356,0.0,0.0
mid_esophageal_long_axis,5,6,0.3009,0.2772379479607005,1.516300311012298,-0.12250166783232602,-0.12467308031137525,-0.007168273125203185,-6.765998991248135e-08,-0.00013241667616003234,-5.444105238098272e-05,-0.004809904388342538,-0.008270777668498878,1.036443750246148,0.8579998334936385,0.30375099182128906,2.223387556833353,0.004753628826141358,0.1563023717880249,0.3,2.356,0.0,0.0
mid_esophageal_long_axis,5,7,0.3508,0.3037438234307871,2.2233875568286727,0.00475363399623957,0.15630244237104274,-0.007168390501865928,-4.680431000802177e-09,5.170095624173359e-06,7.058301817406406e-05,0.004127943197847721,0.003571253197243268,1.0633163741140264,0.20506859053758753,0.2672952175140381,2.423278436142248,-0.006799659132957458,-0.054115736746788025,0.3,2.356,0.0,0.0
transgastric_short_axis,5,1,0.051,-7.16842105263904e-06,8.247509514833879e-17,5.551115123125783e-17,5.551115123125783e-16,-0.007168421052635087,2.317753364883696e-35,-5.944080588646088e-19,6.397909266481044e-19,3.88578058618805e-18,-1.942890293094024e-17,0.7599928315789473,1.4560239471891347,0.0002351522445678822,0.8980873282106293,1.1635226543426513,-0.2819730867147446,0.4,0.0,1.4,0.0
transgastric_short_axis,5,2,0.1013,0.000227991670679683,0.8980873161586951,1.1635237325869996,-0.2819731110311897,-0.007160573888129378,-1.2051934167845522e-05,0.001078244345490896,-2.4316403241130915e-05,0.031641897471634615,0.05534695879162916,0.7174079434976433,1.049670589510337,0.16974152326583863,-0.36208687720610394,1.3283267300605774,0.044945068073272705,0.4,0.0,1.4,0.0
transgastric_short_axis,5,3,0.1511,0.16973436256730828,-0.36208687648141635,1.3283277218147411,0.04494507055582719,-0.007160698530313289,7.246878761457935e-07,0.0009917541633554226,2.482597493306709e-06,0.0629571939195089,-0.025528966015610666,0.8765328586835539,0.4373627152946233,0.33946328163146977,-0.4943947799498961,1.4236884266853331,0.03467362704277038,0.4,0.0,1.4,0.0
transgastric_short_axis,5,4,0.2012,0.3394561211411047,-0.4943947800972829,1.4236894256746497,0.03467362946851793,-0.007160490365125381,-1.4738567200304227e-07,0.0009989893160933874,2.425600948796761e-06,0.06035836125619904,-0.033914354128795926,1.0397134204362461,0.4998551883536232,0.33733067512512205,-0.22043202805019024,1.5114592226028443,-0.06629192497730255,0.4,0.0,1.4,0.0
transgastric_short_axis,5,5,0.251,0.3373235124734035,-0.22043202898032133,1.5114599434187763,-0.06629192247754467,-0.00716265171867303,-9.301315925921139e-07,0.0007208159317215213,2.499703910200385e-06,0.06861806556181044,-0.012999452156691096,1.031470063466335,0.263318361421566,0.34479830265045164,-0.5702384452915583,1.4273417512893676,0.2479607470035553,0.4,0.0,1.4,0.0
transgastric_short_axis,5,6,0.301,0.3447911426739599,-0.5702384402845615,1.4273428252218494,0.2479607538686306,-0.007159976491696798,5.006996926192283e-06,0.0010739324810714935,6.86497889336758e-06,0.0527898147404275,-0.04405899187405646,1.0446454442352662,0.6248616344884911,0.2993658542633057,-0.022894176400056414,1.5160705384254456,-0.3355999033927917,0.4,0.0,1.4,0.0
transgastric_short_axis,5,7,0.3509,0.29935869201551807,-0.022894179636055414,1.516071324234562,-0.33559989587117706,-0.007162247787583808,-3.2360012146699776e-06,0.0007858091157432911,7.521594585072664e-06,0.06819164877616259,0.00996830486634687,0.9930807305380294,0.3698008366030897,0.3389423847198486,-0.295190184770347,1.5485697725772858,0.2930720965862274,0.4,0.0,1.4,0.0
transgastric_short_axis,5,8,0.4009,0.3389352236324093,-0.2951901838441407,1.5485706999600621,0.2930720923072183,-0.007161087439180562,9.262067195273294e-07,0.0009273827770440423,-4.279036048634167e-06,0.06258666887939691,-0.029599409414700226,1.0304577233183398,0.4459043122988552,0.31261959075927737,-0.5685874310573313,1.5102769011497497,0.02284741644859314,0.4,0.0,1.4,0.0
transgastric_short_axis,5,9,0.4509,0.31261243023169355,-0.5685874316943824,1.5102778865090007,0.022847418621465998,-0.00716052758371566,-6.370503083388888e-07,0.0009853592512602133,2.172559762328035e-06,0.05844016640691806,-0.038290833614661984,1.006845583156339,0.5861838206752052,0.33231539726257325,-0.2215907527957269,1.5365074347496033,-0.2062732423067093,0.4,0.0,1.4,0.0
transgastric_short_axis,5,10,0.5009,0.33230823427987,-0.22159075419487143,1.536508117990329,-0.2062732364261901,-0.0071629827031084795,-1.399144211268055e-06,0.0006832407255425181,5.880497185453963e-06,0.06910039806265054,-0.008219506702946043,1.02468250295324,0.33892145378237337,0.35450181961059574,-0.7336296823695625,1.4348828424453735,0.3628968482494354,0.4,0.0,1.4,0.0
transgastric_short_axis,5,11,0.5511,0.35449465911216327,-0.7336296751254786,1.4348838611777657,0.3628968548244309,-0.007160498432448057,7.244083444090146e-06,0.0010187323908339477,6.574935092860371e-06,0.0415164727338105,-0.05415372036547432,1.0536704135214767,0.8204841541956598,0.27030334472656253,0.042717020661086916,1.4784315577983855,-0.5729907265663147,0.4,0.0,1.4,0.0
transgastric_short_axis,5,12,0.6008,0.2702961835642287,0.0427170111635613,1.478432519266125,-0.572990724507987,-0.007161162333715656,-9.497525257780303e-06,0.0009614677375031987,2.0583153364936906e-06,0.06326654651088429,0.02169669176291496,0.9662368735145295,0.5942372030522585,0.36733517646789554,-0.4814984431771334,1.405733394241333,0.4729152862071991,0.4,0.0,1.4,0.0
transgastric_short_axis,5,13,0.6509,0.36732801621934247,-0.48149843059217334,1.4057344665911602,0.4729153009915503,-0.007160248553048141,1.2584960254124844e-05,0.0010723498224168295,1.4784324037841955e-05,0.050456647381606844,-0.04435146223826891,1.068198748764201,0.6757144094999775,0.28661675453186036,-0.3666365758393141,1.509177345943451,-0.5183620076179505,0.4,0.0,1.4,0.0
transgastric_short_axis,5,14,0.7009,0.2866095919346792,-0.36663658177521585,1.5091781078641944,-0.518361994846817,-0.0071625971811254295,-5.9359025331166356e-06,0.0007619207422363491,1.2771144236677864e-05,0.06715588239154119,-0.0072121829977188434,0.9806370042043899,0.6541397287089447,0.36956167221069336,-0.47450190287457494,1.532798308467865,0.18236849641799927,0.4,0.0,1.4,0.0
transgastric_short_axis,5,15,0.7509,0.3695545115751839,-0.47450190218734056,1.5327992844624267,0.18236849577570702,-0.0071606355094716925,6.872346606530906e-07,0.0009759945620452161,-6.423645151588268e-07,0.058805394067088824,-0.03734089876334951,1.0621916160646154,0.5262821497543468,0.32606706619262693,-0.3350770558186283,1.516947448682785,-0.10606101293563842,0.4,0.0,1.4,0.0
transgastric_short_axis,5,16,0.8011,0.3260599039330029,-0.33507705721597836,1.5169482192032593,-0.10606100923510464,-0.007162259623952616,-1.3973488274222867e-06,0.000770520475009904,3.7004930627386686e-06,0.06704408243739428,-0.01942187475657038,1.0198168648124055,0.3777162900030913,0.3541277885437012,-0.6543246358189079,1.4714750734806061,0.24901798281669615,0.4,0.0,1.4,0.0
transgastric_short_axis,5,17,0.8511,0.35412062839220576,-0.6543246325613417,1.4714761196630288,0.24901798676132714,-0.0071601514952569344,3.257566661606459e-06,0.0010461824217655308,3.9445354879848865e-06,0.04916615396370605,-0.04858411331057421,1.050954570442289,0.7052406929044926,0.28574671745300295,0.019788202360913453,1.5266537572860717,-0.4491750429153442,0.4,0.0,1.4,0.0
transgastric_short_axis,5,18,0.901,0.2857395557486074,0.019788198765851917,1.5266546250046193,-0.4491750349072611,-0.007161704395681237,-3.5950604483137637e-06,0.0008677185475182882,8.008060755875173e-06,0.06614966326937335,0.016509918778386208,0.9786752699942449,0.4808810954382824,0.3658684015274048,-0.33086010668005594,1.5295378426551818,0.34021028294563294,0.4,0.0,1.4,0.0
transgastric_short_axis,5,19,0.9512,0.365861240739153,-0.33086010440531377,1.529538812737563,0.34021027986320806,-0.007160788251639381,2.2747439701207387e-06,0.0009700823794391642,-3.082626419307225e-06,0.06614966326937335,0.016509918778386208,0.9786752699942449,0.4931097262283771,0.3135982990264893,-0.4441724511883155,1.4800713406562804,0.19663593678474425,0.4,0.0,1.4,0.0
transgastric_short_axis,5,20,1.0009,0.3135911386142908,-0.4441724487464157,1.4800723497077097,0.19663593809014213,-0.007160412198557577,2.4419002013649315e-06,0.0010090514298014064,1.305406807593805e-06,0.059402832939704234,-0.03584189092571162,1.0098720018026173,0.4998329009655787,0.3260339260101318,-0.3900707913741681,1.4992611256599426,-0.06409562337398529,0.4,0.0,1.4,0.0
transgastric_short_axis,5,21,1.0511,0.3260267642890021,-0.39007079271843603,1.4992619648725816,-0.06409562062811158,-0.007161721129657775,-1.3442674092738147e-06,0.0008392126378198463,2.7453573598516027e-06,0.05940283293974704,-0.035841890925574015,1.0098720018059983,0.41423236134760444,0.35462551116943364,-0.5399327748015955,1.502091094636917,0.07567287983894348,0.4,0.0,1.4,0.0
transgastric_short_axis,5,22,1.101,0.3546183506838356,-0.5399327747010473,1.5020920851233868,0.07567288147473317,-0.007160485598067152,1.0054969841820567e-07,0.0009904864692398402,1.634626606550908e-06,0.05845439958471437,-0.038118824322264266,1.0494169886875309,0.5565393733839117,0.33123488426208497,-0.19893363934457958,1.5300793810844422,-0.15055667152404784,0.4,0.0,1.4,0.0
transgastric_short_axis,5,23,1.1512,0.33122772130768385,-0.19893364057828578,1.5300800657009725,-0.1505566669777938,-0.0071629544012340556,-1.233707433885592e-06,0.0006846165306496123,4.546225615680314e-06,0.05845439958455579,-0.038118824322743786,1.0494169886751272,0.2896417669026618,0.3475561380386353,-0.6047045143588214,1.4648451600551604,0.16770033259391784,0.4,0.0,1.4,0.0
transgastric_short_axis,5,24,1.2009,0.34754897796858525,-0.6047045123335013,1.464846211110686,0.16770033621335845,-0.007160070049955453,2.0253204488980014e-06,0.001051055524775783,3.6193000966255353e-06,0.053541010160813876,-0.044101663365556557,1.0448996933012429,0.6330458836530909,0.3101400852203369,-0.022953723017554904,1.5291704504013062,-0.28986518540382383,0.4,0.0,1.4,0.0
transgastric_short_axis,5,25,1.2508,0.31013292273400433,-0.022953725131454307,1.529171201649432,-0.28986517852741106,-0.007162486332564887,-2.113902111612946e-06,0.0007512481264399458,6.8763888962744635e-06,0.06869208035649589,0.00842942591817135,1.0029850802122897,0.3306206075428889,0.3342266082763672,-0.19423601043519395,1.5479434081077574,0.2704770984649658,0.4,0.0,1.4,0.0
transgastric_short_axis,5,26,1.3009,0.3342194466623335,-0.19423600948274142,1.5479442662476233,0.27047709367443407,-0.007161614033631307,9.524535089560552e-07,0.0008581398653133871,-4.790673103626492e-06,0.06561248885378188,-0.02243795244995908,1.025789875500057,0.370270269796679,0.3125386714935303,-0.6500582517526009,1.5037716988563536,-0.007057601451873779,0.4,0.0,1.4,0.0
transgastric_short_axis,5,27,1.3511,0.31253151117632505,-0.6500582529128701,1.5037727106971301,-0.007057598569860879,-0.007160317205275408,-1.1602692938678598e-06,0.001011840777260125,2.884682517169259e-06,0.06561248885252557,-0.02243795245290769,1.025789875492734,0.6641122298981054,0.3255455017089844,-0.13908928875859666,1.5399873621940612,-0.1995594391107559,0.4,0.0,1.4,0.0
transgastric_short_axis,5,28,1.4008,0.3255383386615743,-0.13908928991106081,1.5399880369546883,-0.19955943365239204,-0.007163047410203626,-1.152463137383162e-06,0.0006747606272476364,5.45833628876913e-06,0.06956545131912512,-0.0027327189493770304,1.0176731814626927,0.290363543902006,0.34665713310241697,-0.5670762951981715,1.4925935741901397,0.31730294523239133,0.4,0.0,1.4,0.0
transgastric_short_axis,5,29,1.4508,0.34664997283715765,-0.5670762915858566,1.4925946108804498,0.3173029473461213,-0.007160265259184813,3.6123152783113916e-06,0.0010366903101353584,2.1136462471100797e-06,0.051527627564245865,-0.04576209955900906,1.0419820213403206,0.6585413185485637,0.28791289329528813,-0.13189856656186857,1.5172515491008758,-0.3506441667795181,0.4,0.0,1.4,0.0
transgastric_short_axis,5,30,1.5009,0.28790573071326697,-0.1318985699283518,1.517252293700948,-0.35064415776812335,-0.00716258202116883,-3.3664843828767784e-06,0.0007446000720319199,9.011382150016664e-06,0.06876553191579145,0.003004900872866665,0.9815380444952535,0.40824231004529765,0.3527470111846924,-0.7263273570784033,1.5307420728206633,0.4008861810207367,0.4,0.0,1.4,0.0
transgastric_short_axis,5,31,1.551,0.3527398502202941,-0.7263273549810183,1.530743028447377,0.4008861784714517,-0.007160964398349797,2.0973852081904098e-06,0.0009556267142218779,-2.5493346847055356e-06,0.041147579544047026,-0.05482137931440309,1.0454317150779777,0.841182748234864,0.264606237411499,-0.12964066368829374,1.4802192712783813,-0.5656657264709473,0.4,0.0,1.4,0.0
transgastric_short_axis,5,32,1.601,0.26459907560963425,-0.12964067290937348,1.4802201467864116,-0.565665718796359,-0.007161801864812838,-9.221081426968008e-06,0.000875508029046491,7.674584657106728e-06,0.06616923395150888,0.010291373848910403,0.9604376067636515,0.6012928502568409,0.3700413703918457,-0.5417476358607004,1.4448501830577851,0.4231358828544617,0.4,0.0,1.4,0.0
transgastric_short_axis,5,33,1.6509,0.37003421010121634,-0.5417476273862314,1.444851235710816,0.42313589103464455,-0.007160290629385886,8.474468653419006e-06,0.0010526530277390324,8.180132135816494e-06,0.049467149076064226,-0.04654330357084348,1.0684393375957337,0.6895245144078193,0.287679386138916,-0.16134212187270236,1.5126136432170867,-0.46208704555034635,0.4,0.0,1.4,0.0
transgastric_short_axis,5,34,1.7009,0.2876722238094344,-0.16134212675768458,1.512614432432458,-0.4620870352120854,-0.007162329481622856,-4.884982371726569e-06,0.0007892153715549649,1.0338256794632415e-05,0.06786372551653023,0.004763634854463316,0.9815292135554996,0.5146408938996107,0.36660516262054443,-0.6253825454189575,1.488553944683075,0.4535062268257141,0.4,0.0,1.4,0.0
transgastric_short_axis,5,35,1.7512,0.36659800194298087,-0.6253825395713051,1.4885549473003579,0.4535062289412206,-0.007160677563596289,5.847652281919545e-06,0.001002617281682975,2.115453029825338e-06,0.044724536493157996,-0.05120792996030738,1.0620577753073417,0.7782858682095621,0.2621585845947266,-0.17464629679927546,1.4936470649242402,-0.5216061823368072,0.4,0.0,1.4,0.0
transgastric_short_axis,5,36,1.8008,0.2621514224827182,-0.17464630406230583,1.4936478916771483,-0.5216061721247008,-0.007162112008385156,-7.263031809914801e-06,0.0008267529080012333,1.0212105391583449e-05,0.06719054916090482,0.005853593641644398,0.9571877415405721,0.5747577648543074,0.3707163333892822,-0.5779774457777065,1.4751484342575072,0.43842498078346254,0.4,0.0,1.4,0.0
transgastric_short_axis,5,37,1.851,0.37070917290518046,-0.5779774391265965,1.4751494607416644,0.4384249850286759,-0.007160484101685901,6.651110409582549e-06,0.0010264841557970862,4.2451558998684915e-06,0.04748460454785284,-0.04871274283278572,1.0670781171665558,0.7299176540120089,0.2786077976226807,-0.182454955592686,1.5089106963157655,-0.4889193197250366,0.4,0.0,1.4,0.0
transgastric_short_axis,5,38,1.9008,0.27860063532287827,-0.18245496109927412,1.508911493059494,-0.48891930898086833,-0.007162299802339515,-5.506588072887076e-06,0.0007967437272577291,1.0744166292496687e-05,0.06766420506925405,0.004231473945931713,0.9726762082255731,0.5467462140596169,0.3695982933044434,-0.5803626810409007,1.4877562428474427,0.45858904809951784,0.4,0.0,1.4,0.0
transgastric_short_axis,5,39,1.9511,0.3695911327274974,-0.5803626749994396,1.4877572569730564,0.4585890507702981,-0.007160576946035455,6.0414632600034294e-06,0.0010141256062672428,2.67028756101073e-06,0.06766420506925405,0.004231473945931713,0.9726762082255731,0.7454869464847389,0.2673174858093262,-0.21690548261827494,1.474620378112793,-0.32851234130859375,0.4,0.0,1.4,0.0
transgastric_short_axis,5,40,2.001,0.26731032322090836,-0.2169054882151486,1.4746211224165808,-0.32851233138191477,-0.0071625884177907075,-5.596873494205192e-06,0.0007443037868847144,9.926671676874614e-06,0.0686546656404832,-0.003566411668602932,0.9638524817453138,0.4220701421828878,0.36164083480834963,-0.8370681490768931,1.4552373470306397,0.4307222894668579,0.4,0.0,1.4,0.0
transgastric_short_axis,5,41,2.0511,0.36163367357689996,-0.8370681416006529,1.4552382778716098,0.43072229102428583,-0.007161231449614714,7.476241077370634e-06,0.0009308409688071032,1.557397925209155e-06,0.03358282613281541,-0.05906854767378077,1.0593361589159493,0.943783877809642,0.26363391876220704,-0.09104696540870606,1.430909313583374,-0.5244039436340332,0.4,0.0,1.4,0.0
transgastric_short_axis,5,42,2.101,0.26362675716910877,-0.0910469780553036,1.4309102170360974,-0.5244039398792937,-0.007161593098240362,-1.2646592545628377e-05,0.0009034527115371971,3.754736117011474e-06,0.06598449052464932,0.011572941971199357,0.9627311105074778,0.5503109550530142,0.36936492919921876,-0.6245535741118323,1.4190082014083862,0.4411109514713287,0.4,0.0,1.4,0.0
transgastric_short_axis,5,43,2.1508,0.3693577687901745,-0.6245535637755192,1.419009243962246,0.44111096251042703,-0.00716040904402913,1.0336315405760356e-05,0.0010425538435147087,1.1038757321966821e-05,0.06598449052798584,0.011572941960875887,0.9627311105263998,0.7654713142640353,0.2534205913543701,-0.04721840788764733,1.4445891510486601,-0.36784821724891664,0.4,0.0,1.4,0.0
transgastric_short_axis,5,44,2.2008,0.2534134294466,-0.04721841582052951,1.444589988893096,-0.367848210001473,-0.007161907770061828,-7.932882989796133e-06,0.0008378444348825772,7.247428647238547e-06,0.06763976879042206,0.009404120462650847,0.9519297254719923,0.4012702009494121,0.3504389047622681,-0.4887751147368546,1.5261886184692381,0.29349847383499145,0.4,0.0,1.4,0.0
transgastric_short_axis,5,45,2.251,0.35043174431408125,-0.4887751129367612,1.5261896274221343,0.2934984726974834,-0.007160448186934892,1.8000940907274032e-06,0.0010089528955084309,-1.1375638196528884e-06,0.055667586409400324,-0.041073359163399624,1.0434864379122142,0.5860232918091062,0.3018060207366944,-0.3402971220324818,1.512097196817398,-0.17020298166275025,0.4,0.0,1.4,0.0
transgastric_short_axis,5,46,2.3009,0.3017988583374186,-0.34029712416511465,1.512097952482823,-0.17020297617923527,-0.007162399275788072,-2.132633162304434e-06,0.0007556654254653248,5.483491541819041e-06,0.06737502952689496,-0.017566534069535775,0.9958757165951391,0.4086325990299752,0.35808854103088383,-0.7140967065484304,1.491956723499298,0.24963217577934266,0.4,0.0,1.4,0.0
transgastric_short_axis,5,47,2.3508,0.35808138070651313,-0.7140967041422158,1.4919577460045454,0.249632178242849,-0.007160324370610721,2.4062149994430578e-06,0.0010225052470360005,2.4634108592154798e-06,0.06737502952689496,-0.017566534069535775,0.9958757165951391,0.7631931111945086,0.283698844909668,0.07232180124760057,1.51252245054245,-0.32912456810474394,0.4,0.0,1.4,0.0
transgastric_short_axis,5,48,2.401,0.2836916831135129,0.0723217979298747,1.5125232933764288,-0.3291245619479521,-0.00716179615512333,-3.3177272344615613e-06,0.0008428339787056302,6.15676212779897e-06,0.0670105683488501,0.016196955914339364,0.9776590773553311,0.37382152942612384,0.3465127944946289,0.012292818696669504,1.5476406184673308,0.2474665838241577,0.4,0.0,1.4,0.0
transgastric_short_axis,5,49,2.4508,0.34650563177729826,0.012292819671110067,1.5476413369020925,0.2474665781520251,-0.00716271733065971,9.744427393295867e-07,0.0007184347613633761,-5.672137260735739e-06,0.0690154636164804,-0.0077254080586754825,1.0381016497391702,0.293343540088276,0.3154259920120239,-0.5837334315490464,1.4709756671905518,-0.12797084884643553,0.4,0.0,1.4,0.0
transgastric_short_axis,5,50,2.5009,0.3154188312246245,-0.5837334348548177,1.4709766255813514,-0.12797084532347325,-0.007160787399386761,-3.305769945169992e-06,0.0009583907996271404,3.5231017441452324e-06,0.06034221444401802,-0.034503895928731924,1.0123660915828063,0.6077112107823353,0.33066897392272954,-0.35525643077059316,1.5520974497795104,-0.24823376326560972,0.4,0.0,1.4,0.0
transgastric_short_axis,5,51,2.5512,0.33066181116266,-0.35525643190562495,1.5520981642925733,-0.248233756290411,-0.007162760069405289,-1.1350339263348073e-06,0.0007145130631972167,6.97504043473814e-06,0.06034221444401802,-0.034503895928731924,1.0123660915828063,0.46450916695451383,0.35256471633911135,-0.6376527064404154,1.535823770570755,0.16219057230949402,0.4,0.0,1.4,0.0
transgastric_short_axis,5,52,2.601,0.352557555992171,-0.6376527062004734,1.5358247790038488,0.1621905726378685,-0.007160346940258878,2.399434142280186e-07,0.001008433093860557,3.2718581709941094e-07,0.05247684160151319,-0.045914215108175505,1.044989004720324,0.673502718377786,0.3084460258483887,-0.02001178305680401,1.5377657813072205,-0.3056079060316086,0.4,0.0,1.4,0.0
transgastric_short_axis,5,53,2.6509,0.3084388633934448,-0.020011784829698162,1.5377665375152976,-0.30560789893721024,-0.0071624549438761495,-1.7728948156016928e-06,0.0007562080772668264,7.094373470993792e-06,0.05247684159935829,-0.04591421511059901,1.0449890046980852,0.3480800482942457,0.3297018527984619,-0.540969597509423,1.5587447778224945,0.0766346161365509,0.4,0.0,1.4,0.0
transgastric_short_axis,5,54,2.701,0.32969469204357565,-0.5409695979391551,1.5587457338357193,0.07663461661660431,-0.007160754886412427,-4.2973164745448396e-07,0.0009560132248098078,4.799196157313189e-07,0.058532377093751524,-0.038289171471674925,1.0205369752800095,0.5732922594072886,0.3316291570663452,-0.27408278140227355,1.533530471420288,-0.17459989171028137,0.4,0.0,1.4,0.0
transgastric_short_axis,5,55,2.7509,0.3316219942653218,-0.2740827827848,1.5335311760819144,-0.1745998864692302,-0.007162801023350713,-1.3825263774836283e-06,0.0007046616262366888,5.241026137831416e-06,0.05853237709076431,-0.038289171476061826,1.0205369752695368,0.3579282313931088,0.3536739826202393,-0.7167304272248965,1.4847796540260314,0.22111283712387084,0.4,0.0,1.4,0.0
transgastric_short_axis,5,56,2.8008,0.3536668223813918,-0.7167304250140094,1.4847806855496462,0.22111284015793586,-0.0071602388474457535,2.2108875385091208e-06,0.001031523614364434,3.0339495915582793e-06,0.04689926350717374,-0.05104431597540661,1.0496072908638794,0.7562591607471455,0.28631272315979006,0.052890878591678056,1.5283427879333495,-0.5015393934488297,0.4,0.0,1.4,0.0
transgastric_short_axis,5,57,2.8509,0.2863055617075743,0.052890874673604316,1.5283436958869787,-0.5015393857123073,-0.0071614522157368195,-3.9180749406825315e-06,0.0009079536287187877,7.736498895477148e-06,0.04689926350819471,-0.05104431597503107,1.0496072908423513,0.5326703761398572,0.34728193283081055,-0.4430051127811281,1.5366141695022584,0.2141960506439209,0.4,0.0,1.4,0.0
transgastric_short_axis,5,58,2.9009,0.3472747721562468,-0.4430051119534249,1.5366151428846244,0.21419604916614254,-0.007160674563779211,8.277026582419386e-07,0.0009733823658712603,-1.477777749184423e-06,0.05929452647673362,-0.036367266552127214,1.0396396551888674,0.5133976271972954,0.3238765001296997,-0.42148313013273503,1.5104727687835693,-0.08385653293132782,0.4,0.0,1.4,0.0
transgastric_short_axis,5,59,2.9511,0.3238693384572128,-0.42148313160127887,1.5104736139232333,-0.0838565296663667,-0.007161672486983697,-1.4685446910366621e-06,0.0008451396645859014,3.2646176940944023e-06,0.059294526473748325,-0.036367266556384066,1.0396396551901401,0.45020022744586574,0.3521917343139649,-0.48434525835269804,1.5181138535499572,0.03941583337783813,0.4,0.0,1.4,0.0
transgastric_short_axis,5,60,3.0012,0.35218457342490983,-0.48434525865056727,1.5181147925264034,0.039415834732023036,-0.00716088905515661,-2.9787070625145764e-07,0.0009389764457357521,1.3531290737445016e-06,0.06119643727604162,-0.033756733880540166,1.0458691438190844,0.5023757128255906,0.3360379695892334,-0.3207553452961847,1.5233848650455475,-0.05439802207946777,0.4,0.0,1.4,0.0
transgastric_short_axis,5,61,3.0511,0.3360308074025186,-0.3207553461368396,1.5233856444212082,-0.054398019662912134,-0.007162186714927749,-8.40655681684868e-07,0.0007793756599315175,2.4159430268326326e-06,0.06119643727592991,-0.03375673388086918,1.0458691438109935,0.35377847796244033,0.34847660064697267,-0.6224501553874281,1.4737927156448365,0.17877209701538085,0.4,0.0,1.4,0.0
transgastric_short_axis,5,62,3.1012,0.34846944057180584,-0.6224501534198907,1.4737937638119467,0.17877210038933455,-0.007160075166669693,1.967538949092675e-06,0.001048167109239769,3.3729449377479574e-06,0.05252463587957994,-0.04535288221365593,1.0451949528222704,0.6538383404960096,0.3057145118713379,0.014020419618182312,1.5321256922721862,-0.32931781418323514,0.4,0.0,1.4,0.0
transgastric_short_axis,5,63,3.1509,0.3057073496605351,0.014020417342538671,1.5321264847010072,-0.32931780694665824,-0.0071622108028198805,-2.275622003374703e-06,0.0007924288208067116,7.236354164113721e-06,0.0525246358808585,-0.04535288221282876,1.0451949528030051,0.3674170681148353,0.3293287992477417,-0.4898529459642801,1.5602699612617492,0.07021798496246338,0.4,0.0,1.4,0.0
transgastric_short_axis,5,64,3.2012,0.3293216382820897,-0.4898529463237931,1.5602708902734603,0.07021798521006062,-0.007160965651980989,-3.59511827623929e-07,0.0009290117113305631,2.469201811121253e-07,0.06053326481895801,-0.03505916285757721,1.0200574974383174,0.5249463434992538,0.3333133220672607,-0.3741699719669297,1.5271492312431336,-0.10316175999641418,0.4,0.0,1.4,0.0
transgastric_short_axis,5,65,3.251,0.33330615996344587,-0.3741699732076201,1.5271500220519991,-0.10316175634335334,-0.007162103814722682,-1.240689512483719e-06,0.0007908088654900241,3.6527334748873067e-06,0.06053326481615083,-0.03505916286222226,1.0200574974324892,0.41383657792500883,0.3555477619171143,-0.5951433499265166,1.5069939648628234,0.12472536334991455,0.4,0.0,1.4,0.0
transgastric_short_axis,5,66,3.3009,0.3555406016386263,-0.5951433493937066,1.50699498201217,0.12472536500011522,-0.0071602784879125315,5.32811610456887e-07,0.0010171493466144704,1.6490293676196678e-06,0.0551811371771467,-0.04261743382811477,1.0499863316001976,0.619012590566954,0.3199218034744263,-0.07367040105648148,1.534054969739914,-0.23623771333694457,0.4,0.0,1.4,0.0
transgastric_short_axis,5,67,3.3509,0.31991464059547914,-0.07367040263477191,1.5340556706896535,-0.23623770710158012,-0.007162878947105726,-1.5782970020782776e-06,0.0007009497398782109,6.235152470327528e-06,0.055181137176793876,-0.0426174338288411,1.0499863315825966,0.2926092447548189,0.33635673522949217,-0.5690851508979319,1.5459117027282714,0.09882102613449097,0.4,0.0,1.4,0.0
transgastric_short_axis,5,68,3.4009,0.33634957466757576,-0.5690851511405963,1.5459126836094583,0.09882102667032377,-0.007160561916558824,-2.4266516437931435e-07,0.0009808811874394297,5.356663906364231e-07,0.05694479622802828,-0.040525527871771994,1.0280870012897847,0.5991372066930952,0.32485313415527345,-0.18231395369653391,1.53419784450531,-0.2056809580564499,0.4,0.0,1.4,0.0
transgastric_short_axis,5,69,3.4512,0.3248459711464804,-0.1823139551333393,1.534198524549768,-0.2056809522127449,-0.007163008793012469,-1.436805264256175e-06,0.0006800444582977364,5.843682536039951e-06,0.056944796225613534,-0.040525527875075934,1.0280870012732188,0.3149609569196682,0.3463259696960449,-0.7096464395312319,1.489192855167389,0.1976347493648529,0.4,0.0,1.4,0.0
transgastric_short_axis,5,70,3.5009,0.3463188095140641,-0.7096464378200409,1.4891938894695587,0.19763475219231097,-0.007160181980641048,1.7111930450678159e-06,0.0010343021677658945,2.826341724151498e-06,0.04793189761160722,-0.050228627166750195,1.0419691070984831,0.7439722992931151,0.28701300621032716,0.055204583012468465,1.5320983531951904,-0.4823864038467407,0.4,0.0,1.4,0.0
transgastric_short_axis,5,71,3.5509,0.28700584471062873,0.055204579586082936,1.5320992519039125,-0.48238639589924154,-0.007161499698366074,-3.426384894889043e-06,0.0008987087233082499,7.947473721372935e-06,0.047931897612245464,-0.0502286271666964,1.0419691070743817,0.5157151074373019,0.34744503498077395,-0.4578473880728981,1.539978374004364,0.18657122411727906,0.4,0.0,1.4,0.0
transgastric_short_axis,5,72,3.6009,0.34743787428060474,-0.4578473875149257,1.5399793424029333,0.1865712228269114,-0.007160700168976559,5.579743983985402e-07,0.0009683985689563914,-1.290362835035088e-06,0.059346378538098425,-0.03648175549480273,1.039576006814191,0.516517226044854,0.32682509422302247,-0.3968675321771326,1.5131778393745423,-0.0877303490638733,0.4,0.0,1.4,0.0
transgastric_short_axis,5,73,3.651,0.3268179323780723,-0.39686753359180804,1.5131786629927797,-0.08773034573408278,-0.007161844950254845,-1.4146786485055336e-06,0.0008236182368348568,3.3294116770323505e-06,0.05934637853391461,-0.03648175550085224,1.0395760068156166,0.4282119540135705,0.3536285400390625,-0.5256972008956592,1.5118876596450805,0.07829668221473694,0.4,0.0,1.4,0.0
transgastric_short_axis,5,74,3.7012,0.35362137946727984,-0.5256972008304853,1.5118886387861545,0.07829668353021368,-0.007160571782719692,6.517527594407036e-08,0.000979141074435013,1.314421726332962e-06,0.058976823863767514,-0.03738042887645976,1.0477362203585925,0.5451219694203993,0.3333309173583985,-0.2377913650791134,1.5287760935783385,-0.13584637556076049,0.4,0.0,1.4,0.0
transgastric_short_axis,5,75,3.751,0.33332375451637114,-0.2377913663166572,1.5287767938940435,-0.13584637125110355,-0.007162842027286554,-1.2375480746167619e-06,0.000700315704608007,4.309375248952015e-06,0.05897682386354471,-0.03738042887701081,1.0477362203459883,0.30988409903423153,0.34989542961120607,-0.6631287342935196,1.4629568912029267,0.19620768699645996,0.4,0.0,1.4,0.0
transgastric_short_axis,5,76,3.801,0.3498882695688807,-0.6631287317974995,1.4629579454968162,0.19620769129913462,-0.007160042325540974,2.496022402979924e-06,0.0010542938884101107,4.3015635301818504e-06,0.050117985939730575,-0.04780691315283149,1.04735005574698,0.6962126553634872,0.29349846839904786,0.05131720005879342,1.5315025111198426,-0.433606281208992,0.4,0.0,1.4,0.0
transgastric_short_axis,5,77,3.8509,0.2934913067586761,0.05131719698079973,1.5315033848367259,-0.43360627353230696,-0.007161640371899272,-3.0779935527092934e-06,0.0008737168842333183,7.676659420495844e-06,0.050117985942016205,-0.04780691315134086,1.0473500557245743,0.4682788668219296,0.35222973823547366,-0.3982176300141267,1.546092964553833,0.14314010424613952,0.4,0.0,1.4,0.0
transgastric_short_axis,5,78,3.9013,0.3522225771510222,-0.39821762976986125,1.5460938823820198,0.14314010297236468,-0.00716108445144243,2.4426726168018473e-07,0.0009178281863942578,-1.2737368579889274e-06,0.062237136173159666,-0.03159942472151786,1.0439427311323202,0.4502138095860754,0.33238217830657957,-0.49647685177368767,1.4994996871948243,0.04416478085517883,0.4,0.0,1.4,0.0
transgastric_short_axis,5,79,3.9518,0.33237501758518834,-0.4964768519858825,1.4995006493388345,0.044164782471162845,-0.007160721391158024,-2.1219536826704785e-07,0.0009621440094624934,1.6155882200038105e-06,0.06223713617028386,-0.03159942472664012,1.043942731134026,0.5127507289453525,0.33587682247161865,-0.2997187237564586,1.5216939618587493,-0.056949731683731075,0.4,0.0,1.4,0.0
transgastric_short_axis,5,80,4.0013,0.3358696601795621,-0.29971872459464627,1.5216947269975396,-0.056949729282750106,-0.0071622920565463195,-8.381888086156219e-07,0.0007651387903569472,2.4009112397886385e-06,0.0673328065473034,-0.018722609592102705,1.0293026062050996,0.3346593680184532,0.3480297327041626,-0.6684407419828189,1.4425231781959533,0.2639027994632721,0.4,0.0,1.4,0.0
transgastric_short_axis,5,81,4.051,0.34802257261442887,-0.6684407373579633,1.44252423706119,0.26390280566179225,-0.00716008973376571,4.6248560174920994e-06,0.001058865235830493,6.1984303851664354e-06,0.06733280654743345,-0.018722609591565062,1.0293026062065171,0.7217809043546953,0.28815708160400394,0.06557505713291312,1.5064674067497252,-0.31535644040107724,0.4,0.0,1.4,0.0
transgastric_short_axis,5,82,4.1009,0.2881499197434945,0.06557505363435112,1.5064682404373242,-0.31535643438319594,-0.007161860509462177,-3.498562846418358e-06,0.0008336875985717898,6.017851551781028e-06,0.06727502058364491,0.015296716086599136,0.9825388274849793,0.3572053961535822,0.34346699714660645,-0.020137055657767817,1.54612966632843,0.24876013412475587,0.4,0.0,1.4,0.0
transgastric_short_axis,5,83,4.1511,0.3434598345746252,-0.02013705463115567,1.5461304031567886,0.2487601285876675,-0.007162571981190879,1.0266107788838795e-06,0.000736828358788103,-5.537093460778923e-06,0.06727502058334353,0.015296716087425557,0.9825388274883611,0.29468285932043176,0.31338343620300296,-0.4713537967947491,1.4497403200149537,0.024798602628707884,0.4,0.0,1.4,0.0
transgastric_short_axis,5,84,4.2008,0.313376275518856,-0.4713537971688389,1.4497412910252274,0.02479860467281103,-0.007160684146947051,-3.740900229614167e-07,0.0009710102738485402,2.043665077813973e-06,0.06150678320655183,-0.03232225524166034,1.0118281472085413,0.48245957195918787,0.3384403228759766,-0.3258793504572813,1.5079527050971984,-0.024557419538497924,0.4,0.0,1.4,0.0
transgastric_short_axis,5,85,4.2511,0.33843316091700104,-0.3258793511507985,1.5079535120012002,-0.02455741779553744,-0.007161958975377109,-6.935166915100185e-07,0.000806904001692655,1.7428272066682491e-06,0.06150678320649044,-0.03232225524183549,1.0118281472073596,0.34963531672775167,0.34752497673034666,-0.615017314396909,1.460118308544159,0.1677037031650543,0.4,0.0,1.4,0.0
transgastric_short_axis,5,86,4.301,0.34751781670016507,-0.6150173122920595,1.4601193633583396,0.16770370712499272,-0.007160030181507983,2.10485095425103e-06,0.0010548141792036056,3.958938661248921e-06,0.05305426676764899,-0.04463105708225712,1.0451951625464941,0.642448087565792,0.3084373474121094,0.004000858583247633,1.5304527654647826,-0.312890493106842,0.4,0.0,1.4,0.0
transgastric_short_axis,5,87,4.3511,0.3084301850983899,0.004000856333278513,1.5304535434136115,-0.3128904860170904,-0.007162313719414092,-2.2498833741599155e-06,0.0007779488303043992,7.089531755468752e-06,0.053054266769189215,-0.04463105708115071,1.0451951625287048,0.35116893524583404,0.329108452796936,-0.5055180131972085,1.5590838947296142,0.07241952967643737,0.4,0.0,1.4,0.0
transgastric_short_axis,5,88,4.4009,0.32910129190899734,-0.5055180135616242,1.5590848332653042,0.07241952997407886,-0.007160887938560037,-3.644141978931775e-07,0.0009385356901380379,2.967778380589905e-07,0.05993382635424128,-0.03606721997666972,1.0199200033255085,0.5395624721392138,0.3356404066085815,-0.3526845037537951,1.5298926888942719,-0.12871415340900422,0.4,0.0,1.4,0.0
transgastric_short_axis,5,89,4.4509,0.3356332442888588,-0.3526845050656444,1.5298934520841376,-0.12871414921241708,-0.007162319722738565,-1.311848680408961e-06,0.0007631898659531478,4.196554649399824e-06,0.05993382635135924,-0.036067219981263984,1.0199200033178426,0.40245382400467616,0.35708179473876955,-0.6363346289543403,1.506195701265335,0.15411880345344542,0.4,0.0,1.4,0.0
transgastric_short_axis,5,90,4.5009,0.3570746345123554,-0.6363346281304869,1.5061967282646789,0.15411880527234612,-0.0071602264139239286,8.23853795308015e-07,0.0010269993444895406,1.8187599285350146e-06,0.052656350612982496,-0.04558608186190651,1.0515666815423281,0.6646763853131163,0.31007270812988286,0.014445110588265885,1.5368422448158263,-0.3086767174243927,0.4,0.0,1.4,0.0
transgastric_short_axis,5,91,4.5511,0.3100655458389022,0.014445108761434788,1.5368430220628158,-0.30867671058634016,-0.007162290980659759,-1.8268277946097058e-06,0.0007772469894796321,6.838025805640393e-06,0.052656350612810064,-0.04558608186212969,1.051566681539896,0.3497201617837779,0.32812798023223877,-0.5042254021890573,1.5601467481613158,0.05740738034248352,0.4,0.0,1.4,0.0
transgastric_short_axis,5,92,4.6011,0.3281208192838699,-0.5042254026246424,1.5601476796687601,0.05740738100605469,-0.007160948368979459,-4.3558393250178344e-07,0.0009315074441466715,6.634566666725281e-07,0.060264275353971976,-0.035547523295689894,1.0188655965348488,0.5369848787160277,0.3351697206497193,-0.3525974308697172,1.530910039615631,-0.12437585384845734,0.4,0.0,1.4,0.0
transgastric_short_axis,5,93,4.651,0.3351625583409845,-0.3525974321276544,1.5309108039910413,-0.12437584975855032,-0.007162308734711379,-1.257937819432452e-06,0.0007643754094878977,4.089874353625748e-06,0.060264275353196985,-0.03554752329695718,1.0188655965340419,0.4014172811285588,0.35683641433715824,-0.6374491618705385,1.5044370121479034,0.15577693719863892,0.4,0.0,1.4,0.0
transgastric_short_axis,5,94,4.701,0.3568292541196205,-0.6374491609899811,1.5044380404701991,0.15577693909756007,-0.007160217537457486,8.805582434814404e-07,0.0010283222956841192,1.8987819246115445e-06,0.052557768703822665,-0.045680735362729784,1.0514428235397344,0.6658670326713577,0.3093472957611084,0.014847331136651916,1.5366772740840913,-0.3125671055316925,0.4,0.0,1.4,0.0
transgastric_short_axis,5,95,4.7511,0.3093401334884892,0.0148473292755531,1.5366780539879468,-0.3125670986355504,-0.007162272619229697,-1.8610962324446903e-06,0.0007799038555829025,6.896115798412237e-06,0.052557768703672694,-0.045680735362929714,1.051442823537309,0.35329695183213744,0.328284764289856,-0.50356795510089,1.5603010454177857,0.059161013603210445,0.4,0.0,1.4,0.0
transgastric_short_axis,5,96,4.8009,0.32827760334303796,-0.5035679555329603,1.5603019771521724,0.059161014226123854,-0.0071609468179619174,-4.32070028632745e-07,0.0009317343871549514,6.228046626499415e-07,0.06025503408187995,-0.035559891824295004,1.0190115517499045,0.5365832065067108,0.33515982627868657,-0.3542553734839676,1.5306205450057984,-0.12349547939300537,0.4,0.0,1.4,0.0
transgastric_short_axis,5,97,4.851,0.3351526639831075,-0.35425537474577296,1.5306213110056168,-0.12349547532146765,-0.007162295579027556,-1.2618053247881656e-06,0.0007659998182264659,4.071504596295493e-06,0.06025503408109767,-0.03555989182557201,1.0190115517491167,0.40251100213342883,0.3568302154541016,-0.6346457895102557,1.5049004656791687,0.15344974508285522,0.4,0.0,1.4,0.0
transgastric_short_axis,5,98,4.901,0.3568230552326648,-0.6346457886637472,1.5049014933556002,0.15344974695435631,-0.007160221436686998,8.465090652395074e-07,0.0010276764310192513,1.8713613139405409e-06,0.05274513302455123,-0.04547709195396532,1.051405275786417,0.662714624688985,0.3105034351348877,0.013606214844890925,1.5366604212284087,-0.3063485890388489,0.4,0.0,1.4,0.0
transgastric_short_axis,5,99,4.951,0.3104962728315494,0.013606213022977265,1.5366611967220303,-0.3063485822320024,-0.007162303338464159,-1.8219097557226366e-06,0.0007754936225659549,6.806820200482839e-06,0.0527451330243974,-0.04547709195417031,1.0514052757840064,0.34745040327351256,0.32807745933532717,-0.5047480267470393,1.5599935744285582,0.057067327165603636,0.4,0.0,1.4,0.0
transgastric_short_axis,5,100,5.001,0.3280702983889859,-0.504748027183117,1.5599945061818072,0.05706732784079094,-0.007160946341130305,-4.3607683023196353e-07,0.0009317532489823964,6.75070488481644e-07,0.06025193062122928,-0.03556888710559288,1.0188257956906739,0.5374005720450499,0.3352268218994141,-0.35164187618702913,1.5310246390342712,-0.12515370676517487,0.4,0.0,1.4,0.0
transgastric_short_axis,5,101,5.0509,0.3352196595823367,-0.35164187744573516,1.5310254023895897,-0.12515370265818682,-0.007162317077478509,-1.258706537085126e-06,0.000763355318086148,4.1069563812421785e-06,0.060251930620459214,-0.03556888710685158,1.0188257956898488,0.40084860962537655,0.3568565607070923,-0.6390153502628573,1.5042761610031128,0.15704839153289796,0.4,0.0,1.4,0.0
transgastric_short_axis,5,102,5.101,0.3568494004911038,-0.6390153493656291,1.5042771895999714,0.15704839344277488,-0.007160215988252427,8.972276416869332e-07,0.0010285968584330238,1.909737931703395e-06,0.05245379464439212,-0.045793710388584354,1.0514736758306882,0.6676380165304243,0.308774471282959,0.015209479433010658,1.5366984337806702,-0.3174064030408859,0.4,0.0,1.4,0.0
transgastric_short_axis,5,103,5.1509,0.30876730903113,0.01520947754132873,1.5366992167317433,-0.31740639607333915,-0.007162251828911681,-1.891677549376482e-06,0.0007829510734998101,6.967520333016855e-06,0.052453794644242935,-0.04579371038878276,1.051473675828254,0.35775442447555994,0.3284872770309448,-0.5029350382230758,1.560496538543701,0.061531461381912234,0.4,0.0,1.4,0.0
transgastric_short_axis,5,104,5.2009,0.3284801160873208,-0.5029350386507718,1.5604974707229236,0.06153146195108583,-0.007160943624078047,-4.2769668001281955e-07,0.0009321792227377707,5.690719066584538e-07,0.06023335262223354,-0.035591965005348364,1.0192003411230366,0.5362875215925037,0.33518362045288086,-0.3561367095405944,1.5302737506866455,-0.1227357901096344,0.4,0.0,1.4,0.0
transgastric_short_axis,5,105,5.2511,0.3351764581714718,-0.356136710808729,1.530274518443906,-0.12273578605331448,-0.007162281409173635,-1.2681352701636123e-06,0.0007677572602384762,4.056287032292911e-06,0.060233352621440195,-0.03559196500663965,1.0192003411222696,0.40382046963319207,0.35683741569519045,-0.6314847629379539,1.50551971449852,0.15078699388504027,0.4,0.0,1.4,0.0
transgastric_short_axis,5,106,5.3009,0.3568302554684198,-0.6314847621318802,1.5055207413234735,0.15078699572176024,-0.0071602267706303065,8.060737093954795e-07,0.0010268249536536443,1.8365795840095858e-06,0.05295666017203573,-0.04524576786809101,1.0513703971683548,0.6591721903842188,0.31141598224639894,0.006637762569454371,1.5364954504966735,-0.29787469232082364,0.4,0.0,1.4,0.0
transgastric_short_axis,5,107,5.351,0.31140881987919405,0.006637760790773051,1.5364962172251095,-0.29787468559041697,-0.0071623672049178745,-1.7786743026620562e-06,0.0007667284363190716,6.730380212850722e-06,0.0529566601718766,-0.04524576786830281,1.0513703971659616,0.33948932633569895,0.3280832290649414,-0.5108189729291731,1.5593370620727538,0.05744333310127258,0.4,0.0,1.4,0.0
transgastric_short_axis,5,108,5.401,0.328076068147867,-0.5108189733685119,1.559337997474393,0.05744333380714295,-0.007160917074445466,-4.393400102529603e-07,0.0009354016392906171,7.057397881277446e-07,0.06002735871662254,-0.035944859036275985,1.0188774721797582,0.5429524929166081,0.3360994338989258,-0.34289957137208565,1.532038619184494,-0.13487724273204804,0.4,0.0,1.4,0.0
transgastric_short_axis,5,109,5.451,0.33609227149775656,-0.3428995726539815,1.5320393723364347,-0.13487723840633592,-0.007162401169305885,-1.2818973124032677e-06,0.000753151940456097,4.325681540366988e-06,0.06002735871586373,-0.03594485903749935,1.0188774721788199,0.3965987644656988,0.35712699890136723,-0.65309269494934,1.5040628787517547,0.16789807276725768,0.4,0.0,1.4,0.0
transgastric_short_axis,5,110,5.5009,0.3571198386884964,-0.6530926939355781,1.5040639083695488,0.16789807471487084,-0.007160212870828707,1.0137616297412745e-06,0.001029617794421098,1.9474757430151447e-06,0.05152679710698759,-0.04678733468548395,1.0517548228611235,0.6836576889235121,0.30367958545684814,0.018100299184399638,1.5369939205169678,-0.3592113159656525,0.4,0.0,1.4,0.0
transgastric_short_axis,5,111,5.5509,0.3036724233803131,0.018100297032102475,1.5369947296348494,-0.35921130843054266,-0.007162076535105539,-2.1522954825328448e-06,0.0008091178813022683,7.5350835522132114e-06,0.05152679710682978,-0.04678733468568462,1.0517548228586149,0.39674543831300685,0.33280439376831056,-0.4953392866752495,1.5601817646503449,0.06788068113327027,0.4,0.0,1.4,0.0
transgastric_short_axis,5,112,5.601,0.3327972328105883,-0.49533928707492275,1.560182695238419,0.06788068153981097,-0.007160957722344502,-3.996744451743638e-07,0.0009305880733446546,4.064763790466659e-07,0.06038370839866346,-0.03532158969125843,1.023539317571725,0.5292858433946259,0.33400487899780273,-0.3623436017739984,1.5285809749603272,-0.11030287671089173,0.4,0.0,1.4,0.0
transgastric_short_axis,5,113,5.651,0.33399771680509205,-0.3623436030060259,1.5285817534627295,-0.11030287293573782,-0.007162192710646842,-1.2320274978115301e-06,0.0007785024027994411,3.7751183134884283e-06,0.06038370839781052,-0.03532158969265387,1.023539317571213,0.4054000235912142,0.3562037467956543,-0.6140224364762503,1.5041769164085388,0.1394618748664856,0.4,0.0,1.4,0.0
transgastric_short_axis,5,114,5.7011,0.3561965865543966,-0.6140224357519888,1.5041779409423421,0.13946187670049515,-0.007160241257600368,7.242614648223839e-07,0.001024533803227986,1.8338700345145647e-06,0.05400633191279726,-0.04402300698034146,1.0508338037283118,0.6397225563227404,0.3154657602310181,-0.030384691472932563,1.5350887988090516,-0.265137739276886,0.4,0.0,1.4,0.0
transgastric_short_axis,5,115,5.751,0.3154585975961265,-0.030384693127593978,1.5350895293557931,-0.26513773283664843,-0.0071626348915833854,-1.6546632744055005e-06,0.0007305467424078883,6.440213394007318e-06,0.05400633191266892,-0.044023006980527864,1.0508338037260307,0.31083384084137206,0.3284126281738281,-0.5447133570177478,1.555687857055664,0.065684379529953,0.4,0.0,1.4,0.0
transgastric_short_axis,5,116,5.801,0.3284054674237827,-0.5447133574572858,1.5556888134294322,0.06568438029813084,-0.007160750045340094,-4.3953798338569795e-07,0.0009563737683091975,7.67997624188886e-07,0.05860753384330126,-0.03819368828226023,1.0194618129280246,0.5747972367099635,0.3328396558761597,-0.26692557758457763,1.5344513863563538,-0.17899492921829224,0.4,0.0,1.4,0.0
transgastric_short_axis,5,117,5.8511,0.3328324930387461,-0.26692557895378854,1.534452086619627,-0.17899492389570604,-0.007162837413604022,-1.3692106998211717e-06,0.0007002632736223687,5.322561902996203e-06,0.058607533842579,-0.03819368828332939,1.0194618129265618,0.35479188980021314,0.3530655384063721,-0.721092310583418,1.4834636332511901,0.22680910234451293,0.4,0.0,1.4,0.0
transgastric_short_axis,5,118,5.9009,0.35305837815470004,-0.7210923082446319,1.4834646637280855,0.22680910544191768,-0.007160251672062821,2.3387859010886237e-06,0.0010304768954751036,3.0972924706971966e-06,0.04650878463158516,-0.05136007990046475,1.0490856431382949,0.7619621731251779,0.28672332763671876,0.05344439997949422,1.5265406558990477,-0.5058300368785859,0.4,0.0,1.4,0.0
transgastric_short_axis,5,119,5.951,0.28671616620264656,0.05344439586222993,1.5265415669649922,-0.5058300293058731,-0.007161434072181395,-4.1172655243457235e-06,0.0009110659449105637,7.5726892582151186e-06,0.04650878463181807,-0.051360079900338196,1.0490856431356905,0.5362521022489712,0.34721803665161133,-0.4383679667568117,1.5354144334316253,0.21921389479637146,0.4,0.0,1.4,0.0
transgastric_short_axis,5,120,6.0009,0.3472108759781436,-0.4383679658464071,1.5354154073593316,0.2192138932885852,-0.007160673467820169,9.104048078343723e-07,0.0009739277054409566,-1.5077846392199199e-06,0.05935294270035961,-0.03622997449207639,1.0396573949353527,0.51121935473566,0.3230595588684082,-0.42637494093629025,1.5095808782100677,-0.07945475428104401,0.4,0.0,1.4,0.0
transgastric_short_axis,5,121,6.0509,0.32305239725973856,-0.4263749423822339,1.5095817296879224,-0.07945475110870515,-0.007161608669599864,-1.445943079941399e-06,0.0008514778541419499,3.172297339307521e-06,0.05935294269956294,-0.03622997449321033,1.0396573949355037,0.45391380020227357,0.3519481658935547,-0.4760304533105503,1.518771863937378,0.030767509603500366,0.4,0.0,1.4,0.0
transgastric_short_axis,5,122,6.1009,0.3519410049255028,-0.47603045367934566,1.5187727938165256,0.030767511019494265,-0.007160968051956999,-3.68795240011537e-07,0.000929879147437174,1.4158666359446593e-06,0.06162519086343256,-0.032983828513833295,1.0455801484260687,0.4939314488095001,0.3376476764678955,-0.33967300606983253,1.522002369117737,-0.034620166039466854,0.4,0.0,1.4,0.0
transgastric_short_axis,5,123,6.151,0.3376405144823377,-0.33967300678197027,1.5220031721632763,-0.034620164049495195,-0.007161985557885357,-7.121364892426731e-07,0.0008030455395115803,1.989873370038908e-06,0.061625190863398835,-0.032983828513908894,1.0455801484252483,0.3678991529577745,0.34901788234710696,-0.5987015412023227,1.4791249591827393,0.15396993656158448,0.4,0.0,1.4,0.0
transgastric_short_axis,5,124,6.2011,0.34901072220818175,-0.5987015397306339,1.4791259993796118,0.15396993937178038,-0.007160138925335833,1.4716888036550506e-06,0.0010401968718648641,2.810076360282234e-06,0.05421631012420397,-0.04348598532315344,1.0453807586490005,0.6253088086166187,0.3137908697128296,-0.05301015908018919,1.5299262073516846,-0.2552462365150452,0.4,0.0,1.4,0.0
transgastric_short_axis,5,125,6.2516,0.313783706994203,-0.05301016091477438,1.5299269268372662,-0.2552462300439436,-0.007162718626504995,-1.8345847295970646e-06,0.0007194855810030054,6.4710786667153075e-06,0.05421631012434642,-0.04348598532304729,1.0453807586469044,0.3037679552041226,0.3311858654022217,-0.5695587150352076,1.551916936969757,0.07960858340263366,0.4,0.0,1.4,0.0
transgastric_short_axis,5,126,6.301,0.33117870477780886,-0.5695587154301286,1.5519179093750086,0.07960858411366445,-0.007160624413049302,-3.9492140049884834e-07,0.0009724052525227426,7.108451411873272e-07,0.05734493927064722,-0.040025716340509276,1.0224980229898564,0.5987905133282707,0.32709951400756837,-0.19740658693671734,1.5353378465652465,-0.20801451680660246,0.4,0.0,1.4,0.0
transgastric_short_axis,5,127,6.351,0.3270923510040121,-0.19740658836162367,1.5353385273401443,-0.20801451089722,-0.0071630035561753,-1.4249068721403322e-06,0.0006807748981094827,5.909360571918667e-06,0.05734493926993811,-0.04002571634148529,1.0224980229881029,0.32537891778218575,0.34772949218750004,-0.7455378823481758,1.4814903511047364,0.2194371015071869,0.4,0.0,1.4,0.0
transgastric_short_axis,5,128,6.4009,0.3477223319150923,-0.7455378801078417,1.4814913785774726,0.2194371047000203,-0.007160272407651365,2.2403339886789215e-06,0.0010274727359480757,3.192719498123402e-06,0.04544312432840672,-0.052327098683256607,1.0438905185022356,0.7831686746529607,0.29122281074523926,0.06930290009253559,1.5225315487861633,-0.504829539012909,0.4,0.0,1.4,0.0
transgastric_short_axis,5,129,6.4514,0.2912156493849347,0.06930289563226477,1.5225324694734281,-0.504829532099977,-0.007161360304536201,-4.46027134735331e-06,0.0009206872652376125,6.912906435083299e-06,0.0454431243286511,-0.05232709868312743,1.0438905184997473,0.5352606737257057,0.34706363677978513,-0.4267994446528597,1.5332935951709747,0.20429349989891052,0.4,0.0,1.4,0.0
transgastric_short_axis,5,130,6.5011,0.34705647604970713,-0.4267994437585256,1.5332945610364117,0.2042934985618441,-0.007160730077903383,8.943336747438434e-07,0.0009658654365576761,-1.3370592195661006e-06,0.060074408501321536,-0.03511938308231549,1.0396536954729354,0.4944330647088542,0.3239193916320801,-0.4405215694230071,1.506513845729828,-0.04554793217182159,0.4,0.0,1.4,0.0
transgastric_short_axis,5,131,6.551,0.3239122302602382,-0.44052157057365066,1.5065147262839629,-0.04554792964188881,-0.007161371841890127,-1.1506447090815997e-06,0.0008805541350014713,2.5298719774516333e-06,0.06007440850058764,-0.03511938308341171,1.0396536954733355,0.4618101381029404,0.35025360584259035,-0.45379016618189244,1.5181366985321045,0.007089621877670288,0.4,0.0,1.4,0.0
transgastric_short_axis,5,132,6.6009,0.35024644467857124,-0.45379016673324707,1.518137603907535,0.007089623518065302,-0.0071611640190022445,-5.513545414364764e-07,0.0009053754293896979,1.6402062555607666e-06,0.06271866741446837,-0.030866367947921775,1.0439308056586751,0.4716011958313424,0.34402716159820557,-0.3904001703055513,1.5164085318088532,0.02077208089828491,0.4,0.0,1.4,0.0
transgastric_short_axis,5,133,6.6513,0.344020000160212,-0.3904001706227295,1.5164094032137347,0.02077208202303993,-0.007161437993459866,-3.171782205981998e-07,0.0008714048812329446,1.124829166645954e-06,0.06271866741446758,-0.03086636794792953,1.0439308056583327,0.41173860901361775,0.34842777252197266,-0.5208175615705234,1.4919541019439697,0.09013749861717224,0.4,0.0,1.4,0.0
transgastric_short_axis,5,134,6.701,0.34842061204616825,-0.5208175611421451,1.4919550961874224,0.09013750028041656,-0.0071604758042298055,4.2837882307323833e-07,0.0009942434530880767,1.6631577517156566e-06,0.058839729429989135,-0.037385402968604015,1.0439225917258586,0.5389729807025433,0.33223819732666016,-0.23294299709084007,1.5242996006011962,-0.1298107125520706,0.4,0.0,1.4,0.0
transgastric_short_axis,5,135,6.7512,0.33223103451858016,-0.2329429983652085,1.5243003029904125,-0.1298107084195088,-0.007162808080029035,-1.274367364715427e-06,0.0007023892160891591,4.1325289545343275e-06,0.05883972942995386,-0.037385402968683416,1.043922591724802,0.30192127866991836,0.349730396270752,-0.6399504943125034,1.4617962912082672,0.1825888943195343,0.4,0.0,1.4,0.0
transgastric_short_axis,5,136,6.801,0.3497232362275282,-0.6399504919935142,1.4617973469290195,0.18258889844582438,-0.007160043223821738,2.3189898311114524e-06,0.0010557207520486484,4.126152478989185e-06,0.0515566224679167,-0.04630510091476083,1.0472747745345794,0.6702402577444143,0.30141377449035645,0.04452251904448454,1.5324494543552398,-0.38187381913661955,0.4,0.0,1.4,0.0
transgastric_short_axis,5,137,6.851,0.30140661264290214,0.044522516441195314,1.5324502952324108,-0.38187381176428065,-0.007161847454328659,-2.6032883907565314e-06,0.0008408771712389021,7.372312364585328e-06,0.05155662246841282,-0.04630510091435074,1.0472747745318558,0.4184179720319591,0.34266660213470457,-0.425519005123128,1.5567402242660522,0.0805242552280426,0.4,0.0,1.4,0.0
transgastric_short_axis,5,138,6.9009,0.3426594409166101,-0.4255190053655408,1.5567411227800996,0.08052425510163452,-0.007161218094409303,-2.424128375046377e-07,0.0008985140470378209,-1.26414238689879e-07,0.06248599828950211,-0.03141013255054215,1.033641678836236,0.4641188413254888,0.3363861083984375,-0.46564818221871446,1.5070647468566893,0.014735575246810913,0.4,0.0,1.4,0.0
transgastric_short_axis,5,139,6.9511,0.33637894738974417,-0.46564818273577163,1.5070656722959264,0.01473557692134797,-0.007161008693345554,-5.170588211861159e-07,0.0009254392366077628,1.674518568538888e-06,0.062485998288724906,-0.03141013255200156,1.0336416788362524,0.482240670030792,0.34098534584045415,-0.37254629674576806,1.5175977816581725,-0.005289362382888794,0.4,0.0,1.4,0.0
transgastric_short_axis,5,140,7.0011,0.3409781841864221,-0.372546297278125,1.5175986260321208,-0.005289360876502336,-0.007161654032118077,-5.323577800156475e-07,0.0008443739485112768,1.5059062015047023e-06,0.06517294304344474,-0.025270526619416582,1.0347002410470207,0.395135081384452,0.34997532367706297,-0.5641633795321133,1.4809581753730774,0.13433898124694824,0.4,0.0,1.4,0.0
transgastric_short_axis,5,141,7.051,0.34996816345193604,-0.564163378349646,1.4809592036214436,0.13433898363263985,-0.007160225127098126,1.1824668181917844e-06,0.0010282483660124047,2.3855908923976287e-06,0.06517294304353212,-0.025270526619177638,1.0347002410476023,0.5876945272109713,0.323235559463501,-0.13661136300590004,1.5177532024383544,-0.0883554027557373,0.4,0.0,1.4,0.0
transgastric_short_axis,5,142,7.101,0.32322839651240404,-0.13661136394574708,1.517753886153936,-0.0883553998544011,-0.0071629510969581055,-9.398475388430936e-07,0.0006837155817876325,2.901286224189293e-06,0.06953582575321622,-0.006441461296251544,1.0169323881455608,0.21500976314800044,0.3397690296173096,-0.4359248701577463,1.4505822137832642,0.19720762310028075,0.4,0.0,1.4,0.0
transgastric_short_axis,5,143,7.151,0.33976186926610213,-0.4359248667868862,1.450583233023333,0.19720762579498796,-0.007160351207249538,3.370860664624747e-06,0.0010192400683155097,2.6946349620749963e-06,0.06953582575327263,-0.006441461295146916,1.0169323881481942,0.48488001919265294,0.3299559116363525,-0.31677864241626197,1.466126538848877,0.15087200717926025,0.4,0.0,1.4,0.0
transgastric_short_axis,5,144,7.2011,0.32994875055827433,-0.3167786401500829,1.4661274624649963,0.15087200697315595,-0.007161078078252004,2.2661786322776616e-06,0.0009236161201631885,-2.0607838641135877e-07,0.0641386113266318,-0.026561754664926537,1.027220661173124,0.36385586182422586,0.3318778514862061,-0.5369015149145968,1.4618740015983582,0.13546737356185912,0.4,0.0,1.4,0.0
transgastric_short_axis,5,145,7.251,0.33187069129015745,-0.5369015133082082,1.4618750355916283,0.13546737639523432,-0.00716019604847891,1.6063884496891315e-06,0.0010339932705076503,2.8333030166476647e-06,0.06413861132658573,-0.02656175466498922,1.0272206611740042,0.5613241200899873,0.3235187530517578,-0.18528885027577455,1.509489311027527,-0.07436725165843963,0.4,0.0,1.4,0.0
transgastric_short_axis,5,146,7.301,0.32351159027768644,-0.1852888512638364,1.5094900168867174,-0.07436724897571256,-0.0071627740713384545,-9.88061522240281e-07,0.00070585919111649,2.682667219301407e-06,0.06905673987014035,-0.01029817195934087,1.0177944172788265,0.24021029691208054,0.3432475090026855,-0.5044808159823527,1.4299801594734192,0.22183114328384398,0.4,0.0,1.4,0.0
transgastric_short_axis,5,147,7.351,0.34324034893509026,-0.504480811564659,1.4299812192107595,0.22183114867003884,-0.007160067595297556,4.417694310201762e-06,0.0010597373401024406,5.38610454113037e-06,0.06905673987021185,-0.010298171958628501,1.017794417281236,0.5548247284067102,0.32287626266479497,-0.16663465519653045,1.4828631098270415,0.03343381862640381,0.4,0.0,1.4,0.0
transgastric_short_axis,5,148,7.4009,0.32286910022949866,-0.16663465491372692,1.482863858930247,0.033433818358862055,-0.007162435296311523,2.8280340334220144e-07,0.0007491032052156022,-2.674014686123152e-07,0.06855042379665707,-0.012716189600648652,1.0190147260830935,0.2042070597322464,0.33803288936614995,-0.3708793659628386,1.4202691695213319,0.11078486838340759,0.4,0.0,1.4,0.0
transgastric_short_axis,5,149,7.4512,0.3380257285586607,-0.3708793638216496,1.420270130817153,0.1107848699255225,-0.007160807489109524,2.1411896009757785e-06,0.0009612958200824084,1.5420631438615384e-06,0.06855042379663595,-0.012716189600608297,1.0190147260855082,0.3925257678639656,0.3402495145797729,-0.45391843483908256,1.4366385354995728,0.20430866746902465,0.4,0.0,1.4,0.0
transgastric_short_axis,5,150,7.5009,0.340242354344354,-0.45391843092713907,1.4366395718632692,0.20430867128273,-0.007160235418802677,3.911944303503594e-06,0.0010363636959559517,3.813673532676954e-06,0.058584068298517984,-0.03648426770263302,1.0395078162107976,0.5026901725091709,0.3281080722808838,-0.2865501203741273,1.497396638059616,-0.0636056734085083,0.4,0.0,1.4,0.0
transgastric_short_axis,5,151,7.551,0.32810091000910396,-0.28655012154807297,1.4973974070616727,-0.06360567080999147,-0.0071622717798012344,-1.1739464659640963e-06,0.0007690020563556331,2.598448628045558e-06,0.06752602988503302,-0.01757792264928496,1.0232290305203287,0.31750966530526364,0.3484640121459961,-0.6624164219257075,1.4259010193824768,0.26577739877700807,0.4,0.0,1.4,0.0
transgastric_short_axis,5,152,7.6009,0.34845685210714,-0.6624164166116772,1.4259020873038555,0.26577740631957614,-0.00716003885605796,5.3140307650485e-06,0.001067921378230938,7.542476679249735e-06,0.048004393348557314,-0.04910148894789548,1.048386558585353,0.7160731477495982,0.2819152593612671,0.049133824083848775,1.5168899617195128,-0.5074892941474914,0.4,0.0,1.4,0.0
transgastric_short_axis,5,153,7.6511,0.2819080979632821,0.0491338190949584,1.5168908781855839,-0.5074892873088541,-0.0071613979850040765,-4.9888906854297004e-06,0.0009164660715560846,6.838616743617876e-06,0.04800439334999694,-0.04910148894680054,1.0483865585828658,0.5362543087395677,0.34691247940063474,-0.4401657877461293,1.5346953782558441,0.23152265882492065,0.4,0.0,1.4,0.0
transgastric_short_axis,5,154,7.7008,0.34690531875761166,-0.4401657867271517,1.5346963569583725,0.23152265724161936,-0.007160643023204707,1.0189774367469583e-06,0.0009787025278174572,-1.5833028686342396e-06,0.05902014833573663,-0.0366747562865336,1.0393980626281043,0.5179872724068043,0.32203249931335454,-0.4221903866556652,1.5103096705913543,-0.093281866979599,0.4,0.0,1.4,0.0
transgastric_short_axis,5,155,7.7511,0.3220253376202622,-0.4221903882236745,1.510310511846967,-0.0932818635117837,-0.007161693092360461,-1.5680091605869594e-06,0.0008412556121879162,3.467778722565452e-06,0.05902014833502782,-0.03667475628751919,1.0393980626281558,0.45298420167359266,0.35199220180511476,-0.48555697584273805,1.5193987901687622,0.039024659872055056,0.4,0.0,1.4,0.0
transgastric_short_axis,5,156,7.8009,0.35198504090750876,-0.48555697615308835,1.519399728879228,0.03902466123067892,-0.007160897606019875,-3.1035069270486306e-07,0.0009387104654773611,1.358493962548272e-06,0.061166483802645305,-0.03382119544791137,1.0455798499871347,0.5038355216022257,0.3360330104827881,-0.32020893954190616,1.523920598602295,-0.05706938695907593,0.4,0.0,1.4,0.0
transgastric_short_axis,5,157,7.8508,0.3360258482895452,-0.32020894038651126,1.5239213759737673,-0.05706938451211009,-0.0071621932430048765,-8.44604222113061e-07,0.0007773714718213662,2.4468999660283713e-06,0.0611664838025988,-0.03382119544800966,1.045579849986138,0.35389246906701405,0.3486395120620728,-0.6237156146360281,1.4742926836967467,0.18004411311149596,0.4,0.0,1.4,0.0
transgastric_short_axis,5,158,7.9009,0.34863235196960135,-0.6237156126532764,1.4742937317408558,0.18004411644758134,-0.00716009247138927,1.9827518490696744e-06,0.0010480441083552119,3.3359659615543157e-06,0.052437920199430645,-0.045452211979053664,1.0453225422426826,0.6554351555836773,0.30518193244934083,0.01637569431911317,1.5322747464179993,-0.33233822042942046,0.4,0.0,1.4,0.0
transgastric_short_axis,5,159,7.951,0.3051747702847002,0.01637569207091527,1.5322755418871825,-0.3323382132900136,-0.007162164640618534,-2.248194306024477e-06,0.0007954691835879222,7.139381763948874e-06,0.052437920199709845,-0.04545221197882826,1.045322542240328,0.37041260031984224,0.3297115802764893,-0.4828088432691285,1.560224833059311,0.06949930429458619,0.4,0.0,1.4,0.0
transgastric_short_axis,5,160,8.0013,0.3297044192742882,-0.48280884365251736,1.5602257581202084,0.06949930461507225,-0.00716100220105006,-3.833889501203869e-07,0.0009250608977023773,3.2041535947821993e-07,0.060791896488153724,-0.03461046944464987,1.0204434521776726,0.5182164558230664,0.3325339317321777,-0.3821158875862094,1.5256665544509886,-0.09147046587467193,0.4,0.0,1.4,0.0
transgastric_short_axis,5,161,8.0509,0.3325267697381824,-0.3821158887734007,1.5256673573355428,-0.09147046250450508,-0.007161993995330529,-1.1871911299123484e-06,0.0008028845547030864,3.3701271234336105e-06,0.06079189648461036,-0.034610469450609894,1.0204434521717332,0.4180003821356355,0.35476298332214357,-0.5782978365404107,1.5080291047096253,0.11188610887527466,0.4,0.0,1.4,0.0
transgastric_short_axis,5,162,8.1009,0.3547558229758343,-0.5782978361500126,1.5080301146643276,0.11188611045069585,-0.0071603463092766665,3.9039738793023387e-07,0.0010099547031197816,1.5752847772734143e-06,0.05618324510627504,-0.041339635475635836,1.049132846459026,0.6005534366203843,0.3225882530212403,-0.11136640598925228,1.5332896628379822,-0.20815224208831787,0.4,0.0,1.4,0.0
transgastric_short_axis,5,163,8.1512,0.3225810900380659,-0.11136640740766232,1.533290346261313,-0.20815223640489383,-0.007162983174391665,-1.4184111383008257e-06,0.0006834233309966028,5.683400790412438e-06,0.05618324510614418,-0.04133963547583695,1.049132846457074,0.2819394159130699,0.3397077083587646,-0.5835948639485783,1.5298430665969849,0.11859354543685913,0.4,0.0,1.4,0.0
transgastric_short_axis,5,164,8.2013,0.33970054794126214,-0.5835948638526606,1.529844066736544,0.11859354627717522,-0.007160417502480364,9.591772927921408e-08,0.00100013955967204,8.401523977045592e-07,0.05587831634626358,-0.04185987901566938,1.0325563400836564,0.6124891018777967,0.32141189575195317,-0.13195567888368318,1.5337973083019256,-0.2256362372159958,0.4,0.0,1.4,0.0
transgastric_short_axis,5,165,8.251,0.32140473277400944,-0.1319556804120385,1.5337979932725627,-0.22563623105061306,-0.007162977943709595,-1.5283567181744727e-06,0.0006849706381234013,6.165359711646805e-06,0.05587831634576173,-0.041859879016318394,1.0325563400813496,0.3039788304961701,0.3405746936798096,-0.6594523860502873,1.5264904718399048,0.14971159443855286,0.4,0.0,1.4,0.0
transgastric_short_axis,5,166,8.301,0.34056753338212564,-0.6594523857565711,1.5264914885396834,0.1497115954807713,-0.007160297683856112,2.937164292744825e-07,0.0010166997787387946,1.0420562632492917e-06,0.051761120380379375,-0.0467319618339946,1.0336505176438657,0.6905239501007197,0.30728626251220703,0.023038923366491423,1.5392742991447448,-0.3511290608882904,0.4,0.0,1.4,0.0
transgastric_short_axis,5,167,8.3512,0.3072791004141555,0.023038921411748348,1.5392751046581727,-0.351129053491371,-0.007162098051479359,-1.9547398930810694e-06,0.0008055134286290061,7.396893293024798e-06,0.051761120379824145,-0.04673196183458514,1.0336505176413728,0.38963716981714674,0.3326866626739502,-0.47840052103909875,1.5606137595176697,0.06625082273483276,0.4,0.0,1.4,0.0
transgastric_short_axis,5,168,8.4011,0.33267950163773674,-0.4784005214239807,1.5606146802863883,0.06625082308883634,-0.0071610362133065625,-3.8488228189825e-07,0.000920768718542742,3.53946724842575e-07,0.06100319596003846,-0.03424512347850999,1.0233914228214798,0.5134056441858885,0.3325225830078125,-0.3849642007898872,1.5250808240890503,-0.08173541378974915,0.4,0.0,1.4,0.0
transgastric_short_axis,5,169,8.4511,0.33251542107269616,-0.38496420191798253,1.5250816341019364,-0.08173541063529743,-0.0071619351162516874,-1.128095696222193e-06,0.0008100128866347117,3.154409251002321e-06,0.06100319595920798,-0.03424512347992575,1.0233914228210264,0.4184228694666152,0.35475380420684816,-0.5707436552727247,1.5075795079708099,0.10646978831291198,0.4,0.0,1.4,0.0
transgastric_short_axis,5,170,8.5011,0.35474664383681587,-0.5707436549250208,1.507580514793169,0.10646978987760214,-0.00716037003228344,3.4770382987839915e-07,0.0010068223595099208,1.5645571118249338e-06,0.05661141889671446,-0.04076553772072475,1.049156283603966,0.5922039928951401,0.32372388839721683,-0.12632103338950998,1.5327925035953522,-0.1956624971151352,0.4,0.0,1.4,0.0
transgastric_short_axis,5,171,8.5512,0.3237167253852869,-0.12632103475847617,1.5327931828189278,-0.19566249166356797,-0.0071630119298935055,-1.3689677107926707e-06,0.0006792235764380341,5.451543682022172e-06,0.056611418896591804,-0.04076553772091826,1.0491562836021122,0.27873640209985656,0.3405611038208008,-0.5816112874732275,1.521108980512619,0.11929387521743774,0.4,0.0,1.4,0.0
transgastric_short_axis,5,172,8.6009,0.3405539434431579,-0.5816112872253504,1.5211099860538342,0.1192938763328506,-0.007160377642770762,2.4787812068177754e-07,0.001005541215646375,1.115247923439456e-06,0.055922377890694784,-0.04175253545244012,1.0340182021283875,0.6088548108708395,0.3212958097457886,-0.12944386024492607,1.5329644027233122,-0.22076267223358154,0.4,0.0,1.4,0.0
transgastric_short_axis,5,173,8.6509,0.32128864676667485,-0.12944386177253484,1.532965087310191,-0.2207626661744042,-0.00716297911377096,-1.5276088487324208e-06,0.0006845868793347613,6.059154271697357e-06,0.055922377890308426,-0.04175253545295409,1.0340182021260163,0.2989432382547673,0.3406187057495117,-0.6468054709583674,1.526009229183197,0.14320564312934875,0.4,0.0,1.4,0.0
transgastric_short_axis,5,174,8.701,0.3406115454494034,-0.6468054706908486,1.5260102452686803,0.14320564420038995,-0.007160300108431079,2.675187610023525e-07,0.0010160854826796251,1.070875200766805e-06,0.052509038703420025,-0.045912962227170145,1.0337294828750998,0.6769569734429509,0.3108850955963135,0.01263661614864192,1.5386453131198883,-0.31774093222618105,0.4,0.0,1.4,0.0
transgastric_short_axis,5,175,8.7515,0.3108779333226907,0.012636614362405041,1.5386460932826171,-0.3177409252320612,-0.007162273622753548,-1.7862336081579616e-06,0.000780162729072489,6.994093299980132e-06,0.05250903870289055,-0.0459129622277548,1.033729482872614,0.35816820286178036,0.3288886070251465,-0.5175909962682703,1.56065907497406,0.06422585849761962,0.4,0.0,1.4,0.0
transgastric_short_axis,5,176,8.8015,0.3288814461453681,-0.5175909967102548,1.5606600151569943,0.0642258590763145,-0.007160879778203446,-4.419833153827247e-07,0.0009401829346068884,5.785828484390283e-07,0.05965365146956003,-0.036549803433002154,1.019590244372825,0.5503588738470794,0.336690092086792,-0.3342342277514562,1.5324331632614137,-0.1463940161705017,0.4,0.0,1.4,0.0
transgastric_short_axis,5,177,8.8511,0.33668292960306134,-0.3342342290817928,1.5324339065074968,-0.14639401157626786,-0.007162483730794401,-1.3303368502735597e-06,0.0007432460825832462,4.594204830991217e-06,0.05965365146566696,-0.03654980343912102,1.0195902443648854,0.39330842542689076,0.3570333003997803,-0.6630749925349596,1.5053523094654082,0.17393176960945128,0.4,0.0,1.4,0.0
transgastric_short_axis,5,178,8.901,0.35702614019570733,-0.6630749914886133,1.5053533382216004,0.17393177149406291,-0.007160204072943064,1.0463487145929764e-06,0.001028756192161409,1.8834610851106077e-06,0.050905514748951844,-0.04744493824487514,1.0515693456310866,0.6948861661981777,0.3004179477691651,0.019694950110868647,1.537436588859558,-0.3863552743434906,0.4,0.0,1.4,0.0
transgastric_short_axis,5,179,8.9513,0.3004107857747066,0.019694947759285597,1.5374374144188554,-0.38635526635029194,-0.007161994458531283,-2.351574762742009e-06,0.0008255592980396721,7.992975037746637e-06,0.050905514748290255,-0.04744493824589799,1.0515693456074127,0.42245157980057035,0.33926110267639165,-0.48340805451439633,1.557150684928894,0.09130540151596069,0.4,0.0,1.4,0.0
transgastric_short_axis,5,180,9.0011,0.33925394175049833,-0.48340805480811394,1.5571516201344782,0.09130540146172983,-0.007160925893352861,-2.93715808814417e-07,0.0009352055848898695,-5.4267721566137936e-08,0.06036098625326482,-0.035290757756123795,1.0302070523726394,0.5200064798569296,0.3325333833694458,-0.3708578318087118,1.5244527743339538,-0.09433020823001861,0.4,0.0,1.4,0.0
transgastric_short_axis,5,181,9.0512,0.33252622130665266,-0.3708578330213084,1.524453568764761,-0.09433020480877641,-0.007162062792972182,-1.2125966804704125e-06,0.0007944308071125636,3.4212006216702538e-06,0.06622102230738396,-0.02221294096549591,1.0257618437494982,0.40801362899046684,0.3557026863098145,-0.6113126908730406,1.4941344869613646,0.1848054193496704,0.4,0.0,1.4,0.0
transgastric_short_axis,5,182,9.1012,0.35569552613835675,-0.6113126893106204,1.4941355215536944,0.1848054215693251,-0.007160171457757547,1.5624216937613518e-06,0.0010345923299962265,2.218737746681858e-06,0.052976427920948824,-0.04498362491127088,1.0510108844049513,0.6470553537186307,0.3069234371185303,-0.03607776006351937,1.531654935836792,-0.29470775985717773,0.4,0.0,1.4,0.0
transgastric_short_axis,5,183,9.1512,0.3069162745655337,-0.03607776212997156,1.5316556821198999,-0.294707752672679,-0.007162552996606032,-2.0664660728068486e-06,0.0007462831084756584,7.184291148894594e-06,0.05297642792151329,-0.044983624911108945,1.0510108843833206,0.3378639711198917,0.3296650409698486,-0.5453393455155386,1.5565349939346314,0.08372273998260497,0.4,0.0,1.4,0.0
transgastric_short_axis,5,184,9.2009,0.32965788026782045,-0.5453393458829503,1.5565359554461011,0.08372274031761862,-0.007160702028002318,-3.674087917831468e-07,0.0009615114707577937,3.3381847161958636e-07,0.058217511954298334,-0.03874463552053262,1.0206543242448882,0.5778027505733904,0.329802131652832,-0.2596283081383004,1.5331836771011351,-0.17917703368663787,0.4,0.0,1.4,0.0
transgastric_short_axis,5,185,9.251,0.3297949687839936,-0.2596283095621923,1.533184375775491,-0.17917702827610604,-0.007162868838223434,-1.4238934813774557e-06,0.0006986743562598908,5.41030619368996e-06,0.05821751195079037,-0.03874463552558722,1.020654324231412,0.3495398274113062,0.352052116394043,-0.7241177656114782,1.4808903894424439,0.22614809589385987,0.4,0.0,1.4,0.0
transgastric_short_axis,5,186,9.3009,0.3520449561664092,-0.7241177632114564,1.4808914208886481,0.22614809917767165,-0.007160227633596151,2.4000243303767372e-06,0.00103144620251911,3.2828642968746835e-06,0.046360206531798065,-0.05147666911305855,1.048249810123905,0.7644165134025447,0.2873531818389893,0.058136598536969605,1.5257075630664825,-0.5078503197669982,0.4,0.0,1.4,0.0
transgastric_short_axis,5,187,9.3513,0.28734602042975915,0.05813659432775076,1.5257084777252272,-0.5078503123481343,-0.0071614092301917264,-4.209219070216465e-06,0.0009146587451946941,7.418839988285452e-06,0.04636020653346882,-0.05147666911226869,1.0482498100999253,0.5383171405752684,0.34717347621917727,-0.4327844414720004,1.5345832131385804,0.21864239573478697,0.4,0.0,1.4,0.0
transgastric_short_axis,5,188,9.401,0.34716631552932375,-0.432784440499053,1.5345841852722115,0.2186423941493736,-0.0071606898535339384,9.729492228209002e-07,0.000972133630342833,-1.5853873014867793e-06,0.05956456955413011,-0.035881245818355584,1.039670444252472,0.5059754634343254,0.322670316696167,-0.4334207289130692,1.5083028699874879,-0.06872547733783722,0.4,0.0,1.4,0.0
transgastric_short_axis,5,189,9.4512,0.3226631551680621,-0.43342073027984357,1.5083037327836504,-0.06872547437583165,-0.00716152810487437,-1.3667766617293594e-06,0.0008627961620392868,2.961631832135407e-06,0.0595645695505755,-0.0358812458234878,1.0396704442547253,0.45857104833158363,0.3516477346420288,-0.4625993205013861,1.5192128469944,0.017437088012695313,0.4,0.0,1.4,0.0
transgastric_short_axis,5,190,9.5011,0.3516405735612119,-0.4625993209696872,1.5192137621611481,0.017437089535653705,-0.0071610808168287125,-4.683006993465586e-07,0.000915166747671013,1.5217139559128005e-06,0.06228226278843695,-0.03174150434872959,1.0452494777240955,0.48047137174569876,0.3413639545440674,-0.3680619495889949,1.5188108127593993,-0.0010605127573013306,0.4,0.0,1.4,0.0
transgastric_short_axis,5,191,9.5509,0.3413567928722312,-0.36806195007702586,1.5188116554103948,-0.001060511317360735,-0.007161671836205311,-4.880307336315732e-07,0.0008426509958008911,1.4187359445103964e-06,0.06228226278840783,-0.03174150434887984,1.045249477718461,0.391185325622455,0.34952802658081056,-0.5555643236554917,1.485933887386322,0.10108642444610595,0.4,0.0,1.4,0.0
transgastric_short_axis,5,192,9.6011,0.3495208662617025,-0.5555643230604161,1.4859349020552006,0.10108642653994337,-0.007160319108045088,5.950755141867443e-07,0.0010146688789035158,2.093720390535169e-06,0.057244078952392544,-0.039693644324536106,1.045438894688617,0.5734135793843739,0.3247421741485596,-0.1474799314739736,1.5283411026477813,-0.17170363483428955,0.4,0.0,1.4,0.0
transgastric_short_axis,5,193,9.6509,0.3247350111160124,-0.14747993287420488,1.5283417809345172,-0.17170362974890008,-0.007163032547264854,-1.4002348358631543e-06,0.0006782867360946524,5.085155422307993e-06,0.05724407895243209,-0.03969364432483548,1.0454388946748288,0.27086693846735477,0.34217679500579834,-0.5667583387311512,1.502360178565979,0.12224106516838074,0.4,0.0,1.4,0.0
transgastric_short_axis,5,194,9.7012,0.34216963470355827,-0.5667583381078448,1.502361192646256,0.12224106678893776,-0.007160302240129176,6.233090617496541e-07,0.0010140802767123268,1.6192152912950332e-06,0.056405775030148604,-0.0409556377154576,1.0369384961310002,0.5915911232724401,0.32167620658874513,-0.144611394890768,1.5295090055465699,-0.19708871684074403,0.4,0.0,1.4,0.0
transgastric_short_axis,5,195,9.751,0.32166904356751175,-0.14461139642936463,1.529509686515393,-0.1970887111418157,-0.007163021233399148,-1.5385992001316957e-06,0.0006809688243257307,5.698712478724522e-06,0.056405775029671285,-0.04095563771650591,1.036938496108446,0.28751506686387185,0.3421848297119141,-0.6216900933735088,1.5111993141174316,0.13793481888771056,0.4,0.0,1.4,0.0
transgastric_short_axis,5,196,9.8011,0.3421776694774178,-0.6216900928173297,1.5112003367081526,0.137934820460071,-0.00716023449634914,5.561819894120331e-07,0.001022590719962217,1.5709489563152006e-06,0.053729097524971715,-0.044415044747031354,1.0363271201530544,0.6490250557518109,0.314473819732666,-0.032904187505769636,1.535426979446411,-0.2786133763074875,0.4,0.0,1.4,0.0
transgastric_short_axis,5,197,9.8514,0.31446665711069577,-0.032904189274396804,1.535427715610723,-0.2786133694844476,-0.0071626219702499655,-1.768637985166157e-06,0.0007361643126649592,6.822821456728803e-06,0.053729097523856725,-0.044415044748644356,1.0363271201294506,0.32305528045311505,0.3294197082519531,-0.5517046542219103,1.5562372601509094,0.07584234466552735,0.4,0.0,1.4,0.0
transgastric_short_axis,5,198,9.9021,0.3294125475567086,-0.55170465463085,1.5562382219935191,0.07584234522348599,-0.007160695244568621,-4.089390947605273e-07,0.0009618426102909171,5.569116932511918e-07,0.05813228048787036,-0.03889163952764249,1.0204301142161891,0.5826860713321317,0.3302789211273194,-0.24692952382296193,1.5343193723201751,-0.18743774178028105,0.4,0.0,1.4,0.0
transgastric_short_axis,5,199,9.9516,0.3302717582061883,-0.24692952524374415,1.5343200648112294,-0.18743773619943216,-0.0071629211310200325,-1.4207853883169506e-06,0.0006924910545968287,5.580632812954087e-06,0.058132280485604836,-0.038891639530933435,1.0204301141999967,0.34497971375606706,0.3510281562805176,-0.7395543835571482,1.4809469401359558,0.22929190249443054,0.4,0.0,1.4,0.0
transgastric_short_axis,5,200,10.001,0.3510209959983226,-0.7395543811225547,1.4809479671987429,0.22929190570582048,-0.007160282194899845,2.434593849368892e-06,0.0010270627862570398,3.211280181637665e-06,0.045469827181834996,-0.05224890522907416,1.0472197289809353,0.7800429327199734,0.29017841815948486,0.06468185787043576,1.5221907465934754,-0.5095400994300843,0.4,0.0,1.4,0.0
transgastric_short_axis,5,201,10.0512,0.29017125679195604,0.0646818533311766,1.5221916671123115,-0.509540092468978,-0.007161367528793677,-4.539260125245664e-06,0.0009205188360492567,6.961081945119703e-06,0.0642360858626287,0.021268641646286335,0.9833562260137205,0.539266172061622,0.3681239128112793,-0.3233190331583603,1.49887276096344,0.39003781056404113,0.4,0.0,1.4,0.0
transgastric_short_axis,5,202,10.1012,0.3681167521868737,-0.3233190284338578,1.4988737606712759,0.39003781025064477,-0.0071606244056204495,4.724502693918506e-06,0.0009997078352695173,-3.13414488514256e-07,0.059487296291843295,-0.03396785201032698,1.0629580935221254,0.5171626916289744,0.3144934415817261,-0.5796110454351179,1.5142094213962554,-0.07123346314430237,0.4,0.0,1.4,0.0
transgastric_short_axis,5,203,10.151,0.3144862807893609,-0.5796110470287685,1.5142103743556143,-0.07123345981445767,-0.007160792365132864,-1.5936497587401907e-06,0.0009529593588637932,3.329919595087901e-06,0.05976376795875926,-0.036144786255922476,1.0084401632357873,0.6011487148939179,0.3295552015304566,-0.3967308371118059,1.550084282541275,-0.26913364498615266,0.4,0.0,1.4,0.0
transgastric_short_axis,5,204,10.201,0.3295480389042353,-0.3967308384353807,1.5500850139481708,-0.2691336375336079,-0.0071626262212738006,-1.323574663534779e-06,0.0007314068964888609,7.452528428751879e-06,0.06698339029853603,-0.017972277877681228,1.0209716339419046,0.5072644904305578,0.3582280397415161,-0.5725324880933634,1.5376429427146912,0.17963477597236632,0.4,0.0,1.4,0.0
transgastric_short_axis,5,205,10.2516,0.35822087930473495,-0.5725324877076974,1.537643943242589,0.17963477573393227,-0.007160436781050102,3.856662202097948e-07,0.0010005278977784256,-2.385461431942072e-07,0.05494388309301472,-0.04285381602208335,1.050522455306144,0.6170522280740776,0.31575062274932864,-0.14613863455214438,1.5301917334556578,-0.23382138833999633,0.4,0.0,1.4,0.0
transgastric_short_axis,5,206,10.3009,0.3157434597892955,-0.14613863629653423,1.5301924217891019,-0.2338213818257878,-0.007162960033106357,-1.7443911651306142e-06,0.0006883334438395173,6.514218991244756e-06,0.06943616332773946,-0.0020234133287727013,1.0085462910000837,0.3163513408808647,0.3484562873840332,-0.6282220577074705,1.4987023598670959,0.3392880572319031,0.4,0.0,1.4,0.0
transgastric_short_axis,5,207,10.3511,0.34844912699591674,-0.628222054209626,1.4987033830303744,0.3392880587940592,-0.0071603881165350726,3.497845280589169e-06,0.0010231632779652484,1.5620780370896221e-06,0.04803196659549418,-0.04928758211017689,1.0433475431114956,0.7226196693729885,0.273700475692749,-0.0878842535547768,1.5151132962226868,-0.4826493083953857,0.4,0.0,1.4,0.0
transgastric_short_axis,5,208,10.401,0.27369331369466793,-0.0878842584464694,1.5151141310127612,-0.48264929898833236,-0.007161998081064038,-4.891692518279484e-06,0.0008347900748329046,9.407041478813353e-06,0.06707106813812364,0.010397683310477588,0.9673665452844245,0.5194984416346898,0.3671787738800049,-0.6199435798470672,1.4753353137016296,0.4231358828544617,0.4,0.0,1.4,0.0
transgastric_short_axis,5,209,10.451,0.36717161336064,-0.6199435735612207,1.4753363333777356,0.4231358867340811,-0.007160519364769222,6.285846000018837e-06,0.0010196761050307237,3.879573486572719e-06,0.045863613157977,-0.0503961932594532,1.0635494515123873,0.7550677314905189,0.27211737632751465,-0.12513777843362014,1.4992249856472015,-0.5072335052490234,0.4,0.0,1.4,0.0
transgastric_short_axis,5,210,10.5011,0.2721102143222916,-0.1251377849985551,1.4992258238800567,-0.507233495858379,-0.007162005222964809,-6.564936489965306e-06,0.0008382328550348419,9.39063891068732e-06,0.06703569021948265,0.008702863616648248,0.9668007465316069,0.5469431834847409,0.3684778928756714,-0.6360659201615405,1.4643966868400573,0.4533457501888275,0.4,0.0,1.4,0.0
transgastric_short_axis,5,211,10.551,0.36847073225774635,-0.63606591257297,1.4643976994836896,0.45334575511393904,-0.007160617925115168,7.58857053364056e-06,0.0010126436302299428,4.925066052304305e-06,0.04405825191620758,-0.051590377205335256,1.0655291337465753,0.7843745133800989,0.2603670120239258,-0.14360996309711413,1.483270761680603,-0.5304621707439423,0.4,0.0,1.4,0.0
transgastric_short_axis,5,212,10.601,0.2603598500851129,-0.14360997142249027,1.483271613205611,-0.5304621618155385,-0.007161938812875383,-8.325375212047487e-06,0.0008515250065994873,8.928401363500598e-06,0.06680627765135308,0.00823125173738131,0.9560583099319335,0.5731033606986615,0.3695770502090454,-0.5996578448990673,1.4570263712882996,0.44947558550834654,0.4,0.0,1.4,0.0
transgastric_short_axis,5,213,10.6509,0.3695698897139903,-0.5996578367954143,1.457027400049264,0.44947559184808217,-0.007160495055048678,8.103653396653074e-06,0.0010287609622141882,6.339685543794558e-06,0.045979772287543706,-0.049854605431648755,1.0671218967488383,0.7521940872313055,0.27114639282226566,-0.17131187347287413,1.4953284181594848,-0.5116999801397324,0.4,0.0,1.4,0.0
transgastric_short_axis,5,214,10.7009,0.271139230680905,-0.17131188044565293,1.4953292395119258,-0.5116999699615148,-0.007162141360608625,-6.972780012060389e-06,0.0008213524401814313,1.0178215966845752e-05,0.06729579947797341,0.005750012122963385,0.9660789134629812,0.562918627703749,0.3706238746643067,-0.5881977425798058,1.4748540710449218,0.45399720668792726,0.4,0.0,1.4,0.0
transgastric_short_axis,5,215,10.751,0.3706167141164061,-0.5881977356466194,1.4748550917443923,0.45399721088276745,-0.007160547900632873,6.93318689948255e-06,0.0010206994687809452,4.194784364237454e-06,0.04651513248728905,-0.04947358047479009,1.0669826700674525,0.7473665138059912,0.2721333980560303,-0.19873664864769777,1.5025723372936248,-0.5013894966602326,0.4,0.0,1.4,0.0
transgastric_short_axis,5,216,10.801,0.2721262357708424,-0.19873665485426345,1.50257313798231,-0.5013894857313121,-0.0071622851879230625,-6.2065642721361995e-06,0.0008006886851870177,1.0928919994435296e-05,0.067570496765037,0.0035519587700220453,0.9666044807192655,0.5637026011987567,0.3709315299987793,-0.5564835511564353,1.4913994557380676,0.4423990714073181,0.4,0.0,1.4,0.0
transgastric_short_axis,5,217,10.851,0.3709243694749282,-0.5564835455619513,1.491400476225924,0.44239907371036313,-0.007160523851220384,5.594484074647436e-06,0.0010204878550153585,2.302982449056378e-06,0.04848437002163937,-0.04780659196491892,1.0662089964096686,0.7173495077336737,0.2822277545928955,-0.22820735571808276,1.51476706366539,-0.47192808337211606,0.4,0.0,1.4,0.0
transgastric_short_axis,5,218,10.9011,0.28222059209615585,-0.22820736056102783,1.5147678323551252,-0.4719280720406499,-0.007162496739589439,-4.842945493756631e-06,0.0007686897344815247,1.1331466216258321e-05,0.06795706447476742,0.0005514078864388592,0.9759262972954366,0.5493981696947215,0.37284650802612307,-0.5537537694272121,1.498297142314911,0.4413444571495056,0.4,0.0,1.4,0.0
transgastric_short_axis,5,219,10.951,0.3728393474790202,-0.5537537643420368,1.4982981590774394,0.44134445860384464,-0.007160547102897465,5.0851749546849545e-06,0.001016762527642616,1.45427183098517e-06,0.04867528796586585,-0.04767229965175279,1.0676668479228824,0.7154218278656836,0.2830179452896118,-0.23916767840808792,1.516094506931305,-0.46845864214897154,0.4,0.0,1.4,0.0
transgastric_short_axis,5,220,11.0012,0.2830107827539883,-0.23916768311177433,1.5160952700919985,-0.4684586307254415,-0.0071625356235205054,-4.7036866252447735e-06,0.0007631606929549839,1.1423529623331969e-05,0.06799147343082561,-0.0003127779164207147,0.9766317882142959,0.5511980207110493,0.373114013671875,-0.546241532946695,1.5022935161590576,0.4282464177131653,0.4,0.0,1.4,0.0
transgastric_short_axis,5,221,11.0511,0.3731068531503196,-0.5462415283129585,1.5022945339319138,0.4282464187332513,-0.00716052155536724,4.63373737551519e-06,0.001017772855857505,1.0200174801266431e-06,0.04942866917299557,-0.04705984883116933,1.067681889529632,0.7021126800103796,0.28397569656372074,-0.24618912342802785,1.5189729746818543,-0.4640985275030136,0.4,0.0,1.4,0.0
transgastric_short_axis,5,222,11.101,0.28396853399094985,-0.24618912785732405,1.518973732375743,-0.46409851605064795,-0.007162572770932607,-4.429297351647079e-06,0.0007576938886750254,1.1452365796567608e-05,0.06803067091722091,-0.0009415383802045454,0.977402725076111,0.5510123132700282,0.3729773998260498,-0.5413540289739651,1.5054916264057159,0.4168993899822235,0.4,0.0,1.4,0.0
transgastric_short_axis,5,223,11.151,0.37297023932241513,-0.5413540247020796,1.5054926445854866,0.41689939065795834,-0.007160503634657024,4.271884967960448e-06,0.0010181797699115795,6.756648697262296e-07,0.049996261443472155,-0.04659839922432155,1.0673426230113778,0.6919021520533406,0.28698530197143557,-0.2478000654102276,1.5191680932998657,-0.4373010825634003,0.4,0.0,1.4,0.0
transgastric_short_axis,5,224,11.2009,0.2869781393371374,-0.24780006956489853,1.519168839905193,-0.43730107141210733,-0.007162634298077307,-4.154672006027195e-06,0.0007466053265949193,1.1151291582392556e-05,0.0682181796099997,-0.001969804204593184,0.9804204948980753,0.5287837506264641,0.3713305950164795,-0.575360016156971,1.5045458066940307,0.40792524433135985,0.4,0.0,1.4,0.0
transgastric_short_axis,5,225,11.251,0.37132343449918603,-0.5753600119943032,1.5045468218925508,0.40792524512438355,-0.0071605172935198845,4.162667777021246e-06,0.0010151985190795104,7.929536834744381e-07,0.04864151677531928,-0.04809596144740169,1.0657673877286888,0.7135786798865479,0.28065176010131837,-0.20747651916695736,1.5156891021251677,-0.4812442483663559,0.4,0.0,1.4,0.0
transgastric_short_axis,5,226,11.301,0.28064459767731903,-0.20747652402510602,1.515689881398365,-0.4812442371971512,-0.007162423999295747,-4.858149783981698e-06,0.0007792731981305829,1.1169201766979217e-05,0.06784787822461358,0.0022735793483525373,0.9742811423924964,0.5497930379502683,0.3714459419250489,-0.5608100436007832,1.4945934463977812,0.45110900173187257,0.4,0.0,1.4,0.0
transgastric_short_axis,5,227,11.351,0.37143878135739905,-0.56081003811764,1.494594462322632,0.4511090035876508,-0.007160567649988621,5.4831434133589005e-06,0.0010159248494187052,1.8557145562809978e-06,0.048033654269172096,-0.048187675969530726,1.066501208904854,0.7264785526660854,0.2789747476577759,-0.23895420940196127,1.51374409532547,-0.47880161418914796,0.4,0.0,1.4,0.0
transgastric_short_axis,5,228,11.4009,0.27896758515941567,-0.23895421440779346,1.5137448647180198,-0.4788016026656243,-0.007162498360164226,-5.005832631606176e-06,0.0007693925487227265,1.1523524525600752e-05,0.06789917757203141,5.58100202395443e-05,0.9727345982828037,0.5603006612438362,0.37320799827575685,-0.5420541698633577,1.5020542056083679,0.4271942377567291,0.4,0.0,1.4,0.0
transgastric_short_axis,5,229,11.4509,0.37320083776235324,-0.54205416521948,1.5020552242923433,0.4271942388149066,-0.007160513403647349,4.6438778308425885e-06,0.0010186839744062272,1.0581086457476887e-06,0.04965469427234288,-0.04683105191649886,1.0677928810091692,0.698176983013931,0.28516221046447754,-0.24843148425992856,1.5193089082717894,-0.4580030368566513,0.4,0.0,1.4,0.0
transgastric_short_axis,5,230,11.501,0.28515504787209023,-0.2484314886040443,1.5193096626805804,-0.4580030254554824,-0.0071625923873234725,-4.344115211912763e-06,0.0007544087902060105,1.1401169408355367e-05,0.06807440090369851,-0.0013028747224712901,0.9785718818145244,0.5467258311938558,0.37264556884765626,-0.5455015070587892,1.5060822253704071,0.4125361856460571,0.4,0.0,1.4,0.0
transgastric_short_axis,5,231,11.551,0.37263840834737383,-0.5455015028897224,1.5060832433079412,0.4125361862673591,-0.0071605002824916605,4.169067063966269e-06,0.0010179375332606336,6.21230994508252e-07,0.04992977323212443,-0.04671906723647955,1.0669752833862185,0.692647317069416,0.2868218898773194,-0.2386255794846347,1.518872606563568,-0.43580511074066164,0.4,0.0,1.4,0.0
transgastric_short_axis,5,232,11.601,0.28681472725714036,-0.23862558364124475,1.5188733548335476,-0.4358050996785323,-0.007162620179026493,-4.156609009405983e-06,0.0007482699795279785,1.1062126619940871e-05,0.06824265591213842,-0.0013949519518200778,0.9802779161309325,0.5232686064816026,0.37066957950592044,-0.578751739058701,1.5016804467201232,0.41809500646591186,0.4,0.0,1.4,0.0
transgastric_short_axis,5,233,11.651,0.37066241897078656,-0.5787517345750692,1.5016814612915832,0.41809500752915785,-0.00716053513365999,4.483632229252457e-06,0.0010145714595063816,1.06317792253969e-06,0.04816958584327892,-0.04844851038595685,1.06528841185373,0.7217733846752008,0.2802126169204712,-0.20446267385677433,1.5135841804504395,-0.4820424183368683,0.4,0.0,1.4,0.0
transgastric_short_axis,5,234,11.7009,0.2802054545162862,-0.20446267889890035,1.5135849624961182,-0.482042407226058,-0.007162404185113145,-5.042125132652613e-06,0.000782045677697628,1.1110808167705484e-05,0.06782545589311095,0.0025065009240810383,0.9739800167594774,0.5490192585508288,0.37131776809692385,-0.56271441183965,1.4933446497917175,0.453001015663147,0.4,0.0,1.4,0.0
transgastric_short_axis,5,235,11.751,0.3713106075260965,-0.5627144062394863,1.4933456657037238,0.45300101766361145,-0.007160570827201798,5.600163964085953e-06,0.0010159120053979797,2.000401030079848e-06,0.04788023764645318,-0.04831066054044858,1.0664535954047876,0.7289677081599145,0.27799100875854493,-0.23790203190597378,1.513140388584137,-0.48151520483493804,0.4,0.0,1.4,0.0
transgastric_short_axis,5,236,11.8013,0.27798384627211065,-0.23790203699096163,1.5131411598988729,-0.4815151933011581,-0.007162486434272963,-5.084987876185552e-06,0.0007713147353982281,1.1533780418820862e-05,0.06787414625729055,0.00021997582460207485,0.9717881490784177,0.5622660619476431,0.3731269359588623,-0.5406855339284632,1.501990726518631,0.4262678924560547,0.4,0.0,1.4,0.0
transgastric_short_axis,5,237,11.851,0.37311977544944397,-0.5406855292901142,1.501991745583008,0.4262678935255453,-0.007160509418348721,4.638349694254098e-06,0.0010190643761360846,1.069422611982719e-06,0.04974516222750908,-0.04674448520613965,1.067716975091164,0.6965414713234194,0.2856621742248535,-0.24991977519036254,1.5193105935573579,-0.4548533317565918,0.4,0.0,1.4,0.0
transgastric_short_axis,5,238,11.9011,0.2856550116227925,-0.2499197795047502,1.519311346341615,-0.4548533203798622,-0.007162602061037065,-4.314388758707826e-06,0.0007527842574126028,1.1376730000598067e-05,0.06809493359402492,-0.0015120706029934216,0.9790742343538121,0.544666331785912,0.3725524425506592,-0.549967503371176,1.5062704155921935,0.4101809054374695,0.4,0.0,1.4,0.0
transgastric_short_axis,5,239,11.9511,0.3725452820503527,-0.5499674992520815,1.5062714331754128,0.410180906046274,-0.007160500306399858,4.119095019833854e-06,0.0010175832191881245,6.087331730270976e-07,0.049788857649603446,-0.04689478846333334,1.0668716881019848,0.6948093299354734,0.2863043785095215,-0.23056525196821168,1.518581052160263,-0.4397795758724213,0.4,0.0,1.4,0.0
transgastric_short_axis,5,240,12.0009,0.2862972159148223,-0.23056525618089843,1.5185818041781651,-0.4397795648296591,-0.007162594699082349,-4.2126878684754345e-06,0.0007520179018655717,1.1042759690990081e-05,0.06822215456534718,-0.0007085113778545361,0.9797767553406143,0.5230261660666672,0.3704083442687989,-0.5739121719855925,1.4994511884212494,0.4280295776367187,0.4,0.0,1.4,0.0
transgastric_short_axis,5,241,12.0509,0.3704011837246304,-0.5739121672045336,1.4994522034562099,0.42802957892934845,-0.007160544168559516,4.78105889466708e-06,0.0010150349600320876,1.2925626762235068e-06,0.04810297896328461,-0.04839808421592514,1.0651659598644865,0.7234302501285376,0.28085377216339114,-0.21207396744627477,1.5133774520874024,-0.4791536516189575,0.4,0.0,1.4,0.0
transgastric_short_axis,5,242,12.101,0.28084660973156717,-0.2120739724765188,1.513378230180236,-0.47915364043324643,-0.007162431823929257,-5.030244422356291e-06,0.0007780928335401378,1.1185709471613425e-05,0.06786855379584099,0.0018928911165482128,0.9746374787265697,0.5491955338799362,0.37186918258666996,-0.5607600469125061,1.4948220834732056,0.4502920127391815,0.4,0.0,1.4,0.0
transgastric_short_axis,5,243,12.151,0.3718620220200971,-0.5607600414579417,1.4948230993877205,0.4502920145724314,-0.007160566572873216,5.4545651810797355e-06,0.0010159145136050846,1.833186235158583e-06,0.048061248748119026,-0.048170696959597296,1.066910234886804,0.7259462021843645,0.2793221235275269,-0.23809434126500192,1.5138208694458009,-0.4781139240503311,0.4,0.0,1.4,0.0
transgastric_short_axis,5,244,12.2009,0.2793149610289065,-0.23809434625672307,1.5138216387138357,-0.4781139125437355,-0.007162498620307248,-4.991721467825374e-06,0.0007692680341502664,1.1506595952837038e-05,0.06790509766519891,9.075320689455428e-05,0.9730775414176953,0.5592871133489957,0.37319498062133794,-0.5429745208853863,1.50172726020813,0.4285267368793487,0.4,0.0,1.4,0.0
transgastric_short_axis,5,245,12.251,0.3731878201051624,-0.5429745162022643,1.5017282787578523,0.4285267379724029,-0.00716051617548793,4.683122231403858e-06,0.0010185497217411526,1.0929859960027888e-06,0.04957183069505582,-0.04690231010225942,1.0678003338223805,0.6996599360347139,0.28460316658020024,-0.24843092249938611,1.519268835926056,-0.4608684904575348,0.4,0.0,1.4,0.0
transgastric_short_axis,5,246,12.3012,0.28459600399445595,-0.2484309268744742,1.51926959153856,-0.46086847902218675,-0.0071625857443148675,-4.37508755075336e-06,0.0007556125039382614,1.1435347985595016e-05,0.06805332091519967,-0.0012047508323460264,0.9780132042984706,0.5492367414364745,0.3728118181228638,-0.5414530860829484,1.5062810890674592,0.4131432629585266,0.4,0.0,1.4,0.0
transgastric_short_axis,5,247,12.351,0.3728046576241423,-0.5414530819128276,1.5062821072797634,0.41314326355388076,-0.007160498721618934,4.170120993922575e-06,0.0010182123035531766,5.95283290985659e-07,0.050101919038390764,-0.04652928626301253,1.0671276743421467,0.6898509035346825,0.2874485015869141,-0.2447697417907997,1.5191576070785522,-0.42856849451065065,0.4,0.0,1.4,0.0
transgastric_short_axis,5,248,12.4009,0.2874413389398651,-0.2447697458601541,1.5191583510701472,-0.4285684834938574,-0.007162647048936858,-4.069355042869146e-06,0.0007439915947222514,1.1016791128779196e-05,0.06828080658301348,-0.0020632669415385227,0.9808910116818665,0.5200493614476186,0.37056589126586914,-0.5879923254747875,1.5031453343868255,0.40882668485641477,0.4,0.0,1.4,0.0
transgastric_short_axis,5,249,12.451,0.37055873073417955,-0.5879923212285695,1.5031463479635718,0.40882668577506287,-0.007160531689501974,4.2462186343173855e-06,0.001013576745371016,9.185797131724432e-07,0.0479983930323388,-0.048720232710780444,1.0650956375235237,0.7241409988805965,0.27898397445678713,-0.19029732001864286,1.5125121515750886,-0.486578270816803,0.4,0.0,1.4,0.0
transgastric_short_axis,5,250,12.5012,0.27897681211108133,-0.19029732519719683,1.5125129418647676,-0.4865782598875931,-0.007162345705735783,-5.178553894703332e-06,0.0007902896795520167,1.0929206743420782e-05,0.06773325320656069,0.0036196800267030965,0.9728177167155367,0.547975591670201,0.37006351947784427,-0.5714325609512686,1.490712982749939,0.4556309974193573,0.4,0.0,1.4,0.0
transgastric_short_axis,5,251,12.5509,0.3700563588963427,-0.5714325551322174,1.490713997921092,0.4556309996953747,-0.007160581501542277,5.819052012081704e-06,0.0010151711519982797,2.275957265019526e-06,0.047367063770883136,-0.04876659603802788,1.0653704992561057,0.7370620218202222,0.2749617099761963,-0.2306444602046955,1.5101038784980774,-0.48846635241508485,0.4,0.0,1.4,0.0
transgastric_short_axis,5,252,12.6009,0.2749545475385054,-0.23064446561953122,1.510104657193148,-0.48846634093288704,-0.0071624376908616715,-5.414836393742908e-06,0.000778695070028659,1.148219887776586e-05,0.06779820907555618,0.0009506922385535401,0.9689520906825904,0.5652925229137593,0.37264366149902345,-0.5419670969792797,1.5005340780258178,0.4268000681877136,0.4,0.0,1.4,0.0
transgastric_short_axis,5,253,12.6512,0.37263650099358325,-0.5419670922339784,1.500535097791631,0.42680006943106985,-0.0071605054400595775,4.745300831644275e-06,0.0010197658118801462,1.2432886240524617e-06,0.04966408553537911,-0.046815269838757376,1.067330327409998,0.6976694742474883,0.28525233268737793,-0.24603632456048455,1.5191654717445373,-0.45773975780010223,0.4,0.0,1.4,0.0
transgastric_short_axis,5,254,12.7011,0.28524517009949324,-0.2460363289120081,1.5191662267101043,-0.4577397464241063,-0.007162587884673511,-4.351523105179702e-06,0.0007549655669724032,1.1375996029084392e-05,0.06807878240992941,-0.001148710009140506,0.9786717247146361,0.5453703431382396,0.37249407768249515,-0.5462694337203028,1.5053377036571503,0.41527496194839475,0.4,0.0,1.4,0.0
transgastric_short_axis,5,255,12.7514,0.37248691717867166,-0.5462694294671907,1.505338721586364,0.4152749626459018,-0.007160503823409566,4.253112202547723e-06,0.001017929213681111,6.974366759304636e-07,0.04981264242401899,-0.04681071393731452,1.0668710951481117,0.6947782381182848,0.28633759021759037,-0.23954461973206423,1.5188063186645508,-0.44407461977005,0.4,0.0,1.4,0.0
transgastric_short_axis,5,256,12.8011,0.28633042761380323,-0.2395446239749545,1.5188070699918237,-0.44407460860270787,-0.00716260378712468,-4.242890558194804e-06,0.0007513272720112497,1.11673412565925e-05,0.06818367035591345,-0.0011740142535277406,0.9797916280549219,0.5306785999524133,0.3712665557861328,-0.5669414726679862,1.5024541800498963,0.41934473934173583,0.4,0.0,1.4,0.0
transgastric_short_axis,5,257,12.8512,0.3712593952611918,-0.5669414682002744,1.5024551960584844,0.4193447403372996,-0.007160524941084336,4.467712486396387e-06,0.001016008586638039,9.95495359703562e-07,0.04870497659345387,-0.04790234145956042,1.0658324672393018,0.7131589788916457,0.28160107135772705,-0.2211853489376004,1.516272023677826,-0.47753521571159363,0.4,0.0,1.4,0.0
transgastric_short_axis,5,258,12.9012,0.2815939088852596,-0.2211853537131048,1.5162727961577787,-0.47753520440241437,-0.007162472467421413,-4.77550423853545e-06,0.0007724799524927976,1.1309177549094026e-05,0.0679077883481284,0.0012173240857802185,0.9751952876791286,0.5518171777683869,0.37237505912780766,-0.553657708374455,1.497538202047348,0.4441774221897125,0.4,0.0,1.4,0.0
transgastric_short_axis,5,259,12.951,0.3723678985768791,-0.5536577031942799,1.4975392188155787,0.44417742372640134,-0.007160550928655999,5.180175692350791e-06,0.0010167682295452274,1.5366232185508213e-06,0.04859358878844443,-0.047719618511276776,1.067242735990274,0.7170131576831762,0.2826359987258911,-0.24055185638465662,1.5157716811180115,-0.4690307029724121,0.4,0.0,1.4,0.0
transgastric_short_axis,5,260,13.0012,0.2826288361903367,-0.24055186112121701,1.5157724443722458,-0.4690306915277725,-0.007162535554388621,-4.736560950304396e-06,0.00076325423434787,1.1444640430547758e-05,0.06798532065306444,-0.00038711074927347787,0.9762706925406954,0.5522990462184969,0.3732255220413208,-0.5451944112955894,1.5027017297744751,0.4269861986160278,0.4,0.0,1.4,0.0
transgastric_short_axis,5,261,13.0511,0.3732183615221489,-0.5451944067054638,1.5027027476368158,0.4269861995925348,-0.007160519172027975,4.590126043832961e-06,0.0010178623392156714,9.764380148464224e-07,0.049515929019160645,-0.04698417717203805,1.0677674213591057,0.7005849457968023,0.2844051122665405,-0.24670556862004306,1.5191197817802429,-0.4619744122982025,0.4,0.0,1.4,0.0
transgastric_short_axis,5,262,13.1011,0.28439794968724563,-0.246705573017031,1.5191205383668356,-0.46197440086544145,-0.007162579294912952,-4.396988047119359e-06,0.0007565865922173123,1.1432761106576996e-05,0.06804657856543694,-0.0010493956619032517,0.977824136109066,0.5493974185505085,0.3728296756744385,-0.5421663347183313,1.5056790676116942,0.41560134558677675,0.4,0.0,1.4,0.0
transgastric_short_axis,5,263,13.1513,0.37282251517221965,-0.5421663304772592,1.5056800857715844,0.41560134624433065,-0.007160502218916488,4.241071981184662e-06,0.0010181598889876346,6.574834753367701e-07,0.04999623632679029,-0.046613283496924326,1.0671835618904977,0.6917916630847255,0.28701295852661135,-0.24565039506782926,1.5191042397022247,-0.43598412551879884,0.4,0.0,1.4,0.0
transgastric_short_axis,5,264,13.2011,0.28700579589348824,-0.24565039921320364,1.5191049863137724,-0.4359841144001978,-0.00716263312309907,-4.145375410001069e-06,0.0007466115483561437,1.111859992953175e-05,0.06823076789312144,-0.001868348694002586,0.9804534123832291,0.5266687332369362,0.3711153030395508,-0.577537400019463,1.5038252534866332,0.41006125016212464,0.4,0.0,1.4,0.0
transgastric_short_axis,5,265,13.2512,0.37110814251716756,-0.577537395784746,1.5038262683860841,0.41006125102210333,-0.007160522383294124,4.234717182974598e-06,0.0010148994511495573,8.599093772890581e-07,0.04847167792662775,-0.04824127402023583,1.0655983682634365,0.7164595637964688,0.28028962612152103,-0.20520700657550545,1.514965365600586,-0.48267168524265286,0.4,0.0,1.4,0.0
transgastric_short_axis,5,266,13.3011,0.2802824637108046,-0.2052070115088755,1.5149661468163922,-0.4826716741010308,-0.007162410716398841,-4.9333706525506924e-06,0.0007812158062566409,1.1141620201858546e-05,0.06782633459643989,0.0024761466474619593,0.9739654270772904,0.5501194106381436,0.3713143587112427,-0.5608976782454036,1.493979440689087,0.4518707508087158,0.4,0.0,1.4,0.0
transgastric_short_axis,5,267,13.3511,0.371307198143935,-0.5608976727057933,1.4939804568275346,0.4518707527392545,-0.007160567307761835,5.539610100588291e-06,0.001016138447410485,1.930475138943094e-06,0.04800420618949182,-0.04820436942429299,1.066409444152315,0.7269449632343422,0.2787013053894043,-0.23902967256816218,1.5136225675106048,-0.47948340582847593,0.4,0.0,1.4,0.0
transgastric_short_axis,5,268,13.4011,0.2786941428931672,-0.2390296775914284,1.5136233372709338,-0.47948339429797765,-0.00716249623707694,-5.0232657224577355e-06,0.0007697603289602517,1.153049971014718e-05,0.06789307895855326,7.396849224779352e-05,0.9724685429101436,0.5609499852196984,0.3731981754302979,-0.5415405334740547,1.5021380953788757,0.4266953932285309,0.4,0.0,1.4,0.0
transgastric_short_axis,5,269,13.4511,0.37319101491827555,-0.5415405288418375,1.5021391141603964,0.4266953942783962,-0.007160512022543583,4.632217179752981e-06,0.0010187815207145015,1.0497960989184905e-06,0.04969344433637787,-0.04679583926578049,1.067777958961447,0.6974856444395653,0.28539605140686036,-0.24883482832939946,1.519319769001007,-0.4566550892829895,0.4,0.0,1.4,0.0
transgastric_short_axis,5,270,13.501,0.2853888888106769,-0.24883483265984208,1.519320522758143,-0.4566550778943357,-0.007162596183400017,-4.33044341215209e-06,0.0007537571359878486,1.1388653519291305e-05,0.06808364434077953,-0.0013764908194284697,0.978806074530771,0.5457341184779099,0.3725922584533692,-0.547435274099377,1.5060973929405213,0.411796719789505,0.4,0.0,1.4,0.0
transgastric_short_axis,5,271,13.5511,0.37258509795277106,-0.5474352699439536,1.506098410729967,0.4117967204119406,-0.007160500598127453,4.155422963400509e-06,0.0010177894454075664,6.223642728674652e-07,0.04986056961164925,-0.046800703429994844,1.0669216282505463,0.6937365229929323,0.28656806945800783,-0.23535500960655723,1.5187426523208618,-0.43819222412109377,0.4,0.0,1.4,0.0
transgastric_short_axis,5,272,13.6011,0.2865609068496661,-0.23535501379425242,1.5187434023919621,-0.4381922130566652,-0.007162608341673103,-4.187695664809447e-06,0.0007500711004892289,1.1064425914508087e-05,0.06822972841329195,-0.0010898024677588195,0.9800309157999054,0.5238060915720437,0.37061800956726076,-0.5757412643117726,1.5008235726356507,0.42240596694946286,0.4,0.0,1.4,0.0
transgastric_short_axis,5,273,13.6509,0.3706108490291675,-0.5757412597060857,1.5008245875191246,0.4224059681003638,-0.007160538093245572,4.6056868442626115e-06,0.0010148834722424624,1.1508327328789896e-06,0.04818536496323543,-0.04838321917963924,1.0652897972013866,0.7217576599232903,0.28060030937194824,-0.20908352882536002,1.5137351071357728,-0.4804529131650925,0.4,0.0,1.4,0.0
transgastric_short_axis,5,274,13.7009,0.28059314695006643,-0.2090835338389773,1.5137358866703607,-0.4804529020038942,-0.007162421881797091,-5.013618524097131e-06,0.000779534588286323,1.1161196579879904e-05,0.067851784432427,0.002139369382444337,0.9743592312801428,0.5493129924173831,0.37163987159729006,-0.561601376951565,1.4943722994804383,0.4513979345798492,0.4,0.0,1.4,0.0
transgastric_short_axis,5,275,13.7509,0.3716327110283194,-0.5616013714491724,1.4943733152960457,0.45139793646147197,-0.007160568970747205,5.502392862532973e-06,0.0010158156074154877,1.8815594396098881e-06,0.04798598962291009,-0.04823043535144639,1.066709465078318,0.7272325784636137,0.27877082824707033,-0.23818815527558918,1.5135512237548827,-0.4794961390972137,0.4,0.0,1.4,0.0
transgastric_short_axis,5,276,13.8009,0.2787636657529924,-0.2381881603046252,1.5135519938004682,-0.4794961275771495,-0.007162494078063031,-5.029037698331317e-06,0.0007700455848349573,1.1520064610961939e-05,0.06789262466237092,0.00013159790618102844,0.9725427587599063,0.5605733137676977,0.3731736660003662,-0.541984137049067,1.5018729437828064,0.42758934359550477,0.4,0.0,1.4,0.0
transgastric_short_axis,5,277,13.8508,0.3731665054869069,-0.541984132387048,1.501873962531933,0.4275893446744998,-0.007160513459390264,4.662019751847811e-06,0.0010187491256896792,1.0789267921647786e-06,0.0496458692875409,-0.04683497591312947,1.0677702434716172,0.6983393072914136,0.2850801944732666,-0.24859027523992452,1.5193160239219665,-0.458405539226532,0.4,0.0,1.4,0.0
transgastric_short_axis,5,278,13.9008,0.2850730318814625,-0.24859027958744284,1.5193167784538426,-0.45840552781912247,-0.007162591804072512,-4.347517254148244e-06,0.000754531875512119,1.1407409417973571e-05,0.06807129334921101,-0.0012999130959197606,0.9784890733617273,0.5471539606564262,0.3726773023605347,-0.544882634194536,1.506160684776306,0.4124313234329224,0.4,0.0,1.4,0.0
transgastric_short_axis,5,279,13.951,0.3726701418607262,-0.544882630031055,1.5061617027543326,0.41243132404548,-0.0071604998084028,4.163481230370126e-06,0.0010179780254963861,6.124868226263016e-07,0.04996196604639427,-0.046686219947030684,1.0670018611487928,0.692108304993575,0.28694000244140627,-0.23940867368079408,1.5189201690673828,-0.4342213168144226,0.4,0.0,1.4,0.0
transgastric_short_axis,5,280,14.001,0.2869328398162358,-0.23940867781892347,1.5189209165143955,-0.43422130576558104,-0.00716262517039252,-4.138130476489157e-06,0.0007474470132583293,1.1048839534018744e-05,0.06825244591529667,-0.0015027992316646328,0.9803940705385383,0.5222940019686385,0.37061357498168945,-0.580876691937232,1.501828377342224,0.41674977407455444,0.4,0.0,1.4,0.0
transgastric_short_axis,5,281,14.0509,0.3706064144461932,-0.5808766874853253,1.5018293916610732,0.4167497751214384,-0.0071605354963228665,4.451906725393342e-06,0.0010143188485733682,1.0468159399833635e-06,0.04810663566389064,-0.04852560277698012,1.0652238371643115,0.7227249193195616,0.27995193004608154,-0.20133085883267918,1.5132298959732056,-0.48296689109802243,0.4,0.0,1.4,0.0
transgastric_short_axis,5,282,14.101,0.2799447676548158,-0.2013308639137074,1.5132306798338986,-0.48296688002715943,-0.00716239126572881,-5.081029318926485e-06,0.0007838606925870544,1.1070860157435649e-05,0.06780700503846449,0.0027502542527810094,0.9737418144348338,0.5486579714508041,0.37110643386840825,-0.5635643555403596,1.4925435773849487,0.4541076865196228,0.4,0.0,1.4,0.0
transgastric_short_axis,5,283,14.1509,0.3710992732964708,-0.5635643498657288,1.49254459339397,0.45410768861375583,-0.007160571937483921,5.6746306496520565e-06,0.0010160090203541491,2.094071113870444e-06,0.04780275559411001,-0.04836952090951818,1.0662940203125542,0.7302179969489637,0.2774075984954834,-0.23757546177730282,1.5125969776153565,-0.4825616735458374,0.4,0.0,1.4,0.0
transgastric_short_axis,5,284,14.2008,0.27740043601501335,-0.23757546691897863,1.5125977498642937,-0.4825616620083613,-0.0071624804701093114,-5.141674059549066e-06,0.000772248937381194,1.153747779994027e-05,0.06786321517124637,0.0002781609403587071,0.9712395671135585,0.5630424197925531,0.37309317588806157,-0.5403610235884478,1.5019375463962554,0.42556962246894836,0.4,0.0,1.4,0.0
transgastric_short_axis,5,285,14.2508,0.3730860153808706,-0.5403610189551235,1.5019385656475341,0.4255696235472817,-0.0071605071908945285,4.633323890926635e-06,0.001019251277689167,1.0782642934143332e-06,0.04978020664559148,-0.046714311285169834,1.0676874573680974,0.6958558536268482,0.2858820199966431,-0.25018848398316235,1.5192675251483918,-0.4534707422018051,0.4,0.0,1.4,0.0
transgastric_short_axis,5,286,14.3008,0.2858748573912664,-0.25018848828777684,1.5192682773429196,-0.4534707308394379,-0.007162605376676598,-4.3046153442817935e-06,0.0007521945277756436,1.1362366766059849e-05,0.06810415689858376,-0.0015777122675082137,0.9792980313184942,0.5435802181422613,0.3724900245666504,-0.5520038853375159,1.5062325902938842,0.40960416326522825,0.4,0.0,1.4,0.0
transgastric_short_axis,5,287,14.3509,0.3724828640657218,-0.5520038812265886,1.5062336077171494,0.40960416388050636,-0.007160500928714585,4.110927410078318e-06,0.0010174232649936147,6.15207250714764e-07,0.049709663232558716,-0.04698443998232969,1.066812321797822,0.6960794696987501,0.2860122680664063,-0.22726902835869617,1.5184363048553466,-0.4427894958972931,0.4,0.0,1.4,0.0
transgastric_short_axis,5,288,14.4008,0.2860051054859827,-0.2272690326102578,1.518437059065949,-0.442789484849757,-0.007162580423519506,-4.2515622958781786e-06,0.0007542106025637462,1.1047534181946511e-05,0.06820131384645428,-0.00038058895103891283,0.9794919270494797,0.5241525674959235,0.3703495502471924,-0.5704401173262937,1.4987289499282836,0.43203156909942625,0.4,0.0,1.4,0.0
transgastric_short_axis,5,289,14.4508,0.37034238970078515,-0.5704401124330026,1.4987299653283834,0.43203157047200413,-0.007160546407384773,4.893290836146395e-06,0.001015400098313472,1.3725109418874993e-06,0.048150045876416865,-0.04830461524819525,1.0651511133143106,0.7229663751928487,0.2812020778656006,-0.21677028558106137,1.513624252796173,-0.47702775750160215,0.4,0.0,1.4,0.0
transgastric_short_axis,5,290,14.5009,0.28119491541493696,-0.21677029056918876,1.513625028160015,-0.4770277462696938,-0.007162450663611438,-4.988126286080586e-06,0.0007753638418677706,1.1231907883975526e-05,0.06789677538437978,0.0015020701721506413,0.9749714641500757,0.5491540082091927,0.37217724323272705,-0.5590273901461114,1.4957669669151306,0.44803466634750366,0.4,0.0,1.4,0.0
transgastric_short_axis,5,291,14.5508,0.3721700826709592,-0.5590273847907146,1.495767983020749,0.4480346680771534,-0.007160561768051613,5.35539686884636e-06,0.0010161056174850282,1.7295855597665675e-06,0.04821540637235055,-0.04804767221210223,1.0671582007458853,0.7233206008509327,0.2804081678390503,-0.23803966323887124,1.5143736431121826,-0.4753269298553467,0.4,0.0,1.4,0.0
transgastric_short_axis,5,292,14.6009,0.2804010053309541,-0.238039668155055,1.514374410773561,-0.4753269183752217,-0.007162508096188222,-4.91618474229632e-06,0.0007676613782624367,1.1480126154736794e-05,0.06793009641960344,-7.845646024465941e-07,0.9741296439732046,0.5567620571780185,0.37323980331420903,-0.544353643017073,1.501721642589569,0.42929522709846496,0.4,0.0,1.4,0.0
transgastric_short_axis,5,293,14.6509,0.37323264279462065,-0.5443536383256243,1.5017226608149006,0.42929522818840304,-0.007160519588281313,4.6914486500621576e-06,0.0010182253299149415,1.089869433798339e-06,0.04948486361059791,-0.04698576391567773,1.0678447590515387,0.7011984509671292,0.2841937065124512,-0.24780137618482662,1.519127646446228,-0.462957589173317,0.4,0.0,1.4,0.0
transgastric_short_axis,5,294,14.7008,0.2841865439332634,-0.24780138059128987,1.5191284031647534,-0.46295757771921703,-0.007162579187712069,-4.406463440154029e-06,0.0007567185257088879,1.1454100151636781e-05,0.06803810349579496,-0.0010903512277426752,0.9776114164777103,0.5507627220839298,0.37295298576354985,-0.5407538814611266,1.5060561970710755,0.41458436937332155,0.4,0.0,1.4,0.0
transgastric_short_axis,5,295,14.7509,0.3729458252631829,-0.5407538772562476,1.5060572152958693,0.4145843699903775,-0.0071605003671220725,4.204879114106781e-06,0.0010182247930443876,6.169856567193379e-07,0.05009247908268847,-0.0465229135088666,1.0672825784330655,0.69012681218381,0.2874013423919678,-0.24691210924614632,1.5191999264717102,-0.43045376729965207,0.4,0.0,1.4,0.0
transgastric_short_axis,5,296,14.8008,0.2873941797450985,-0.24691211333194463,1.5192006706923067,-0.4304537562427182,-0.007162646869269399,-4.085797546388402e-06,0.0007442205955294509,1.1056931608987389e-05,0.06826442470866112,-0.002144701729294829,0.9808396107356876,0.5226326612662927,0.3708235263824463,-0.5850419591059001,1.5038965972423552,0.40688336334228514,0.4,0.0,1.4,0.0
transgastric_short_axis,5,297,14.851,0.3708163658568735,-0.5850419549299763,1.5038976112758018,0.406883364194365,-0.007160525572864127,4.175924311416453e-06,0.0010140334453534107,8.520102366049708e-07,0.048201673166231064,-0.048543091572327876,1.0653047686923292,0.720745835379595,0.2793362617492676,-0.194102873186636,1.5136212567329406,-0.4860558322906494,0.4,0.0,1.4,0.0
transgastric_short_axis,5,298,14.9008,0.2793290993857332,-0.1941028782667221,1.5136220445839008,-0.48605582129388336,-0.0071623635343272644,-5.080088158035007e-06,0.0007878509606114135,1.0996763472293694e-05,0.06775593164522248,0.003343570559076009,0.9730974823417413,0.5489969253425575,0.3704086780548096,-0.5672350861781675,1.4916185428619384,0.4546436073303223,0.4,0.0,1.4,0.0
transgastric_short_axis,5,299,14.951,0.37040151747952227,-0.5672350804337108,1.4916195586033485,0.4546436095183255,-0.007160575287421988,5.744457669054795e-06,0.001015741409343262,2.1879422010857027e-06,0.047604828569714645,-0.04855187353975818,1.0656568941661215,0.7332984807271029,0.27627410888671877,-0.23414067056731913,1.5114758882045745,-0.4853477314710617,0.4,0.0,1.4,0.0
transgastric_short_axis,5,300,15.001,0.27626694642639565,-0.2341406758324935,1.5114766634840757,-0.48534771995816206,-0.007162460323023915,-5.265174327759329e-06,0.0007752795007820155,1.151290094428747e-05,0.0678336029382947,0.0006067295281466135,0.970177255442356,0.5640223226044104,0.3728946685791016,-0.5408819628648025,1.501195084476471,0.42651225886344907,0.4,0.0,1.4,0.0
transgastric_short_axis,5,301,15.0509,0.372887508092935,-0.5408819581844353,1.50119610392475,0.42651226008049026,-0.00716048616663198,4.680370238267996e-06,0.0010194482735196128,1.216474153359047e-06,0.04972579104951283,-0.04675722003585136,1.0675375373394769,0.6967364920508732,0.28557982444763186,-0.2481762577201473,1.5192658398628234,-0.455671631526947,0.4,0.0,1.4,0.0
transgastric_short_axis,5,302,15.1013,0.28557266185069646,-0.24817626204490195,1.5192665934082648,-0.45567162015618573,-0.007162596935294775,-4.324753671120882e-06,0.0007535454411732793,1.1370761274151266e-05,0.06809144547237933,-0.001365281598042314,0.9789942054499963,0.5445605737450063,0.37249934673309326,-0.549006892843606,1.5058198825836182,0.41237814331054684,0.4,0.0,1.4,0.0
transgastric_short_axis,5,303,15.1511,0.3724921862308643,-0.5490068886647355,1.5058209002660545,0.4123781439626706,-0.007160502228828755,4.178871215409011e-06,0.001017682435509854,6.520529672888927e-07,0.04976925792958825,-0.04689003981608053,1.0668467619691289,0.6952834243464359,0.2862328290939331,-0.23360624903794588,1.5186141961097717,-0.44296176953315736,0.4,0.0,1.4,0.0
transgastric_short_axis,5,304,15.2012,0.28622566650008974,-0.23360625328119344,1.5186149486007094,-0.4429617584285715,-0.007162593843418906,-4.243246843632757e-06,0.0007524909387624135,1.1104583650278414e-05,0.06819688569913218,-0.0008070313188531988,0.9797005176607121,0.5270684073221492,0.3708169460296631,-0.5691379563889212,1.5005767719268799,0.42559639978408814,0.4,0.0,1.4,0.0
transgastric_short_axis,5,305,15.2512,0.37080978549401644,-0.5691379517113611,1.5005777876142066,0.42559640096810725,-0.0071605356467431,4.677560507780865e-06,0.0010156873251400001,1.18395048177125e-06,0.048409375530916246,-0.04812439760766868,1.0655019866667514,0.7183441129288131,0.2813647747039795,-0.21861136213214677,1.5149125599861144,-0.4776694767951965,0.4,0.0,1.4,0.0
transgastric_short_axis,5,306,15.3012,0.2813576122444372,-0.2186113670210653,1.514913334220953,-0.4776694655260386,-0.007162459542279791,-4.888919177002422e-06,0.0007742348387121157,1.1269156540737168e-05,0.06789839089934357,0.0013977303166987183,0.9750485729855596,0.5506724422384582,0.37225606441497805,-0.556288432994695,1.496599872493744,0.4462634312152862,0.4,0.0,1.4,0.0
transgastric_short_axis,5,307,15.3512,0.37224890385864345,-0.5562884277209756,1.4966008889603595,0.44626343285506387,-0.0071605563344957065,5.273719660045477e-06,0.0010164666147646155,1.6397122805255825e-06,0.048402552222963885,-0.04788425936303075,1.0671837370343351,0.7202150521926348,0.2815018653869629,-0.2394416302992838,1.5150717258453368,-0.472218701505661,0.4,0.0,1.4,0.0
transgastric_short_axis,5,308,15.4011,0.28149470286487627,-0.2394416351258098,1.51507249127169,-0.47221869003984585,-0.0071625220866583655,-4.826525934273801e-06,0.0007654263530394546,1.1465815755740416e-05,0.06795772646682942,-0.00020243025803510888,0.9751800213359165,0.5546241714451567,0.37333068847656253,-0.5448899370815877,1.5022732927322386,0.42815279073715207,0.4,0.0,1.4,0.0
transgastric_short_axis,5,309,15.4508,0.3733235279566789,-0.5448899324452109,1.5022743107083283,0.42815279176311005,-0.007160519883717791,4.636377024076055e-06,0.0010179760892654165,1.0258898301224148e-06,0.049494856850160356,-0.04699110456946343,1.067900006034085,0.7009932384597111,0.2842214107513428,-0.24732519049835283,1.5191531129837035,-0.46292922019958493,0.4,0.0,1.4,0.0
transgastric_short_axis,5,310,15.5012,0.2842142481728784,-0.2473251949022638,1.5191538697914941,-0.46292920875020954,-0.0071625784643875555,-4.403910005974392e-06,0.0007568077908133334,1.1449375435492968e-05,0.06803891139870626,-0.0010589434589300404,0.977637457020704,0.5505244675398161,0.37292959690093996,-0.5410937465893019,1.505904895877838,0.41512029018402097,0.4,0.0,1.4,0.0
transgastric_short_axis,5,311,15.5509,0.37292243639974976,-0.5410937423678966,1.505905914084841,0.4151202908169376,-0.0071605011901942905,4.221405423817627e-06,0.0010182070015721475,6.328459707197186e-07,0.050060793208692084,-0.04655042518913458,1.0672688204989758,0.6906928050633696,0.2872682094573975,-0.2468329010096625,1.5191787667751313,-0.432483974647522,0.4,0.0,1.4,0.0
transgastric_short_axis,5,312,15.6008,0.2872610468148483,-0.2468329051164938,1.5191795117779936,-0.432483963564724,-0.007162642549171532,-4.106830935892443e-06,0.0007450028625424775,1.1082795817012056e-05,0.06825151673825522,-0.0020694369788096254,0.9807063562992833,0.5242925608682869,0.3709545135498047,-0.5822337181542495,1.5039857301235198,0.40760578908920286,0.4,0.0,1.4,0.0
transgastric_short_axis,5,313,15.6509,0.37094735302614246,-0.5822337139701087,1.503986744498257,0.40760578993374263,-0.007160523662265883,4.184140651042124e-06,0.001014374736185149,8.444701038440126e-07,0.04831702467031825,-0.048421655135504185,1.0654291143478427,0.7188851625944649,0.2796468257904053,-0.1981363138813451,1.5141620461463927,-0.4846850397348404,0.4,0.0,1.4,0.0
transgastric_short_axis,5,314,15.7008,0.2796396634089378,-0.19813631890187733,1.5141628314615412,-0.48468502868251945,-0.00716238146752115,-5.020532388368217e-06,0.0007853151481925227,1.1052317764597503e-05,0.06778441208051285,0.003023850246175191,0.97337370812273,0.5492698249572711,0.3707734823226929,-0.5642291055155786,1.4923671841621398,0.4539380344390869,0.4,0.0,1.4,0.0
transgastric_short_axis,5,315,15.7509,0.3707663217511387,-0.5642290998317685,1.492368200210831,0.4539380365507055,-0.007160571554216123,5.683810922441098e-06,0.0010160486899721526,2.1115561196184747e-06,0.04777486369891222,-0.04839767576007775,1.0659729586660491,0.7306166645229382,0.27723629474639894,-0.23671840244305567,1.51245129404068,-0.4830587391614914,0.4,0.0,1.4,0.0
transgastric_short_axis,5,316,15.8009,0.2772291322698012,-0.23671840760201232,1.5124520668634105,-0.4830587276306875,-0.007162476597784479,-5.158956129604373e-06,0.0007728227300302266,1.1530805186687839e-05,0.06785818257915031,0.0003533248851209231,0.971077391627569,0.5631158780774079,0.37305536270141604,-0.54041757414972,1.5017310052871704,0.4260649091720581,0.4,0.0,1.4,0.0
transgastric_short_axis,5,317,15.8509,0.37304820219392454,-0.5404175694954024,1.5017320245886463,0.4260649102738885,-0.007160507491532325,4.654317911793484e-06,0.001019301475093958,1.101762672267706e-06,0.04976250088794501,-0.04672649864825251,1.067662930284418,0.6961740166207723,0.2857665538787842,-0.24984375026361919,1.5192869995594025,-0.4542459735631943,0.4,0.0,1.4,0.0
transgastric_short_axis,5,318,15.9009,0.28575939127562555,-0.24984375457394747,1.519287752131076,-0.4542459621945527,-0.007162603158548965,-4.310328621751431e-06,0.000752571672982477,1.1368641469396962e-05,0.06809927938609718,-0.001527684370122703,0.9791806600923587,0.5440972159089427,0.37251398563385013,-0.5508902886888885,1.5061968247890472,0.4101550643920898,0.4,0.0,1.4,0.0
transgastric_short_axis,5,319,15.951,0.3725068251329939,-0.5508902845667321,1.5061978423028908,0.4101550650093735,-0.007160500856334197,4.122156880888828e-06,0.0010175138431542366,6.172134033760219e-07,0.049746032012984776,-0.04694002784399161,1.0668381818832384,0.6955150173482352,0.28614668846130376,-0.2292544773691883,1.5185115809440612,-0.44170464012622834,0.4,0.0,1.4,0.0
transgastric_short_axis,5,320,16.001,0.28613952584907304,-0.2292544816206667,1.5185123341802678,-0.44170462902946495,-0.007162612230688089,-4.251480766564394e-06,0.0007532362049968759,1.1096753959723474e-05,0.06820868388577424,-0.0005531648344555889,0.9796221883319673,0.5240896655878146,0.37044706344604494,-0.5712619729998815,1.4991674986839294,0.42992009353637695,0.4,0.0,1.4,0.0
transgastric_short_axis,5,321,16.051,0.37043990292243745,-0.5712619681832629,1.4991685139781525,0.429920094910357,-0.0071605236076964915,4.816621320104594e-06,0.0010152942168882456,1.3734179288171878e-06,0.04817430750353561,-0.048305475338785625,1.065221623473007,0.7224124291595595,0.28113813400268556,-0.21568365343847098,1.5137459678649903,-0.4778028016090393,0.4,0.0,1.4,0.0
transgastric_short_axis,5,322,16.1009,0.28113097153201544,-0.21568365843509285,1.5137467439187189,-0.4778027903546254,-0.00716247067015168,-4.996624512677629e-06,0.0007760537259148862,1.1254416994342777e-05,0.06788855235774931,0.0016019481817229394,0.9748987781626528,0.5494389089495256,0.37210247516632083,-0.5590719564824782,1.495621283340454,0.4484380113601685,0.4,0.0,1.4,0.0
transgastric_short_axis,5,323,16.1509,0.3720953146238072,-0.5590719511311129,1.4956222993808534,0.44843801316921006,-0.007160542513776731,5.351368378573501e-06,0.0010160403934600232,1.8085007691511796e-06,0.0482007284844323,-0.04805698477434346,1.0670926404519974,0.723588552840303,0.2802649259567261,-0.2383284081576847,1.5143283276557922,-0.47564357628822324,0.4,0.0,1.4,0.0
transgastric_short_axis,5,324,16.2009,0.28025776342492387,-0.23832841308940633,1.5143290954588648,-0.47564356477834213,-0.007162531802192437,-4.931724013153265e-06,0.0007678030704285045,1.1509902488095453e-05,0.06792733321286609,-9.588619529070017e-06,0.973989107221992,0.5571773312772222,0.37324314117431645,-0.544007785776445,1.5018298753738404,0.4288302755355835,0.4,0.0,1.4,0.0
transgastric_short_axis,5,325,16.2511,0.3732359806765117,-0.5440077811133942,1.5018308935831133,0.4288302766615919,-0.00716049780473248,4.663053858484262e-06,0.0010182092669165181,1.125437165886604e-06,0.04951497583368884,-0.04695973820719304,1.0678413480993312,0.7006609135037144,0.2842714548110962,-0.2480185902612362,1.5192122852325438,-0.4626044282197952,0.4,0.0,1.4,0.0
transgastric_short_axis,5,326,16.3009,0.28426429220599236,-0.2480185946707928,1.519213041747741,-0.4626044167300085,-0.007162605103785269,-4.409560530480008e-06,0.0007565151945297499,1.1489801089534699e-05,0.06804077295238523,-0.0011172760101738725,0.9776838438816193,0.5505656846025867,0.37293167114257814,-0.5407351561097119,1.5061483260154724,0.41416604404449464,0.4,0.0,1.4,0.0
transgastric_short_axis,5,327,16.3509,0.37292451064276333,-0.5407351519163913,1.5061493442444567,0.41416604465211204,-0.007160499814892239,4.1933212542526415e-06,0.0010182289834716055,6.075468190026421e-07,0.05010563492026876,-0.04651371899295965,1.067255479993882,0.6898759181681008,0.2874592781066895,-0.24662411334138948,1.5191995519638062,-0.429416380405426,0.4,0.0,1.4,0.0
transgastric_short_axis,5,328,16.4009,0.2874521154581928,-0.24662411741705814,1.5192002958604265,-0.429416369364192,-0.007162648496652072,-4.0756708236338495e-06,0.000743896621139976,1.1041231775382664e-05,0.0682716372999922,-0.002160736742432139,0.980898351955898,0.5216297637383398,0.3707364320755005,-0.586528939261735,1.5037516626834868,0.4069028377532959,0.4,0.0,1.4,0.0
transgastric_short_axis,5,329,16.4512,0.37072927157244595,-0.5865289350975902,1.5037526764427538,0.40690283867576404,-0.007160503054560316,4.1641461725427735e-06,0.0010137592616586049,9.218390763322242e-07,0.04812832428070593,-0.048614724751159494,1.0652273660585287,0.7219470238465024,0.27917108535766605,-0.19203503262991956,1.5132572350502014,-0.48666262872219085,0.4,0.0,1.4,0.0
transgastric_short_axis,5,330,16.5011,0.2791639229793988,-0.19203503775950528,1.5132580242753342,-0.48666261772119335,-0.007162378267228054,-5.129588166277323e-06,0.0007892251310299402,1.1000983276494999e-05,0.06774137714819108,0.0035042558916950958,0.972955701424085,0.5487683452851666,0.37021951675415044,-0.5689342245655301,1.4912069586753844,0.45502560539245607,0.4,0.0,1.4,0.0
transgastric_short_axis,5,331,16.5512,0.3702123561951244,-0.5689342188119816,1.4912079741564765,0.45502560769558187,-0.007160559025869029,5.753551676448986e-06,0.001015481085287985,2.3026150183886812e-06,0.04750903325726249,-0.048638486682089546,1.065494527318867,0.734806537305642,0.2757369756698609,-0.23266960696018663,1.5109214292526245,-0.486628267621994,0.4,0.0,1.4,0.0
transgastric_short_axis,5,332,16.601,0.27572981319499285,-0.232669612290276,1.5109222059817533,-0.4866282561093024,-0.007162474867994691,-5.3300910098283846e-06,0.0007767291260002195,1.151271614732047e-05,0.06781932159841149,0.0007503983931017172,0.9696753755037106,0.5645254850187882,0.37279059886932375,-0.5413573995372197,1.5009168251037597,0.42668097467422483,0.4,0.0,1.4,0.0
transgastric_short_axis,5,333,16.6511,0.3727834383834381,-0.5413573948363208,1.5009178446454179,0.42668097592519594,-0.007160485885712127,4.700901839712303e-06,0.0010195416518211835,1.2504059581425088e-06,0.04969758517869539,-0.04678353928728847,1.0674518574629313,0.6971726018387058,0.2854435205459595,-0.24694132079435313,1.5192398115634917,-0.45668467540740965,0.4,0.0,1.4,0.0
transgastric_short_axis,5,334,16.7009,0.28543635792924843,-0.24694132514348177,1.5192405658789436,-0.45668466399809104,-0.007162616711125134,-4.349130609348509e-06,0.0007543154507229431,1.1409330415765629e-05,0.06808564853796224,-0.0012464920226085158,0.9788588233005608,0.5448706644978366,0.37248551845550537,-0.5476699027526022,1.505535256576538,0.41400238409042356,0.4,0.0,1.4,0.0
transgastric_short_axis,5,335,16.7509,0.3724783579776835,-0.5476698985501086,1.5055362743006189,0.4140023848257126,-0.007160477821836122,4.202496023349916e-06,0.001017724075087486,7.346307535048365e-07,0.04978428818506675,-0.046855399085357456,1.06685049366673,0.6951515218944166,0.28627049922943115,-0.23669068892296205,1.5186977113723754,-0.44399447507858275,0.4,0.0,1.4,0.0
transgastric_short_axis,5,336,16.801,0.28626333663141956,-0.23669069317176528,1.5186984634404332,-0.44399446393609876,-0.007162598011553316,-4.248802785077087e-06,0.0007520680582044654,1.114248154904002e-05,0.06818695328670642,-0.0009820746205041796,0.9797318238008146,0.5293193006658383,0.37108237743377687,-0.5673783351164894,1.5015789550781249,0.4225035262584686,0.4,0.0,1.4,0.0
transgastric_short_axis,5,337,16.8509,0.37107521692470713,-0.5673783305600131,1.5015799709364703,0.4225035273827924,-0.007160509069584989,4.556478918646158e-06,0.0010158583400953938,1.1237513644031143e-06,0.0485884136928243,-0.04798232621613864,1.0657036375941902,0.7152499802246599,0.28154816627502444,-0.22097506324121421,1.5157817928314208,-0.47746883418560027,0.4,0.0,1.4,0.0
transgastric_short_axis,5,338,16.9012,0.2815410037808552,-0.22097506806908626,1.5157825657037405,-0.47746882284815007,-0.007162494169190671,-4.8278729552136296e-06,0.0007728723174033743,1.133745387194612e-05,0.06790638846044358,0.0012297458218605934,0.9751747893740534,0.5515837142323219,0.3723803043365479,-0.5541445675112352,1.4973552549362181,0.4445273998260498,0.4,0.0,1.4,0.0
transgastric_short_axis,5,339,16.951,0.3723731438048226,-0.5541445623249138,1.497356271590915,0.4445274014198697,-0.007160531725316721,5.1863247555164325e-06,0.0010166546903195605,1.5932712380776184e-06,0.048559305658064746,-0.04774944242818624,1.06725974703018,0.7175808619024655,0.2824673414230347,-0.24022397548138663,1.515640228843689,-0.4695398464679718,0.4,0.0,1.4,0.0
transgastric_short_axis,5,340,17.0012,0.28246017889001723,-0.24022398023380692,1.5156409924953165,-0.46953983502150176,-0.007162533017427578,-4.752418264074677e-06,0.0007636516273228942,1.1446470538784418e-05,0.06798094401602395,-0.00034735395957111344,0.9761102825333894,0.552597200538747,0.3732471466064453,-0.545270623475847,1.5025723372936248,0.4274226875782013,0.4,0.0,1.4,0.0
transgastric_short_axis,5,341,17.0512,0.3732399860866768,-0.545270618870956,1.502573355153598,0.42742268856906396,-0.007160519768502561,4.604890871368769e-06,0.0010178599722696093,9.907936726938714e-07,0.04949923381666471,-0.04699625771818296,1.0677972435297762,0.7008905720864205,0.2842840433120728,-0.24683982938968588,1.5191212798118592,-0.46259534640312194,0.4,0.0,1.4,0.0
transgastric_short_axis,5,342,17.1012,0.2842768807339288,-0.24683983379267116,1.5191220366222158,-0.46259533496196575,-0.007162578143940249,-4.402984043241677e-06,0.0007568103567588352,1.1441156486042494e-05,0.06804180852006485,-0.0010373057918420699,0.9777024672691672,0.5500056794407315,0.3728837490081787,-0.5416822843842634,1.5057314987182617,0.41561688766479493,0.4,0.0,1.4,0.0
transgastric_short_axis,5,343,17.1514,0.37287658850611927,-0.5416822801457288,1.505732516897405,0.41561688831629073,-0.007160502059419182,4.238533936067414e-06,0.0010181791419908973,6.514252319196833e-07,0.05001854516682961,-0.046589508588357996,1.0672341127224327,0.691427606520103,0.28709700107574465,-0.2463606476469858,1.5191390689373017,-0.4349605954170227,0.4,0.0,1.4,0.0
transgastric_short_axis,5,344,17.201,0.2870898384391826,-0.24636065178032784,1.519139814989444,-0.43496058430600204,-0.007162636561937356,-4.133342485464375e-06,0.0007460521433546199,1.1111019384887329e-05,0.06823625489045354,-0.0019520185300995196,0.980535914329242,0.5261437833376496,0.37109050750732425,-0.5788577245477078,1.5039817977905272,0.4089191883087158,0.4,0.0,1.4,0.0
transgastric_short_axis,5,345,17.251,0.37108334698523276,-0.578857720340534,1.503982812553729,0.4089191891540258,-0.007160522091479682,4.207173487828439e-06,0.0010147632010115315,8.452397339343299e-07,0.04844188109402364,-0.048283607451889254,1.06556415321493,0.7168959211659571,0.28009626865386966,-0.20312999059659584,1.514808821296692,-0.4833000158786774,0.4,0.0,1.4,0.0
transgastric_short_axis,5,346,17.3008,0.28008910624239863,-0.20312999553725805,1.5148096036883656,-0.48330000479661595,-0.007162411471064312,-4.940663589304455e-06,0.0007823916712342403,1.1082193228551324e-05,0.06781442104812838,0.0026382668269488083,0.9737818140326127,0.5499095900820441,0.37116987705230714,-0.5614101911136218,1.4934802216529846,0.45255909633636476,0.4,0.0,1.4,0.0
transgastric_short_axis,5,347,17.3509,0.37116271651029586,-0.561410185560835,1.4934812377758329,0.45255909842367004,-0.007160542011439211,5.552788578543254e-06,0.001016122840207057,2.086668135543895e-06,0.047956909704831796,-0.04824036176568753,1.066297243005706,0.7277097393553721,0.27835767269134526,-0.23880009975981895,1.5134343772888184,-0.4803908384799957,0.4,0.0,1.4,0.0
transgastric_short_axis,5,348,17.4009,0.27835051019877044,-0.23880010480846206,1.5134351476487558,-0.48039082694426416,-0.00716249257485223,-5.048642555958424e-06,0.0007703599380404016,1.153573207744718e-05,0.06788480780093846,0.00012055870523520508,0.9721364796528182,0.5616644618984905,0.373175048828125,-0.5409806454667576,1.502169366788864,0.4262909246921539,0.4,0.0,1.4,0.0
transgastric_short_axis,5,349,17.4514,0.3731678883382323,-0.540980640856404,1.5021703856193263,0.42629092578749894,-0.007160489892703113,4.6103562901417395e-06,0.0010188304563723053,1.0947725430703377e-06,0.049731405246476165,-0.04676004384311547,1.0677531479844202,0.696808981790562,0.28559389114379885,-0.2497489999854612,1.5193141513824462,-0.45528701190948484,0.4,0.0,1.4,0.0
transgastric_short_axis,5,350,17.5013,0.2855867285185465,-0.2497490043171242,1.5193149044279561,-0.45528700049056736,-0.007162625252351773,-4.331666351999793e-06,0.0007530455079933321,1.141892956409457e-05,0.0680921164993607,-0.001485586865947468,0.9790053718535745,0.5449653760403811,0.37256727218627933,-0.549347694239352,1.5062550607681273,0.41046665496826173,0.4,0.0,1.4,0.0
transgastric_short_axis,5,351,17.5512,0.3725601117070953,-0.5493476901236864,1.5062560783284775,0.4104666556075829,-0.007160479184108973,4.115668220155088e-06,0.0010175603445345383,6.387305033160209e-07,0.049809673281849806,-0.04686962811463365,1.0668872885401823,0.6944847454488676,0.28638117313385014,-0.2316528203783728,1.5186228097915648,-0.43912680859565734,0.4,0.0,1.4,0.0
transgastric_short_axis,5,352,17.6014,0.28637401052299544,-0.2316528245754084,1.518623561261796,-0.43912679757118017,-0.007162610854599075,-4.197038248484491e-06,0.0007514702286816772,1.102458378215765e-05,0.06822618563974722,-0.0008050928625900214,0.9798512767050891,0.5229510400122985,0.37043750286102295,-0.5747533147711373,1.4997457388877868,0.42668996286392213,0.4,0.0,1.4,0.0
transgastric_short_axis,5,353,17.6513,0.3704303423381885,-0.574753310038175,1.499746753761217,0.42668996415064875,-0.007160522834451397,4.732964533219478e-06,0.0010148734252202196,1.2861638746538591e-06,0.04810289373437661,-0.048414013827065366,1.065176859393662,0.723346025389549,0.280748462677002,-0.2107903446068026,1.5133628462791442,-0.47960418462753296,0.4,0.0,1.4,0.0
transgastric_short_axis,5,354,17.7014,0.2807413002396847,-0.21079034962906368,1.5133636250575613,-0.47960417349546614,-0.007162437317273603,-5.022262617748268e-06,0.0007787784133124624,1.1132199533774853e-05,0.06786184116173884,0.0019952195303988536,0.9745327149611782,0.5491144540855981,0.37177858352661136,-0.5613160025960062,1.494569665145874,0.4508794283866882,0.4,0.0,1.4,0.0
transgastric_short_axis,5,355,17.7512,0.37177142297815846,-0.5613159971292386,1.4945706809216892,0.4508794302915442,-0.007160548452747415,5.466770043879427e-06,0.0010157758092095733,1.9043221535186213e-06,0.048015970807895894,-0.048207645538916655,1.0668356940411012,0.7267106546238943,0.2790141582489014,-0.23801101345120687,1.5136553369522094,-0.478915839099884,0.4,0.0,1.4,0.0
transgastric_short_axis,5,356,17.8012,0.27900699572925647,-0.2380110184673367,1.5136561067618448,-0.47891582758200596,-0.007162519644939412,-5.016131986698807e-06,0.000769809632539178,1.1517900973965222e-05,0.06789781887643033,0.0001238128753213285,0.972779757818248,0.5599702068031268,0.37317867279052735,-0.5425075106211057,1.5017529139995576,0.42819248857498166,0.4,0.0,1.4,0.0
transgastric_short_axis,5,357,17.8512,0.3731715123014743,-0.5425075059680238,1.5017539325704528,0.4281924897400238,-0.007160489052923854,4.653083458493131e-06,0.001018570887862292,1.164383844082814e-06,0.04960347635497501,-0.04687260465006873,1.0677826511251371,0.699097155513558,0.2848013162612915,-0.2485430873543597,1.5192922426700592,-0.4598414025306702,0.4,0.0,1.4,0.0
transgastric_short_axis,5,358,17.9012,0.28479415364858285,-0.24854309172617328,1.5192929978652563,-0.4598413910824763,-0.007162612708581458,-4.371816222726157e-06,0.000755195194820126,1.1448207999980025e-05,0.06806079976037749,-0.0012475431718149011,0.9782106252130245,0.5483894417024259,0.37275607585906984,-0.5427870801177259,1.506251690196991,0.412783735370636,0.4,0.0,1.4,0.0
transgastric_short_axis,5,359,17.9518,0.3727489153811766,-0.5427870759618296,1.5062527082486188,0.4127837360017441,-0.0071604778931875345,4.155898839090171e-06,0.0010180516228897145,6.305193028113204e-07,0.05004996434114744,-0.046588748803785884,1.0670742250511078,0.6906811725838623,0.2872623920440674,-0.24260303137861405,1.5190673506736756,-0.43055722510814665,0.4,0.0,1.4,0.0
transgastric_short_axis,5,360,18.0009,0.2872552294050471,-0.24260303547236456,1.5190680959223277,-0.4305572140812914,-0.007162639020259504,-4.0937513523785765e-06,0.0007452486519790579,1.1026853714907702e-05,0.06827191418518057,-0.0018468593321391488,0.9807094273901134,0.5206960170588263,0.37056727409362794,-0.5855602768330567,1.502595369529724,0.4119835992336273,0.4,0.0,1.4,0.0
transgastric_short_axis,5,361,18.0509,0.3705601135599606,-0.5855602725043433,1.5025963833418743,0.4119836002041959,-0.007160533667404574,4.328712839607334e-06,0.0010138121499789843,9.704998336180651e-07,0.0480220043540748,-0.04866210004608558,1.065130840561877,0.7238812363647829,0.27935247421264653,-0.1942528632514671,1.5126745007514952,-0.48524989128112794,0.4,0.0,1.4,0.0
transgastric_short_axis,5,362,18.101,0.2793453118506653,-0.19425286840252684,1.5126752887426393,-0.48524988030120303,-0.007162361981206528,-5.151059550329863e-06,0.0007879911448406354,1.0979921805847844e-05,0.06776098493700243,0.0033070877196727634,0.9731767910602609,0.5481376630743335,0.3704539299011231,-0.5687078350669273,1.4913232433795929,0.4552518081665039,0.4,0.0,1.4,0.0
transgastric_short_axis,5,363,18.1509,0.3704467693227028,-0.5687078292939124,1.4913242588358946,0.4552518103831815,-0.007160578420309796,5.773015513340551e-06,0.0010154563001814275,2.216616647132704e-06,0.047513807689921334,-0.048632183877600293,1.0657209612862317,0.7347763739075646,0.27577354907989504,-0.23318193257489062,1.510946146774292,-0.48646086258888244,0.4,0.0,1.4,0.0
transgastric_short_axis,5,364,18.2009,0.2757663866271161,-0.23318193789680758,1.510946923204541,-0.48646085108265086,-0.007162452778932686,-5.321917678391285e-06,0.0007764302488670141,1.1506232779633847e-05,0.06782125590301251,0.0007099592021391991,0.9697104859407515,0.564589396161144,0.3728208065032959,-0.541098989687698,1.5010205637931824,0.4263382999420166,0.4,0.0,1.4,0.0
transgastric_short_axis,5,365,18.2509,0.372813645997663,-0.5410989849811704,1.5010215834282121,0.4263383011285846,-0.007160505632772435,4.706527723839076e-06,0.0010196350290735574,1.1864995243160064e-06,0.04971995448989756,-0.04676413477158366,1.0674754900936236,0.696776087935819,0.285573673248291,-0.2474332357760152,1.5192332576751708,-0.45582808220386506,0.4,0.0,1.4,0.0
transgastric_short_axis,5,366,18.3009,0.2855665106532003,-0.2474332401044298,1.519234011478976,-0.45582807083795795,-0.007162595090734998,-4.328413733142162e-06,0.0007538038049548362,1.1365907140821946e-05,0.06809120363431315,-0.001309303870286124,0.9789900915417424,0.5443475098224327,0.3724658012390137,-0.5488879868621231,1.5056092218875885,0.41327658777236936,0.4,0.0,1.4,0.0
transgastric_short_axis,5,367,18.3509,0.37245864073582674,-0.5488879826573808,1.5056102395908377,0.4132765884454015,-0.007160503186745555,4.20474310377869e-06,0.0010177032487722966,6.729614528870926e-07,0.049748281311896514,-0.04690164663701728,1.0668264912237835,0.6956921770720951,0.2861556768417359,-0.2344631211186789,1.5186065186977387,-0.4448545324802399,0.4,0.0,1.4,0.0
transgastric_short_axis,5,368,18.4009,0.2861485142504171,-0.23446312538165162,1.5186072717327992,-0.44485452134723863,-0.00716259131869238,-4.262972886425581e-06,0.0007530350609075651,1.1132999286505956e-05,0.06818240705145463,-0.0008006708584856262,0.9796223920008116,0.5290542014218378,0.37099542617797854,-0.5663720347314677,1.5009512798309326,0.4251687117576599,0.4,0.0,1.4,0.0
transgastric_short_axis,5,369,18.4509,0.3709882656456898,-0.5663720300809422,1.5009522958597232,0.4251687129062125,-0.0071605322885904465,4.6505262605305354e-06,0.0010160287902745476,1.1484842563036276e-06,0.048556293714728756,-0.04798305803144029,1.0656559113828288,0.7159460577878247,0.2816382884979248,-0.22216618284469816,1.515625997543335,-0.47648977689743044,0.4,0.0,1.4,0.0
transgastric_short_axis,5,370,18.5009,0.28163112602329265,-0.22216618766322846,1.5156267696380707,-0.47648976558987216,-0.007162474632183117,-4.818530981896199e-06,0.0007720947360000485,1.1307557001063225e-05,0.06791586621592978,0.0011158299963221424,0.975276059359387,0.551163362204123,0.37246055603027345,-0.5542037396217054,1.4974934483528137,0.44409521770477295,0.4,0.0,1.4,0.0
transgastric_short_axis,5,371,18.5509,0.3724533954789076,-0.5542037344403534,1.4974944650544133,0.4440952192466092,-0.007160551365948862,5.18135140197649e-06,0.0010167015987728577,1.5417704082113546e-06,0.04856975528439665,-0.047744469836200606,1.067331294575225,0.7173746086684525,0.28258910179138186,-0.23981183049675084,1.5156671934127808,-0.46929566731452943,0.4,0.0,1.4,0.0
transgastric_short_axis,5,372,18.6009,0.28258193925847347,-0.2398118352442417,1.5156679570472624,-0.4692956558753191,-0.007162532908367776,-4.747490311956244e-06,0.0007636344807889753,1.1439210781541178e-05,0.06798311635879095,-0.00032767988536990065,0.9762304732548732,0.5521903713597742,0.3732164859771729,-0.5456333335327481,1.5024197253227234,0.4279589828968048,0.4,0.0,1.4,0.0
transgastric_short_axis,5,373,18.6514,0.3732093254563826,-0.5456333289106433,1.5024207431420793,0.427958983903868,-0.00716052079030467,4.62210540086422e-06,0.0010178193544218605,1.006993621633387e-06,0.04946608635817398,-0.04702441593567164,1.0677762295084854,0.701478702734744,0.2840634107589722,-0.2468123031231064,1.5191006818771362,-0.4637098819255829,0.4,0.0,1.4,0.0
transgastric_short_axis,5,374,18.7009,0.2840562481835219,-0.2468123075385994,1.5191014391717337,-0.4637098704718562,-0.007162575450323625,-4.415493641721168e-06,0.0007572945964129197,1.1453726564714407e-05,0.06803341770332237,-0.0009973218713255254,0.9774822984109266,0.5509730170558383,0.372969651222229,-0.5410280206058365,1.5057303751945494,0.41597304468154905,0.4,0.0,1.4,0.0
transgastric_short_axis,5,375,18.7509,0.37296249071993925,-0.5410280163615467,1.5057313933960499,0.4159730453322039,-0.007160502289793904,4.24428949646187e-06,0.0010182014996645574,6.505843111949363e-07,0.05003883235905438,-0.0465639578792906,1.0673197627016595,0.6911259244078445,0.287165904045105,-0.24757461217919557,1.5191875677108764,-0.4343777674913406,0.4,0.0,1.4,0.0
transgastric_short_axis,5,376,18.8009,0.2871587414051508,-0.24757461630408362,1.5191883132586153,-0.4343777563787505,-0.007162639954197848,-4.1248884916984235e-06,0.0007455477381558388,1.1112589041319767e-05,0.06823778010875083,-0.002054934588336264,0.9806020279116443,0.5262283055228546,0.37112462520599365,-0.5794749121303336,1.5043151098251342,0.4073054337501526,0.4,0.0,1.4,0.0
transgastric_short_axis,5,377,18.851,0.37111746468556744,-0.5794749079672944,1.5043161245496597,0.4073054345648295,-0.007160520426176921,4.163039945683074e-06,0.0010147245243686766,8.14607158467088e-07,0.04846042198077489,-0.04828318003778866,1.0655774397165907,0.7165228123912026,0.27997257709503176,-0.2019437395844797,1.5148934600830077,-0.4837468038082123,0.4,0.0,1.4,0.0
transgastric_short_axis,5,378,18.9009,0.27996541469680275,-0.20194374453438396,1.51489424306419,-0.4837467927016684,-0.007162398228953344,-4.949903493676891e-06,0.000782981182542942,1.1106541639291339e-05,0.06780721551262758,0.0027336666899338037,0.9736521395686308,0.5499101964538603,0.37107787132263187,-0.5615055031523222,1.493255516910553,0.45282200088500973,0.4,0.0,1.4,0.0
transgastric_short_axis,5,379,18.9511,0.37107071075482156,-0.5615054975460974,1.4932565331932102,0.4528220029008079,-0.007160567810306593,5.6062256097544665e-06,0.0010162826564749997,2.015736022688893e-06,0.04794353119467268,-0.04824918485649176,1.066219816289427,0.7279216131184986,0.27823820114135744,-0.23877613131000824,1.5133785756111144,-0.4806898830413818,0.4,0.0,1.4,0.0
transgastric_short_axis,5,380,19.0009,0.2782310386498523,-0.23877613636647618,1.5133793461507707,-0.4806898715034261,-0.007162491505116909,-5.056469597587365e-06,0.0007705396558111738,1.1537956612162154e-05,0.067882101409212,0.0001323960650539413,0.9720204094392257,0.5619246852968398,0.37316811084747314,-0.5407892723753002,1.5021886539459228,0.4260349485397339,0.4,0.0,1.4,0.0
transgastric_short_axis,5,381,19.051,0.3731609503376092,-0.5407892677541274,1.5021896729036852,0.4260349495858886,-0.007160509863956953,4.621173385287962e-06,0.0010189577616587504,1.046085646599492e-06,0.04974779616886146,-0.046745479630638534,1.067745175566338,0.6965069089547055,0.2856876134872437,-0.2500441115237556,1.519304039669037,-0.45466411163806913,0.4,0.0,1.4,0.0
transgastric_short_axis,5,382,19.1009,0.2856804508845776,-0.250044115836931,1.5193047923530543,-0.45466410026243814,-0.007162602666062787,-4.313175891679421e-06,0.0007526840169414226,1.1375630889906118e-05,0.0680960659270958,-0.0015270151817039406,0.9791002582169903,0.5445586256047037,0.37254900932312013,-0.5502365866710041,1.5062902645111085,0.4100018906593323,0.4,0.0,1.4,0.0
transgastric_short_axis,5,383,19.151,0.3725418488228513,-0.5502365825559526,1.5062912820721701,0.41000189126656394,-0.007160500268870894,4.115050969330466e-06,0.0010175610609683284,6.071611062956488e-07,0.049781439891077875,-0.04690463456068666,1.0668670851743631,0.6949198761984189,0.2862771034240723,-0.23004918128322474,1.5185638247966766,-0.4399314388275146,0.4,0.0,1.4,0.0
transgastric_short_axis,5,384,19.2012,0.28626994083083496,-0.23004918549841896,1.518564577021186,-0.4399314277874436,-0.007162593237319485,-4.2151935319077765e-06,0.0007522245089646863,1.1040068356154978e-05,0.06822134875485364,-0.0006680922164644127,0.9797505090580874,0.5229286511431739,0.37038397789001465,-0.5737350301612103,1.4993015725135803,0.42862055110931396,0.4,0.0,1.4,0.0
transgastric_short_axis,5,385,19.2509,0.37037681734519423,-0.5737350253612147,1.4993025875638493,0.42862055241766583,-0.007160544820410545,4.79999640995736e-06,0.0010150502681218897,1.308284124895027e-06,0.04809354263458794,-0.0484003267256441,1.0651509533551973,0.7236200619997587,0.28087797164916994,-0.2123627123650882,1.5133345709323882,-0.4790242591381073,0.4,0.0,1.4,0.0
transgastric_short_axis,5,386,19.3008,0.28087080921642227,-0.21236271739758264,1.5133353488906467,-0.47902424795016724,-0.00716243274768965,-5.032495202878096e-06,0.0007779582587836597,1.1187938395729365e-05,0.06787012885749831,0.0018689607429114357,0.9746646261034879,0.5491801337171834,0.3718914031982422,-0.5606843964927911,1.4948629048347473,0.4501867760181427,0.4,0.0,1.4,0.0
transgastric_short_axis,5,387,19.3508,0.3718842426318961,-0.5606843910426303,1.4948639207586751,0.4501867778470272,-0.007160566346067395,5.45016060602077e-06,0.001015923926545952,1.8288202100749086e-06,0.048068184320145875,-0.04816521191958361,1.0669298682534032,0.7258269632503495,0.2793737411499024,-0.23807861196981364,1.5138455869674683,-0.4779859359741211,0.4,0.0,1.4,0.0
transgastric_short_axis,5,388,19.401,0.27936657865087766,-0.238078616958104,1.5138463561656694,-0.4779859244688771,-0.007162499024673679,-4.988290533428505e-06,0.0007691982007749613,1.1505244737682135e-05,0.06790624802471835,8.744894679984898e-05,0.9731276457773044,0.5591649014393215,0.37319674491882326,-0.5430468007418467,1.501721829843521,0.4285808532714844,0.4,0.0,1.4,0.0
transgastric_short_axis,5,389,19.4508,0.37318958440245975,-0.5430467960577415,1.5017228483774856,0.4285808543649656,-0.007160516363642136,4.684106092846652e-06,0.0010185339639348606,1.0934123687599245e-06,0.04956685659444207,-0.046906949239471876,1.0678024042006344,0.6997483173994232,0.28457190990448,-0.24841350792257053,1.5192652781009675,-0.46103065237998964,0.4,0.0,1.4,0.0
transgastric_short_axis,5,390,19.5009,0.2845647473191506,-0.2484135122995076,1.5192660337867796,-0.4610306409428858,-0.007162585329446247,-4.376938384909999e-06,0.0007556858122317124,1.1437103896583728e-05,0.06805213612576956,-0.0011980155875444152,0.9779820533285548,0.5493707394445999,0.3728238582611084,-0.5413690092550968,1.5062762204647064,0.41321254692077636,0.4,0.0,1.4,0.0
transgastric_short_axis,5,391,19.5509,0.37281669776232473,-0.5413690050836234,1.5062772386793961,0.4132125475164772,-0.007160498783649265,4.171473465424937e-06,0.0010182146894766764,5.956303562224824e-07,0.0501038357703999,-0.04652646542892611,1.0671399757871183,0.6898251897924222,0.28745608329772954,-0.24494744537572444,1.519162662935257,-0.42854752206802366,0.4,0.0,1.4,0.0
transgastric_short_axis,5,392,19.6011,0.2874489206503288,-0.244947449444625,1.5191634068790236,-0.4285475110502323,-0.007162647400758666,-4.068901814224175e-06,0.0007439437662660238,1.1017789500916852e-05,0.06828058940070413,-0.0020761264807369634,0.9808982716823278,0.5201152614743849,0.3705753803253174,-0.5879940107564148,1.503197952747345,0.40861115555763244,0.4,0.0,1.4,0.0
transgastric_short_axis,5,393,19.6509,0.3705682197939484,-0.58799400651653,1.5031989663308982,0.4086111564715269,-0.007160531368994027,4.239885580795962e-06,0.0010135835525104597,9.138257345587872e-07,0.04800483806398284,-0.04871634552511349,1.0651018039957356,0.7240278207570638,0.27898659706115725,-0.19026192910446924,1.5125555944919586,-0.4866559812068939,0.4,0.0,1.4,0.0
transgastric_short_axis,5,394,19.7008,0.2789794347155686,-0.1902619342802218,1.5125563848050785,-0.4866559702772091,-0.00716234558861409,-5.175752599608931e-06,0.0007903131192050364,1.0929681628155952e-05,0.06773249666737233,0.0036246465116720715,0.9728174056128305,0.5480406499746671,0.3700596809387207,-0.5713383724336532,1.4907227199554443,0.45560272207260133,0.4,0.0,1.4,0.0
transgastric_short_axis,5,395,19.751,0.3700525203574324,-0.5713383666155898,1.4907237351489284,0.45560272434795923,-0.007160581288368509,5.818063748899946e-06,0.0010151934829271264,2.2752974788941267e-06,0.047372546129437684,-0.048761649501325444,1.0653660491017183,0.7369728755229514,0.2749902009963989,-0.2307068156249062,1.5101347754001617,-0.4883999708890915,0.4,0.0,1.4,0.0
transgastric_short_axis,5,396,19.8009,0.27498303855824463,-0.23070682103639337,1.510135554024747,-0.48839995940630615,-0.007162438154265978,-5.411485790407357e-06,0.0007786245849544808,1.1482786398719838e-05,0.06779897866331638,0.0009441902563017621,0.9689786152288309,0.5652603281049071,0.3726484298706055,-0.5419524912051763,1.5005456877708434,0.4268064348220825,0.4,0.0,1.4,0.0
transgastric_short_axis,5,397,19.8509,0.3726412693651129,-0.5419524864605751,1.5005467075299679,0.42680643606402846,-0.00716050549244732,4.744600594650472e-06,0.0010197591239565174,1.2418784483798613e-06,0.04966463259510777,-0.0468146988390134,1.0673343133548652,0.6976635091385723,0.28525466918945314,-0.24606928117897428,1.5191677187919617,-0.45772487111091614,0.4,0.0,1.4,0.0
transgastric_short_axis,5,398,19.9009,0.2852475066014626,-0.24606928553019092,1.5191684737419706,-0.45772485973479543,-0.007162587990524347,-4.351218499751641e-06,0.000754950009099793,1.137612074632682e-05,0.06807886114731627,-0.001151464861898024,0.9786739241016835,0.5453727169337946,0.3724951267242432,-0.5462864737900901,1.5053466918468474,0.41523357882499695,0.4,0.0,1.4,0.0
transgastric_short_axis,5,399,19.9511,0.37248796622045577,-0.5462864695381479,1.5053477097740702,0.41523357952160733,-0.007160503787455349,4.25194238568623e-06,0.001017927222042664,6.965393748650713e-07,0.04981306521532391,-0.046810753679357914,1.066871579564005,0.6947682234530516,0.28634042739868165,-0.23949162698756085,1.5188048206329345,-0.444010578918457,0.4,0.0,1.4,0.0
transgastric_short_axis,5,400,20.0009,0.28633326479486243,-0.23949163122991007,1.5188055719487643,-0.44401056775229053,-0.007162603819220009,-4.242348106680318e-06,0.0007513158299527836,1.1166164368640453e-05,0.06818418146936826,-0.001172594174540349,0.9797946149183132,0.5306001473078786,0.3712591409683228,-0.5670390317488564,1.5024343311309813,0.4193870587348938,0.4,0.0,1.4,0.0
transgastric_short_axis,5,401,20.0509,0.3712519804432326,-0.5670390272793894,1.5024353471279843,0.4193870597323963,-0.007160525090309368,4.469466750439709e-06,0.0010159970020784325,9.974333961264815e-07,0.04869899235047098,-0.0479078619702708,1.0658263356831714,0.7132588683630983,0.28158710002899173,-0.2210735585896551,1.5162499277114867,-0.4775907365083694,0.4,0.0,1.4,0.0
transgastric_short_axis,5,402,20.1009,0.28157993755704525,-0.22107356336753267,1.5162507002670846,-0.4775907252001927,-0.007162471946394009,-4.777877075304187e-06,0.000772555598063261,1.130817530741188e-05,0.06790708250955534,0.0012268123328661338,0.97518272568477,0.5518187725321106,0.3723684549331665,-0.5537056452740765,1.4975129227638244,0.44423884148597714,0.4,0.0,1.4,0.0
transgastric_short_axis,5,403,20.1509,0.3723612943821171,-0.553705640091277,1.4975139395279422,0.4442388430254738,-0.007160551049535389,5.182800266674484e-06,0.0010167641162049435,1.5394306543879526e-06,0.04858939208417831,-0.04772304958931162,1.0672377417104313,0.7170850381732933,0.28261704444885255,-0.24053125849810053,1.5157555772781373,-0.46908435122966763,0.4,0.0,1.4,0.0
transgastric_short_axis,5,404,20.2013,0.28260988191354647,-0.24053126323652105,1.5157563405718744,-0.4690843397846882,-0.007162535306110303,-4.738420447886646e-06,0.000763293737742756,1.1444979324008922e-05,0.06798484751692477,-0.0003838678570130668,0.9762527563526038,0.5523362894399904,0.37322907447814946,-0.5451878574225943,1.5026914308071135,0.4270313268184662,0.4,0.0,1.4,0.0
transgastric_short_axis,5,405,20.2511,0.37322191395891785,-0.545187852831134,1.5026924486692614,0.42703132779610176,-0.007160519231488639,4.591459884412675e-06,0.0010178621477448188,9.775664898523786e-07,0.0495148933887759,-0.04698471913257947,1.0677716145655654,0.7006057055859854,0.2843963623046875,-0.24673534192879232,1.5191212798118592,-0.4620184169769287,0.4,0.0,1.4,0.0
transgastric_short_axis,5,406,20.3015,0.284389199725429,-0.24673534632610394,1.5191220364084046,-0.46201840554338464,-0.007162579258485101,-4.397311755745072e-06,0.0007565965451582028,1.1433543855363317e-05,0.06804622417419055,-0.0010499184928492037,0.9778152514541936,0.5494499566709655,0.37283432483673096,-0.5421161507765401,1.5056899283409118,0.41557756433486936,0.4,0.0,1.4,0.0
transgastric_short_axis,5,407,20.3512,0.37282716433456253,-0.5421161465364257,1.5056909465030897,0.4155775649912421,-0.007160502168468802,4.2401147427515585e-06,0.0010181621775503754,6.563026574020943e-07,0.0499992962673662,-0.04661031954892636,1.0671875048663118,0.6917395232530619,0.2870250225067139,-0.2457045113334175,1.5191077975273133,-0.43581728224754335,0.4,0.0,1.4,0.0
transgastric_short_axis,5,408,20.4012,0.2870178598731408,-0.24570451547694816,1.519108544062,-0.43581727113062835,-0.007162633573006509,-4.1435314582531584e-06,0.0007465346869228021,1.111691304180123e-05,0.06823177935734932,-0.0018777774793956627,0.9804653666706249,0.5265540921859065,0.3711075305938721,-0.5777626659969808,1.5038319946289063,0.40994796152114865,0.4,0.0,1.4,0.0
transgastric_short_axis,5,409,20.4513,0.37110037007142455,-0.577762661764572,1.5038330095034507,0.40994796238047204,-0.007160522447718399,4.23240936994617e-06,0.0010148745440016365,8.592543614367309e-07,0.048464142084046494,-0.04825002338586796,1.0655902486059214,0.7165776354741589,0.2802591323852539,-0.20486882672895743,1.5149267912864686,-0.4827676528930664,0.4,0.0,1.4,0.0
transgastric_short_axis,5,410,20.501,0.2802519699759159,-0.20486883166648828,1.5149275726955338,-0.48276764175555154,-0.007162409338008939,-4.937530702959505e-06,0.0007814090657466503,1.1137512706252865e-05,0.06782443527042588,0.0025023424673611483,0.9739373882612763,0.5500761508872609,0.3712915897369385,-0.5609961735938446,1.4938938656330107,0.45199321489334104,0.4,0.0,1.4,0.0
transgastric_short_axis,5,411,20.5514,0.37128442916949844,-0.5609961680462683,1.4938948817805793,0.4519932168338485,-0.00716056744013523,5.547576087364849e-06,0.0010161475672963067,1.9404444497966098e-06,0.04799545652171457,-0.048211136909418535,1.066392202649632,0.7270869284061692,0.27863943576812744,-0.23898473172476709,1.513588112783432,-0.4796480020523071,0.4,0.0,1.4,0.0
transgastric_short_axis,5,412,20.6012,0.27863227327256246,-0.23898473675265183,1.5135888826535382,-0.47964799052090396,-0.007162495564983625,-5.027883896106361e-06,0.0007698701063744192,1.1531404270768478e-05,0.0678915807789257,8.264438111253367e-05,0.9724087934292251,0.561077943395515,0.37319388389587405,-0.5414409146045289,1.5021425894737244,0.4266259220123291,0.4,0.0,1.4,0.0
transgastric_short_axis,5,413,20.6511,0.3731867233841062,-0.5414409099733821,1.5021436082774073,0.42662592306191716,-0.007160511767877227,4.631147193917255e-06,0.0010188036823802129,1.0495194418299199e-06,0.04970012462733086,-0.04678951967634935,1.0677734350053805,0.6973666221838022,0.28543071746826176,-0.24899642811210765,1.519319019985199,-0.45641493608951567,0.4,0.0,1.4,0.0
transgastric_short_axis,5,414,20.7012,0.28542355487125803,-0.2489964324403826,1.519319773607796,-0.45641492470226,-0.007162597003736031,-4.328275879241431e-06,0.0007536225965126131,1.1387255902305464e-05,0.06808514571407376,-0.001395716254525687,0.9788409809375214,0.5455994657357749,0.37258799076080323,-0.5477713941572694,1.506125481033325,0.41156283960342405,0.4,0.0,1.4,0.0
transgastric_short_axis,5,415,20.7511,0.37258083026026656,-0.5477713900072669,1.5061264987951217,0.4115628402235254,-0.007160500536717123,4.150003566039842e-06,0.001017761795889272,6.200302763759942e-07,0.049851637473477706,-0.04681282135599202,1.0669156904983215,0.6938675030429626,0.28653547763824466,-0.23470449089841333,1.5187216798782348,-0.4383553223133087,0.4,0.0,1.4,0.0
transgastric_short_axis,5,416,20.8012,0.28652831503160076,-0.23470449508889876,1.518722430187652,-0.43835531125230354,-0.007162606643943655,-4.190486847539983e-06,0.0007503094170140804,1.1061003959460014e-05,0.06822920126178345,-0.0010398107973784362,0.9799995946966249,0.5236529553409094,0.370586633682251,-0.5755742341771543,1.500634633398056,0.4231652817249298,0.4,0.0,1.4,0.0
transgastric_short_axis,5,417,20.8512,0.37057947314324724,-0.5755742295478331,1.5006356482899381,0.42316528289491995,-0.007160539003655024,4.629320925667887e-06,0.001014891881604374,1.1699225623178528e-06,0.04817038634772599,-0.04838909857352722,1.0652702687266717,0.7220440786228943,0.2806261062622071,-0.2093782658566261,1.5136680702209473,-0.48030432715415955,0.4,0.0,1.4,0.0
transgastric_short_axis,5,418,20.9011,0.2806189438394223,-0.20937827087431443,1.5136688496221966,-0.4803043159910327,-0.007162422784763401,-5.017690580895936e-06,0.0007794012485736397,1.1163124757843362e-05,0.0678535532562586,0.0021144134669498823,0.974389585131163,0.5492758325453434,0.3716640949249268,-0.56155643610817,1.4944052561759948,0.4513121722698212,0.4,0.0,1.4,0.0
transgastric_short_axis,5,419,20.9512,0.3716569343561139,-0.5615564306093823,1.4944062719957145,0.4513121741479118,-0.00716056881298517,5.498787764810994e-06,0.0010158197189291769,1.8780265033524637e-06,0.04799084209897405,-0.04822677670298467,1.0667316015116353,0.7271479745245032,0.2788109302520752,-0.23815688393872675,1.5135680766105652,-0.47940120134353637,0.4,0.0,1.4,0.0
transgastric_short_axis,5,420,21.001,0.2788037677577462,-0.2381568889653269,1.513568846610717,-0.47940118982469837,-0.007162494328998461,-5.026599288135021e-06,0.0007700001522912803,1.151883897822922e-05,0.06789347396910848,0.00013048000918964263,0.9725818370790058,0.560473562442678,0.37317445278167727,-0.5420708354261168,1.5018527203559875,0.42769083523750306,0.4,0.0,1.4,0.0
transgastric_short_axis,5,421,21.0512,0.37316729226796874,-0.5420708307614672,1.5018537390896123,0.4276908363185843,-0.007160513708710735,4.664650580823299e-06,0.0010187336240502908,1.081012034760618e-06,0.04963880229535167,-0.0468412425988737,1.0677722758022816,0.6984657582187439,0.2850336074829102,-0.24858334685990113,1.519312278842926,-0.45864541153907773,0.4,0.0,1.4,0.0
transgastric_short_axis,5,422,21.1011,0.2850264448916755,-0.24858335121003683,1.5193130334772125,-0.4586454001288464,-0.007162591234734866,-4.350135038260714e-06,0.000754634286313406,1.1410231914061893e-05,0.06806954506981902,-0.001291228346089266,0.9784425434270168,0.5473607621029695,0.37269053459167484,-0.5445320956160543,1.5061760396003723,0.41248937215805054,0.4,0.0,1.4,0.0
transgastric_short_axis,5,423,21.1511,0.37268337409200336,-0.5445320914522858,1.5061770576033187,0.41248937276857234,-0.007160499671521097,4.163768658580658e-06,0.0010180029451572923,6.104506411140986e-07,0.0499767258461822,-0.04666990901846204,1.0670140114613087,0.6918688075644881,0.2869941234588623,-0.2399421589425966,1.5189448865890502,-0.43360637483596803,0.4,0.0,1.4,0.0
transgastric_short_axis,5,424,21.2011,0.2869869608313336,-0.23994216307324784,1.5189456336623701,-0.43360636379062883,-0.007162627528659953,-4.130650020231707e-06,0.0007470733197181785,1.104533713665092e-05,0.06825585446559025,-0.0015603474615160798,0.9804470128310347,0.5220217726584606,0.37060606479644775,-0.5816706468372119,1.501955897283554,0.4159627457141876,0.4,0.0,1.4,0.0
transgastric_short_axis,5,425,21.2509,0.3705989042612295,-0.5816706424058375,1.5019569115149887,0.4159627467481215,-0.0071605352183174995,4.431374614766666e-06,0.0010142314340833914,1.0338651979620747e-06,0.0480917126451303,-0.048549161798971126,1.0652085675136909,0.7229283361131843,0.2798506259918213,-0.2001363686659406,1.5131358944892883,-0.4833484210252762,0.4,0.0,1.4,0.0
transgastric_short_axis,5,426,21.301,0.27984346360542744,-0.20013637375871887,1.513136679037098,-0.4833484099692876,-0.007162386393915625,-5.092778124828967e-06,0.000784547810241174,1.1055985596867697e-05,0.06779960244659182,0.0028441383293210483,0.9736463463296414,0.5485597095148456,0.3710037231445313,-0.5643131823434302,1.492317936372757,0.45435785779953003,0.4,0.0,1.4,0.0
transgastric_short_axis,5,427,21.351,0.3709965625716429,-0.5643131766496672,1.4923189523174285,0.45435785991754063,-0.007160572888493056,5.6937631125851876e-06,0.0010159446711990165,2.1179480796822928e-06,0.04775808565626237,-0.048409275241480684,1.0662059553197805,0.7309270924989265,0.2771422863006592,-0.23697999560231792,1.5123351965904235,-0.48316425676345826,0.4,0.0,1.4,0.0
transgastric_short_axis,5,428,21.4009,0.27713512382427824,-0.23698000077228595,1.5123359694603824,-0.48316424522907264,-0.0071624763808428955,-5.169968052975056e-06,0.0007728699586088972,1.1534386695151884e-05,0.06785694097377432,0.00033925975409750467,0.9709909317584027,0.5633137282776726,0.3730618238449097,-0.5403084053509727,1.5017984167098999,0.42565688281059266,0.4,0.0,1.4,0.0
transgastric_short_axis,5,429,21.4513,0.37305466333819126,-0.5403084007066478,1.5017994360452587,0.42565688390557543,-0.007160506718376753,4.644325198353974e-06,0.0010193353578485634,1.0949139107799964e-06,0.04977960545430295,-0.04671310048698281,1.0676652993599367,0.6958492128596043,0.2858768701553345,-0.2500444860307839,1.5192658398628234,-0.4535356256961822,0.4,0.0,1.4,0.0
transgastric_short_axis,5,430,21.5012,0.28586970755035845,-0.2500444903360596,1.519266592116816,-0.4535356143343424,-0.007162604976045439,-4.305275416799395e-06,0.0007522539921406309,1.136183909437589e-05,0.06810392021214912,-0.001565680210042812,0.9792929420876557,0.5435688036181334,0.3724854946136475,-0.5519278604107726,1.506195514011383,0.4097856123447418,0.4,0.0,1.4,0.0
transgastric_short_axis,5,431,21.5513,0.37247833411255676,-0.5519278562949407,1.5061965314423205,0.40978561296354066,-0.007160501090661524,4.115832456394786e-06,0.001017430937045378,6.18727783578962e-07,0.04970789453948018,-0.046984213047951064,1.066810109652118,0.6961205014434162,0.2860059499740601,-0.227516015743855,1.5184391136646271,-0.4430576435565948,0.4,0.0,1.4,0.0
transgastric_short_axis,5,432,21.6012,0.28599878739371754,-0.2275160199979929,1.5184398679164248,-0.4430576325039509,-0.0071625803425180495,-4.2541384265551224e-06,0.0007542517981811241,1.1052641357897865e-05,0.0681992266385331,-0.0003882689851854547,0.9794852115768435,0.524488211367516,0.37040057182312014,-0.5697482155915236,1.498767524242401,0.43196415767669677,0.4,0.0,1.4,0.0
transgastric_short_axis,5,433,21.6513,0.37039341127775316,-0.5697482107006432,1.4987685397632884,0.43196415904734664,-0.007160545367146886,4.890880784129712e-06,0.0010155208864501264,1.3705834177170159e-06,0.04818559804574811,-0.048270115892359286,1.0651996348605546,0.7223834389303276,0.2812736749649048,-0.21758502562111148,1.5137972754478455,-0.47672515511512753,0.4,0.0,1.4,0.0
transgastric_short_axis,5,434,21.7009,0.2812665125106127,-0.2175850305919022,1.5137980502942927,-0.47672514387397913,-0.007162454292099969,-4.9707912793237395e-06,0.0007748464468449748,1.1241147418961613e-05,0.0679013215013234,0.001436375276242077,0.9750319213088856,0.5492337804992697,0.3722249031066895,-0.5585854718527263,1.4959718227386474,0.4475601648330688,0.4,0.0,1.4,0.0
transgastric_short_axis,5,435,21.7509,0.3722177425460137,-0.5585854665184172,1.49597283889503,0.44756016654025377,-0.007160560675637383,5.334309079584534e-06,0.001016156381794657,1.7071201435073414e-06,0.04825151493759571,-0.048018006664356475,1.0671928025589528,0.7227104992415347,0.2806476354598999,-0.23811587541912874,1.514504346370697,-0.47469120268821713,0.4,0.0,1.4,0.0
transgastric_short_axis,5,436,21.801,0.2806404729494342,-0.23811588031781544,1.5145051136389194,-0.47469119121327674,-0.007162510465594017,-4.8986880332539476e-06,0.0007672682215862711,1.1474940742800346e-05,0.06793577536206849,-2.7701715041711372e-05,0.9743610557633242,0.5562274869351608,0.3732524871826172,-0.5446068097681986,1.5017545992851258,0.42934840722084044,0.4,0.0,1.4,0.0
transgastric_short_axis,5,437,21.8509,0.37324532666246,-0.5446068050787988,1.501755617442674,0.4293484083063168,-0.007160520157299997,4.689399534232413e-06,0.0010181575477621648,1.0854072391013915e-06,0.04947155892961032,-0.04699941614476637,1.0678551907510394,0.7014318541952902,0.28416376113891606,-0.24761636971285017,1.5190877613544465,-0.4631043026447296,0.4,0.0,1.4,0.0
transgastric_short_axis,5,438,21.9011,0.2841565985605939,-0.24761637412387538,1.51908851820441,-0.4631042911906228,-0.007162578322146004,-4.411025069287244e-06,0.000756849963849363,1.145410703592318e-05,0.06803707692727012,-0.001072714687037582,0.9775839940294464,0.5508005283935353,0.37295792102813724,-0.5408344004722094,1.5059850405693054,0.4148729277133942,0.4,0.0,1.4,0.0
transgastric_short_axis,5,439,21.9512,0.3729507605273651,-0.5408343962589598,1.5059860587887046,0.41487292833785716,-0.007160500772160899,4.21325068573374e-06,0.001018219399471081,6.243924144595007e-07,0.05008022794919365,-0.04653262111023003,1.0672920084019917,0.6903521542358168,0.28734903335571294,-0.2470134133972994,1.5191956196308136,-0.43131869330406186,0.4,0.0,1.4,0.0
transgastric_short_axis,5,440,22.0012,0.28734187071044315,-0.24701341749179273,1.519196364153247,-0.4313186822350935,-0.00716264526983727,-4.094494060152122e-06,0.0007445224325514253,1.1068966563738013e-05,0.06825867406089414,-0.002121855569276073,0.9807869368820985,0.5234033448387279,0.370887565612793,-0.5838242495034073,1.5039752439022065,0.40703185572624206,0.4,0.0,1.4,0.0
transgastric_short_axis,5,441,22.0512,0.370880405088297,-0.5838242453287111,1.5039762580893585,0.4070318565714759,-0.007160524496021499,4.174696480870838e-06,0.0010141871512977536,8.451632857121871e-07,0.04825669979243154,-0.04848740520503356,1.0653634001572114,0.7198504669386193,0.2794690608978272,-0.19582186044649807,1.5138845357894897,-0.485499126291275,0.4,0.0,1.4,0.0
transgastric_short_axis,5,442,22.1012,0.27946189852654363,-0.1958218654986975,1.5138853225477629,-0.4854991152698453,-0.007162371283526226,-5.052198830552284e-06,0.0007867582731855802,1.1021427301161024e-05,0.06776810644373002,0.0032082330109779377,0.9732134649529987,0.5491401410694958,0.3705643177032471,-0.5659055862277295,1.491948109817505,0.45433332753181455,0.4,0.0,1.4,0.0
transgastric_short_axis,5,443,22.1512,0.3705571571296386,-0.5659055805099713,1.491949125698814,0.45433332968632545,-0.007160573608398227,5.717758804716132e-06,0.0010158813076841964,2.1544485662346377e-06,0.04768003869629558,-0.04848377878035896,1.0657910779844202,0.7321129852893309,0.2766984224319458,-0.23528422777820995,1.5119090065956116,-0.48433833904266355,0.4,0.0,1.4,0.0
transgastric_short_axis,5,444,22.2014,0.27669125996439264,-0.2352842329961992,1.511909780784153,-0.4843383275213008,-0.007162467553162509,-5.217988162319524e-06,0.0007741885419700386,1.1521363463504879e-05,0.06784459097991526,0.0004945365203772346,0.9705740203782947,0.5636232165259578,0.3729749202728272,-0.5405113881603072,1.5014102392673492,0.4263787467956543,0.4,0.0,1.4,0.0
transgastric_short_axis,5,445,22.2512,0.372967759765938,-0.5405113834794636,1.5014112587169954,0.42637874793540753,-0.007160506889143256,4.680843654360886e-06,0.00101944964575569,1.1396842683141027e-06,0.04974781385755358,-0.046736647988320515,1.0676035699005053,0.6963952740854055,0.2856844186782837,-0.24917394444351823,1.519283816242218,-0.4548729934215546,0.4,0.0,1.4,0.0
transgastric_short_axis,5,446,22.3012,0.28567725607770644,-0.24917394875972743,1.5192845692216546,-0.45487298205139454,-0.007162600577192252,-4.3162091458545596e-06,0.000752979436539323,1.1370159768439741e-05,0.06809581348876924,-0.001460586754425612,0.9790982399922654,0.5443304003756925,0.37251124382019046,-0.5500515801990277,1.5060507667064666,0.4110596882343292,0.4,0.0,1.4,0.0
transgastric_short_axis,5,447,22.3512,0.3725040833188204,-0.5500515760542012,1.50605178429395,0.41105968886487876,-0.007160501370070226,4.1448261187659835e-06,0.0010175874821200378,6.304787969433456e-07,0.04975891714719931,-0.046916113272990306,1.0668444002567683,0.6953630781940257,0.286194658279419,-0.231127948778221,1.518559330701828,-0.4420578947067261,0.4,0.0,1.4,0.0
transgastric_short_axis,5,448,22.4011,0.2861874956887939,-0.2311279530153294,1.5185600835067001,-0.44205788363349935,-0.007162590625037135,-4.237107702090834e-06,0.0007528048724537677,1.1073224400301347e-05,0.06820511017623143,-0.0006689001935501968,0.9796667043965357,0.525209560733893,0.37059497833251953,-0.5706225022490722,1.4997652132987975,0.4280198404312134,0.4,0.0,1.4,0.0
transgastric_short_axis,5,449,22.4512,0.3705878177919384,-0.5706224974843586,1.49976622877091,0.4280198416968428,-0.007160540581221137,4.764714286163453e-06,0.0010154721104970222,1.2655612641423573e-06,0.04826347482962006,-0.048240201403909735,1.0653316652524245,0.720853241920217,0.281209135055542,-0.21660194467184393,1.514192568540573,-0.47787751593589783,0.4,0.0,1.4,0.0
transgastric_short_axis,5,450,22.501,0.2812019726049054,-0.21660194962204254,1.5141933439903976,-0.47787750469549356,-0.007162450636592936,-4.950199407819321e-06,0.0007754498244500549,1.1240403392643657e-05,0.06789095823295117,0.0015417716997381606,0.9749402473929742,0.5499421835054448,0.37214834690093995,-0.5580486160276692,1.4959624600410462,0.44769873275756833,0.4,0.0,1.4,0.0
transgastric_short_axis,5,451,22.5508,0.3721411863407954,-0.5580486106897595,1.4959634762891634,0.44769873446671316,-0.00716056014469596,5.33791003453384e-06,0.0010162481163276582,1.7090795881864315e-06,0.04827315635392554,-0.047994671268342046,1.0671167107759407,0.7223832161781352,0.2807009220123291,-0.23879073708411164,1.514597598838806,-0.4744268001079559,0.4,0.0,1.4,0.0
transgastric_short_axis,5,452,22.6008,0.28069375949933834,-0.23879074197259897,1.5145983657420778,-0.4744267886276092,-0.007162512990677733,-4.888488465545444e-06,0.0007669032719854745,1.1480348107900563e-05,0.06793823320252924,-8.262744966108272e-05,0.9744084228006618,0.556298984964459,0.3732765674591065,-0.5442787416114145,1.5020126352310181,0.42850557718276977,0.4,0.0,1.4,0.0
transgastric_short_axis,5,453,22.6509,0.3732694069402296,-0.5442787369509257,1.5020136534085466,0.4285055782398839,-0.00716051887705148,4.6604894357041025e-06,0.0010181775276656008,1.057045725658665e-06,0.049512352879005586,-0.04696718561902193,1.0678629121280456,0.7006979978326456,0.284285306930542,-0.24776598527065297,1.5191929980754852,-0.4625593936443329,0.4,0.0,1.4,0.0
transgastric_short_axis,5,454,22.7008,0.2842781443502194,-0.24776598966795338,1.5191937545963992,-0.4625593821952021,-0.007162580322484923,-4.397301051163469e-06,0.000756520914969496,1.1449131140614013e-05,0.06804132414863269,-0.0011016121086811683,0.977699009753124,0.5504070009572578,0.3729181528091431,-0.5409652906785976,1.5060584441184997,0.4144665866374969,0.4,0.0,1.4,0.0
transgastric_short_axis,5,455,22.751,0.37291099230885616,-0.5409652864757348,1.5060594623363377,0.4144665872545783,-0.00716050028697762,4.20286318155726e-06,0.0010182178379835802,6.170107979484718e-07,0.0500860143517882,-0.04653112620816702,1.0672477008716212,0.6902234544051621,0.2873782396316529,-0.24652112390860906,1.519184571647644,-0.4306400849819183,0.4,0.0,1.4,0.0
transgastric_short_axis,5,456,22.8009,0.2873710769858513,-0.24652112799707315,1.5191853160269986,-0.4306400739253548,-0.007162645801589079,-4.0884638330851695e-06,0.0007443793551192748,1.1056561403272966e-05,0.06826401694857392,-0.002111588139739145,0.9808173920051697,0.5226030555547556,0.37081255912780764,-0.5848483389722728,1.5037881772041322,0.407407674407959,0.4,0.0,1.4,0.0
transgastric_short_axis,5,457,22.851,0.3708053986016753,-0.5848483347820121,1.5037891912475922,0.4074076752698659,-0.007160526132394108,4.190261174428265e-06,0.0010140434593016617,8.61837867834749e-07,0.04819531688967749,-0.048543536294841566,1.0653005765039063,0.7208696897059311,0.2793511152267456,-0.19445528430025916,1.5135635825157165,-0.4857874973773956,0.4,0.0,1.4,0.0
transgastric_short_axis,5,458,22.9008,0.27934395286171915,-0.19445528938234044,1.5135643701400978,-0.48578748637780966,-0.007162365026352027,-5.082081415770469e-06,0.0007876243801286791,1.0999582278285802e-05,0.06775958413000141,0.003310740201881702,0.9731163839085368,0.5488689182003228,0.3704418182373047,-0.5672433253327899,1.4916486907482147,0.45465840039253236,0.4,0.0,1.4,0.0
transgastric_short_axis,5,459,22.9509,0.37043465766181155,-0.5672433195903481,1.491649706462609,0.454658402576829,-0.007160575493159695,5.742441563843174e-06,0.0010157143933509486,2.1842357210853713e-06,0.047604121129350085,-0.04855262136127156,1.065688017965978,0.7333164561196267,0.2762760639190674,-0.2341745634533796,1.5114755136966704,-0.48534192659854886,0.4,0.0,1.4,0.0
transgastric_short_axis,5,460,23.001,0.2762689014347813,-0.2341745687234515,1.5114762890113616,-0.48534191507192426,-0.0071624842861259886,-5.270073694075565e-06,0.0007753146879114614,1.1526649811733039e-05,0.06783367237229476,0.0006042340333879161,0.970179240725924,0.5640308953651368,0.3728966236114502,-0.5408626757528455,1.501202012872696,0.4264845452785492,0.4,0.0,1.4,0.0
transgastric_short_axis,5,461,23.0511,0.37288946310489157,-0.5408626710566223,1.5012030323964751,0.4264845464429179,-0.007160506558519946,4.696223667124302e-06,0.0010195237788693985,1.1643003401400107e-06,0.04972751837346185,-0.04675572658090807,1.0675390564812999,0.6967054846017136,0.2855897903442383,-0.24821445743703313,1.5192647163391113,-0.45560431373119353,0.4,0.0,1.4,0.0
transgastric_short_axis,5,462,23.1009,0.28558262774708937,-0.24821446176124595,1.5192654698490085,-0.4556043023608874,-0.007162597148945607,-4.324214896501435e-06,0.0007535098969387078,1.1370305766578753e-05,0.06809187342705764,-0.0013701870071757601,0.979004299286383,0.5445193171309369,0.3724977970123291,-0.5491025793893347,1.505825500202179,0.41232177987098695,0.4,0.0,1.4,0.0
transgastric_short_axis,5,463,23.151,0.3724906365101041,-0.5491025752117206,1.5058265178766224,0.4123217805226682,-0.00716050222486305,4.177614420775262e-06,0.001017674442657731,6.516110629914228e-07,0.04976640812838133,-0.04689368468083171,1.0668448859244475,0.6953264742285,0.2862223863601685,-0.2334291072135636,1.5186082039833069,-0.44303217701911923,0.4,0.0,1.4,0.0
transgastric_short_axis,5,464,23.2014,0.2862152237668626,-0.2334291114578583,1.518608956551959,-0.4430321659152578,-0.007162593305891853,-4.244295736808232e-06,0.000752568652480197,1.1103859621482326e-05,0.06819649607107779,-0.0007925359554146021,0.979690418485732,0.5270500071040123,0.3708099365234375,-0.5690521942794422,1.500527336883545,0.4258055624485016,0.4,0.0,1.4,0.0
transgastric_short_axis,5,465,23.2512,0.37080277598758826,-0.5690521895954473,1.5005283525794475,0.4258055636376987,-0.00716053584928126,4.683995278586803e-06,0.001015695901332779,1.1891293724203507e-06,0.048407174163712915,-0.04812411235929712,1.0654980611964344,0.7183934855429578,0.2813724517822266,-0.21871266628329988,1.5149013247489929,-0.4775895193576813,0.4,0.0,1.4,0.0
transgastric_short_axis,5,466,23.3008,0.28136528932227634,-0.21871267117233115,1.5149020989211914,-0.47758950808797856,-0.00716245995027415,-4.8890329379313064e-06,0.0007741721985648602,1.1269701489322308e-05,0.06789920621324766,0.001388156125097427,0.9750570632250151,0.550639317231467,0.372262978553772,-0.556291054543893,1.4966122312545775,0.4462272912025452,0.4,0.0,1.4,0.0
transgastric_short_axis,5,467,23.3509,0.3722558179974747,-0.5562910492715974,1.4966132477193783,0.44622729284092433,-0.007160556297158087,5.27229628451635e-06,0.0010164647986384205,1.6383141029987058e-06,0.048403543387524686,-0.047883736902634665,1.06718986953048,0.7201960758333178,0.28151323795318606,-0.23940923544133652,1.5150743474006652,-0.47219492025375365,0.4,0.0,1.4,0.0
transgastric_short_axis,5,468,23.4008,0.281506075431095,-0.23940924026738272,1.5150751128233768,-0.47219490878855613,-0.007162522090982725,-4.8260472947851986e-06,0.0007654227113575815,1.1465199036618204e-05,0.0679579338256628,-0.00020104081973362602,0.9751912417890216,0.5545880524878737,0.37333011627197266,-0.5449238299676482,1.502261121225357,0.428201851272583,0.4,0.0,1.4,0.0
transgastric_short_axis,5,469,23.451,0.37332295575198504,-0.5449238253298194,1.5022621391962732,0.4282018522998241,-0.007160519987591597,4.63782887899293e-06,0.0010179709156449628,1.0271716371814976e-06,0.04949179858288041,-0.046993720320288174,1.0679001949692306,0.7010477954661097,0.2842007398605347,-0.24732537775186697,1.5191516149520874,-0.4630343632936478,0.4,0.0,1.4,0.0
transgastric_short_axis,5,470,23.5008,0.28419357728231626,-0.24732538215692212,1.5191523718044833,-0.4630343518430564,-0.007162578218386308,-4.405054801706996e-06,0.0007568523949827413,1.1450591572770612e-05,0.06803812087299407,-0.0010553607155275157,0.9776168004963894,0.5506169911064203,0.37293777465820316,-0.5410297058874639,1.5059058321475982,0.4151500635623932,0.4,0.0,1.4,0.0
transgastric_short_axis,5,471,23.551,0.3729306141569969,-0.5410297016656331,1.5059068503568138,0.4151500641951156,-0.007160501206181981,4.221831546577865e-06,0.0010182092155257881,6.326527872523822e-07,0.05006292717220042,-0.04654782261298261,1.067276906679571,0.6906603553759477,0.2872755765914917,-0.24694750016031997,1.519183448123932,-0.43241487793922423,0.4,0.0,1.4,0.0
transgastric_short_axis,5,472,23.6009,0.28726841394859703,-0.24694750426621326,1.5191841930744028,-0.43241486685648406,-0.007162642894691269,-4.105893440980623e-06,0.0007449504704885355,1.1082738878532272e-05,0.06825173951073579,-0.0020796390379365466,0.9807134635317509,0.5242890131542751,0.37095677852630615,-0.5823106793485636,1.5040164397716522,0.4074484957695007,0.4,0.0,1.4,0.0
transgastric_short_axis,5,473,23.6508,0.37094961800279114,-0.5823106751686346,1.5040174541408282,0.4074484966112397,-0.007160523515119281,4.179929355205247e-06,0.0010143691750936002,8.416691505996371e-07,0.048318010856617986,-0.0484224250981815,1.0654294679058698,0.7188626817871641,0.27963263988494874,-0.19799681001330616,1.5141657912254334,-0.4847349429130554,0.4,0.0,1.4,0.0
transgastric_short_axis,5,474,23.7008,0.27962547750400996,-0.19799681503402528,1.514166576615649,-0.48473493186220823,-0.0071623809388362825,-5.0207181007062765e-06,0.0007853902152153426,1.1050844665618517e-05,0.06778351062855148,0.0030349787091356406,0.9733592294879676,0.5492674447055388,0.3707596778869629,-0.564319174455883,1.4923488332748414,0.45394926967620847,0.4,0.0,1.4,0.0
transgastric_short_axis,5,475,23.7511,0.37075251731531383,-0.5643191687707104,1.492349849314623,0.4539492717896172,-0.007160571649192526,5.685172207621946e-06,0.0010160397810077607,2.1133467959589287e-06,0.04777008944913013,-0.04840213412081787,1.065960354948348,0.7306914365942808,0.2772100448608399,-0.2366358236433172,1.5124250784873963,-0.48312465255260467,0.4,0.0,1.4,0.0
transgastric_short_axis,5,476,23.8012,0.27720288236080376,-0.23663582881090886,1.512425851429927,-0.4831246410065428,-0.007162500036097262,-5.16759463628746e-06,0.000772942527720233,1.1546086773353322e-05,0.06785749402302338,0.0003611890174778781,0.971052806351167,0.5631382054122818,0.37305140495300293,-0.5404181359102624,1.5017111563682557,0.42609524431228635,0.4,0.0,1.4,0.0
transgastric_short_axis,5,477,23.8511,0.373044244445528,-0.5404181312541478,1.5017121756778504,0.42609524541643573,-0.007160507474892196,4.6561145858354295e-06,0.001019309594382504,1.10408105613976e-06,0.04976152334845316,-0.046727083237930435,1.0676602647342515,0.696190271544606,0.285760235786438,-0.24981435146189823,1.5192877485752105,-0.45429063363075256,0.4,0.0,1.4,0.0
transgastric_short_axis,5,478,23.9008,0.2857530731834259,-0.24981435577257916,1.519288501171058,-0.45429062226183814,-0.0071626030120336935,-4.310680946318627e-06,0.0007525958463296702,1.1368913903136052e-05,0.06809901027270157,-0.0015241526446555407,0.9791742569784778,0.5441224941350854,0.3725148677825928,-0.5508271842546212,1.5061919561862944,0.4101981328010559,0.4,0.0,1.4,0.0
transgastric_short_axis,5,479,23.9513,0.3725077073027753,-0.5508271801405946,1.5061929736333823,0.4101981334485867,-0.007160479817494085,4.1140295203120955e-06,0.001017447083689122,6.46940669369888e-07,0.04974774147676109,-0.046937741436262476,1.066839349515275,0.6954896583510022,0.2861530303955078,-0.2293761921533833,1.518515700531006,-0.44167149617671964,0.4,0.0,1.4,0.0
transgastric_short_axis,5,480,24.0011,0.286145867782933,-0.22937619640428183,1.5185164537188074,-0.44167148507928017,-0.0071626125748029705,-4.250902968039907e-06,0.0007531877994908235,1.109742978056039e-05,0.06820887380681735,-0.0005626039346225157,0.9796282820239746,0.5241145422844286,0.3704530715942383,-0.5713011089843381,1.4992030769348144,0.42978302364349363,0.4,0.0,1.4,0.0
transgastric_short_axis,5,481,24.051,0.3704459110707832,-0.5713011041721473,1.4992040922252512,0.429783025013581,-0.007160523455174481,4.812193272559613e-06,0.0010152904304979113,1.3695263796927377e-06,0.048176595712446854,-0.04830486240846052,1.0652254019147482,0.7223664556890854,0.28113484382629395,-0.2156411468907598,1.5137579521179199,-0.4778468062877655,0.4,0.0,1.4,0.0
transgastric_short_axis,5,482,24.1012,0.2811276813800118,-0.21564115187634572,1.5137587281488667,-0.4778467950631171,-0.007162446282088041,-4.985586461397752e-06,0.0007760309470460516,1.1224647693850662e-05,0.06788813023688817,0.0016063115116692608,0.9748946569756722,0.5494636860601341,0.37209930419921877,-0.5590560399337757,1.4956190362930297,0.4484468122959137,0.4,0.0,1.4,0.0
transgastric_short_axis,5,483,24.1512,0.37209214363694365,-0.5590560345616298,1.4956200524097394,0.4484468140422262,-0.007160562275133573,5.372146304348534e-06,0.0010161167091958885,1.7462477277457442e-06,0.048201223816439945,-0.048056376272322725,1.0670896069459372,0.7235815349178139,0.2802649974822998,-0.23835181484695295,1.5143305747032165,-0.47563926944732665,0.4,0.0,1.4,0.0
transgastric_short_axis,5,484,24.2014,0.2802578349745257,-0.23835181977014472,1.5143313424476137,-0.4756392579605064,-0.0071625077741080696,-4.923192136066713e-06,0.000767744397329739,1.1486820879126566e-05,0.06792737644399599,-1.1327041186653258e-05,0.9739890343442441,0.557184112885339,0.37324390411376956,-0.5439937417628841,1.5018386763095855,0.42880012764930725,0.4,0.0,1.4,0.0
transgastric_short_axis,5,485,24.2511,0.3732367435952786,-0.5439937370857051,1.5018396945936185,0.42880012872694007,-0.0071605184911417655,4.6771788457275845e-06,0.0010182840318249812,1.077564417499656e-06,0.0495165412549,-0.04695846917934486,1.0678415528193872,0.7006328080193062,0.28428249359130864,-0.24801484519095326,1.519212659740448,-0.4625488137960434,0.4,0.0,1.4,0.0
transgastric_short_axis,5,486,24.301,0.2842753310104031,-0.24801484958668252,1.5192134161837592,-0.46254880234476586,-0.007162580905543531,-4.395729977614435e-06,0.0007564433112647409,1.1451278132472724e-05,0.06804119170547264,-0.0011189230922032138,0.9776949026729846,0.5505150295650756,0.372927188873291,-0.5407716705449704,1.506146453475952,0.4141551833152771,0.4,0.0,1.4,0.0
transgastric_short_axis,5,487,24.3511,0.3729200283734785,-0.5407716663517095,1.506147471703697,0.41415518392310435,-0.0071604998125901174,4.193261236899224e-06,0.0010182277443139662,6.077569861448096e-07,0.050104239524730705,-0.046515324616522566,1.0672511328815817,0.6898979070207166,0.287454104423523,-0.24656363045632024,1.5191969304084778,-0.4294708713054657,0.4,0.0,1.4,0.0
transgastric_short_axis,5,488,24.4011,0.2874469417752432,-0.24656363453266672,1.5191976743391562,-0.4294708602639461,-0.007162648279660954,-4.0763470098141935e-06,0.0007439306779091956,1.1041518247941917e-05,0.06827141328185678,-0.0021547301484274558,0.98089331226046,0.5216465490860851,0.37073650360107424,-0.586463587785298,1.5037364951133727,0.40699197063446046,0.4,0.0,1.4,0.0
transgastric_short_axis,5,489,24.4512,0.3707293430738059,-0.5864635835997506,1.5037375089558038,0.40699197150054633,-0.007160527268388406,4.185547298628514e-06,0.0010138424299942527,8.660164873374982e-07,0.04812883283452215,-0.04861324595525626,1.0652283690076252,0.7219419934287031,0.2791772842407227,-0.19214045635838387,1.513255362510681,-0.4866040182352066,0.4,0.0,1.4,0.0
transgastric_short_axis,5,490,24.5012,0.2791701218861608,-0.19214046147493438,1.5132561516173881,-0.48660400726861913,-0.007162354561870084,-5.116552181819715e-06,0.0007891067072882352,1.0966584070035802e-05,0.06774233309313744,0.0034951529302758595,0.9729620787722961,0.5487515213189529,0.37022948265075684,-0.5688980846372999,1.4912211899757386,0.4550211112976074,0.4,0.0,1.4,0.0
transgastric_short_axis,5,491,24.5512,0.37022232207327843,-0.5688980788606749,1.491222205527535,0.4550211135254285,-0.007160577478429562,5.7766248195539615e-06,0.001015551794790022,2.227759456944294e-06,0.04751098859920004,-0.04863672821791953,1.0655035546879974,0.7347771354426477,0.27574887275695803,-0.23270986646572805,1.5109332262516022,-0.48659905600547787,0.4,0.0,1.4,0.0
transgastric_short_axis,5,492,24.6011,0.27574171030570654,-0.23270987179009295,1.5109340028990443,-0.4865990445043179,-0.007162451251350624,-5.324365994610357e-06,0.0007766474423579284,1.1501160657935622e-05,0.06781965301974638,0.0007466678579451875,0.9696865247583848,0.5645165986027628,0.37279338836669923,-0.5413420447490598,1.500924502515793,0.4266712374687195,0.4,0.0,1.4,0.0
transgastric_short_axis,5,493,24.6511,0.37278622786045523,-0.5413420400317341,1.5009255221290339,0.42667123866573764,-0.007160506243836822,4.7173259317658625e-06,0.0010196132403923989,1.196950322555307e-06,0.049698614753241326,-0.0467826012333659,1.0674541430873477,0.6971557219311592,0.2854498863220215,-0.24695573931494239,1.519241122341156,-0.4566505951881409,0.4,0.0,1.4,0.0
transgastric_short_axis,5,494,24.7012,0.28544272372961116,-0.24695574365041173,1.519241876588774,-0.45665058381686,-0.007162592410319779,-4.335469334352927e-06,0.000754247617043456,1.1371280476340893e-05,0.0680858825465648,-0.0012486413146822516,0.9788651292727479,0.5448475839178417,0.37248437404632573,-0.547717090638167,1.5055371291160584,0.41397860283851623,0.4,0.0,1.4,0.0
transgastric_short_axis,5,495,24.751,0.3724772135430737,-0.5477170864176122,1.5055381469172735,0.41397860351741667,-0.00716050325216648,4.220555902281764e-06,0.0010178012140136985,6.788296004681868e-07,0.04978276623920449,-0.046857275909764906,1.066849243583957,0.6951748666005655,0.28626546859741214,-0.236607361109167,1.518693966293335,-0.4440382925033569,0.4,0.0,1.4,0.0
transgastric_short_axis,5,496,24.8009,0.28625830599967494,-0.2366073653586205,1.5186947184020898,-0.44403828136113543,-0.0071625977371498955,-4.249454779965111e-06,0.0007521087543745985,1.1142219803649517e-05,0.06818670731618935,-0.0009748891708337495,0.9797270079659008,0.5293190434763458,0.3710799217224121,-0.5673247806114435,1.5015561100959778,0.42260689043998717,0.4,0.0,1.4,0.0
transgastric_short_axis,5,497,24.8512,0.37107276119268323,-0.5673247760390338,1.5015571260318294,0.4226068915258274,-0.007160529728980252,4.572409497872711e-06,0.0010159358505896676,1.0857714680565112e-06,0.04858787287352572,-0.047981654460465525,1.0657026027515832,0.7152654201523534,0.28155307769775395,-0.2210398529571088,1.5157791712760924,-0.477424174118042,0.4,0.0,1.4,0.0
transgastric_short_axis,5,498,24.9011,0.2815459152275622,-0.22103985777236446,1.5157799440589441,-0.4774241628153665,-0.007162470191775506,-4.815255556972142e-06,0.0007727828512907683,1.1302674668875875e-05,0.06790685404985074,0.0012238365119702334,0.975179913308095,0.5515694114157789,0.37238450050354005,-0.554136702863641,1.4973649921417236,0.4444998734951019,0.4,0.0,1.4,0.0
transgastric_short_axis,5,499,24.9512,0.3723773399718518,-0.5541366976855996,1.497366008792869,0.4444998751086633,-0.007160531688229275,5.178044096243438e-06,0.0010166511386745542,1.6130122143620813e-06,0.048560530747050884,-0.04774856331942272,1.0672633252442087,0.7175588963345118,0.282477879524231,-0.24020862069322663,1.5156439739227294,-0.4695151289463043,0.4,0.0,1.4,0.0
transgastric_short_axis,5,500,25.0013,0.2824707169669412,-0.24020862545491437,1.5156447376140365,-0.4695151174724966,-0.0071625572897650565,-4.761690850665834e-06,0.000763691304234303,1.14738264442036e-05,0.06798115869340793,-0.0003471557044301852,0.976120594592151,0.5525680654781235,0.37324512004852295,-0.545288599813205,1.50256634516716,0.4274457198143005,0.4,0.0,1.4,0.0
