view,repeat,step,t,pos_insertion,pos_axial,pos_large,pos_small,vel_insertion,vel_axial,vel_large,vel_small,tip_x,tip_y,tip_z,joint_dist,cmd_insertion,cmd_axial,cmd_large,cmd_small,goal_insertion,goal_axial,goal_large,goal_small
mid_esophageal_4chamber,1,1,0.3672,0.0,1.5708000000000002,0.0,0.0,0.0,0.0,0.0,0.0,0.0,0.0,0.76,1.5991912455988497,0.22567524909973147,0.3974703012391692,0.8018135579109191,-0.27750605006217954,0.3,0.0,0.0,0.0
mid_esophageal_4chamber,1,2,0.6676,0.22566808647721132,0.397470285908887,0.8018145705097712,-0.2775061163699606,-0.0071626225201186985,-1.5330282423156866e-05,0.0010125988527596654,-6.630777854258275e-05,0.04178300699939038,0.027940333176247407,0.9634151821502654,0.9399064377122645,0.16328140497207644,-1.0622936798357119,1.489981568813324,0.029218170404434203,0.3,0.0,0.0,0.0
mid_esophageal_4chamber,1,3,1.0011,0.16327424426118614,-1.0622936810322363,1.4899825327069562,0.029218174619698445,-0.007160710890193032,-1.196523643318314e-06,0.0009638936328633513,4.215263972342684e-06,0.033069295141425856,-0.06142847858550608,0.8589238484330952,1.835228445328622,0.32736043930053715,-0.48472781728209874,0.6857067449569701,-0.1895031528711319,0.3,0.0,0.0,0.0
mid_esophageal_4chamber,1,4,1.3346,0.32735327421082483,-0.4847278251092176,0.6857074024092276,-0.18950317887912682,-0.007165089712504337,-7.82711776038159e-06,0.0006574522578560711,-2.6007996050540194e-05,0.0419403005189545,-0.014635859167722887,1.0710463163966486,0.8612870384310155,0.35478057861328127,-0.13850393427337565,0.6434409064292907,0.16050041813850402,0.3,0.0,0.0,0.0
mid_esophageal_4chamber,1,5,1.6679,0.3547734131361948,-0.13850392858885238,0.6434415186185998,0.16050044380605666,-0.007165477086606358,5.684523348367248e-06,0.0006121893086156755,2.566755258447747e-05,0.04055495303353568,-0.011300726678402545,1.1004160277796238,0.6796770154752073,0.33839168548583987,0.01106818071415338,-0.13751714894771574,0.13151388087272645,0.3,0.0,0.0,0.0
mid_esophageal_4chamber,1,6,2.0019,0.3383845172439964,0.011068180737721228,-0.13751729415676253,0.13151393635251996,-0.0071682418435243265,2.3568003910859928e-08,-0.0001452090476923757,5.547979385432283e-05,-0.009503082194081644,-0.00469519770040995,1.0974242852869813,0.19442941504831449,0.21541373729705812,-0.1457549521016588,0.10619695930480957,0.0005587657928466797,0.3,0.0,0.0,0.0
mid_esophageal_4chamber,1,7,2.3349,0.21540656897395377,-0.14575495210241604,0.10619707443334145,0.0005587660471881861,-0.007168323104280754,-7.586320296868882e-10,0.00011512853196565597,2.543410256266853e-07,0.007338313381738345,-0.0010970011847372938,0.9750122107183068,0.19919509399789995,0.32820448875427244,-0.8303575448904359,0.16365677075386048,0.05840731644630432,0.3,0.0,0.0,0.0
mid_esophageal_4chamber,1,8,2.6679,0.32819732055834605,-0.8303575449291376,0.1636569400561315,0.05840734069172715,-0.007168195926396823,-3.870163977951895e-08,0.00016930227097797769,2.424542297028494e-05,0.006179174844921892,-0.009789914439025707,1.0872030998455002,0.8488131436203322,0.28551611900329593,-0.1530595244349878,0.1251560474395752,0.00715703330039978,0.3,0.0,0.0,0.0
mid_esophageal_4chamber,1,9,3.0014,0.28550895071405813,-0.15305952444396492,0.125156178941458,0.007157036426312935,-0.007168289237769007,-8.97778690570402e-09,0.0001315018827040831,3.125913280966522e-06,0.008597622113851976,-0.0015797787494278397,1.0449605341731438,0.19837464764947693,0.33943791389465333,-0.8668429558542515,0.13404742684364318,0.04736495089530945,0.3,0.0,0.0,0.0
mid_esophageal_4chamber,1,10,3.3347,0.33943074562428666,-0.8668429559015169,0.1340475649378655,0.047364971033746706,-0.00716827036659867,-4.726583119270054e-08,0.00013809422221405478,2.0138437407216146e-05,0.004788433768964467,-0.008199982029723602,1.098763879809269,0.8793086398093478,0.28045077323913575,-0.12530930265257806,0.06635137810707092,0.037506404829025265,0.3,0.0,0.0,0.0
mid_esophageal_2chamber,1,1,0.3343,-7.16842105263904e-06,-9.43689570931383e-16,3.0531133177191805e-16,0.0,-0.007168421052635086,4.695050602786446e-36,-1.491917864338201e-18,-4.333658603181965e-20,2.1371793224034264e-17,-1.1863728457425373e-33,0.7599928315789473,1.5993890399474482,0.0006543993949890137,1.2131226404101902,1.028124190235138,-0.23111369619369507,0.3,1.571,0.0,0.0
mid_esophageal_2chamber,1,2,0.6679,0.0006472370883961612,1.213122629693248,1.0281250872841987,-0.2311137124123226,-0.007162306592961615,-1.071694376812633e-05,0.0008970490608707355,-1.6218627493959492e-05,0.013197126912255611,0.05820999548526927,0.7263164310365533,1.1524508805188332,0.22414124011993408,-0.4354580471469798,1.3037809202671051,0.17494406447410582,0.3,1.571,0.0,0.0
mid_esophageal_2chamber,1,3,1.0009,0.2241340801492259,-0.4354580410856157,1.303782017388908,0.17494407372394338,-0.007159970708246839,6.061364733207316e-06,0.0010971218039244903,9.249837228011556e-06,0.05818137771194246,-0.03378740457021038,0.9324628131300334,2.400433812091004,0.27196123600006106,1.707327358043228,0.31399379339218136,-0.13493089098930358,0.3,1.571,0.0,0.0
mid_esophageal_2chamber,1,4,1.3345,0.27195406842006065,1.7073273571587197,0.31399412712402164,-0.1349309371434967,-0.007167580000423305,-8.845072608611076e-07,0.00033373183964154323,-4.6154193217486335e-05,-0.007593742959231109,0.020680828425974233,1.0282290217008043,0.36901272641315,0.1872025489807129,1.7013502258716813,-0.03569912331104279,0.10232492208480835,0.3,1.571,0.0,0.0
mid_esophageal_2chamber,1,5,1.6679,0.18719538058471913,1.7013502259179933,-0.03569916321179158,0.10232497047322309,-0.007168395993955484,4.631194027576615e-08,-3.990074865360044e-05,4.838841516616746e-05,0.0038691037727215136,-0.002005248442671368,0.9469678247343014,0.20361948186425186,0.22105953693389893,1.5331576214374545,-0.08008748538494109,-0.04843669888973236,0.3,1.571,0.0,0.0
mid_esophageal_long_axis,1,1,0.3343,-7.16842105263904e-06,4.559377449442722e-16,1.942890293094024e-16,1.1102230246251565e-16,-0.007168421052635087,5.555673665196508e-36,-1.641262185824119e-18,1.0204863314897019e-19,1.3600232051658172e-17,-3.885780586188042e-18,0.7599928315789473,2.375024273792589,0.05397118330001832,3.0347547865866527,0.005128698492050171,-0.4567816729545593,0.3,2.356,0.0,0.0
mid_esophageal_long_axis,1,2,0.6677,0.0539640151385419,3.0347547864690427,0.005128705713943499,-0.4567818857119613,-0.007168161476345402,-1.1760971935307427e-07,7.2218936347938645e-06,-0.00021275740242180575,-0.001984801769736547,-0.015312838468198703,0.8103748202892782,0.8543522462885312,0.2921238660812378,2.401780983704208,-0.8305560096502304,-0.43947753524780275,0.3,2.356,0.0,0.0
mid_esophageal_long_axis,1,3,1.0008,0.2921167028620322,2.4017810073549195,-0.8305569070703416,-0.43947760814174985,-0.007163219205566503,2.3650712895900755e-05,-0.0008974201119324877,-7.289394713962305e-05,0.026319094415087434,-0.044184294222980335,1.0270860238320434,0.940809965374752,0.23117752075195314,2.43193666412934,0.6173405143260956,0.22387277312278747,0.3,2.356,0.0,0.0
mid_esophageal_long_axis,1,4,1.3343,0.23117035531542798,2.4319366714348756,0.6173411573386964,0.2238728183739136,-0.007165436525060705,7.305535548379114e-06,0.0006430126007820192,4.525112677356742e-05,-0.02529211291033418,0.03196725528889843,0.9775375779562994,0.6646300033905881,0.20199987888336182,3.0466551219176714,-0.28761102232933045,0.4274595766067505,0.3,2.356,0.0,0.0
mid_esophageal_long_axis,1,5,1.6678,0.2019927114624422,3.0466551145322174,-0.2876113974490867,0.42745973367084833,-0.007167420919671237,-7.385453006443407e-06,-0.0003751197565291637,0.00015706409803825576,0.02025310224839685,0.012646673260854828,0.9560975230012556,0.8672093494010334,0.27741050720214844,1.5048003237621828,-0.12683047227859498,-0.11398962614536286,0.3,2.356,0.0,0.0
mid_esophageal_long_axis,1,6,2.001,0.2774033389348531,1.5048003236895156,-0.12683060878112562,-0.11398967580435225,-0.007168267295334653,-7.266723218532278e-08,-0.00013650253078993654,-4.965899024388196e-05,-0.004554371292789354,-0.008543875366189495,1.0366157648931438,0.8684072475262621,0.30361609458923344,2.206594661684722,0.01872689323425293,0.1509347372531891,0.3,2.356,0.0,0.0
mid_esophageal_long_axis,1,7,2.3343,0.30360892619952873,2.2065946616656573,0.01872691356070566,0.15093480539176063,-0.007168389704569746,-1.9065482407847834e-08,2.0326452127335094e-05,6.813857235414932e-05,0.0034603848090958376,0.004173764219251639,1.0631988051877654,0.21322990465990413,0.2569421768188477,2.52966427316224,0.000311590576171875,-0.030910103487968445,0.3,2.356,0.0,0.0
mid_esophageal_long_axis,1,8,2.6676,0.2569350083990187,2.5296642731623993,0.0003115909096992331,-0.030910117807226745,-0.007168419829039617,1.5962190053872658e-10,3.3352705488733684e-07,-1.4319257088525901e-05,-0.0006392181325344866,-0.0008728753227238342,1.016918286213726,0.18157479380786504,0.25747764110565186,2.3048623098524197,0.18266098709106446,0.09836056866645813,0.3,2.356,0.0,0.0
mid_esophageal_long_axis,1,9,3.001,0.25747047298126324,2.3048623098404426,0.18266118338195925,0.0983606097274422,-0.007168124388512819,-1.1976761789502933e-08,0.0001962908953347853,4.1060984137076455e-05,-0.0059454383778679756,0.011720218578823301,1.0161395792036603,0.21786174855569365,0.18521780967712403,2.9413677140116614,0.23129383449554444,0.15479834804534912,0.3,2.356,0.0,0.0
mid_esophageal_long_axis,1,10,3.3342,0.1852106417587005,2.941367714354267,0.23129409458725936,0.15479841085967816,-0.00716791842346374,3.426023865550839e-07,0.0002600917148389536,6.281432905874373e-05,-0.014558736634351043,0.008460950286397224,0.9429392173851323,0.6582487857713146,0.2684938669204712,2.5159434591666914,-0.050435822081565856,-0.2661596777200699,0.3,2.356,0.0,0.0
mid_esophageal_long_axis,1,11,3.6676,0.26848669860926266,2.5159434593199497,-0.05043588130104182,-0.2661597964360814,-0.007168311208519618,1.5325848230236173e-07,-5.921947587237244e-05,-0.00011871601195332892,-0.0025810504919691764,-0.00949251210330514,1.0271668355767554,0.3161642195209397,0.26279759407043457,2.298915887257193,0.21188833293914794,0.19867775387763978,0.3,2.356,0.0,0.0
mid_esophageal_long_axis,1,12,4.0012,0.26279042608829456,2.2989158878297773,0.21188856951108404,0.1986778331875767,-0.0071679821400043265,5.725833779133523e-07,0.00023657193667698737,7.930993681303057e-05,-0.004543924058552462,0.015477509790090781,1.0205518016122215,0.298350122410763,0.19639474153518677,3.0755760526705234,0.2839940249919891,0.33826396536827086,0.3,2.356,0.0,0.0
mid_esophageal_long_axis,1,13,4.3343,0.19638757399867618,3.0755760568010775,0.2839943759382496,0.3382640911208936,-0.007167536510521702,4.130555297887916e-06,0.00035094626054463696,0.00012575262281793308,-0.018250008178201417,0.01284666433872909,0.9516797188514223,0.8506471872931031,0.28800218105316167,2.814472374094265,-0.5231373579025268,-0.10900183625221252,0.3,2.356,0.0,0.0
mid_esophageal_long_axis,1,14,4.6675,0.2879950147218252,2.814472376511553,-0.5231378785073291,-0.10900186075283319,-0.007166331336362849,2.4172874038820297e-06,-0.0005206048026320151,-2.4500620812681684e-05,0.0317958488247468,-0.01480939145871025,1.0384529803292757,0.7041986120920785,0.32104120254516605,1.8401930890056615,-0.014304235768318177,-0.04452786626815796,0.3,2.356,0.0,0.0
mid_esophageal_long_axis,1,15,5.0009,0.32103403412830334,1.8401930889962976,-0.014304250682293405,-0.04452788641890365,-0.007168416862758491,-9.365734335118637e-09,-1.4913975522292194e-05,-2.0150745172421105e-05,-0.0012354137537408047,-0.0013793224737654426,1.0809921843049441,0.5183498280962467,0.25072612762451174,1.8371052785573907,-0.32217117347717283,-0.041527121686935425,0.3,2.356,0.0,0.0
mid_esophageal_long_axis,1,16,5.3343,0.25071896005942057,1.837105278752393,-0.3221715097730454,-0.04152713611410391,-0.007167565091074756,1.950021709500787e-07,-0.00033629587312678953,-1.4427168736672835e-05,0.004428598298630626,-0.021755774031989465,1.007088844801909,0.6141655618638507,0.332763147354126,1.8460994393488608,-0.018030027651786802,0.15857788181304933,0.3,2.356,0.0,0.0
mid_esophageal_long_axis,1,17,5.6675,0.33275597896678455,1.8460994393640906,-0.018030047064708725,0.1585779526726347,-0.007168387341592407,1.5229984171082622e-08,-1.9412921539293578e-05,7.085958566184825e-05,0.005659782323924795,0.0002955600858412632,1.0923055222719809,0.535297660714006,0.316100549697876,1.8245210933927098,-0.30815793035030364,0.007504763889312744,0.3,2.356,0.0,0.0
mid_esophageal_long_axis,1,18,6.0016,0.31609338203814574,1.8245210933443872,-0.3081582430670086,0.007504766288629339,-0.007167659730225957,-4.8323494483498285e-08,-0.00031271670517326895,2.3993168478295827e-06,0.005583471816270839,-0.02048533247740318,1.0727950087217026,0.6146109740742218,0.3320222139358521,1.7627319278088045,-0.04255168168544769,0.16237745175361634,0.3,2.356,0.0,0.0
mid_esophageal_long_axis,1,19,6.3343,0.33201504556262246,1.7627319278384466,-0.042551727580478704,0.16237752395592903,-0.0071683732295855455,2.964145331598566e-08,-4.5895031694115546e-05,7.220231302840971e-05,0.006118660334467098,-0.0018244484540439854,1.091491699013208,0.6173889198834106,0.31989092826843263,1.660392639229512,-0.22169922287464142,0.030893531513214112,0.3,2.356,0.0,0.0
mid_esophageal_long_axis,1,20,6.6676,0.31988376025037546,1.660392639212434,-0.22169945068626234,0.030893543515378707,-0.007168018057043763,-1.707911502408144e-08,-0.00022781162150830282,1.200216391617934e-05,0.002453672226271157,-0.015230016070015786,1.0781542300201448,0.7310061708146276,0.3177451848983765,1.6667248040638798,-0.02477519588470459,0.1579101342201233,0.3,2.356,0.0,0.0
mid_esophageal_long_axis,1,21,7.0009,0.3177380165134064,1.6667248040856473,-0.024775222708762257,0.15791020505985948,-0.007168384970100049,2.1767571056851868e-08,-2.6824058842632308e-05,7.083973632705088e-05,0.005643671824727249,-0.0011882044821575808,1.0772812002873589,0.7077883705281648,0.31751589775085454,1.6664757568900654,-0.1296336639404297,0.024241896629333497,0.3,2.356,0.0,0.0
mid_esophageal_long_axis,1,22,7.3343,0.31750872946997044,1.6664757569181239,-0.12963379837922834,0.02424190706308721,-0.007168280884131212,2.805870474236668e-08,-0.00013443879889090578,1.0433753688992496e-05,0.0017088563648099513,-0.008925211130234282,1.0769111829974827,0.7022412898324681,0.29846661090850835,1.6291894626462464,-0.03400812649726868,0.07697635459899903,0.3,2.356,0.0,0.0
mid_esophageal_long_axis,1,23,7.6675,0.2984594425046964,1.6291894626805883,-0.034008162516798,0.0769763895420516,-0.007168403811932265,3.43420215172042e-08,-3.601953097558605e-05,3.49430525619661e-05,0.002825623963395543,-0.0022154612349161358,1.0583153842175992,0.7316678550685596,0.29032249450683595,1.788076316441464,-0.040349575209617614,0.011118765163421631,0.3,2.356,0.0,0.0
mid_esophageal_long_axis,1,24,8.0009,0.2903153260996905,1.7880763164483575,-0.04034961768394901,0.011118770230035435,-0.007168407145409853,6.8949924871455735e-09,-4.2474331575071856e-05,5.066613318890989e-06,0.0009886990594493588,-0.002673338509060352,1.0502561889325726,0.5695461543598469,0.2778927326202393,1.6324173387230987,-0.22336625118255615,0.01927891788482666,0.3,2.356,0.0,0.0
mid_esophageal_long_axis,1,25,8.3342,0.27788556461452046,1.6324173387149497,-0.2233664845796432,0.01927892548329385,-0.0071680057185987385,-8.148193177201572e-09,-0.00023339708692621323,7.5984673342219375e-06,0.0016282396779355793,-0.01543354208829091,1.0361402298321933,0.75784245022698,0.31567220687866215,1.6498644976501562,-0.012025542426109313,0.18153240752220154,0.3,2.356,0.0,0.0
mid_esophageal_long_axis,1,26,8.6675,0.31566503849946265,1.6498644976559902,-0.012025555614919525,0.18153248888959922,-0.007168379199405,5.834053537826934e-09,-1.3188810526580131e-05,8.136739785869908e-05,0.00636499817635391,-0.0003331490116759684,1.0750849048422306,0.7293636950192384,0.3182253837585449,1.8789332195333115,-0.10874988605976105,0.03318008952140808,0.3,2.356,0.0,0.0
mid_esophageal_long_axis,1,27,9.0009,0.3182182154372307,1.8789332195715716,-0.10874999905581956,0.033180104022707047,-0.007168321314149304,3.826003056234046e-08,-0.00011299605876746998,1.450129880584483e-05,0.003409969297992147,-0.006885531142807355,1.0777855430260126,0.4907668468424309,0.2701714038848877,1.5936869453781841,-0.09170153725147247,0.048262833595275875,0.3,2.356,0.0,0.0
mid_esophageal_long_axis,1,28,9.3342,0.27016423553837726,1.5936869454318172,-0.09170163479510468,0.04826285526679669,-0.007168346510426852,5.363346861456585e-08,-9.754363218174144e-05,2.1671520682774226e-05,0.0018347352857156687,-0.006366062786136987,1.0298295364308727,0.769902499689851,0.29204208850860597,1.7195010835049005,0.018493762063980103,0.05363046813011169,0.3,2.356,0.0,0.0
mid_esophageal_long_axis,1,29,9.6675,0.29203492009407983,1.7195010834902895,0.018493781612204885,0.0536304926180437,-0.007168414526031515,-1.4613421614939148e-08,1.9548224935868078e-05,2.4487931984851677e-05,0.0016638113947811048,0.0015572522836720063,1.051972636384802,0.6390716414555702,0.2899862289428711,1.7685307946348838,-0.15711224513053892,0.04952342720031738,0.3,2.356,0.0,0.0
mid_esophageal_long_axis,1,30,10.0008,0.2899790607317889,1.7685307946794602,-0.15711241013599214,0.049523448187593855,-0.007168211082143963,4.45752636208267e-08,-0.0001650054548344673,2.0987276391951773e-05,0.003849168614850799,-0.010392304162891015,1.0490745029009372,0.610210920717495,0.3104872703552246,1.5231099723753978,-0.025905367112159728,0.08685306429862975,0.3,2.356,0.0,0.0
mid_esophageal_long_axis,1,31,10.3341,0.31048010194927284,1.52310997240349,-0.02590539448672463,0.08685310360127779,-0.0071684059515690225,2.809154206720125e-08,-2.7374565369970813e-05,3.930264852652193e-05,0.0029463188852557943,-0.0019524229797304392,1.070324731782487,0.8378724137213668,0.27572782039642335,2.212609244559098,0.029253374147415162,-0.024320075154304503,0.3,2.356,0.0,0.0
mid_esophageal_long_axis,1,32,10.6675,0.2757206519834017,2.21260924457025,0.029253405165669932,-0.024320086316813205,-0.007168413021665824,1.1152036593907029e-08,3.101825484472447e-05,-1.1162509079740249e-05,-0.0019072760532839695,0.0011302648489126957,1.0356803567323225,0.15032506043594185,0.17387782335281374,2.6024624473498283,0.10518522620201111,0.17210023870468139,0.3,2.356,0.0,0.0
mid_esophageal_long_axis,1,33,11.0012,0.17387065507050659,2.6024624473142377,0.10518534735105983,0.1721003176982125,-0.007168282307157722,-3.5590961212130384e-08,0.00012114904877610946,7.899353119712213e-05,-0.003183180816402847,0.008888869868048372,0.9329695850989244,0.34254171459496047,0.27374575138092044,2.354260535898243,-0.09008516113758087,-0.3690907408475876,0.3,2.356,0.0,0.0
mid_esophageal_long_axis,1,34,11.3342,0.27373858319622846,2.3542605370760046,-0.0900852740631854,-0.36909089869155,-0.0071681846919822,1.1777620413562964e-06,-0.00011292560594622902,-0.00015784396276846438,-0.004651101609503034,-0.013222598907365298,1.031107245124999,0.38083610102481175,0.2643720626831055,2.2291572121112257,0.12574402484893799,0.04158498315811157,0.3,2.356,0.0,0.0
mid_esophageal_long_axis,1,35,11.6676,0.2643648943986671,2.22915721206078,0.12574415853529192,0.04158500145296706,-0.007168284438396669,-5.0444177444230226e-08,0.0001336863544272757,1.829485561957862e-05,-0.004217859815756957,0.00783131882586751,1.023782197729057,0.18681504049461323,0.17418222427368166,2.746622186764476,0.16920117301940918,0.12300861911773682,0.3,2.356,0.0,0.0
mid_esophageal_long_axis,1,36,12.0009,0.17417505612674594,2.7466221867385396,0.16920136298519256,0.12300867306321983,-0.007168146935737578,-2.5936323718622705e-08,0.0001899657834906235,5.394548271999436e-05,-0.009186576065033545,0.008482347172609704,0.93291474137655,0.4606276632573506,0.2579145669937134,2.3472284174279965,0.05045969696044922,-0.31052088797092436,0.3,2.356,0.0,0.0
mid_esophageal_long_axis,1,37,12.3342,0.2579073987131967,2.347228417110657,0.050459758192085424,-0.310521025722612,-0.0071682805167736395,-3.173412933496777e-07,6.123163633086118e-05,-0.00013775168818440432,-0.010044516690615533,-0.005035367902144685,1.0161465390416147,0.3175188535537712,0.2563611745834351,2.5516837883977193,0.21462748374938964,0.3996939351081848,0.3,2.356,0.0,0.0
mid_esophageal_long_axis,1,38,12.6676,0.2563540067793638,2.5516837927307674,0.2146277567558051,0.39969409020994906,-0.007167804071320469,4.333048674804382e-06,0.00027300641527556454,0.00015510176388720001,-0.004324397267136279,0.0192846503850777,1.0120525078153906,0.4960015717520477,0.2977822303771973,2.7113818244162182,-0.5599026115894318,-0.4476885274171829,0.3,2.356,0.0,0.0
mid_esophageal_long_axis,1,39,13.0008,0.2977750648376546,2.711381843059917,-0.5599032832693549,-0.44768864128035585,-0.007165539542766654,1.8643698682724263e-05,-0.0006716799228500464,-0.0001138631738944633,0.025805764901525127,-0.028511558216757014,1.0441639483782534,0.8001362451860274,0.2915820121765137,2.4541318231610885,0.22032974109649658,-0.027475491499900816,0.3,2.356,0.0,0.0
mid_esophageal_long_axis,1,40,13.3341,0.2915748441580695,2.4541318231482845,0.22032997018669143,-0.027475502283202686,-0.007168018444159283,-1.2803720916135535e-08,0.00022909019529995927,-1.078330244825821e-05,-0.012431611792337607,0.008963192172500248,1.0498697306141258,0.24290129055554568,0.21296682357788088,2.6833428577149947,0.07654660677909851,0.30673377041816713,0.3,2.356,0.0,0.0
mid_esophageal_long_axis,1,41,13.6676,0.21295965532793143,2.6833428581750263,0.07654670090361027,0.3067339077676703,-0.0071682499495556535,4.600311113835396e-07,9.412451154320574e-05,0.00013734950350095113,-1.3596003942541873e-05,0.011790604569053413,0.971125829585614,0.46332974865907367,0.2866250276565552,2.4530779603834736,-0.3342273319244385,-0.35578400688171385,0.3,2.356,0.0,0.0
mid_esophageal_long_axis,1,42,14.0013,0.2866178603768488,2.453077966629467,-0.33422773311373827,-0.3557841254519839,-0.007167279706456072,6.245992476002702e-06,-0.0004011893000046263,-0.00011857027096348881,0.009430110229887826,-0.023547551960394958,1.0406737051590564,0.4978892796313119,0.2945485591888428,1.7917674577123137,0.19953856029510497,-0.16618273293972016,0.3,2.356,0.0,0.0
mid_esophageal_long_axis,1,43,14.3343,0.29454139114056455,1.7917674574231084,0.19953877688269284,-0.16618279951763004,-0.007168048278149941,-2.892029361190104e-07,0.00021658758858184143,-6.657791040435345e-05,-0.008669069935389311,0.012175619537372562,1.052679844421099,0.6211445925457468,0.25421009063720706,2.3481186206342475,-0.0062138351440429685,0.252233694934845,0.3,2.356,0.0,0.0
mid_esophageal_long_axis,1,44,14.6679,0.2542029222953201,2.34811862062199,-0.006213842415012216,0.2522338092169685,-0.007168341886968524,-1.225793254043267e-08,-7.2709697370211e-06,0.00011428212351457171,0.006526411115174798,0.0058212681519093975,1.013094099570243,0.2565540777630503,0.2907404661178589,2.2238422083657,0.014486152982711793,-0.23170804023742675,0.3,2.356,0.0,0.0
mid_esophageal_long_axis,1,45,15.0018,0.29073329776463663,2.2238422083495837,0.014486169492897716,-0.23170814414904373,-0.007168353222229098,-1.6116838063544295e-08,1.6510185355191746e-05,-0.00010391161749032609,-0.006991488586293027,-0.004089007097917799,1.0497906957835417,0.26730145311203357,0.22715497016906738,2.4459083978338443,0.1411031557559967,0.3037614884376526,0.3,2.356,0.0,0.0
mid_esophageal_long_axis,1,46,15.3346,0.22714780204502408,2.445908398842785,0.1411033273228215,0.3037616184655656,-0.0071681240433292956,1.0089417892774254e-06,0.00017156682470471904,0.00013002791318222944,-0.0006741611362757471,0.014201106769731428,0.9848656609511195,0.3543617258730625,0.29575271606445314,2.5616853730952958,-0.2961966160297394,-0.43800983877182004,0.3,2.356,0.0,0.0
mid_esophageal_long_axis,1,47,15.6676,0.2957455486679913,2.5616853815572287,-0.29619699256096205,-0.4380099914436402,-0.00716739646169264,8.461931548459926e-06,-0.0003765312243368471,-0.00015267182055342865,0.00815067839202294,-0.023085068041534186,1.0495370836587665,0.5673711197700282,0.29308447837829593,1.9755938580426065,0.17382690739631654,-0.24171142723560332,0.3,2.356,0.0,0.0
mid_esophageal_long_axis,1,48,16.001,0.2930773102930075,1.9755938573447507,0.17382710489895192,-0.24171152600090023,-0.007168085288531821,-6.97855629689031e-07,0.00019750263590212486,-9.876529679061776e-05,-0.012399408188938817,0.007667085193937765,1.0510202885221667,0.4831118723462095,0.24555432796478271,2.3617806370263543,0.04843679251670837,0.33478179087638854,0.3,2.356,0.0,0.0
mid_esophageal_long_axis,1,49,16.3344,0.24554715970124497,2.361780637434293,0.0484368525588561,0.33478193933942,-0.0071682635376665105,4.0793884671853575e-07,6.0042147976933e-05,0.00014846303123989765,0.0057429566095053616,0.01049380773660269,1.003524209480054,0.34267127568475875,0.29941482543945314,2.2791853589786366,-0.18193219470977784,-0.3379765305519104,0.3,2.356,0.0,0.0
mid_esophageal_long_axis,1,50,16.6678,0.2994076574524707,2.2791853611811326,-0.18193241438743613,-0.33797666512942537,-0.007167986982457629,2.2024950674578388e-06,-0.00021967765722138332,-0.0001345775149687605,-0.0008061679199757874,-0.016896494095619715,1.0563050111700163,0.39144408180915974,0.25487842559814455,2.009563518043868,0.2016202624797821,-0.02331882827281952,0.3,2.356,0.0,0.0
mid_esophageal_long_axis,1,51,17.001,0.25487125752061907,2.0095635180484055,0.20162047585154408,-0.023318837791232852,-0.007168077525410105,4.54002304564808e-09,0.00021337176215875854,-9.518412178750093e-06,-0.006693155431045349,0.012341748933991866,1.0134439694238975,0.4040413640994008,0.21346735954284668,2.3963648630610437,0.012108589553833008,0.38975898942947385,0.3,2.356,0.0,0.0
mid_esophageal_long_axis,1,52,17.3342,0.21346019130554975,2.396364863233677,0.012108605341447642,0.389759163039594,-0.007168237296971494,1.7263434165914797e-07,1.578761455519179e-05,0.00017361012015221715,0.008418879681635192,0.010326955694530193,0.9708302730355332,0.4014689080979812,0.2936214208602905,2.013981202949605,-0.2067121655702591,-0.2666106788635254,0.3,2.356,0.0,0.0
mid_esophageal_long_axis,1,53,17.6676,0.29361425290081444,2.013981204292091,-0.2067124033231016,-0.26661078367587837,-0.0071679594760588935,1.3424841072512777e-06,-0.00023775284362952129,-0.00010481235328644384,-0.00227834128240835,-0.01670400089478323,1.0509137734880767,0.48044662767406504,0.27163028717041016,1.980491286451586,0.2184124478816986,0.05948964428901672,0.3,2.356,0.0,0.0
mid_esophageal_long_axis,1,54,18.0009,0.27162311915317344,1.9804912864743267,0.21841267802585218,0.05948966801879241,-0.007168017236605959,2.273953972092843e-08,0.0002301441539946266,2.372977580402633e-05,-0.004127668127978736,0.014728966434809344,1.0298996589143552,0.43938042721963816,0.20970399379730226,2.6631015018498476,0.053369997882843016,0.41448081793785096,0.3,2.356,0.0,0.0
mid_esophageal_long_axis,1,55,18.3344,0.20969682560800698,2.6631015028052727,0.05337006843200154,0.41448100011443056,-0.0071681892954018386,9.554246414654619e-07,7.054915914075439e-05,0.0001821765793568811,0.0033155004916989566,0.0141585723072658,0.966637767086171,0.5264113030614206,0.29103066921234133,2.339547652784748,-0.42426305801868436,-0.29686689155101775,0.3,2.356,0.0,0.0
mid_esophageal_long_axis,1,56,18.6678,0.2910235024144473,2.3395476591712807,-0.42426353742977535,-0.29686697710314175,-0.007166797893983686,6.386534267899791e-06,-0.00047941109136242935,-8.555212433736417e-05,0.012236316671544173,-0.02737710391872164,1.0434222045484374,0.5181513372697512,0.3075959920883179,1.8956811738385473,0.2569644787788391,-0.09761220824718475,0.3,2.356,0.0,0.0
mid_esophageal_long_axis,1,57,19.0009,0.30758882422223877,1.8956811735753547,0.2569647466741589,-0.09761224434130761,-0.007167866079173678,-2.631935315589677e-07,0.0002678953199086084,-3.609412225423126e-05,-0.008897686643973942,0.015730657660920258,1.0651292925552946,0.5361996302616223,0.23424220085144043,2.414034853669935,-0.06842596464157104,0.38205480008125303,0.3,2.356,0.0,0.0
mid_esophageal_long_axis,1,58,19.3342,0.23423503264897017,2.414034852715391,-0.06842605238424943,0.3820549670694584,-0.007168202470210298,-9.545434296633712e-07,-8.774267782734196e-05,0.00016698820548700978,0.012123599060998518,0.006676759546907761,0.9915536431538869,0.3979210946503291,0.2913663387298584,1.8840834401863886,-0.13817309954166412,-0.08465900974273681,0.3,2.356,0.0,0.0
mid_esophageal_long_axis,1,59,19.6676,0.2913591704788391,1.8840834401167372,-0.13817324590398078,-0.0846590461685184,-0.007168251019371638,-6.96512148771724e-08,-0.0001463623149754292,-3.6425782049610534e-05,0.00015055577765109903,-0.010067757113348,1.0505678626964228,0.49903797792219384,0.28547751903533936,1.8439070752052373,0.07930298495292663,0.15326679797172546,0.3,2.356,0.0,0.0
mid_esophageal_long_axis,1,60,20.001,0.28547035069791266,1.8439070751503968,0.07930307162224454,0.15326686631618602,-0.007168337426592498,-5.483646939990575e-08,8.666931814845583e-05,6.834446018571321e-05,0.003658335845300462,0.006749824006240143,1.044841357571256,0.5405830036811825,0.30476758480072025,2.2200443325917867,-0.1400500395298004,0.10854905619621277,0.3,2.356,0.0,0.0
mid_esophageal_long_axis,1,61,20.3343,0.304760416559535,2.220044332648798,-0.14005018811404119,0.10854910251098171,-0.007168241185142022,5.701194107057886e-08,-0.00014858424123855075,4.631476878734775e-05,0.008910625252354839,-0.005468017645311491,1.0638710644087164,0.2233910649454201,0.25679161548614504,2.0676488091179617,0.2405438052177429,-0.11947382626533508,0.3,2.356,0.0,0.0
mid_esophageal_long_axis,1,62,20.6678,0.2567844475732394,2.067648808861988,0.24054406387052563,-0.11947387249222552,-0.007167912905564868,-2.5597341334182213e-07,0.000258652783313188,-4.6226891074683456e-05,-0.011587788853650173,0.01261910005971631,1.0145267282764012,0.3964207944519262,0.22454528808593752,2.4213309995951278,-0.0026309180259704587,0.42473297181129455,0.3,2.356,0.0,0.0
mid_esophageal_long_axis,1,63,21.001,0.2245381198771759,2.4213309995450927,-0.00263092145022803,0.42473315819367663,-0.007168208761469843,-5.00344335349752e-08,-3.4242572473563514e-06,0.0001863823813983624,0.009645230557728852,0.010724518574931712,0.9814280937516426,0.43631159997195174,0.2908928632736206,2.003059079976486,-0.23176636984348298,-0.2503278242111206,0.3,2.356,0.0,0.0
mid_esophageal_long_axis,1,64,21.3342,0.29088569539651243,2.0030590813900755,-0.23176663309836965,-0.25032791999253234,-0.007167877108354028,1.4135884746145593e-06,-0.00026325488442248684,-9.578141066492302e-05,-0.0012419039108489205,-0.018004553876219975,1.0479523059760858,0.4909482684796479,0.2749278783798218,1.9429851565821594,0.23666502685546875,0.03280576887130737,0.3,2.356,0.0,0.0
mid_esophageal_long_axis,1,65,21.6677,0.2749207104255173,1.9429851566058787,0.23666527432596407,0.03280578167020298,-0.007167954304508399,2.3717078136226742e-08,0.0002474704957832006,1.2798895010519123e-05,-0.004897435210011285,0.015702018728346,1.0329511704107035,0.47780425177284486,0.21820006370544434,2.5346605714266888,0.002003242778778076,0.44485097465515133,0.3,2.356,0.0,0.0
mid_esophageal_long_axis,1,66,22.0011,0.21819289551561166,2.5346605714725943,0.002003245544544896,0.4448511690765242,-0.0071681898327601275,4.590564887832883e-08,2.7657667576814552e-06,0.00019442137355820706,0.008480650736713505,0.012447483128940146,0.9747863771253162,0.48632147573852397,0.2883535623550415,1.9796430280325037,-0.2654582244157791,-0.26554033527374266,0.3,2.356,0.0,0.0
mid_esophageal_long_axis,1,67,22.3342,0.28834639463301026,1.9796430301962147,-0.26545852775331813,-0.2655404324305811,-0.0071677220312556765,2.1637083209215746e-06,-0.00030333753880556433,-9.715683746919895e-05,-0.0012551072496267534,-0.020207242826184642,1.044710703878235,0.5317521287689557,0.2839097499847412,2.010264595200831,0.24288110904693602,0.03204420704841614,0.3,2.356,0.0,0.0
mid_esophageal_long_axis,1,68,22.6675,0.283902582052578,2.0102645952312876,0.2428813618083865,0.03204421940839508,-0.007167932163100973,3.045772216024967e-08,0.0002527614508141107,1.2359978867697878e-05,-0.006145962237551582,0.015708510513175962,1.041830573956258,0.42404042836332123,0.19801380634307864,2.623804853878155,0.04391872916221619,0.43892120375633237,0.3,2.356,0.0,0.0
mid_esophageal_long_axis,1,69,23.0011,0.19800663816844624,2.6238048548165844,0.04391878835712948,0.43892139661208684,-0.007168174632447094,9.384297485134052e-07,5.9194912841520204e-05,0.00019285575478396,0.004817984317665615,0.014373090415557515,0.9546247075090937,0.5260256063118005,0.29091773033142093,2.2200963890687193,-0.4023239168643951,-0.29036814951896667,0.3,2.356,0.0,0.0
mid_esophageal_long_axis,1,70,23.3343,0.29091056338269333,2.220096394696845,-0.40232437185884473,-0.2903682360476653,-0.007166948727743975,5.628125797187948e-06,-0.0004549944496657893,-8.652869724296997e-05,0.008243908909252473,-0.027433365897563358,1.043973133560017,0.5145201847250139,0.29006314277648926,1.8635065260238912,0.3266379292488098,-0.10287685310840607,0.3,2.356,0.0,0.0
mid_esophageal_long_axis,1,71,23.6679,0.29005597523796334,1.8635065253179848,0.32663826900549253,-0.10287688709114601,-0.007167538525975109,-7.059055261527584e-07,0.0003397566825733714,-3.3982740603156405e-05,-0.009905194037578292,0.02041093036655434,1.04617955278279,0.5999374291618265,0.23694181442260742,2.3795592346734504,-0.08716390585899353,0.3369822120666504,0.3,2.356,0.0,0.0
mid_esophageal_long_axis,1,72,24.0013,0.23693464621014157,2.3795592338765754,-0.08716401418255998,0.3369823596960737,-0.007168212465981014,-7.96874063829994e-07,-0.00010832356667951233,0.00014762942349859593,0.012273988262851792,0.004283097865610487,0.9947078580136601,0.3545235569947965,0.29183559417724614,1.8709300043387032,-0.07089415898323059,-0.04245562040805816,0.3,2.356,0.0,0.0
mid_esophageal_long_axis,1,73,24.3352,0.2918284258008954,1.8709300042986579,-0.07089423369946818,-0.04245563951998459,-0.007168376350623969,-4.0042619693081597e-08,-7.471623770497965e-05,-1.9111927043386054e-05,4.619742278736544e-05,-0.005173834233176253,1.0516211302702216,0.49212615156428857,0.2572171449661255,1.7182577201709697,-0.22974646146297453,0.02829669370651245,0.3,2.356,0.0,0.0
mid_esophageal_long_axis,1,74,24.6675,0.2572099769885501,1.718257720152729,-0.22974670365600808,0.028296704847347094,-0.007167977575350016,-1.8241152064392298e-08,-0.00024219303252252287,1.1140833905933803e-05,0.003321232697469979,-0.015619505382221326,1.0153570214485754,0.6798017747256436,0.3272085428237915,1.6090364904397763,-0.02628689703941345,0.16811790890693665,0.3,2.356,0.0,0.0
mid_esophageal_long_axis,1,75,25.0009,0.3272013744434225,1.6090364904577683,-0.026286925535563055,0.16811798398628525,-0.007168380369098186,1.7992270936833352e-08,-2.8496148576599462e-05,7.507934901811965e-05,0.005922013343919289,-0.00160167044026784,1.0866839111081938,0.7665827146192274,0.3108292579650879,2.111060540316531,-0.06320551171302795,-0.007547925925254822,0.3,2.356,0.0,0.0
mid_esophageal_long_axis,1,76,25.3342,0.3108220895775167,2.1110605403098575,-0.06320557761674411,-0.007547929309552337,-0.00716838757126226,-6.672503923998119e-09,-6.590371616043157e-05,-3.384297536675124e-06,0.00204764428706159,-0.003927538887429291,1.0706813180425347,0.25330687478797526,0.2093571186065674,2.197330106818825,-0.19128262717723846,-0.04630453176498413,0.3,2.356,0.0,0.0
mid_esophageal_long_axis,1,77,25.6685,0.20934995050397334,2.197330106790062,-0.19128283433260623,-0.046304551405957184,-0.007168102593995275,-2.8762351085656765e-08,-0.00020715536762362638,-1.9640972559501356e-05,0.006486638965471865,-0.011724720913749874,0.9680364001656612,0.268564332471956,0.2520539045333863,1.6630722370169442,0.2541539842128754,0.002558450746536255,0.3,2.356,0.0,0.0
mid_esophageal_long_axis,1,78,26.0009,0.25204673665177907,1.6630722370179862,0.25415425152241244,0.0025584517560946485,-0.007167881607097861,1.0424989214869796e-09,0.00026730953666288305,1.0095584490893192e-06,-0.001532574172972253,0.017533229847745066,1.0097979657850022,0.7396278316959871,0.2744739294052124,2.534567693683672,-0.10512830100059509,0.35201776814460756,0.3,2.356,0.0,0.0
mid_esophageal_long_axis,1,79,26.3342,0.2744667612334432,2.534567692484304,-0.10512843109041749,0.35201791805034777,-0.007168171769086574,-1.1993675162909073e-06,-0.00013008982266430553,0.00014990574011521194,0.012731949388174298,0.005850259971278218,1.0319459071431125,0.40927615216759583,0.29073381423950195,1.9932267724556971,-0.0814332795381546,-0.06300121765136718,0.3,2.356,0.0,0.0
mid_esophageal_long_axis,1,80,26.6685,0.2907266458795354,1.9932267723949169,-0.0814333656684625,-0.06300124585984086,-0.007168359966498467,-6.07798430258201e-08,-8.613030746472739e-05,-2.8208472702852272e-05,0.0003222375578932884,-0.006091775003758501,1.0504254681865781,0.3772147396213973,0.21802802085876466,1.8018566770545108,-0.32099990000724793,-0.07814182319641114,0.3,2.356,0.0,0.0
mid_esophageal_long_axis,1,81,27.0009,0.2180208533090108,1.8018566774584146,-0.32100024220305134,-0.07814185066425867,-0.007167549753695127,4.03904093864214e-07,-0.0003421958037042111,-2.7467847213973506e-05,0.00239064702118341,-0.022092046791910576,0.9743439265826548,0.6503404544769325,0.32596635818481445,1.9701032105008116,0.0018551249027252198,0.20532358388900757,0.3,2.356,0.0,0.0
mid_esophageal_long_axis,1,82,27.3343,0.3259591898153138,1.970103210501132,0.0018551269565314499,0.20532367534257817,-0.007168369500645748,3.207440115735634e-10,2.0538059981783065e-06,9.14535710278076e-05,0.006524605751897271,0.002892696660366981,1.08522389715279,0.43789435350733896,0.31561079025268557,2.0236060335767196,-0.24935503993034364,-0.02721764280796051,0.3,2.356,0.0,0.0
mid_esophageal_long_axis,1,83,27.6686,0.3156036223387506,2.0236060336115775,-0.24935529561063507,-0.02721765308641194,-0.007167913934981749,3.4856827786371346e-08,-0.0002556802914488356,-1.0278452760868567e-05,0.006699599215334156,-0.01594747924051052,1.073426080650614,0.41671103418330246,0.2747269630432129,1.6193077201977233,0.1441016532897949,0.10412686686515808,0.3,2.356,0.0,0.0
mid_esophageal_long_axis,1,84,28.0009,0.27471979481269554,1.6193077201346329,0.14410180783882698,0.10412691166401083,-0.007168230517429976,-6.309036156479484e-08,0.00015454903207340163,4.479885280730629e-05,0.003147442559529735,0.010189643815582829,1.0338066590040382,0.7582627174948319,0.27598209381103517,2.6768814879558662,-0.015698435068130494,0.18592613425254823,0.3,2.356,0.0,0.0
mid_esophageal_long_axis,1,85,28.3345,0.27597492543528834,2.6768814879637053,-0.01569845259995173,0.18592621866204956,-0.007168375746652039,7.839967791732491e-09,-1.7531821791579775e-05,8.440950124635208e-05,0.003873470908760046,0.005295634251291006,1.0353631653905047,0.3719638876633628,0.2734864234924317,2.370659075146082,0.017072317314147947,-0.2646699789047241,0.3,2.356,0.0,0.0
mid_esophageal_long_axis,1,86,28.668,0.273479255159855,2.3706590750984895,0.017072337308348118,-0.2646700975814109,-0.0071683325766737725,-4.759281319127878e-08,1.9994200451325086e-05,-0.00011867668689303273,-0.007221932439546833,-0.005748819009718547,1.03225049159883,0.2669456192645664,0.2490938186645508,2.505243044354321,0.20741839385032654,0.34596796746253966,0.3,2.356,0.0,0.0
mid_esophageal_long_axis,1,87,29.0012,0.24908665078282227,2.5052430471139115,0.20741864940889077,0.3459681043636591,-0.007167881728634793,2.7595885693876986e-06,0.0002555585638853294,0.00013690111912547008,-0.004197238427123449,0.017858459927169865,1.005556871359128,0.4331074711892507,0.29750649929046635,2.7056807039245228,-0.4670254004001617,-0.4756990970849991,0.3,2.356,0.0,0.0
mid_esophageal_long_axis,1,88,29.3345,0.2974993330592378,2.7056807210944034,-0.46702598561809217,-0.47569923500979183,-0.007166231228540137,1.7169880493260657e-05,-0.0005852179310526551,-0.00013792479212337085,0.02021521148623457,-0.02709830890579883,1.0465333066349694,0.7527854232593124,0.2964985847473145,2.44597506008488,0.14782538537979126,-0.06987437396049499,0.3,2.356,0.0,0.0
mid_esophageal_long_axis,1,89,29.6686,0.2964914165156778,2.4459750601438697,0.14782554093189582,-0.06987440372866095,-0.007168231636665093,5.899020199340849e-08,0.00015555210470281303,-2.9768167337052608e-05,-0.009471020566277905,0.004723431836482333,1.055643498296615,0.18666184520196666,0.20725769996643068,2.526713532286324,0.16637888145446778,0.1961711724758148,0.3,2.356,0.0,0.0
mid_esophageal_long_axis,1,90,30.001,0.2072505318418294,2.5267135325204646,0.1663790720375804,0.19617125680274294,-0.0071681246011747295,2.3414097716747806e-07,0.00019058311233983663,8.432692830048876e-05,-0.0054433877818168275,0.01219586922451179,0.9656218666011398,0.32235187549771344,0.27744097709655763,2.5835899146730896,-0.1356006983757019,-0.37202023530006406,0.3,2.356,0.0,0.0
mid_esophageal_long_axis,1,91,30.3342,0.2774338090086881,2.5835899166391294,-0.1356008679192964,-0.37202038959602535,-0.007168087869439872,1.966038465798758e-06,-0.00016954359308711786,-0.00015429596125367406,0.0010165888797466893,-0.01563184604102008,1.034419025977721,0.45726706505860143,0.2833028793334961,1.9846644182678481,-0.0019465984582901,-0.10094748201370239,0.3,2.356,0.0,0.0
mid_esophageal_long_axis,1,92,30.6676,0.2832957109253294,1.9846644182654796,-0.001946600548024674,-0.10094752817192243,-0.007168408166813041,-2.3695508304771287e-09,-2.089734982455553e-06,-4.615822050248921e-05,-0.003174715859962561,-0.0015429033726045438,1.0431173979670125,0.3851796207398821,0.23030843734741213,1.9495071964798716,-0.38211603212356565,-0.07640888149738312,0.3,2.356,0.0,0.0
mid_esophageal_long_axis,1,93,31.0011,0.23030127012764046,1.9495071971638591,-0.3821164323218656,-0.07640890568013392,-0.007167219771660491,6.839878483862501e-07,-0.0004001983000543937,-2.418274961159803e-05,0.007154016409725253,-0.025204836373430482,0.9851579413995308,0.5674025030091322,0.3194791078567505,1.7790679243829186,0.08630497198104858,0.09006390781402587,0.3,2.356,0.0,0.0
mid_esophageal_long_axis,1,94,31.3347,0.31947193950826125,1.779067924309274,0.08630506275709138,0.09006394758549818,-0.007168348489222193,-7.364561035274844e-08,9.077604239676932e-05,3.9771472717779935e-05,0.0018348624556027504,0.006542405565892547,1.0790700739563626,0.5905843334369882,0.28534984588623047,2.2589889439568847,-0.016548380756378173,0.17943741030693053,0.3,2.356,0.0,0.0
mid_esophageal_long_axis,1,95,31.6684,0.2853426775076674,2.258988943967098,-0.01654839910567496,0.17943749156139732,-0.0071683785631790715,1.0211754115318078e-08,-1.8349296889963382e-05,8.125446689291294e-05,0.005554695024266338,0.003080010201013255,1.0447712184339482,0.20517710638877412,0.28166975975036623,2.279958341485032,0.035549975538253786,-0.11295579707622527,0.3,2.356,0.0,0.0
transgastric_short_axis,1,1,0.3365,-7.16842105263904e-06,1.360828574679978e-16,0.0,-1.4432899320127035e-15,-0.007168421052635087,2.057637759579992e-35,3.2563112258640937e-19,-8.902239240893194e-19,-6.874245633607834e-33,5.051514762044463e-17,0.7599928315789473,1.4560239471891347,0.0002351522445678822,0.8980873282106293,1.1635226543426513,-0.2819730867147446,0.4,0.0,1.4,0.0
transgastric_short_axis,1,2,0.6672,0.00022799166935607397,0.8980873161189793,1.163523732594573,-0.28197311090443533,-0.007160575211777229,-1.2091650775859118e-05,0.0010782519219676326,-2.4189690883166278e-05,0.03164189747800014,0.05534695878876481,0.7174079434963312,1.0496705894411045,0.1697415351867676,-0.36208687720610394,1.3283271045684815,0.044945068073272705,0.4,0.0,1.4,0.0
transgastric_short_axis,1,3,1.001,0.16973437449033607,-0.3620868764316335,1.3283280963160253,0.04494507040579965,-0.0071606964315282995,7.744708925808277e-07,0.000991747544477117,2.3325267768458025e-06,0.0629571998059915,-0.025528968236110387,0.8765328451712349,0.4373626475898932,0.33946328163146977,-0.49439534171043853,1.4236886139392853,0.034673814296722415,0.4,0.0,1.4,0.0
transgastric_short_axis,1,4,1.3339,0.33945612114043744,-0.49439534186072887,1.4236896129312369,0.03467381673082581,-0.007160491032404374,-1.502908987478162e-07,0.000998991951808776,2.43410294400221e-06,0.060358340589161674,-0.033914394606544454,1.0397134074397858,0.4998557658449716,0.3373307228088379,-0.2204314662896478,1.5114592226028443,-0.06629286124706268,0.4,0.0,1.4,0.0
transgastric_short_axis,1,5,1.6674,0.33732356015866877,-0.22043146721307483,1.5114599434141214,-0.06629285876675972,-0.007162650168882298,-9.234272654295049e-07,0.0007208112769196609,2.480302379358761e-06,0.06861807789935377,-0.01299938122853601,1.0314701110231923,0.26331811551475454,0.34479832649230957,-0.57023807078453,1.4273417512893676,0.24796093425750731,0.4,0.0,1.4,0.0
transgastric_short_axis,1,6,2.0008,0.34479116651336367,-0.5702380657635437,1.4273428252325182,0.24796094108120936,-0.007159978945822678,5.020985963112927e-06,0.0010739431502100574,6.823701407011615e-06,0.05278982647270533,-0.044058976590967344,1.0446454678440378,0.6248613648916675,0.2993659019470215,-0.02289473816059885,1.5160705384254456,-0.3355995288848877,0.4,0.0,1.4,0.0
transgastric_short_axis,1,7,2.3343,0.29935873970229326,-0.02289474138876698,1.516071324226436,-0.3355995213859323,-0.007162244728165307,-3.2281685176454547e-06,0.000785800991121604,7.4989550928129905e-06,0.06819165840153128,0.009968254088291049,0.9930807784614646,0.36980051854981844,0.3389422416687012,-0.29519055927737525,1.5485697725772858,0.2930720965862274,0.4,0.0,1.4,0.0
transgastric_short_axis,1,8,2.6676,0.33893508057998983,-0.2951905583595191,1.5485706999628928,0.293072092331224,-0.007161088711398104,9.178564298896496e-07,0.0009273856068687424,-4.255003503074993e-06,0.0625866577934965,-0.02959943285506837,1.0304575802657212,0.4459045798365861,0.3126196622848511,-0.5685870565503031,1.5102767138957978,0.02284741644859314,0.4,0.0,1.4,0.0
transgastric_short_axis,1,9,3.0008,0.3126125017574241,-0.5685870571897247,1.510277699254769,0.022847418628026084,-0.00716052742703246,-6.394216303393922e-07,0.0009853589712244786,2.1794329843161818e-06,0.058440180078922224,-0.03829081130192483,1.0068456677641617,0.5861834115220739,0.3323154926300049,-0.22159131455626935,1.5365072474956512,-0.2062725869178772,0.4,0.0,1.4,0.0
transgastric_short_axis,1,10,3.3341,0.33230832964948664,-0.2215913159453203,1.5365079307316787,-0.20627258106665636,-0.007162980518343731,-1.3890511334731791e-06,0.0006832360278063673,5.851220593131271e-06,0.06910039265754817,-0.00821956835669402,1.0246826114454524,0.3389213277292629,0.35450186729431155,-0.7336296823695625,1.4348824679374694,0.3628968482494354,0.4,0.0,1.4,0.0
transgastric_short_axis,1,11,3.6674,0.35449470679384565,-0.7336296751079547,1.434883486681203,0.36289685477271405,-0.007160500465979692,7.261607054481087e-06,0.0010187437329460113,6.523279260261635e-06,0.041516470184062085,-0.054153718063077436,1.0536704863304756,0.820484135590535,0.2703031778335572,0.042717020661086916,1.4784313705444336,-0.5729909138202667,0.4,0.0,1.4,0.0
transgastric_short_axis,1,12,4.0008,0.27029601667383063,0.042717011156319096,1.478432332007813,-0.5729909117405371,-0.007161159726510666,-9.504766631269518e-06,0.0009614633794043158,2.0797296342331436e-06,0.06326654163006427,0.021696697065350184,0.9662367183063307,0.5942373953011036,0.36733517646789554,-0.4814976941630768,1.405733019733429,0.4729152862071991,0.4,0.0,1.4,0.0
transgastric_short_axis,1,13,4.334,0.367328016219217,-0.4814976815397718,1.405734092095126,0.4729153008782694,-0.00716024867837207,1.2623305278222324e-05,0.0010723616974178945,1.4671069888661057e-05,0.050456676998193596,-0.04435142255594769,1.0681987732037328,0.6757138724854528,0.28661680221557617,-0.3666371375998565,1.5091775331974029,-0.5183623821258545,0.4,0.0,1.4,0.0
transgastric_short_axis,1,14,4.6671,0.28660963962117664,-0.36663714354360044,1.5091782951136246,-0.518362369331723,-0.007162594399482109,-5.943742613951246e-06,0.0007619162215346222,1.2794131615243623e-05,0.06715587707443334,-0.0072122080421295745,0.9806370392677279,0.6541403633133835,0.3695616483688355,-0.47450134111403247,1.532798495721817,0.18236756014823913,0.4,0.0,1.4,0.0
transgastric_short_axis,1,15,5.0005,0.3695544877311187,-0.47450134042837844,1.5327994717224422,0.18236755951016104,-0.007160637716771378,6.856541067724428e-07,0.0009760006256593332,-6.380781556561194e-07,0.05880543548937808,-0.0373408400022922,1.0621915794561805,0.5262813674614506,0.3260673522949219,-0.3350787411002556,1.516947448682785,-0.10605988941192626,0.4,0.0,1.4,0.0
transgastric_short_axis,1,16,5.3341,0.32606019003732,-0.33507874249385816,1.5169482192004171,-0.10605988572226899,-0.007162257602000094,-1.3936039236007643e-06,0.0007705176313459899,3.6896569519346024e-06,0.06704404077317754,-0.019422026038680738,1.019817151140971,0.37771741355430266,0.354127836227417,-0.654322201523224,1.471476009750366,0.2490153612613678,0.4,0.0,1.4,0.0
transgastric_short_axis,1,17,5.6674,0.3541206760735897,-0.6543221982600653,1.4714770559416213,0.2490153651890088,-0.007160153827511082,3.263158796269133e-06,0.0010461912543551547,3.927641319477135e-06,0.04916634928463884,-0.048583940656059366,1.0509545561551934,0.7052376004766946,0.2857472896575928,0.019788576867941745,1.526654131793976,-0.44916783363819124,0.4,0.0,1.4,0.0
transgastric_short_axis,1,18,6.0007,0.2857401279562289,0.019788573284250432,1.5266549995000647,-0.4491678256628215,-0.007161701363963705,-3.5836917594057605e-06,0.0008677060896178544,7.975369523770221e-06,0.06614977211844471,0.016509718489890423,0.9786758221463476,0.48087433961598874,0.3658676624298096,-0.3308513057648911,1.5295408387184142,0.3402050398349762,0.4,0.0,1.4,0.0
transgastric_short_axis,1,19,6.3339,0.3658605016348439,-0.33085130352079384,1.529541808817818,0.3402050368373688,-0.007160794965553909,2.2440975896342454e-06,0.0009700994042263024,-2.9976070404748645e-06,0.06045788398784367,-0.033114373316365533,1.0586647665263333,0.49310104209111194,0.31494922637939454,-0.5087318452604996,1.5083979949951172,0.015274679374694823,0.4,0.0,1.4,0.0
transgastric_short_axis,1,20,6.6674,0.3149420655945819,-0.5087318458657992,1.5083989482879492,0.015274681311834293,-0.007160784812722061,-6.053025069004578e-07,0.0009532928320592056,1.9371394529924812e-06,0.06075248435663464,-0.03449346295011675,1.0093067937417337,0.5272822688868376,0.33801538944244386,-0.335166375744876,1.5287558701515198,-0.10509309725761413,0.4,0.0,1.4,0.0
transgastric_short_axis,1,21,7.0008,0.33800822712207956,-0.3351663768869195,1.5287566323624775,-0.10509309367100617,-0.007162320364450716,-1.1420437803623563e-06,0.0007622109578962339,3.586608072921706e-06,0.0670719398326905,-0.019473843741139557,1.0309420234400843,0.37921274875025146,0.354327917098999,-0.6463995053396984,1.4759187970161438,0.2529136140346527,0.4,0.0,1.4,0.0
transgastric_short_axis,1,22,7.3341,0.3543207569300651,-0.6463995021598593,1.475919841199298,0.2529136176401563,-0.007160168933762103,3.1798388885866047e-06,0.0010441831547644339,3.6055030636704844e-06,0.04946688333270458,-0.04829595428336205,1.050846670937965,0.6997485476337296,0.28580586910247807,0.010979422548448081,1.5270119740962982,-0.43734639801979064,0.4,0.0,1.4,0.0
transgastric_short_axis,1,23,7.6672,0.285798707326052,0.010979419096754484,1.5270128305480082,-0.43734638994318703,-0.007161776425982338,-3.4516928896062688e-06,0.0008564517100706917,8.076603586451696e-06,0.06647505915869455,0.015554579248836036,0.9787183855169013,0.4696451924722089,0.36440229415893555,-0.34276737039109845,1.533458940410614,0.34224086480140686,0.4,0.0,1.4,0.0
transgastric_short_axis,1,24,8.0005,0.36439513338379964,-0.34276736837668415,1.533459913115042,0.34224086158879974,-0.007160775135908332,2.0144143805336555e-06,0.0009727044273737311,-3.2126055618267792e-06,0.06002385615998837,-0.033891174317808886,1.0569323063874183,0.5036839595424432,0.31537642478942873,-0.5214340001390927,1.508907512998581,-0.0005173826694488525,0.4,0.0,1.4,0.0
transgastric_short_axis,1,25,8.3341,0.3153692640052688,-0.5214340009420235,1.5089084663051011,-0.0005173804803805845,-0.007160784159899691,-8.02931168061891e-07,0.0009533065203837797,2.1890679287364143e-06,0.06059021772138391,-0.03478622735700263,1.009698649046021,0.5393673150357805,0.33857879638671873,-0.34589300604922674,1.5327101118564606,-0.13071168494224547,0.4,0.0,1.4,0.0
transgastric_short_axis,1,26,8.6677,0.338571634010763,-0.34589300728725547,1.5327108677897368,-0.13071168074176648,-0.007162375955557647,-1.238030040150687e-06,0.0007559332763679485,4.200478782971155e-06,0.06707232522069136,-0.01932251611556698,1.0312256032002611,0.3976344232459905,0.3574596166610718,-0.6557088137954765,1.4866405838012695,0.24472387518882752,0.4,0.0,1.4,0.0
transgastric_short_axis,1,27,9.0033,0.35745245645014767,-0.6557088111697821,1.4866416209533435,0.24472387803669804,-0.007160210923985098,2.625693718234735e-06,0.0010371520745749438,2.8478710334282604e-06,0.04929261730809896,-0.04861730289007904,1.0532486779131884,0.7065131884618708,0.2861188411712647,0.01262725347293461,1.529332986831665,-0.43901164741516113,0.4,0.0,1.4,0.0
transgastric_short_axis,1,28,9.3339,0.2861116793958245,0.012627250186639571,1.5293338435388915,-0.4390116392520758,-0.007161775440263633,-3.2862953111844023e-06,0.0008567072264365004,8.163085844493802e-06,0.06643056171263277,0.01571664226876952,0.9788756482664984,0.4717928141680972,0.364435362815857,-0.33801843401883674,1.533707239151001,0.34314567589759826,0.4,0.0,1.4,0.0
transgastric_short_axis,1,29,9.6672,0.36442820202682263,-0.33801843200672493,1.5337082101823212,0.343145672613975,-0.007160789034162971,2.012112007240254e-06,0.0009710313195259964,-3.283622700985767e-06,0.060164794619403744,-0.033630564689504414,1.056948115341283,0.5011473349137822,0.3153677225112915,-0.5248461336738647,1.5089047041893004,0.0026266111850738526,0.4,0.0,1.4,0.0
transgastric_short_axis,1,30,10.0006,0.31536056175290184,-0.5248461344491306,1.5089056607138067,0.002626613353162277,-0.0071607583896889405,-7.75266382273274e-07,0.0009565245065878539,2.1680890062199573e-06,0.060415920569783246,-0.035087930693444236,1.0096901356312258,0.5426736048364589,0.3384950637817383,-0.3347094771703593,1.5330151485443115,-0.13758109617233277,0.4,0.0,1.4,0.0
transgastric_short_axis,1,31,10.334,0.3384879013259086,-0.33470947842512944,1.5330158947181491,-0.13758109182000755,-0.007162455829767463,-1.2547696137528632e-06,0.0007461738377076563,4.352325191883914e-06,0.06733290201389035,-0.018335881123366274,1.0311194104176922,0.3904304781967828,0.3572741031646729,-0.6676754368705033,1.4808662336826324,0.2624686214447021,0.4,0.0,1.4,0.0
transgastric_short_axis,1,32,10.6673,0.35726694293490363,-0.6676754337547175,1.4808672705748185,0.26246862471279275,-0.007160229769213694,3.1157857403399997e-06,0.001036892185669728,3.2680906010632422e-06,0.04818603687683612,-0.0495582524641298,1.053445845726297,0.7232191185349878,0.28276042938232426,0.01034388412143589,1.5252182684898377,-0.4751642061710358,0.4,0.0,1.4,0.0
transgastric_short_axis,1,33,11.0006,0.2827532677199455,0.010343880178350418,1.525219144912871,-0.4751641980340196,-0.007161662378710146,-3.943085361389426e-06,0.0008764230329241578,8.137016762839494e-06,0.06588479433394483,0.016694341509471865,0.9757659069722564,0.5052866923178548,0.3690417289733887,-0.38732771464544047,1.5136970945835113,0.3612971377372742,0.4,0.0,1.4,0.0
transgastric_short_axis,1,34,11.3339,0.36903456841260335,-0.387327711317824,1.5136980977983328,0.3612971366676119,-0.007160560785523202,3.3276163237122418e-06,0.0010032148212733795,-1.0696634561289723e-06,0.05794693815251636,-0.03700046045701234,1.0629003221368647,0.5426273973135448,0.31893591880798344,-0.5171810983258043,1.5087758734703063,-0.067253942155838,0.4,0.0,1.4,0.0
transgastric_short_axis,1,35,11.6674,0.31892875775569035,-0.5171810998442188,1.508776794034402,-0.06725393905112978,-0.007161052293022395,-1.5184153018627946e-06,0.000920564094939434,3.1047089683524017e-06,0.06182248253925481,-0.0324601473377831,1.0132624383561364,0.5388917512760862,0.33962216377258303,-0.4067520834283679,1.5384470111846924,-0.12793667500019074,0.4,0.0,1.4,0.0
transgastric_short_axis,1,36,12.0027,0.33961500170203435,-0.4067520846064505,1.538447805048607,-0.1279366708026504,-0.007162070548709986,-1.1780815867878128e-06,0.0007938639152828154,4.197540661251478e-06,0.06575925036511074,-0.023465163164183803,1.0318697517765711,0.4523595835283931,0.35603337287902836,-0.5753148880600617,1.5196894083023071,0.15291476054191588,0.4,0.0,1.4,0.0
transgastric_short_axis,1,37,12.3341,0.3560262125164764,-0.5753148874504512,1.519690417676804,0.15291476141835544,-0.00716036255206927,6.096100714457733e-07,0.001009374497540805,8.764399164115839e-07,0.05541188569034288,-0.04228825644186595,1.049581206306035,0.6087935890357682,0.3185325145721436,-0.12855646584138725,1.530788137292862,-0.2221268172740936,0.4,0.0,1.4,0.0
transgastric_short_axis,1,38,12.6672,0.31852535161144396,-0.12855646745020402,1.5307888239704353,-0.22212681116899932,-0.007162960699559875,-1.608816598811179e-06,0.0006866775731544513,6.105094372479442e-06,0.06950320290880733,-0.0012098149146894063,1.0112907360601537,0.2993508315822624,0.34766452312469487,-0.5498888568952346,1.5029174463272095,0.3223372677326202,0.4,0.0,1.4,0.0
transgastric_short_axis,1,39,13.0005,0.34765736280811715,-0.5498888537103074,1.5029184766550987,0.32233726882243907,-0.00716031657760318,3.184927812408488e-06,0.0010303278899404392,1.089819459796309e-06,0.05221581771262569,-0.045010353005919074,1.0422829029253997,0.6477739040837878,0.29058561325073246,-0.1886809476845329,1.5161285871505736,-0.3166679670810699,0.4,0.0,1.4,0.0
transgastric_short_axis,1,40,13.3338,0.2905784504799975,-0.1886809508201725,1.5161293045088717,-0.31666795822722354,-0.007162770735016582,-3.135639245421872e-06,0.000717358297941235,8.853846530699132e-06,0.06899240520639988,-0.0020782680036616217,0.9843081488886258,0.40166925179216245,0.35671248435974123,-0.8576802669000498,1.4998440472126007,0.42782378554344175,0.4,0.0,1.4,0.0
transgastric_short_axis,1,41,13.6673,0.35670532289448525,-0.8576802625279651,1.4998449438645158,0.4278237834607994,-0.007161465255841837,4.372084512765606e-06,0.0008966519143880054,-2.0826422808530725e-06,0.0326370831645886,-0.05992952547402451,1.0514441237272838,0.9646201658195475,0.26118946075439453,-0.14668766185562102,1.4382698919296264,-0.5303288459300994,0.4,0.0,1.4,0.0
transgastric_short_axis,1,42,14.0007,0.2611822989632643,-0.14668767411697717,1.4382707667802874,-0.5303288394131163,-0.007161791130290594,-1.2261354523466553e-05,0.0008748506614771697,6.5169837948522285e-06,0.06651438738321375,0.008068357041171483,0.9597966943520482,0.568771445628371,0.3710242509841919,-0.5942407879883319,1.4423460359573363,0.44316905965805053,0.4,0.0,1.4,0.0
transgastric_short_axis,1,43,14.3338,0.37101709056216875,-0.5942407789630698,1.4423470752423793,0.4431690678393636,-0.0071604220230160566,9.025262358828184e-06,0.0010392850426960167,8.18131389740061e-06,0.04634117284776838,-0.04942667401424082,1.0695507274459168,0.7430707973627491,0.2745472192764282,-0.16031466184058218,1.4944178021907806,-0.5117942625045776,0.4,0.0,1.4,0.0
transgastric_short_axis,1,44,14.6671,0.27454005717610147,-0.1603146688993333,1.4944186285737864,-0.5117942526125031,-0.007162100326747544,-7.058749752844964e-06,0.0008263830053098648,9.89207414928231e-06,0.06722289885880832,0.006493535461144882,0.9695391052548465,0.5588284394576067,0.3701203346252442,-0.6058666096676127,1.4694169652938842,0.45969478268623354,0.4,0.0,1.4,0.0
transgastric_short_axis,1,45,15.0009,0.3701131740395402,-0.6058666022474795,1.469417982831719,0.45969478733123204,-0.007160585703911697,7.420133791876585e-06,0.0010175378348019975,4.644997824814394e-06,0.0454306669747536,-0.05036469071088265,1.0668297889639538,0.764268091656866,0.2671555280685425,-0.19546008665716763,1.4938438688278197,-0.5166887999296188,0.4,0.0,1.4,0.0
transgastric_short_axis,1,46,15.3342,0.26714836587428953,-0.19546009383988086,1.4938446836875352,-0.5166887892948706,-0.00716219425284485,-7.182712155723778e-06,0.0008148597152278852,1.0634748392824627e-05,0.06735328706900243,0.004290623117420765,0.9621784279753873,0.5758718039747904,0.3714745044708252,-0.5618723327865346,1.4857754705429076,0.4318514307975769,0.4,0.0,1.4,0.0
transgastric_short_axis,1,47,15.6673,0.37146734398660775,-0.561872326953018,1.4857764953313195,0.43185143377119317,-0.007160484217401796,5.833515897290109e-06,0.0010247884120450981,2.973615945504759e-06,0.048509972412610555,-0.04785070122585145,1.0671387025920407,0.7144003725197355,0.2828234910964966,-0.20676195975697548,1.5141365796089172,-0.4747405441045761,0.4,0.0,1.4,0.0
transgastric_short_axis,1,48,16.0007,0.28281632866603496,-0.2067619646703829,1.5141373568673053,-0.4747405330315099,-0.0071624304616570225,-4.9134087545223725e-06,0.0007772583883161746,1.1073066691915795e-05,0.06790145428279416,0.002103962377240043,0.9765611478298566,0.5430363089125443,0.3715520858764649,-0.5689338500585018,1.4929956084251403,0.4551902016162872,0.4,0.0,1.4,0.0
transgastric_short_axis,1,49,16.3341,0.37154492528752353,-0.5689338444031613,1.4929966227204714,0.4551902036025819,-0.007160588941272548,5.65534020428402e-06,0.0010142953314063916,1.9862947712090466e-06,0.04751200741447089,-0.04864650099895107,1.0667084301354008,0.7350795221453437,0.27603063583374027,-0.23455412632655395,1.5111787161827088,-0.48599066791534423,0.4,0.0,1.4,0.0
transgastric_short_axis,1,50,16.6674,0.27602347337844896,-0.23455413162251637,1.5111794918084556,-0.4859906563996016,-0.007162455291264705,-5.295961123986076e-06,0.0007756257468720285,1.1515742337124531e-05,0.06782714152067308,0.0006007466840174513,0.9699527227171065,0.5647420803524729,0.3729057312011719,-0.5403263816883308,1.501308185863495,0.4254758082389831,0.4,0.0,1.4,0.0
transgastric_short_axis,1,51,17.0007,0.3728985706942489,-0.5403263770066269,1.501309205557681,0.4254758093771578,-0.0071605069229555025,4.681703813798743e-06,0.0010196941868684149,1.1381750151576609e-06,0.04978202820885333,-0.04670922114242375,1.0675420946625336,0.6956869271844901,0.2859191179275513,-0.24905691099717686,1.5192179028511048,-0.4534564172744751,0.4,0.0,1.4,0.0
transgastric_short_axis,1,52,17.3338,0.28591195532746794,-0.24905691530008744,1.5192186553201852,-0.4534564059361972,-0.007162600083327543,-4.302909318027394e-06,0.0007524690797686638,1.1338278307160919e-05,0.0681058353781138,-0.001501095421288439,0.9793384342063955,0.543029675852916,0.3724252700805664,-0.5522078044144211,1.5058925371170044,0.41093834767341614,0.4,0.0,1.4,0.0
transgastric_short_axis,1,53,17.6671,0.3724181095750327,-0.5522078002611943,1.505893554547927,0.41093834831323317,-0.007160505533801899,4.153226734970882e-06,0.0010174309228844136,6.398170561851604e-07,0.049660538290959774,-0.04702050840940277,1.0667691287816716,0.6969777516950774,0.2858327150344849,-0.2280161698801395,1.5183979177951812,-0.446403497171402,0.4,0.0,1.4,0.0
transgastric_short_axis,1,54,18.0005,0.2858255524640929,-0.22801617416543718,1.5183986733056871,-0.4464034860942014,-0.007162570391881335,-4.285297597676336e-06,0.0007555105056626897,1.1077200122376704e-05,0.06817377119277278,-0.0003079965689905791,0.9793120786953049,0.5275618431888107,0.3706826210021973,-0.5658172025690525,1.4990371699333191,0.4324004593849182,0.4,0.0,1.4,0.0
transgastric_short_axis,1,55,18.3339,0.37067546045739963,-0.5658171976790511,1.4990381859471134,0.43240046071875593,-0.007160544797700108,4.89000201938965e-06,0.0010160137944790835,1.3338378837268683e-06,0.04836324837608164,-0.04808930391980643,1.0654632634078391,0.7195747011355023,0.2816680431365967,-0.22273524627418848,1.5146616396903991,-0.4749595376014709,0.4,0.0,1.4,0.0
transgastric_short_axis,1,56,18.6671,0.2816608806641859,-0.22273525115259227,1.5146624115125649,-0.47495952631685123,-0.007162472410838422,-4.878403865436926e-06,0.0007718221659043587,1.128461948162505e-05,0.06792640001909715,0.0010261196267851262,0.9753708368727241,0.5498628551959015,0.37252795696258545,-0.5557032657629881,1.4972223046302795,0.44450642738342283,0.4,0.0,1.4,0.0
transgastric_short_axis,1,57,19.0004,0.3725207964062654,-0.5557032605523372,1.497223321145909,0.44450642893547343,-0.007160556320068741,5.21065091821436e-06,0.0010165156297437287,1.5520501499490736e-06,0.04848488441883628,-0.04782433371040401,1.0674162514099876,0.7187486069261299,0.2821879863739014,-0.23854637124815084,1.5153376264572143,-0.4705880940914154,0.4,0.0,1.4,0.0
transgastric_short_axis,1,58,19.3338,0.28218082385145665,-0.23854637603195866,1.5153383912139384,-0.47058808266281243,-0.007162522444697449,-4.783807834379166e-06,0.0007647567243534644,1.1428603121269801e-05,0.06797196131867903,-0.00019734295319039606,0.9758500116289075,0.5527583738111831,0.37325415611267093,-0.5460889213326658,1.5019366101264953,0.42959914026260376,0.4,0.0,1.4,0.0
transgastric_short_axis,1,59,19.6672,0.37324699558653807,-0.5460889166505767,1.501937627920217,0.42959914130846677,-0.007160526132950275,4.68208933648824e-06,0.0010177937221524627,1.0458621359701411e-06,0.049395303329952886,-0.04707804706903858,1.0678444743818782,0.7027627838273167,0.28398041725158696,-0.24650614362747736,1.518857438993454,-0.46397952761650085,0.4,0.0,1.4,0.0
transgastric_short_axis,1,60,20.0009,0.2839732546815407,-0.24650614806044646,1.5188581966216503,-0.4639795161761846,-0.007162570046198041,-4.432969053283539e-06,0.0007576281960997731,1.1440316293011363e-05,0.06803088026261925,-0.0009670747279131387,0.9774151920117629,0.551027902193737,0.3729865074157715,-0.5413087136235417,1.5055607231140136,0.41658648862838743,0.4,0.0,1.4,0.0
transgastric_short_axis,1,61,20.334,0.37297934690964707,-0.5413087093570386,1.5055617413102143,0.41658648928712516,-0.007160506124409646,4.266503064819813e-06,0.0010181962002937875,6.587376930523915e-07,0.05000758294795432,-0.04658998588104968,1.0673473978704373,0.6916883827304234,0.28703825473785405,-0.2476193657690765,1.5191688423156737,-0.4364455192565918,0.4,0.0,1.4,0.0
transgastric_short_axis,1,62,20.6673,0.28703109210525807,-0.2476193699101248,1.5191695886305814,-0.4364455081325141,-0.007162632595925437,-4.141047271587748e-06,0.0007463149076262138,1.112407750548632e-05,0.06822415395685208,-0.0019868837122376005,0.9804740516011028,0.5279804910496678,0.3712638854980469,-0.576585777660572,1.5044431915283203,0.40788329944610596,0.4,0.0,1.4,0.0
transgastric_short_axis,1,63,21.0008,0.37125672497678974,-0.5765857734906599,1.5044442065958918,0.40788330023944663,-0.00716052125717079,4.169913028695601e-06,0.00101506757049613,7.933414963536048e-07,0.048583365360456765,-0.048154486414475256,1.0657075881515206,0.7145311112586703,0.28033907413482667,-0.2061075087250345,1.5155181392669677,-0.4826385412931442,0.4,0.0,1.4,0.0
transgastric_short_axis,1,64,21.3343,0.2803319117221967,-0.20610751360699495,1.5155189197942223,-0.48263853014737385,-0.007162412630017038,-4.8819611592200586e-06,0.0007805272542423826,1.114577054625401e-05,0.06783083569732441,0.002413537524594723,0.9739784772572397,0.5505318611402643,0.3713528633117676,-0.5601484769353047,1.4943621877670288,0.4512337128639221,0.4,0.0,1.4,0.0
transgastric_short_axis,1,65,21.6673,0.371345702743168,-0.5601484714249756,1.4943632039633936,0.45123371472972984,-0.007160568599627379,5.510328843647042e-06,0.0010161963651029824,1.8658080452815684e-06,0.04806083521747931,-0.04815758453845065,1.066423316801512,0.7260190482088248,0.2790529727935791,-0.23943151860951992,1.5138418418884276,-0.4785059401988983,0.4,0.0,1.4,0.0
transgastric_short_axis,1,66,22.0007,0.279045810296088,-0.2394315236015717,1.5138426109449599,-0.47850592867984204,-0.007162497491139161,-4.992051177217305e-06,0.0007690565320304608,1.1519055958514348e-05,0.06790199843762453,1.3261811361220052e-05,0.9728066477021406,0.5602547941335474,0.37322678565979006,-0.541866354588669,1.502239399766922,0.4266238622188568,0.4,0.0,1.4,0.0
transgastric_short_axis,1,67,22.3341,0.37321962514425744,-0.5418663499601203,1.5022404184591682,0.4266238632415069,-0.007160515532672753,4.628548432505638e-06,0.0010186922458254332,1.0226508881052224e-06,0.04968065352164064,-0.04681084781980312,1.0677998807990094,0.6977086451738516,0.2853444576263428,-0.24844084693563587,1.5193096572875977,-0.45702903542518614,0.4,0.0,1.4,0.0
transgastric_short_axis,1,68,22.6675,0.2853372950348607,-0.24844085126544535,1.5193104112881013,-0.4570290240496317,-0.0071625914820027115,-4.32980946203876e-06,0.0007540005036815898,1.137555459617892e-05,0.06808144741062959,-0.0013368554810508542,0.9787548542883173,0.5458762639581579,0.372590970993042,-0.5469373670052622,1.5060101325988768,0.412329270029068,0.4,0.0,1.4,0.0
transgastric_short_axis,1,69,23.0008,0.3725838104892202,-0.5469373628333988,1.506011150443011,0.41232927065038005,-0.007160503821778008,4.171862690278944e-06,0.0010178441345041508,6.213119248563075e-07,0.049868297418891205,-0.04678638813159378,1.0669256962114955,0.6936468249503986,0.2865963697433472,-0.23646167787516126,1.5187699913978576,-0.4383971735715866,0.4,0.0,1.4,0.0
transgastric_short_axis,1,70,23.3339,0.2865892071363862,-0.23646168205808527,1.518770741254099,-0.4383971625113254,-0.007162606961015425,-4.1829227294805396e-06,0.0007498562413580376,1.1060261052471866e-05,0.06822713880414417,-0.001158305023087656,0.980057236928987,0.5244756391823381,0.37070295810699466,-0.5753416653125847,1.5011726140022277,0.4212427453994751,0.4,0.0,1.4,0.0
transgastric_short_axis,1,71,23.6699,0.3706957975681773,-0.5753416607417756,1.5011736289701059,0.421242746503399,-0.007160538817119315,4.570809481898547e-06,0.0010149678786877437,1.1039242260714664e-06,0.04824022412460086,-0.04834273071542859,1.0653526011859544,0.7208039383535423,0.28063549995422366,-0.20956196155400356,1.5140013822555543,-0.48044804456233975,0.4,0.0,1.4,0.0
transgastric_short_axis,1,72,24.0008,0.28062833753296135,-0.20956196654135945,1.5140021614471166,-0.48044803340406345,-0.007162421262151555,-4.987356009560696e-06,0.0007791915625187529,1.1158276951773791e-05,0.06785382427177468,0.0021065343351086155,0.9743768706980882,0.549538549364167,0.37166285514831543,-0.5611059041531342,1.4945574936389923,0.45102249040603637,0.4,0.0,1.4,0.0
transgastric_short_axis,1,73,24.3341,0.3716556945777255,-0.561105898661891,1.4945585095296066,0.45102249224608126,-0.007160570590115421,5.491243484191999e-06,0.001015890614420748,1.8400443934622747e-06,0.0480218056601569,-0.04820018131875016,1.0667206047383728,0.7266400961957484,0.27898912429809575,-0.23841810259096072,1.513687170124054,-0.47889327499866485,0.4,0.0,1.4,0.0
transgastric_short_axis,1,74,24.6674,0.278981961804452,-0.2384181075996348,1.5136879397362755,-0.4788932634887133,-0.007162493643767033,-5.008673826982004e-06,0.0007696122213641258,1.1509951543166877e-05,0.06789816784244285,9.537717034666972e-05,0.9727526451348838,0.5601359344448804,0.37319107055664064,-0.542309396403139,1.5018781868934632,0.42777341423034665,0.4,0.0,1.4,0.0
transgastric_short_axis,1,75,25.0006,0.3731839100394876,-0.5423093917345024,1.501879205574105,0.4277734152925987,-0.007160517153000443,4.668636769803872e-06,0.0010186806417772025,1.062251835576075e-06,0.04962534506478934,-0.04685477888885009,1.0677871124561436,0.6987045487212182,0.2849549531936646,-0.24850001904610608,1.5192997328281401,-0.45905933640003205,0.4,0.0,1.4,0.0
transgastric_short_axis,1,76,25.3339,0.2849477906066782,-0.24850002339642996,1.519300487652865,-0.45905932499943425,-0.007162586986430684,-4.350323998010355e-06,0.0007548247251798054,1.1400598623274148e-05,0.06806659409932844,-0.0012713797740352747,0.9783643905766299,0.5476836155459268,0.37270939350128174,-0.5439411235254089,1.506180908203125,0.4126740045547485,0.4,0.0,1.4,0.0
transgastric_short_axis,1,77,25.6671,0.37270223299881355,-0.5439411193556761,1.5061819262600862,0.4126740051547939,-0.007160502468268538,4.169732675323383e-06,0.0010180569616043576,6.000455985777483e-07,0.049999039602761,-0.04664410427196404,1.067032376990369,0.691513951705935,0.2870759963989258,-0.24090876158261926,1.518984958934784,-0.43277777609825135,0.4,0.0,1.4,0.0
transgastric_short_axis,1,78,26.0006,0.2870688337709471,-0.24090876569750586,1.5189857054408016,-0.4327777650714192,-0.007162627978567873,-4.114886969000095e-06,0.0007465060181055519,1.1026831924053091e-05,0.06825997517412954,-0.0016548186600411005,0.9805268445788329,0.521770709924587,0.3706113338470459,-0.5827031627142141,1.5022032597541808,0.41461283197402954,0.4,0.0,1.4,0.0
transgastric_short_axis,1,79,26.3338,0.370604173309856,-0.5827031583156337,1.5022042738919552,0.41461283297225116,-0.007160537189819655,4.3985808562348294e-06,0.00101413777485154,9.982217753937788e-07,0.04808217779864433,-0.048573785562833,1.0651986048224817,0.7230190870266628,0.2797144412994385,-0.19855257844329208,1.5130579968452453,-0.48388649525642397,0.4,0.0,1.4,0.0
transgastric_short_axis,1,80,26.6674,0.2797072789225343,-0.1985525835439276,1.5130587822890051,-0.48388648423166825,-0.007162376904274401,-5.10063663294817e-06,0.0007854437590704832,1.102475585689726e-05,0.06778944049548966,0.0029696432369091304,0.9735147882208037,0.5484723193115096,0.3708559513092041,-0.5654481258926704,1.4920645817756653,0.4545893036842346,0.4,0.0,1.4,0.0
transgastric_short_axis,1,81,27.0006,0.3708487907323152,-0.5654481201707312,1.492065597608458,0.4545893058036681,-0.007160576888901074,5.7219393263412145e-06,0.0010158327934463186,2.119433648153701e-06,0.047695103991092634,-0.04846698450130379,1.0660746867682696,0.7319213624566817,0.2767884492874146,-0.23600721359632842,1.5119805376052857,-0.48401776027679444,0.4,0.0,1.4,0.0
transgastric_short_axis,1,82,27.334,0.276781286820129,-0.23600721880312903,1.5119813113779577,-0.48401774875433895,-0.007162467285621179,-5.206799350858283e-06,0.0007737726722500047,1.152245561928647e-05,0.06784794792962948,0.00043454642342730804,0.970659643217956,0.563644616591019,0.37301321029663087,-0.5402720781692284,1.5015665963172913,0.42592690300941466,0.4,0.0,1.4,0.0
transgastric_short_axis,1,83,27.6672,0.3730060497875096,-0.540272073499598,1.5015676157777476,0.4259269041155518,-0.0071605091212046034,4.669630510953687e-06,0.0010194604563170957,1.1061370038907063e-06,0.04977261760579195,-0.04671611932671996,1.0676318819587405,0.6959542333917254,0.28583042621612553,-0.24975124702763096,1.519270333957672,-0.45388354353904725,0.4,0.0,1.4,0.0
transgastric_short_axis,1,84,28.0008,0.28582326361552135,-0.24975125133094056,1.519271086407712,-0.4538835321894902,-0.0071626006041880415,-4.303307559339307e-06,0.0007524500403178492,1.134955718514769e-05,0.06810193173072615,-0.0015337902467921199,0.9792459249690311,0.5437351078590247,0.3724884033203125,-0.5514488659215866,1.506138588809967,0.4101958857536316,0.4,0.0,1.4,0.0
transgastric_short_axis,1,85,28.3339,0.3724812428161361,-0.5514488617930906,1.5061396062925096,0.4101958863685393,-0.007160504176405463,4.128495683202618e-06,0.001017482542979923,6.149070653037443e-07,0.049718419004329,-0.046968493419739424,1.0668164601295862,0.6959737138624131,0.2860450267791748,-0.22850490155206107,1.5184685125350952,-0.44300390167236325,0.4,0.0,1.4,0.0
transgastric_short_axis,1,86,28.6671,0.2860378641996636,-0.22850490579849103,1.5184692664714934,-0.4430038906274346,-0.007162579511219163,-4.246430291554727e-06,0.0007539363984144675,1.1044929479849131e-05,0.06819930849548958,-0.0004575708413093642,0.9795223746900512,0.5248707217777434,0.37048153877258305,-0.5694521677856584,1.4990188190460205,0.43103856139183044,0.4,0.0,1.4,0.0
transgastric_short_axis,1,87,29.0006,0.37047437822620455,-0.5694521629197504,1.499019834651544,0.4310385627220539,-0.007160546378564831,4.865907972467747e-06,0.0010156055233903607,1.3302231140407217e-06,0.048228149106511325,-0.04823900222367988,1.0652648338660051,0.7216278115504032,0.28131065368652347,-0.21794511412881462,1.5140083106517792,-0.4767656019687653,0.4,0.0,1.4,0.0
transgastric_short_axis,1,88,29.3343,0.28130349123357207,-0.21794511907893527,1.5140090852575208,-0.47676559073219477,-0.007162452951355612,-4.950120669181789e-06,0.0007746057416118781,1.1236570901342953e-05,0.06790224745203638,0.0014131214682668843,0.9750549368287316,0.5494473916137425,0.372241735458374,-0.5581523544745063,1.4961148847579955,0.4472540046215057,0.4,0.0,1.4,0.0
transgastric_short_axis,1,89,29.6671,0.37223457489584455,-0.5581523491476345,1.4961159009816907,0.4472540062931678,-0.007160562529653119,5.326872310814914e-06,0.0010162236947793167,1.6716625108894508e-06,0.04828194897149152,-0.04799173388174405,1.0672004859941753,0.7222045252260944,0.28082940578460697,-0.23831867097494908,1.514617635011673,-0.4741810292959213,0.4,0.0,1.4,0.0
transgastric_short_axis,1,90,30.0008,0.28082224327499444,-0.2383186758558481,1.5146184019134843,-0.4741810178325857,-0.007162509612511116,-4.8808996293009554e-06,0.0007669018114627929,1.1463334986943043e-05,0.06794034207799525,-5.893577695431987e-05,0.9745358041765209,0.5558634226944937,0.37326669692993164,-0.544714855045861,1.501834743976593,0.4292001020908356,0.4,0.0,1.4,0.0
transgastric_short_axis,1,91,30.3338,0.3732595364067828,-0.5447148503593547,1.5018357621018907,0.4292001031520112,-0.007160523148972883,4.68650625268648e-06,0.0010181252977159417,1.0611756140277102e-06,0.049471085390496265,-0.04700203251635329,1.0678642063416484,0.701436078045437,0.2841554641723633,-0.2475394085185361,1.5190901956558227,-0.46316422390937806,0.4,0.0,1.4,0.0
transgastric_short_axis,1,92,30.6672,0.28414830159741417,-0.24753941292519455,1.519090952540938,-0.46316421246896566,-0.007162574949101725,-4.406657279717015e-06,0.000756885115261921,1.1440412308535579e-05,0.06803671992561312,-0.0010654321278414022,0.9775754874288218,0.5508185905207075,0.37295920848846437,-0.5408508787814543,1.505960884809494,0.41497872619628906,0.4,0.0,1.4,0.0
transgastric_short_axis,1,93,31.0008,0.37295204798461923,-0.5408508745621278,1.505961903038271,0.4149787268136409,-0.007160503845096275,4.219326859798088e-06,0.0010182287767405277,6.173523258337036e-07,0.050076349520802754,-0.0465355304546439,1.067294814690238,0.6904248900685774,0.2873318672180176,-0.24707033846559986,1.5191950578689575,-0.43160818791389466,0.4,0.0,1.4,0.0
transgastric_short_axis,1,94,31.3339,0.28732470457640447,-0.24707034255769977,1.5191958024800867,-0.4316081768559856,-0.007162641613165472,-4.092098918995631e-06,0.0007446111296631656,1.1057908961371766e-05,0.06825669899718824,-0.0021157815556497655,0.9807695896629525,0.5236723536985634,0.3709103345870972,-0.5834122917722857,1.504008575105667,0.4070537644386291,0.4,0.0,1.4,0.0
transgastric_short_axis,1,95,31.6674,0.3709031740601716,-0.5834122875957524,1.5040095893557535,0.4070537652714661,-0.0071605269255153115,4.1765332474613794e-06,0.0010142500866275992,8.328371269435635e-07,0.0482761544503553,-0.04846802447807466,1.065383915753511,0.71953268521806,0.2795142650604248,-0.19639897577709667,1.513978724527359,-0.48532123503685,0.4,0.0,1.4,0.0
transgastric_short_axis,1,96,32.0008,0.2795071026896551,-0.1963989808149493,1.5139795109135887,-0.4853212240204697,-0.007162370769736568,-5.037851969883296e-06,0.0007863862297321627,1.1016380125585766e-05,0.06777206284914691,0.00316308651580175,0.9732526318805719,0.5491986137639278,0.37061619758605957,-0.5654406357521045,1.4920608366966248,0.4542211624145508,0.4,0.0,1.4,0.0
transgastric_short_axis,1,97,32.3339,0.3706090370104726,-0.5654406300356586,1.4920618526397877,0.454221164534105,-0.007160575586879074,5.716446244504772e-06,0.0010159431630941314,2.119553721476099e-06,0.04770641402021737,-0.048459862150355776,1.0658356259395363,0.7316961020961932,0.27684705257415776,-0.23567764741143113,1.5120599332809448,-0.4839853653430939,0.4,0.0,1.4,0.0
transgastric_short_axis,1,98,32.6671,0.27683989010717486,-0.23567765261102963,1.5120607070849692,-0.48398535382466185,-0.0071624669827963245,-5.19959938958943e-06,0.0007738040244382303,1.15184318469033e-05,0.0678483780298366,0.00045573610576049063,0.9707130480217014,0.5634818483307376,0.3730024337768555,-0.5403844302777161,1.5014838300704956,0.42633530387878416,0.4,0.0,1.4,0.0
transgastric_short_axis,1,99,33.0005,0.3729952732670252,-0.5403844255969807,1.5014848495064461,0.4263353049936054,-0.007160509830325403,4.680735420060695e-06,0.0010194359504008196,1.1148208042289255e-06,0.04975528958363936,-0.04672964274588064,1.0676262177948657,0.6962797926530958,0.28571968078613286,-0.24951661837440578,1.5192901828765868,-0.45460241146087643,0.4,0.0,1.4,0.0
transgastric_short_axis,1,100,33.3338,0.2857125181874347,-0.2495166226829375,1.5192909356570796,-0.4546024001047322,-0.0071625986981919115,-4.308533270577248e-06,0.0007527804917858992,1.1356144411525464e-05,0.06809725464973808,-0.001493196984946289,0.9791332938191788,0.5442553104978227,0.37251541614532474,-0.5504032422985942,1.50613053689003,0.41060541014671326,0.4,0.0,1.4,0.0
transgastric_short_axis,1,101,33.6673,0.3725082556413383,-0.5504032381626014,1.5061315544564486,0.4106054107609758,-0.007160503986396131,4.135992701227546e-06,0.0010175664186774951,6.142629878522086e-07,0.04975573524969126,-0.046924680015607026,1.066843642536635,0.6953849515090841,0.28618266582489016,-0.2302849334575348,1.5185407925605774,-0.44173038754463195,0.4,0.0,1.4,0.0
transgastric_short_axis,1,102,34.0005,0.28617550323849034,-0.23028493768688676,1.5185415454586613,-0.4417303764981623,-0.007162586399725948,-4.22935218466348e-06,0.000752898083916526,1.1046469173380585e-05,0.06820798807377024,-0.0006225928213281764,0.979656201594123,0.5245617143000434,0.3705175876617432,-0.5711518679335635,1.4994862049102784,0.42883364610672,0.4,0.0,1.4,0.0
transgastric_short_axis,1,103,34.3339,0.37051042711663684,-0.5711518631341734,1.4994872203148484,0.4288336473857379,-0.0071605451063900165,4.799390723471301e-06,0.0010154045701029424,1.2790172722242023e-06,0.048212879700878675,-0.04828044262720263,1.0652720337050996,0.7217202295949666,0.28115353584289554,-0.2158827039240084,1.5139405247211457,-0.4779615929603577,0.4,0.0,1.4,0.0
transgastric_short_axis,1,104,34.6672,0.2811463733985665,-0.2158827088919384,1.5139413006016698,-0.4779615817414627,-0.007162444328925424,-4.967930930039119e-06,0.0007758805237750929,1.1218894960902025e-05,0.0678881492196329,0.0015936452952586512,0.9749011992755212,0.5496921157870426,0.37210927009582523,-0.5586620585400122,1.4957358827590943,0.44820244588851926,0.4,0.0,1.4,0.0
transgastric_short_axis,1,105,35.0006,0.3721021095316063,-0.5586620531724705,1.4957368989412618,0.44820244760190775,-0.007160564218933901,5.367541574454348e-06,0.0010161821672508102,1.713388266971197e-06,0.04822786839761766,-0.04803311517576671,1.0670920976664209,0.7231407676259837,0.280419397354126,-0.23856341131793815,1.5144309428215026,-0.4751997844219208,0.4,0.0,1.4,0.0
transgastric_short_axis,1,106,35.3341,0.28041223484742117,-0.23856341622523794,1.5144317102370932,-0.47519977294550575,-0.007162506704905,-4.907298148808197e-06,0.000767415591363861,1.1476415118303777e-05,0.06793133457005696,-4.073852548179199e-05,0.9741372055823452,0.5568870420924613,0.373257327079773,-0.5440615275350049,1.5019216298103333,0.42862354717254636,0.4,0.0,1.4,0.0
transgastric_short_axis,1,107,35.6674,0.37325016655839205,-0.5440615228612105,1.5019226480708001,0.42862354822566306,-0.007160521380848697,4.6737947495216846e-06,0.0010182604670913539,1.0531161149143131e-06,0.049518787187797224,-0.046958540452133365,1.0678496216293345,0.7005889426265124,0.28430976867675783,-0.24791840963116799,1.5192070421218873,-0.46241914043426513,0.4,0.0,1.4,0.0
transgastric_short_axis,1,108,36.0008,0.28430260609886754,-0.24791841402129133,1.5192077985314176,-0.462419128999145,-0.0071625778902175315,-4.390123762705239e-06,0.0007564095299047984,1.1435119847892611e-05,0.06804224442292404,-0.00111679061418587,0.9777226542601154,0.550355682319517,0.3729132175445557,-0.5409278399757683,1.5061114369869233,0.4142364515304565,0.4,0.0,1.4,0.0
transgastric_short_axis,1,109,36.334,0.372906057041653,-0.5409278357763165,1.506112455219161,0.4142364521326982,-0.0071605029026503035,4.1994519766917875e-06,0.001018232238289244,6.022417696185316e-07,0.05009452454619873,-0.04652471456738229,1.067239429952145,0.6900642699711408,0.28741557598114015,-0.24639978363144233,1.5191860696792603,-0.43000772838592527,0.4,0.0,1.4,0.0
transgastric_short_axis,1,110,36.6674,0.2874084133374144,-0.2463997877083557,1.5191868138413023,-0.4300077173538401,-0.007162643725727408,-4.076913407679518e-06,0.0007441620420594984,1.1032085424308905e-05,0.06826831353534764,-0.0021250623933334956,0.9808551047232683,0.5220171015852092,0.3707627773284912,-0.5857462195726039,1.5037160844326019,0.4073554305553436,0.4,0.0,1.4,0.0
transgastric_short_axis,1,111,37.0006,0.37075561679864566,-0.5857462153766287,1.503717098370024,0.4073554314138681,-0.0071605298455382806,4.195975133261171e-06,0.0010139374225719647,8.585239122620866e-07,0.04815297146249614,-0.04858561169416019,1.0652556721351543,0.7215604941884967,0.2792523384094239,-0.19319637892465427,1.5133568541526794,-0.4861771728515625,0.4,0.0,1.4,0.0
transgastric_short_axis,1,112,37.3341,0.2792451760532179,-0.19319638402369055,1.5133576425734256,-0.48617716188354587,-0.007162356205934465,-5.0990374595044575e-06,0.000788420746138887,1.0968016682263702e-05,0.06775066970633929,0.003409246674055893,0.973030852837171,0.548748355963999,0.37032713890075686,-0.5682443826194155,1.491402826309204,0.4548868502140045,0.4,0.0,1.4,0.0
transgastric_short_axis,1,113,37.6674,0.3703199783214325,-0.5682443768489941,1.4914038419261244,0.45488685239895865,-0.007160579324408938,5.770421462953365e-06,0.0010156169204129063,2.1849540677424745e-06,0.04754758652301069,-0.048603725380558564,1.0655893448847857,0.7342065692375884,0.2759580612182617,-0.23330926496451002,1.5111483810424804,-0.4860990879535675,0.4,0.0,1.4,0.0
transgastric_short_axis,1,114,38.0008,0.2759508987663895,-0.23330927026366863,1.5111491571281235,-0.4860990764520503,-0.007162451872187144,-5.299158443360233e-06,0.0007760856430582745,1.1501517251665562e-05,0.06782527931488201,0.0006888825713296746,0.9698820393742682,0.5643295512071477,0.3728354930877686,-0.5411416834889233,1.501038540172577,0.4265830408573151,0.4,0.0,1.4,0.0
transgastric_short_axis,1,115,38.3339,0.3728283325786059,-0.5411416787747938,1.501039559762697,0.4265830420240526,-0.007160509162453401,4.714130314570383e-06,0.00101959011955486,1.1667367063539845e-06,0.049710982843597845,-0.04677116429981852,1.0674887303766436,0.6969610465421976,0.2855114459991455,-0.2474596385215098,1.5192508595466614,-0.4562034327507019,0.4,0.0,1.4,0.0
transgastric_short_axis,1,116,38.6676,0.28550428340787753,-0.24745964284742472,1.5192516134789846,-0.45620342139387715,-0.007162591268016223,-4.325913854834937e-06,0.0007539323233974444,1.135682486687329e-05,0.06808851486830411,-0.001298265708126271,0.978926398542018,0.5446907865614574,0.37248821258544923,-0.5483148038553216,1.5056502305030823,0.4133114170074463,0.4,0.0,1.4,0.0
transgastric_short_axis,1,117,39.0008,0.37248105207966925,-0.548314799648873,1.505651248261045,0.41331141766623514,-0.007160505780093406,4.206448579077876e-06,0.0010177579627407766,6.587885568503058e-07,0.04977431033874617,-0.04687391546399597,1.066846126528277,0.6952660830509537,0.2862510681152344,-0.23529171791877582,1.5186490253448486,-0.4437085382938385,0.4,0.0,1.4,0.0
transgastric_short_axis,1,118,39.334,0.2862439055226945,-0.23529172216234687,1.518649777674149,-0.44370852718202597,-0.007162592539831772,-4.24356858468092e-06,0.0007523293005181848,1.1111811860987011e-05,0.06819016260777734,-0.0008964322912504742,0.9797158550780356,0.5284483611338201,0.3709749698638916,-0.5679316692507913,1.5011329161643983,0.42396972470283506,0.4,0.0,1.4,0.0
transgastric_short_axis,1,119,39.6676,0.37096780932886536,-0.5679316646274538,1.5011339320263293,0.42396972581807724,-0.007160535026227182,4.6233368780127085e-06,0.0010158619308300223,1.1152427005152732e-06,0.04851721803875932,-0.0480362248854217,1.0656245390761077,0.7164967860353859,0.28148932456970216,-0.22021724826946457,1.5154379945755005,-0.4774350348472595,0.4,0.0,1.4,0.0
transgastric_short_axis,1,120,40.0026,0.2814821621062462,-0.2202172531085525,1.5154387678389565,-0.47743502356913864,-0.00716246345586141,-4.839086387971238e-06,0.0007732634556600091,1.1278120982254447e-05,0.06790451426377879,0.001280335819529548,0.9751386632877446,0.5511918244280541,0.3723427534103394,-0.5549621163539975,1.4970867327690125,0.44513840947151184,0.4,0.0,1.4,0.0
transgastric_short_axis,1,121,40.334,0.37233559285411727,-0.554962111123269,1.4970877494057016,0.44513841103931817,-0.007160556222137297,5.2307286549822225e-06,0.0010166366890655898,1.5678062237176502e-06,0.04850116320792437,-0.047800004785290444,1.0672393513863647,0.7185558435308992,0.2821166515350342,-0.23988598288835275,1.5154288191318512,-0.47052536401748657,0.4,0.0,1.4,0.0
transgastric_short_axis,1,122,40.6674,0.2821094890092413,-0.2398859876646757,1.5154295834428577,-0.4705253525742419,-0.007162525792854265,-4.7763230812031936e-06,0.0007643110059529953,1.1443244896705398e-05,0.06797246120799726,-0.00029061524990727124,0.975772704616356,0.5533186747331283,0.3732959747314453,-0.54521294939349,1.5024451918601989,0.4278003787994385,0.4,0.0,1.4,0.0
transgastric_short_axis,1,123,41.0005,0.37328881420845206,-0.5452129447698815,1.5024462097533,0.42780037979096885,-0.007160522993240583,4.6236089399822e-06,0.0010178931014344361,9.915306612520015e-07,0.04949053388534694,-0.047000550647631076,1.0678541770408392,0.7010556564447297,0.28421664237976074,-0.24701865649569552,1.5191295189857483,-0.46295262694358824,0.4,0.0,1.4,0.0
transgastric_short_axis,1,124,41.3341,0.28420947980515004,-0.24701866089678437,1.519130275887413,-0.4629526155106298,-0.0071625746105918745,-4.401088310973993e-06,0.0007569016645981397,1.143295840041761e-05,0.06803897942447301,-0.0010372673223841798,0.977634232329929,0.5504024075523095,0.37291898727416994,-0.541323132144131,1.5057970376014709,0.41550228824615476,0.4,0.0,1.4,0.0
transgastric_short_axis,1,125,41.6671,0.3729118267694683,-0.5413231279077488,1.505798055807018,0.4155022888807185,-0.007160504701618743,4.236382705930988e-06,0.0010182055468218214,6.345635053359162e-07,0.050038794954385714,-0.04656937601630967,1.0672650727669877,0.6910860139045336,0.28717637062072754,-0.2467917052365503,1.5191643482208252,-0.4338996145248413,0.4,0.0,1.4,0.0
transgastric_short_axis,1,126,42.0005,0.28716920798433937,-0.2467917093528167,1.5191650937616146,-0.43389960343933276,-0.007162636388067166,-4.116266673065308e-06,0.0007455407894499496,1.1085508846946837e-05,0.0682423983841866,-0.002017930818567708,0.9806144056093085,0.5254580105662022,0.37104616165161136,-0.5802686797767993,1.5040522052764893,0.40808796801567077,0.4,0.0,1.4,0.0
transgastric_short_axis,1,127,42.3339,0.37103900112643773,-0.5802686755843885,1.5040532198960586,0.40808796884481513,-0.007160525173718121,4.192410434811946e-06,0.0010146195690609854,8.291444578601472e-07,0.04839825172811492,-0.04833607472906201,1.0655158630755182,0.717574622047658,0.2799004316329956,-0.20098687412719263,1.5145818695068358,-0.4839181411743164,0.4,0.0,1.4,0.0
transgastric_short_axis,1,128,42.6674,0.27989326924244246,-0.2009868791001976,1.5145826531108781,-0.48391813009699847,-0.007162390553058863,-4.973004759265792e-06,0.0007836040424274544,1.1077318297071572e-05,0.06780177063657829,0.002804535426295533,0.9736003650551301,0.5496610713650815,0.371021842956543,-0.5619891789793618,1.4929418665409089,0.45328826322555543,0.4,0.0,1.4,0.0
transgastric_short_axis,1,129,43.0009,0.37101468238533236,-0.561989173336178,1.4929428828337423,0.4532882652548835,-0.007160571210564549,5.643184222098553e-06,0.0010162928332267647,2.029327690488538e-06,0.04790497436164755,-0.04828012723495216,1.0661840183906466,0.7285469171381705,0.27798252105712895,-0.2385194067421138,1.5131943177223206,-0.4813197117090225,0.4,0.0,1.4,0.0
transgastric_short_axis,1,130,43.3342,0.27797535857171124,-0.23851941181834482,1.5131950887353964,-0.48131970017568115,-0.007162485417681496,-5.076232428625061e-06,0.0007710130759771224,1.1533340831012625e-05,0.06787610896101397,0.00017138338271020272,0.9717762892826489,0.5623729232643527,0.37314734458923343,-0.5405357311171463,1.5021555099964141,0.42569901494979856,0.4,0.0,1.4,0.0
transgastric_short_axis,1,131,43.6674,0.37314018407771954,-0.5405357264926018,1.5021565290738828,0.42569901598586846,-0.00716051151371398,4.624544398450791e-06,0.0010190774692130618,1.036069851168146e-06,0.04976918114222058,-0.04672609945499541,1.06772695336901,0.6961005171453498,0.28581268787384034,-0.2503278005976871,1.5192864377975464,-0.4538545191764832,0.4,0.0,1.4,0.0
transgastric_short_axis,1,132,44.001,0.28580552527209346,-0.2503278048997948,1.5192871900958576,-0.45385450782211606,-0.007162601746775178,-4.302107655214069e-06,0.0007522983105320186,1.1354366796745053e-05,0.06810129426157076,-0.001574062789302306,0.979227140785949,0.5439832129356131,0.37251949310302734,-0.5514061721203612,1.5063063683509827,0.40951259608268736,0.4,0.0,1.4,0.0
transgastric_short_axis,1,133,44.3357,0.3725123325996706,-0.5514061680117319,1.5063073858298335,0.40951259668129314,-0.007160503356769737,4.108629540043125e-06,0.001017478850047939,5.98606271949167e-07,0.049740634455229644,-0.04695304978568696,1.066836930083741,0.6955617593737612,0.28612630367279057,-0.22803433347101168,1.5184834928512574,-0.44128434863090515,0.4,0.0,1.4,0.0
transgastric_short_axis,1,134,44.6672,0.28611914109027836,-0.22803433769900944,1.5184842462018775,-0.4412843376091035,-0.007162582512242055,-4.2279969312608285e-06,0.0007533506210385982,1.1021800901454243e-05,0.06821232061294283,-0.0004842923022458853,0.9796040014803402,0.5232006234829755,0.3703143358230591,-0.5723467326073304,1.498844298362732,0.43092564725875854,0.4,0.0,1.4,0.0
transgastric_short_axis,1,135,45.0008,0.37030717527340795,-0.5723467277358193,1.498845313541766,0.43092564860064897,-0.007160549650992689,4.871511152094359e-06,0.0010151790338974185,1.341890453527775e-06,0.04809094167871096,-0.04837581959198871,1.0651093772831837,0.7238299187110216,0.2810216903686524,-0.21434759961503788,1.5133330729007721,-0.47810502948760986,0.4,0.0,1.4,0.0
transgastric_short_axis,1,136,45.3342,0.2810145279314073,-0.21434760463460287,1.513333849747073,-0.47810501829157376,-0.007162437245027242,-5.0195663953951895e-06,0.0007768463000937023,1.1196036637090384e-05,0.0678820774860121,0.001703192463758967,0.9748092945769771,0.5491187559991518,0.37202718257904055,-0.5600359375733028,1.4952306715965271,0.44929937953948973,0.4,0.0,1.4,0.0
transgastric_short_axis,1,137,45.6671,0.3720200220118398,-0.5600359321549527,1.495231687603252,0.4492993813071555,-0.00716056720069943,5.418350247378071e-06,0.0010160067247341668,1.7676655312611e-06,0.048127241083566294,-0.04811846961642223,1.067042275681476,0.7248186896318561,0.27979793548583987,-0.23801457126797565,1.514056809425354,-0.47690922574996947,0.4,0.0,1.4,0.0
transgastric_short_axis,1,138,46.0006,0.27979077298634203,-0.23801457622433425,1.5140575780088925,-0.4769092142635959,-0.007162499497888218,-4.956359347009498e-06,0.0007685835385372801,1.148637340288646e-05,0.0679159228301876,5.5007522141117815e-05,0.9735388876858533,0.5581690841539377,0.37321290969848636,-0.5436094975518561,1.5017031044483184,0.4289370102882385,0.4,0.0,1.4,0.0
transgastric_short_axis,1,139,46.3341,0.3732057491778391,-0.5436094928575494,1.5017041228655676,0.42893701136704987,-0.007160520647370158,4.694306744178677e-06,0.00101841724894015,1.078811979229236e-06,0.04953009174966159,-0.04694181699337856,1.067819459487312,0.7003998150558823,0.28434362411499026,-0.24825584046365942,1.5192362537384032,-0.46221259932518005,0.4,0.0,1.4,0.0
transgastric_short_axis,1,140,46.6671,0.2843364615358636,-0.24825584484960128,1.5192370099618033,-0.46221258788934005,-0.007162579126538916,-4.3859425721607885e-06,0.0007562234006942275,1.1435840336683663e-05,0.0680434920068423,-0.0011468375384067605,0.9777547410170091,0.550333498507974,0.3729104042053223,-0.5407815949812201,1.5062292197227478,0.41375708141326906,0.4,0.0,1.4,0.0
transgastric_short_axis,1,141,47.0009,0.3729032437030949,-0.5407815907956364,1.5062302379645658,0.4137570820034444,-0.007160502227395758,4.18558346069594e-06,0.001018241818115771,5.901759785685753e-07,0.050115447054807846,-0.046507949144903915,1.0672291724333844,0.6896801791492099,0.28750267028808596,-0.24623986913036147,1.5191961813926695,-0.4285435897350311,0.4,0.0,1.4,0.0
transgastric_short_axis,1,142,47.334,0.28749550764162657,-0.24623987319234253,1.5191969250407436,-0.4285435787234378,-0.007162646459438995,-4.061981017068598e-06,0.0007436480741475737,1.1011593535941004e-05,0.06827798611023862,-0.00216453568285253,0.9809426244219313,0.5207195423208699,0.3706542491912842,-0.5878007651298159,1.5035870664596558,0.40708559761047364,0.4,0.0,1.4,0.0
transgastric_short_axis,1,143,47.6673,0.3706470886595916,-0.5878007609322654,1.5035880801300454,0.4070855984798323,-0.007160531692767057,4.197550628645735e-06,0.0010136703901644064,8.693582897898907e-07,0.04806047939112067,-0.04867897240712127,1.0651560374477609,0.7230632771697232,0.27902743816375736,-0.1902922641737609,1.5129106279850006,-0.4871231798171997,0.4,0.0,1.4,0.0
transgastric_short_axis,1,144,48.0005,0.2790202758208164,-0.1902922693203792,1.5129114182762544,-0.4871231688924204,-0.00716234294093564,-5.146618386902958e-06,0.0007902912533546922,1.0924779073198734e-05,0.0677291739621082,0.003637970439579039,0.9728344338663251,0.5485300461000472,0.3700586795806885,-0.5704462966922607,1.4908472438335418,0.4553547978401184,0.4,0.0,1.4,0.0
transgastric_short_axis,1,145,48.3342,0.37005151899867494,-0.5704462908773442,1.4908482592207948,0.45535480008055096,-0.007160582013537296,5.814916069155034e-06,0.0010153872526349693,2.24043216420412e-06,0.04742399338038806,-0.04871522310515321,1.0653571069116181,0.7361435202797438,0.27526278495788575,-0.2313517167276257,1.5104261425495147,-0.48776059226989743,0.4,0.0,1.4,0.0
transgastric_short_axis,1,146,48.6673,0.27525562251826113,-0.23135172210596794,1.5104269204794765,-0.4877605807852414,-0.007162439624647405,-5.378341607119806e-06,0.0007779299624471784,1.1484656322403525e-05,0.06780636754264092,0.0008785596917678202,0.9692326640931883,0.5649683778489202,0.372696590423584,-0.5417805924791901,1.5006662793159484,0.42682815628051757,0.4,0.0,1.4,0.0
transgastric_short_axis,1,147,49.0005,0.37268942991487,-0.5417805877366225,1.5006672990266843,0.4268281574905224,-0.00716050871404373,4.742567005417731e-06,0.001019710736357758,1.2100043348130772e-06,0.04967253788881414,-0.04680688348261708,1.0673744087006238,0.6975587814705633,0.2852950096130371,-0.24639304250493307,1.519192436313629,-0.457489867401123,0.4,0.0,1.4,0.0
transgastric_short_axis,1,148,49.3341,0.28528784702690535,-0.24639304684737195,1.5191931910656065,-0.4574898560385139,-0.0071625861318038685,-4.342437915860253e-06,0.0007547519771783746,1.1362609002716855e-05,0.06808028657955906,-0.001181567917910911,0.9787128129906961,0.5453186194776374,0.372500228881836,-0.5465787765256723,1.505427960062027,0.4148086996078491,0.4,0.0,1.4,0.0
transgastric_short_axis,1,149,49.6674,0.37249306837543184,-0.5465787722820056,1.5054289779716727,0.4148087002867529,-0.007160506404313973,4.243667359826416e-06,0.0010179096459560172,6.789032239847176e-07,0.04981186904491799,-0.046816981380767814,1.0668716377331622,0.6947564413709597,0.2863487243652344,-0.2387845577181448,1.5187816011428832,-0.4436066721439362,0.4,0.0,1.4,0.0
transgastric_short_axis,1,150,50.0006,0.2863415617651302,-0.2387845619526302,1.5187823524790165,-0.4436066610036056,-0.007162600104109964,-4.23448545392904e-06,0.000751336132803349,1.1140331456706315e-05,0.06818778555443172,-0.0011382026477302154,0.9798047719458174,0.5299362457467091,0.37118914127349856,-0.5676970405975662,1.5021942715644836,0.4200718464374542,0.4,0.0,1.4,0.0
transgastric_short_axis,1,151,50.3337,0.3711819807440113,-0.5676970360996877,1.502195287490613,0.420071847446577,-0.007160529487291026,4.497878869637862e-06,0.0010159261289355152,1.0091224851129437e-06,0.04864654630342949,-0.04795251911111832,1.06577170460241,0.7141530906134048,0.28149507045745853,-0.22032042495575913,1.5160394542694091,-0.4778696512699127,0.4,0.0,1.4,0.0
transgastric_short_axis,1,152,50.6672,0.2814879079921727,-0.22032042974920613,1.5160402273241163,-0.4778696399829574,-0.007162465285817595,-4.7934457685478284e-06,0.0007730547074163666,1.1286955441520527e-05,0.06790291929522986,0.001287560039170542,0.9751043385437868,0.5517344786143245,0.37232594490051274,-0.5541511213842303,1.4973164933681489,0.4446996734619141,0.4,0.0,1.4,0.0
transgastric_short_axis,1,153,51.0008,0.37231878434568505,-0.5541511161752123,1.497317510099827,0.444699675004661,-0.007160554827778949,5.2090173106318924e-06,0.0010167316784817366,1.542747032337394e-06,0.04855376794722005,-0.04775292869012904,1.067207769866155,0.7176894927331844,0.2824043512344361,-0.24040242808036796,1.515625997543335,-0.4696686771869659,0.4,0.0,1.4,0.0
transgastric_short_axis,1,154,51.334,0.2823971887045413,-0.24040243283183702,1.5156267612077174,-0.46966866574727734,-0.007162529894739082,-4.751469539376825e-06,0.0007636643820533981,1.1439688362293698e-05,0.06797980904106651,-0.0003550825454051972,0.9760481206824263,0.5527946765556588,0.37326102256774907,-0.5451129560169359,1.5026401232242583,0.4271700819969177,0.4,0.0,1.4,0.0
transgastric_short_axis,1,155,51.6672,0.37325386204557315,-0.545112951415346,1.5026411411148892,0.42717008296691983,-0.00716052217594716,4.601589379877194e-06,0.0010178906305420387,9.700023002870733e-07,0.049514204733398945,-0.04698362805890497,1.0678068477268,0.7006232720425138,0.2843879461288452,-0.24683084122100687,1.519127646446228,-0.4620708480834961,0.4,0.0,1.4,0.0
transgastric_short_axis,1,156,52.0005,0.284380783552597,-0.24683084561353208,1.51912840302938,-0.462070836662503,-0.007162576248268972,-4.392525950540154e-06,0.0007565831516160755,1.1420992679381218e-05,0.06804575391117622,-0.0010546296947749351,0.9778063712965317,0.5495400841253699,0.3728423595428467,-0.5420084800059061,1.5057240085601806,0.41547644720077515,0.4,0.0,1.4,0.0
transgastric_short_axis,1,157,52.3338,0.3728351990379274,-0.5420084757660505,1.505725026738693,0.41547644784376914,-0.007160504919514774,4.239855682980923e-06,0.0010181785121643147,6.429942678796324e-07,0.0500073334264869,-0.046602974004524234,1.0671933529794355,0.6915992873082794,0.28705778121948244,-0.24578315780935892,1.5191149131774901,-0.43534015917778013,0.4,0.0,1.4,0.0
transgastric_short_axis,1,158,52.6671,0.2870506185879222,-0.24578316194256,1.5191156595037558,-0.43534014808148075,-0.007162631560201324,-4.133199436452107e-06,0.0007463262653462868,1.1096298956980872e-05,0.06823479659243602,-0.0018995467753692152,0.9804980151986393,0.5261905646497987,0.3710808277130127,-0.5784178660429783,1.5038286240577698,0.4097131450653076,0.4,0.0,1.4,0.0
transgastric_short_axis,1,159,53.0005,0.3710736671873995,-0.5784178618112965,1.5038296388680985,0.409713145914969,-0.007160525613259823,4.231681649293875e-06,0.0010148103289757857,8.496623071504075e-07,0.04843936249278888,-0.04827723296597371,1.0655639902873917,0.7169723923801794,0.2801732063293457,-0.20390334761001963,1.5148002076148988,-0.4830328044891357,0.4,0.0,1.4,0.0
transgastric_short_axis,1,160,53.334,0.2801660439271089,-0.2039033525560405,1.5148009895757513,-0.48303279337727806,-0.007162402236901593,-4.9460220084825224e-06,0.0007819608517120004,1.1111857887741468e-05,0.06781898123296737,0.002576839028583758,0.9738595624551267,0.549942452350335,0.37122716903686526,-0.5612939066813369,1.4936431325912476,0.45235180621147153,0.4,0.0,1.4,0.0
transgastric_short_axis,1,161,53.6674,0.3712200084663725,-0.561293901103049,1.4936441487744156,0.45235180815917175,-0.007160570492865077,5.578287501996825e-06,0.001016183168307457,1.947700166266147e-06,0.04796937681766923,-0.0482313888231055,1.0663439796881755,0.7275098049323542,0.2784565925598145,-0.2388444788426716,1.5134849358558655,-0.48013617310523987,0.4,0.0,1.4,0.0
transgastric_short_axis,1,162,54.0004,0.2784494300693411,-0.23884448388186458,1.513485706047569,-0.4801361615784198,-0.007162490473231585,-5.039192750038662e-06,0.0007701917042580777,1.1526819609621269e-05,0.06788712340743625,0.00010884757560333802,0.9722323020879386,0.5614543326608461,0.37318100929260256,-0.5411491736294891,1.502153824710846,0.42642668380737303,0.4,0.0,1.4,0.0
transgastric_short_axis,1,163,54.3338,0.3731738487787122,-0.541149168996251,1.5021548435910477,0.4264266848411902,-0.007160513890516102,4.633238048262715e-06,0.0010188802017452835,1.0338173776984892e-06,0.04971955431730994,-0.04677108577361923,1.0677600085834114,0.697020369220613,0.28553147315979005,-0.2494660599255863,1.5193163984298705,-0.4557185386419296,0.4,0.0,1.4,0.0
transgastric_short_axis,1,164,54.6674,0.2855243105635285,-0.24946606424279627,1.519317151656442,-0.4557185272727482,-0.007162596261599502,-4.317208687109525e-06,0.0007532265707418242,1.1369181187873279e-05,0.0680894601878203,-0.0014515408971794742,0.9789424629148706,0.5452100140861276,0.3725755691528321,-0.5487441761632589,1.5062069365024566,0.41088160972595217,0.4,0.0,1.4,0.0
transgastric_short_axis,1,165,55.0004,0.37256840864955726,-0.5487441720261191,1.506207954195169,0.4108816103304429,-0.0071605032748355505,4.1371397668183035e-06,0.0010176927125198879,6.044907501373595e-07,0.04982589090658882,-0.046847792550583356,1.066898431393333,0.6942452634182749,0.2864408969879151,-0.23281791174339042,1.5186610095977784,-0.43881896309852597,0.4,0.0,1.4,0.0
transgastric_short_axis,1,166,55.3339,0.28643373438939673,-0.23281791593644433,1.5186617605949548,-0.43881895206355,-0.007162598518345894,-4.193053938576619e-06,0.0007509971755662796,1.1034975878936354e-05,0.06822753000646131,-0.000895157680431931,0.9799086955616121,0.5232056620329848,0.37049398422241214,-0.5750907456036287,1.5000848557949067,0.4253481010437012,0.4,0.0,1.4,0.0
transgastric_short_axis,1,167,55.6679,0.37048682367798835,-0.5750907409010375,1.5000858707244484,0.4253481022558683,-0.00716054442390785,4.70259079932201e-06,0.001014929541462624,1.212167410484805e-06,0.048127409424446765,-0.04840575796396725,1.0652120930396018,0.722868298833237,0.2806994915008545,-0.21022034490974156,1.513474075126648,-0.47987832441329953,0.4,0.0,1.4,0.0
transgastric_short_axis,1,168,56.0007,0.28069232907861397,-0.2102203499353495,1.5134748541420473,-0.47987831325592395,-0.007162422240535865,-5.025608731207432e-06,0.0007790153983208404,1.115737563360034e-05,0.06785855718059411,0.00204305950086729,0.9744761553634722,0.5491690576894661,0.37173299789428715,-0.5614287292115222,1.494498695898056,0.45106349902153015,0.4,0.0,1.4,0.0
transgastric_short_axis,1,169,56.3338,0.3717258373232514,-0.5614287237158032,1.4944997117419252,0.45106350086804703,-0.00716057103585666,5.4957188271006525e-06,0.0010158438689951083,1.8465166349221885e-06,0.04800477494232154,-0.04821628418040172,1.066794598485357,0.7269044761334686,0.27892622947692874,-0.23806082288596978,1.5136160136222838,-0.479128559589386,0.4,0.0,1.4,0.0
transgastric_short_axis,1,170,56.6674,0.27891906698497626,-0.2380608279029638,1.513616783487267,-0.47912854808175237,-0.007162491952473924,-5.016993985747494e-06,0.00076986498418483,1.1507633428676044e-05,0.06789590948722331,0.00012769471580748905,0.9726942265086278,0.560184335017103,0.3731764078140259,-0.5423230659096717,1.501792237329483,0.42798782000541685,0.4,0.0,1.4,0.0
transgastric_short_axis,1,171,57.0007,0.37316924729672984,-0.5423230612321055,1.5017932560298108,0.4279878210773278,-0.00716051729610138,4.677566283515233e-06,0.0010187003281566212,1.0719116108181773e-06,0.04961818086838307,-0.046859497594547744,1.0677779667662748,0.6988344825482322,0.28489768505096436,-0.2485625617198309,1.5193006690979003,-0.4593453668117523,0.4,0.0,1.4,0.0
transgastric_short_axis,1,172,57.3338,0.2848905224645025,-0.24856256607289162,1.5193014240247091,-0.4593453554071454,-0.007162586461796097,-4.3530607681536525e-06,0.0007549268091837601,1.1404607062553117e-05,0.06806443008353508,-0.0012658492793948756,0.9783068319697366,0.5479639827394461,0.3727291107177735,-0.5435100659358444,1.5062211678028106,0.4126586497306824,0.4,0.0,1.4,0.0
transgastric_short_axis,1,173,57.6672,0.37272195021556265,-0.5435100617683075,1.5062221858880287,0.41265865032606364,-0.0071605022109507465,4.1675365580830314e-06,0.0010180852185720027,5.953809958642468e-07,0.05001972909731932,-0.04662232746539205,1.0670494138624669,0.6911711754024404,0.2871516466140747,-0.24149804839163735,1.5190167921066284,-0.4318131373643875,0.4,0.0,1.4,0.0
transgastric_short_axis,1,174,58.0008,0.2871444839829242,-0.24149805249519601,1.519017538095233,-0.43181312634527474,-0.007162631150570605,-4.103558566902366e-06,0.0007459886043968633,1.1019112790578347e-05,0.06826547935895488,-0.0017282145363323991,0.9806011041556926,0.5212345223723994,0.37058329582214355,-0.5839680602022717,1.5023289071559907,0.41364491629600525,0.4,0.0,1.4,0.0
transgastric_short_axis,1,175,58.3339,0.3705761352849786,-0.5839680558272619,1.5023299211483367,0.4136449172815224,-0.007160537165050676,4.375009761990654e-06,0.0010139923460516474,9.855162207971864e-07,0.04804962468356882,-0.048616508027373634,1.0651630964587329,0.7235039629445731,0.2795546293258667,-0.19667105513315108,1.512864750766754,-0.48446220753192903,0.4,0.0,1.4,0.0
transgastric_short_axis,1,176,58.6672,0.27954746695687077,-0.1966710602559017,1.5128655373226616,-0.4844621965321976,-0.007162368995815466,-5.122750234233148e-06,0.0007865559083599746,1.0999731521617377e-05,0.06777731198926908,0.0031166491308938504,0.9733671625335936,0.5482978825808298,0.37068212032318115,-0.566925743372798,1.4917312697410583,0.4549083844184875,0.4,0.0,1.4,0.0
transgastric_short_axis,1,177,59.0008,0.3706749597443923,-0.5669257376239154,1.4917322854048,0.4549083865707475,-0.007160578788869307,5.748882436485521e-06,0.001015663741585825,2.1522608181890883e-06,0.047612450788764346,-0.04854230640545841,1.0659225465344802,0.73322656957069,0.2763254165649414,-0.23474905723478012,1.5115109046936035,-0.48512798895835874,0.4,0.0,1.4,0.0
transgastric_short_axis,1,178,59.3341,0.2763182541055527,-0.23474906249301888,1.51151167965868,-0.4851279774445075,-0.007162459388538977,-5.258239513842976e-06,0.0007749650768090747,1.1513851053020333e-05,0.06783599293377958,0.0005579790232743929,0.9702264701290295,0.5640818254549145,0.37293052673339844,-0.5405812337210838,1.501316799545288,0.42611865105628965,0.4,0.0,1.4,0.0
transgastric_short_axis,1,179,59.6672,0.3729233662246467,-0.5405812290318186,1.5013178190993965,0.4261186521915148,-0.007160508751724529,4.689264553483005e-06,0.001019554108532233,1.1352249926432395e-06,0.04975166283842074,-0.046734724883964934,1.067565670345045,0.696278403722769,0.2857271432876587,-0.24881067262607462,1.5192561026573181,-0.45467066552639007,0.4,0.0,1.4,0.0
transgastric_short_axis,1,180,60.0008,0.28571998069052074,-0.24881067693754733,1.5192568556489086,-0.4546706541756846,-0.00716259713799243,-4.311471412689036e-06,0.0007529915903913303,1.1350705541441102e-05,0.06809769188846389,-0.0014427568061845131,0.9791429637285385,0.5439800337873671,0.37247939109802247,-0.550417099058641,1.5059236212730407,0.4114519852638245,0.4,0.0,1.4,0.0
transgastric_short_axis,1,181,60.3341,0.3724722305930512,-0.5504170948979575,1.5059246388482794,0.4114519858983261,-0.007160504971468766,4.160683841601843e-06,0.0010175752397035003,6.345014188925469e-07,0.04973004315991625,-0.04694187089804362,1.0668207030461336,0.6958660232108219,0.2860887050628662,-0.23091916110994798,1.5185246887207031,-0.44377932028770445,0.4,0.0,1.4,0.0
transgastric_short_axis,1,182,60.6671,0.28608154247985507,-0.23091916536114937,1.5185254422927725,-0.44377930921295083,-0.007162583011197408,-4.251201454552229e-06,0.0007535720695533489,1.1074753875363329e-05,0.06819248783617234,-0.0005957392492405818,0.9795617072603673,0.5265827870820314,0.37069315910339357,-0.5681795929035209,1.4998080944538117,0.4286840301990509,0.4,0.0,1.4,0.0
transgastric_short_axis,1,183,61.0005,0.37068599856163065,-0.568179588123608,1.4998091102440707,0.42868403144938405,-0.007160541762762412,4.7799133229619825e-06,0.0010157902595276604,1.2503333184720206e-06,0.04836185136893725,-0.04813490477654449,1.0654263018281314,0.7193185750055752,0.2814464807510376,-0.2197009903309635,1.514673998451233,-0.4766365839958191,0.4,0.0,1.4,0.0
transgastric_short_axis,1,184,61.3342,0.2814393182903247,-0.21970099522500566,1.5146747720032074,-0.47663657273453425,-0.007162460712901428,-4.894041302900736e-06,0.000773551974319408,1.1261284496792165e-05,0.0679081916320833,0.0012889837363232832,0.9751469503527022,0.5501435161414079,0.3723337173461914,-0.556535607633368,1.4966871328353881,0.4459578327655792,0.4,0.0,1.4,0.0
transgastric_short_axis,1,185,61.6674,0.3723265567871404,-0.556535602364339,1.496688149263707,0.4459578343758057,-0.0071605590509962345,5.269029320443735e-06,0.0010164283183815345,1.610226330372505e-06,0.048400085313473014,-0.04789068718151597,1.0672559366534906,0.7202254399890998,0.2815566062927246,-0.23892949193809396,1.515050378894806,-0.47217076449394224,0.4,0.0,1.4,0.0
transgastric_short_axis,1,186,62.0008,0.28154944377477836,-0.23892949676232614,1.5150511444447554,-0.472170753044097,-0.007162517946139426,-4.824231765738664e-06,0.0007655499494718456,1.1449845431256501e-05,0.06795813145717378,-0.00016923992667673693,0.9752362150833478,0.5543463038222952,0.37331662178039554,-0.545260511786083,1.5020792976379393,0.4288568655967712,0.4,0.0,1.4,0.0
transgastric_short_axis,1,187,62.3339,0.37330946125635633,-0.5452605071225025,1.5020803155799953,0.4288568666291308,-0.0071605240392799896,4.663580399643745e-06,0.0010179420562487242,1.032359651567407e-06,0.04945632067574033,-0.047022848098526124,1.067898170627196,0.7016836953854508,0.28410294055938723,-0.24714093304043297,1.519055928182602,-0.46347291204929353,0.4,0.0,1.4,0.0
transgastric_short_axis,1,188,62.6672,0.28409577798605673,-0.24714093745265986,1.5190566853160314,-0.4634729006090744,-0.007162573330453111,-4.412226080426036e-06,0.0007571334288744669,1.1440218367567517e-05,0.06803471397606335,-0.0010277413072264131,0.9775249834082944,0.5509029456837806,0.37296738624572756,-0.5409806454667576,1.5058223168849945,0.4155592134475708,0.4,0.0,1.4,0.0
transgastric_short_axis,1,189,63.0008,0.37296022574107524,-0.5409806412307723,1.505823335103524,0.4155592140791269,-0.007160504652422871,4.2359853033299044e-06,0.0010182185297666002,6.315551843895933e-07,0.0500532090330883,-0.04655344155719661,1.0673117288269607,0.6908539948765771,0.28723125457763676,-0.24732406697726794,1.5191886912345887,-0.4332804593324661,0.4,0.0,1.4,0.0
transgastric_short_axis,1,190,63.3341,0.2872240919390188,-0.247324071086108,1.519189436417979,-0.43328044825099793,-0.007162638617844496,-4.108842481111489e-06,0.0007451833900027677,1.1081467451474014e-05,0.06824539714992044,-0.002075573320290228,0.9806681363366194,0.5251910796727285,0.371036958694458,-0.5810448455929353,1.504178414440155,0.4072677957057953,0.4,0.0,1.4,0.0
transgastric_short_axis,1,191,63.6674,0.37102979816966375,-0.5810448414209136,1.5041794289831847,0.4072677965235174,-0.007160524794251892,4.172022357568073e-06,0.0010145430295608498,8.177220741155451e-07,0.04838514994044612,-0.04835813987579432,1.0654989646820607,0.717755384406365,0.27978091239929204,-0.1997362079062102,1.5145092149734496,-0.48431043820381164,0.4,0.0,1.4,0.0
transgastric_short_axis,1,192,64.0006,0.27977375001373955,-0.1997362128891816,1.5145099992817954,-0.484310427141269,-0.007162385552398498,-4.9829712450323585e-06,0.0007843083458357149,1.106254270510112e-05,0.06779410363424526,0.0029025609931535206,0.9734852725296921,0.5495616759730854,0.3709136486053467,-0.5627072962061125,1.49270910987854,0.45353993253707886,0.4,0.0,1.4,0.0
transgastric_short_axis,1,193,64.3339,0.37090648803330434,-0.5627072905431624,1.4927101261217492,0.4535399345912454,-0.0071605720421157966,5.662950632896629e-06,0.0010162432092494353,2.054167049157524e-06,0.04786179417317528,-0.048318518712436725,1.066090946327328,0.7292321763495664,0.2777228116989136,-0.23794697274936888,1.5129409631252289,-0.48190647196769715,0.4,0.0,1.4,0.0
transgastric_short_axis,1,194,64.6674,0.2777156492174359,-0.23794697785299435,1.512941734737029,-0.4819064604365413,-0.00716248147773897,-5.103624940142718e-06,0.0007716118011807354,1.1531156140623663e-05,0.06787012259386563,0.00023039162967155788,0.971532729323886,0.5626383374527297,0.37311744689941406,-0.5404851726683267,1.5020221851825715,0.4257830919742584,0.4,0.0,1.4,0.0
transgastric_short_axis,1,195,65.0007,0.37311028638835664,-0.5404851680331627,1.5020232043405821,0.42578309302607487,-0.007160511057338539,4.635163830831486e-06,0.0010191580109673425,1.0518170721892466e-06,0.04976859997812817,-0.0467249423048509,1.0677058673869597,0.6960942824738066,0.28580770492553714,-0.25019073102533207,1.51928493976593,-0.4539168747425079,0.4,0.0,1.4,0.0
transgastric_short_axis,1,196,65.3338,0.2858005423241725,-0.25019073532807556,1.5192856921210574,-0.45391686338861037,-0.007162601364537861,-4.302743365076886e-06,0.0007523551269786893,1.1353897874899211e-05,0.06810106415651265,-0.0015625898799611088,0.9792222079868889,0.5439728995003431,0.37251522541046145,-0.5513327687428159,1.5062711646080016,0.4096858059883118,0.4,0.0,1.4,0.0
transgastric_short_axis,1,197,65.6691,0.37250806490695093,-0.5513327646295048,1.5062721820942322,0.40968580659021914,-0.007160503510637606,4.113310862405646e-06,0.001017486230718316,6.019069782798891e-07,0.049738985932714974,-0.046952793637697235,1.066834864189194,0.6956003598746349,0.28612039089202884,-0.2282712091664066,1.5184861144065858,-0.44153863949775696,0.4,0.0,1.4,0.0
transgastric_short_axis,1,198,66.0005,0.28611322830959096,-0.22827121339685635,1.518486867795919,-0.4415386284710496,-0.007162582437877103,-4.230449790072442e-06,0.0007533893322562304,1.1026707809520418e-05,0.06821033529039479,-0.0004917545916504661,0.979597715411354,0.5235202402046358,0.3703594207763672,-0.5717520154464021,1.4988909245967865,0.43083464183807374,0.4,0.0,1.4,0.0
transgastric_short_axis,1,199,66.3341,0.37035226022764944,-0.5717520105783755,1.4988919398791083,0.4308346431769019,-0.007160548717771532,4.868027386180756e-06,0.001015282321869131,1.338827545264861e-06,0.04812257321318819,-0.0483456158852002,1.065151451214782,0.7233100687868553,0.2810833930969239,-0.21505654141959538,1.513488306427002,-0.4778511131286621,0.4,0.0,1.4,0.0
transgastric_short_axis,1,200,66.6674,0.28107623065648696,-0.21505654642370886,1.5134890828193264,-0.47785110192420077,-0.00716244043690377,-5.004113492590909e-06,0.0007763923241692639,1.1204461707608963e-05,0.06788614583728132,0.001646361823499553,0.9748609912385915,0.5491936166816824,0.3720693111419678,-0.5596479482919919,1.4954113716602324,0.4488934129714966,0.4,0.0,1.4,0.0
transgastric_short_axis,1,201,67.0005,0.37206215057570924,-0.5596479428922037,1.4954123877114194,0.4488934147195254,-0.007160566258612219,5.399787379320441e-06,0.0010160511867100955,1.748029271232896e-06,0.04815868320924557,-0.04809269283721994,1.0670728817443922,0.7242894206884978,0.2800060033798218,-0.2380950902790585,1.5141717833518982,-0.4763570138454437,0.4,0.0,1.4,0.0
transgastric_short_axis,1,202,67.3341,0.279998840878227,-0.2380950952199873,1.5141725515882491,-0.47635700236337486,-0.007162501594747543,-4.940928839203255e-06,0.0007682363513300612,1.1482068407941617e-05,0.06792089830801784,3.06606681758706e-05,0.973739870473302,0.5577104246785922,0.37322449684143066,-0.5438218430368978,1.5017368101596833,0.42896697092056274,0.4,0.0,1.4,0.0
transgastric_short_axis,1,203,67.6671,0.37321733632031684,-0.5438218383449619,1.5017378285189924,0.4289669719950462,-0.007160521113735018,4.6919356881010305e-06,0.0010183593090576106,1.0744836449115464e-06,0.04951939004713754,-0.0469530047901391,1.0678287693812372,0.7005874333365048,0.28428344726562504,-0.24816015391793073,1.5192242694854736,-0.4625290585041046,0.4,0.0,1.4,0.0
transgastric_short_axis,1,204,68.0006,0.28427628468744964,-0.24816015830787042,1.5192250258707016,-0.4625290470654439,-0.007162578175318581,-4.389938251491437e-06,0.0007563852277329543,1.1438661020354496e-05,0.0680412135760307,-0.0011294953152152492,0.9776951032991705,0.5505662254717997,0.3729313850402832,-0.5406671830840769,1.5061977610588073,0.4139690528869629,0.4,0.0,1.4,0.0
transgastric_short_axis,1,205,68.3338,0.3729242245378178,-0.5406671788934584,1.5061987793028457,0.4139690534800913,-0.007160502465313812,4.190618417310915e-06,0.001018244039378679,5.931283334960878e-07,0.05011460220011965,-0.046506436302003004,1.0672520654712396,0.689712007952672,0.28749744892120366,-0.24657224411797096,1.5192032970428466,-0.4287963825702667,0.4,0.0,1.4,0.0
transgastric_short_axis,1,206,68.6672,0.2874902862746933,-0.24657224818208878,1.5192040407119363,-0.42879637155293854,-0.007162646510332786,-4.0641178814451325e-06,0.00074366908945443,1.1017327948562481e-05,0.0682756891662474,-0.002178535178666355,0.9809367384567091,0.5210875558244878,0.37069149017333985,-0.5873974210603451,1.503701478624344,0.40677044920921324,0.4,0.0,1.4,0.0
transgastric_short_axis,1,207,69.0006,0.3706843296425584,-0.587397416873836,1.5037024923593503,0.4067704500685725,-0.007160530781358737,4.186509455527937e-06,0.0010137350065533176,8.593600213318767e-07,0.04808977834565049,-0.04865385153874628,1.0651859068226148,0.7225728612735821,0.2790761709213257,-0.1908042152814366,1.5130722281455993,-0.48706962518692015,0.4,0.0,1.4,0.0
transgastric_short_axis,1,208,69.3338,0.27906900857596056,-0.19080422041387832,1.5130730181069714,-0.48706961425275197,-0.007162345365296959,-5.1324425443158505e-06,0.0007899613720713601,1.0934168649613938e-05,0.06773217773557345,0.0036013867504996015,0.9728725809302445,0.5486828517155362,0.3701054573059082,-0.5698542010805303,1.4909730784893036,0.45521885147094726,0.4,0.0,1.4,0.0
transgastric_short_axis,1,209,69.6675,0.37009829672477423,-0.5698541952759975,1.4909740939588074,0.45521885369938,-0.007160581133981056,5.804533542428246e-06,0.0010154695045792967,2.2284332481211617e-06,0.04745745239687574,-0.04868502198079082,1.0653957184635134,0.7356143053716517,0.27544679641723635,-0.23184737677957068,1.510619575881958,-0.48732241802215576,0.4,0.0,1.4,0.0
transgastric_short_axis,1,210,70.0008,0.2754396339744081,-0.23184738213672768,1.5106203533286067,-0.4873224065330841,-0.007162442828150929,-5.357157180268461e-06,0.0007774466482047966,1.1489071512185938e-05,0.06781140829372292,0.00082993969430834,0.9694043799672536,0.5647906549048289,0.37273232936859135,-0.5416270445975903,1.5007600935459138,0.4267877094268799,0.4,0.0,1.4,0.0
transgastric_short_axis,1,211,70.3344,0.3727251688597064,-0.5416270398619168,1.5007611132219845,0.426787710625919,-0.0071605088848624,4.735673576917621e-06,0.0010196760701158436,1.199038477540222e-06,0.04968126601560035,-0.04679867942379937,1.0674039316421613,0.6974269270700414,0.28534572124481206,-0.2466076350321446,1.5192105999469756,-0.45721291880607606,0.4,0.0,1.4,0.0
transgastric_short_axis,1,212,70.6674,0.28533855865756974,-0.24660763937056485,1.5192113545215902,-0.45721290744486454,-0.007162587242268901,-4.33841971003449e-06,0.0007545746150668797,1.136121201518404e-05,0.06808211394548924,-0.0012056699492691888,0.9787625408583873,0.5451766353281335,0.37249665260314946,-0.5469501002442242,1.5054727137565613,0.4145012286186218,0.4,0.0,1.4,0.0
transgastric_short_axis,1,213,71.0009,0.37248949209686477,-0.5469500960081752,1.5054737316339226,0.4145012292934718,-0.007160506284901456,4.23604869834671e-06,0.001017877361361056,6.748497523787126e-07,0.04980346638264547,-0.04682941378307617,1.0668653509462043,0.6948720837096743,0.28632674217224124,-0.2380488386610644,1.5187527640342713,-0.4436580733537674,0.4,0.0,1.4,0.0
transgastric_short_axis,1,214,71.3338,0.28631957957378007,-0.2380488428978214,1.5187535155894851,-0.4436580622190406,-0.007162598461162224,-4.23675828220576e-06,0.0007515552140055864,1.1134727131114538e-05,0.06818814118079866,-0.001086250823106382,0.9797846678788813,0.5296464511635002,0.37114639282226564,-0.567708275808415,1.5019729373931885,0.42090718631744384,0.4,0.0,1.4,0.0
transgastric_short_axis,1,215,71.6684,0.3711392322916352,-0.5677082712841238,1.50197395331028,0.4209071873485639,-0.007160530630540202,4.524291104612902e-06,0.0010159170917602802,1.0311195703527945e-06,0.04862075962328103,-0.04796861975568687,1.0657429203440054,0.7146237980311955,0.28149812221527104,-0.22037884805217273,1.5159237313270568,-0.47777340273857116,0.4,0.0,1.4,0.0
transgastric_short_axis,1,216,72.0004,0.28149095975010585,-0.22037885285431208,1.5159245043902656,-0.47777339145251935,-0.007162465165150415,-4.802138326514944e-06,0.0007730632091342641,1.1286051662776831e-05,0.06790344101278566,0.0012804273479001598,0.9751151106520508,0.5516494681448579,0.3723344326019287,-0.5542569196197229,1.497288967037201,0.4447404948234558,0.4,0.0,1.4,0.0
transgastric_short_axis,1,217,72.3339,0.37232727204694843,-0.5542569144082811,1.4972899837575318,0.4447404963692687,-0.007160554980292065,5.211442221248377e-06,0.00101672033098952,1.5458129228330007e-06,0.04854740100171377,-0.047758768542404566,1.0672180406202005,0.7177924192216553,0.2823730707168579,-0.24031516794277583,1.5156014672756195,-0.469768577170372,0.4,0.0,1.4,0.0
transgastric_short_axis,1,218,72.6687,0.2823659081875027,-0.240315172697253,1.5156022310233848,-0.4697685657305647,-0.007162529355201861,-4.754477075045448e-06,0.0007637477662625284,1.1439807165750769e-05,0.06797896001167689,-0.0003457249711561212,0.9760183745321658,0.5528431449798373,0.373264217376709,-0.5451432910862275,1.5026069792747496,0.4272809363365173,0.4,0.0,1.4,0.0
transgastric_short_axis,1,219,73.0006,0.3732570568543731,-0.5451432864808742,1.5026079971636284,0.42728093731013495,-0.0071605223359654515,4.6053528227735284e-06,0.0010178888782175373,9.736177092196946e-07,0.04950944792922164,-0.046987239441749686,1.0678121436898604,0.700709489213481,0.28435397148132324,-0.2468564949524449,1.519127271938324,-0.4622441516160965,0.4,0.0,1.4,0.0
transgastric_short_axis,1,220,73.3356,0.2843468089054223,-0.24685649934670828,1.5191280285873763,-0.46224414019284865,-0.007162575900978001,-4.394261963736658e-06,0.0007566490525085735,1.1423247992172501e-05,0.06804443322083639,-0.0010504503092957388,0.9777722817758812,0.549704397124319,0.37285699844360354,-0.541882832897914,1.5057344947814941,0.4154955471038818,0.4,0.0,1.4,0.0
transgastric_short_axis,1,221,73.6673,0.37284983793870474,-0.5418828286583129,1.5057355129647707,0.41549554774562303,-0.007160504898791939,4.239601247161283e-06,0.0010181832756267649,6.417414741184661e-07,0.05001268158398114,-0.04659709905818951,1.0672072730130735,0.6915133261138556,0.2870776176452637,-0.24597958674569825,1.5191240886211395,-0.4351098368167877,0.4,0.0,1.4,0.0
transgastric_short_axis,1,222,74.0027,0.28707045501286294,-0.24597959087611454,1.5191248348128648,-0.4351098257219222,-0.007162632400759533,-4.130416511535845e-06,0.0007461917258234143,1.109486575233496e-05,0.06823596489738157,-0.0019208739842265024,0.9805174156632481,0.5260896577272133,0.3710774898529053,-0.5787086707504474,1.5038750630378723,0.40941297698020934,0.4,0.0,1.4,0.0
transgastric_short_axis,1,223,74.3344,0.3710703293274244,-0.5787086665262869,1.5038760778191254,0.4094129778255855,-0.007160525480901133,4.224159857034973e-06,0.001014781252787568,8.453764681918193e-07,0.04843426108508932,-0.04828564656751566,1.0655578229578744,0.7170424481946346,0.28012919425964355,-0.20343652459925315,1.5147726812839508,-0.48317792630195616,0.4,0.0,1.4,0.0
transgastric_short_axis,1,224,74.6671,0.2801220318592434,-0.20343652954899533,1.5147734635035368,-0.4831779151954363,-0.007162400400103501,-4.9497429262253805e-06,0.0007822195864088113,1.1106519829574565e-05,0.06781627287854775,0.002613399923732454,0.9738172320244862,0.5499008951235681,0.3711942434310913,-0.5613997049168296,1.49353340177536,0.45249992408752443,0.4,0.0,1.4,0.0
transgastric_short_axis,1,225,75.0009,0.3711870828604896,-0.561399699328371,1.4935344179763428,0.4524999260479934,-0.00716057060165816,5.588457872123222e-06,0.0010162009829341782,1.960468872948418e-06,0.0479594025831571,-0.04823890810331864,1.0663181523084917,0.7276707201885249,0.2783831119537354,-0.23879729095710675,1.5134450507640838,-0.48032941918373107,0.4,0.0,1.4,0.0
transgastric_short_axis,1,226,75.3341,0.27837594946403743,-0.2387972960017079,1.513445821082989,-0.48032940765574295,-0.007162489698019399,-5.04460175466736e-06,0.0007703189046960848,1.1527988334258906e-05,0.0678853593802298,0.00011865294961942337,0.9721612721581046,0.5616073828099236,0.3731761455535889,-0.5410289568734074,1.502161314868927,0.42633867444992063,0.4,0.0,1.4,0.0
transgastric_short_axis,1,227,75.6671,0.3731689850400053,-0.5410289522416569,1.502162333774983,0.42633867548314974,-0.007160513583580659,4.631750019205495e-06,0.0010189060564958926,1.0332285709233445e-06,0.049727739901172414,-0.04676337657928083,1.0677547325558188,0.6968744787855027,0.28557419776916504,-0.24966379963652469,1.5193150876522064,-0.45542305190563204,0.4,0.0,1.4,0.0
transgastric_short_axis,1,228,76.0025,0.2855670351719057,-0.24966380395110122,1.519315840714829,-0.45542304053822513,-0.007162597259322761,-4.314576892192283e-06,0.0007530626226911195,1.1367407554863403e-05,0.06809127612744041,-0.0014751258320794877,0.9789855086361503,0.5450443414450333,0.37257013320922855,-0.549156695654923,1.5062412039756774,0.41059305138587954,0.4,0.0,1.4,0.0
transgastric_short_axis,1,229,76.3343,0.37256297270603017,-0.5491566915244448,1.5062422216344205,0.4105930519876093,-0.007160503198486438,4.1304782055220765e-06,0.0010176587435947865,6.017296662106871e-07,0.049814953249417676,-0.04686262259371064,1.0668909614839843,0.6944061681113737,0.2864006757736206,-0.2320177774774437,1.5186351685523987,-0.43901754591465,0.4,0.0,1.4,0.0
transgastric_short_axis,1,230,76.6674,0.28639351317723766,-0.23201778167392217,1.5186359198485944,-0.4390175348841262,-0.0071625963829422745,-4.1964771640882584e-06,0.0007512961954055935,1.1030523886020283e-05,0.06822671310818067,-0.0008337443231348383,0.9798700411751338,0.5230196576374118,0.3704543590545655,-0.5748776511045304,1.4998513501167297,0.4262673306941986,0.4,0.0,1.4,0.0
transgastric_short_axis,1,231,77.0006,0.37044719850905494,-0.5748776463726493,1.4998523650595983,0.42626733193015287,-0.007160545510641092,4.731880899719702e-06,0.0010149428690549042,1.235953509996602e-06,0.04810973925878593,-0.04841228303078838,1.0651871038810645,0.7232095197477467,0.28073108196258545,-0.21058548926232665,1.5133935559272766,-0.47969668807983395,0.4,0.0,1.4,0.0
transgastric_short_axis,1,232,77.3339,0.2807239195392305,-0.2105854942928291,1.5133943347783232,-0.47969667691987594,-0.007162423354933866,-5.0305032441551475e-06,0.0007788510467935951,1.1159958352043881e-05,0.06786068658667578,0.0020122176324265774,0.974513223473942,0.5491267711416276,0.37176265716552737,-0.5613674973123964,1.4945408280372618,0.4509518956661224,0.4,0.0,1.4,0.0
transgastric_short_axis,1,233,77.6671,0.3717554965947024,-0.5613674918213096,1.4945418438876041,0.45095189750815035,-0.0071605708249023155,5.491086685897074e-06,0.0010158503422225415,1.8420279380963727e-06,0.04801121652118985,-0.04821138603985865,1.0668215938418395,0.7267922584605793,0.27897851467132573,-0.2380216869015132,1.5136384840965271,-0.4790044102191925,0.4,0.0,1.4,0.0
transgastric_short_axis,1,234,78.0007,0.27897135217903957,-0.23802169191527262,1.5136392539013368,-0.4790043987131849,-0.007162492286165084,-5.013759214667413e-06,0.0007698048100652777,1.1506008339047919e-05,0.06789702096192513,0.00012611305975330014,0.9727451441766108,0.5600547771686367,0.37317743301391604,-0.5424356052716736,1.5017662090301513,0.42811758699417113,0.4,0.0,1.4,0.0
transgastric_short_axis,1,235,78.334,0.373170272496298,-0.542435600590726,1.5017672277102676,0.42811758806874955,-0.007160517618095822,4.680947412709818e-06,0.0010186801165320552,1.0745791484193927e-06,0.049609060348604454,-0.046867587350430014,1.0677805975987893,0.6989974627391587,0.28483769893646244,-0.2485520755230387,1.5192956132411957,-0.4596543358325958,0.4,0.0,1.4,0.0
transgastric_short_axis,1,236,78.6671,0.2848305363507384,-0.248552079879498,1.5192963683006946,-0.45965432442437876,-0.007162585723930194,-4.3564598343631284e-06,0.0007550594994432064,1.1408217713454674e-05,0.06806216848442687,-0.0012545586551924535,0.9782469340865467,0.5482297540461024,0.37274599075317383,-0.5430591594737804,1.5062408294677734,0.41273448758125303,0.4,0.0,1.4,0.0
transgastric_short_axis,1,237,79.0006,0.37273883025112864,-0.5430591553058541,1.5062418475839836,0.4127344881739816,-0.007160502045410954,4.167926605888803e-06,0.0010181162096054063,5.927284603589994e-07,0.050038653132287336,-0.04660134513843492,1.0670649094152693,0.690864317680311,0.2872209072113037,-0.24218545604206804,1.5190484380245208,-0.43102470459938047,0.4,0.0,1.4,0.0
transgastric_short_axis,1,238,79.3338,0.2872137445772045,-0.2421854601361055,1.519049183544431,-0.4310246935851572,-0.00716263409914769,-4.094038082731459e-06,0.0007455199103634356,1.1014222874979174e-05,0.06826955722344619,-0.001802265394724216,0.9806688509205241,0.5208930131000103,0.37057290077209476,-0.5849694919959255,1.50249425239563,0.4126112744808197,0.4,0.0,1.4,0.0
transgastric_short_axis,1,239,79.6674,0.3705657402353442,-0.5849694876475385,1.5024952662808309,0.4126112754503142,-0.007160536750550638,4.348386611653429e-06,0.0010138852006343852,9.694939538976832e-07,0.04803192285345345,-0.048645397001483855,1.0651426324926978,0.7237465173423845,0.27942507266998295,-0.1951554251896518,1.5127460317611694,-0.4849536555290222,0.4,0.0,1.4,0.0
transgastric_short_axis,1,240,80.0009,0.2794179103073147,-0.19515543032744026,1.512746819209526,-0.48495364454916,-0.007162362668188082,-5.137788225162566e-06,0.0007874483565240523,1.0979861643855394e-05,0.06776716719049018,0.003235940888537134,0.9732449598511488,0.5481948238941351,0.37053928375244144,-0.5680473919225337,1.4914758553504943,0.4551259735107422,0.4,0.0,1.4,0.0
transgastric_short_axis,1,241,80.3339,0.37053212317227346,-0.5680473861533873,1.4914768708904491,0.45512597568805013,-0.007160580167848281,5.769146486559416e-06,0.0010155399542494308,2.1773079413526666e-06,0.04755034915993601,-0.04859892957391802,1.0657963614621515,0.7342028740983906,0.27597808837890625,-0.23376578903199846,1.5111560584545136,-0.4859668866634369,0.4,0.0,1.4,0.0
transgastric_short_axis,1,242,80.6674,0.2759709259255911,-0.2337657943292154,1.5111568343350505,-0.48596687515709447,-0.007162453315122769,-5.2972168525977575e-06,0.0007758805366611171,1.1506342767632269e-05,0.06782676726826109,0.0006534319331297188,0.96990168998321,0.5644017216340372,0.3728618144989014,-0.5409061185681274,1.501131043624878,0.42625684447288514,0.4,0.0,1.4,0.0
transgastric_short_axis,1,243,81.0008,0.37285465399033724,-0.5409061138644886,1.5011320632368061,0.4262568456296574,-0.007160508563991341,4.703638300900576e-06,0.0010196119278543902,1.1567727993250965e-06,0.04973175893057238,-0.04675318966235055,1.0675092104084911,0.6965909032471257,0.2856308460235596,-0.24794631040477577,1.519241871356964,-0.45539730448722837,0.4,0.0,1.4,0.0
transgastric_short_axis,1,244,81.334,0.285623683429651,-0.24794631472388984,1.5192426248526116,-0.455397293135571,-0.0071625939085563795,-4.319113314271424e-06,0.0007534956475106492,1.1351657798111283e-05,0.06809365151662089,-0.0013589979191833655,0.9790470347875289,0.5442102672261016,0.3724709987640381,-0.5494587355732408,1.505726255607605,0.41259947748184206,0.4,0.0,1.4,0.0
transgastric_short_axis,1,245,81.6674,0.3724638382583529,-0.5494587313829701,1.5057272732696942,0.41259947813452946,-0.00716050568537085,4.190271151647461e-06,0.0010176620898994814,6.526878084971295e-07,0.04974136898105966,-0.046916743763283746,1.0668244760449856,0.6957583800187934,0.286130428314209,-0.23314448187206138,1.5185763708114624,-0.4444607374191284,0.4,0.0,1.4,0.0
transgastric_short_axis,1,246,82.0007,0.2861232657279562,-0.2331444861273396,1.5185771240419106,-0.4444607263174089,-0.007162586252821181,-4.25527693022819e-06,0.0007532304479477525,1.1101719468604106e-05,0.06818618734132806,-0.0007242117864121869,0.9795994578350411,0.5281383659654885,0.3708839416503906,-0.5670394062558847,1.500527898645401,0.4264839835166931,0.4,0.0,1.4,0.0
transgastric_short_axis,1,247,82.3338,0.37087678111281286,-0.5670394015546175,1.5005289145950593,0.42648398469440796,-0.007160537577752987,4.701266320715881e-06,0.0010159496583744473,1.17771476914546e-06,0.04848406974863005,-0.048039561202192514,1.0655713394781579,0.7172004577970169,0.28156766891479496,-0.22126025034325889,1.5152745218753814,-0.47654033546447755,0.4,0.0,1.4,0.0
transgastric_short_axis,1,248,82.6692,0.2815605064472304,-0.2212602551869212,1.5152752944991859,-0.47654032418165443,-0.007162467564476794,-4.843662770666103e-06,0.0007726238045561765,1.1282822912359266e-05,0.06791312805304273,0.0011793507046602026,0.9752285921545489,0.5507840668097148,0.37241425514221194,-0.5550673528289477,1.497197025346756,0.4447850612640381,0.4,0.0,1.4,0.0
transgastric_short_axis,1,249,83.0008,0.37240709458626503,-0.5550673476114703,1.4971980419558566,0.44478506281940255,-0.007160555946795228,5.21747782638589e-06,0.0010166091010805265,1.5553642688255445e-06,0.04850698651624171,-0.04779870411541749,1.06730392014732,0.7184304700393187,0.2822126388549805,-0.2394768339599433,1.5154391180992126,-0.47034915804862976,0.4,0.0,1.4,0.0
transgastric_short_axis,1,250,83.3342,0.28220547632954246,-0.23947683873337697,1.5154398824338369,-0.4703491466119627,-0.0071625254379443625,-4.773434234247403e-06,0.0007643346247225559,1.1436666591583195e-05,0.06797401866246863,-0.00026881574947579083,0.9758681658904451,0.5529732292538414,0.37327132225036624,-0.5455378342405336,1.502289958333969,0.42836700925827026,0.4,0.0,1.4,0.0
transgastric_short_axis,1,251,83.6676,0.3732641617263257,-0.545537829598987,1.5022909761877639,0.4283670102661814,-0.007160524040704305,4.641546341229467e-06,0.001017853794457213,1.00791120080653e-06,0.04945827181786679,-0.04702742050523988,1.0678393134358624,0.7016324307396301,0.2840733051300049,-0.2469205356542829,1.5190712830066682,-0.4636435940265655,0.4,0.0,1.4,0.0
transgastric_short_axis,1,252,84.0006,0.28406614255742396,-0.24692054006679576,1.5190720402571687,-0.4636435825864562,-0.007162572580967232,-4.412513196507825e-06,0.0007572505010375641,1.1440108754953467e-05,0.06803370928372057,-0.0010069261163700464,0.977494193091055,0.5509572894998328,0.3729704380035401,-0.5410192196906717,1.5057562162399292,0.415851891374588,0.4,0.0,1.4,0.0
transgastric_short_axis,1,253,84.334,0.37296327749848845,-0.5410192154464919,1.5057572344541015,0.4158518920128538,-0.007160505051598856,4.244179547545346e-06,0.0010182141721618528,6.382661025930001e-07,0.050042801758906644,-0.046561131014397135,1.0673189325076062,0.6910500449142677,0.287184476852417,-0.24749240788648538,1.5191875677108764,-0.4340664577960968,0.4,0.0,1.4,0.0
transgastric_short_axis,1,254,84.6671,0.28717731421512177,-0.24749241200309657,1.5191883131525197,-0.43406644670325917,-0.0071626372952203025,-4.116611314067066e-06,0.0007454416441608581,1.1092837378033138e-05,0.06823996565878133,-0.002060030079198946,0.9806208371913061,0.5259286896267975,0.3710991382598877,-0.5799220735221148,1.5042731649398804,0.407308242559433,0.4,0.0,1.4,0.0
transgastric_short_axis,1,255,85.0006,0.3710919777361674,-0.5799220693539746,1.5042741796203183,0.4073082433685826,-0.00716052372045159,4.168140172428347e-06,0.0010146804378407,8.091499958336517e-07,0.04843858826981955,-0.048304796509281094,1.065554759767667,0.7168810151806876,0.27991852760314945,-0.20131812559371726,1.514782418489456,-0.4839054079055786,0.4,0.0,1.4,0.0
transgastric_short_axis,1,256,85.3339,0.27991136521073706,-0.2013181305497296,1.51478320184113,-0.483905396821363,-0.00716239241237216,-4.956010948389066e-06,0.0007833516748345197,1.1084215843716382e-05,0.06780354701735002,0.00278149951872111,0.9736052610009014,0.549808954448115,0.3710367202758789,-0.561721780961161,1.4930828687667848,0.4530629967212677,0.4,0.0,1.4,0.0
transgastric_short_axis,1,257,85.6674,0.3710295597051489,-0.5617217753313845,1.4930838850751655,0.45306299873467726,-0.007160570729969579,5.629776581861428e-06,0.0010163083818385443,2.0134090517068435e-06,0.04792518732680752,-0.04826353753652954,1.066189820262357,0.7282179136600971,0.2781122446060181,-0.23866040863826588,1.5133055465698242,-0.4810291872024536,0.4,0.0,1.4,0.0
transgastric_short_axis,1,258,86.0007,0.2781050821190361,-0.2386604137020785,1.5133063173373822,-0.4810291756698414,-0.007162486981980201,-5.0638128696593615e-06,0.0007707675580192505,1.1532612154441372e-05,0.06787897715829065,0.00015184390812019236,0.9718989516943031,0.5621784000366974,0.3731576442718506,-0.5406271108320496,1.5021804147720337,0.4258263476371765,0.4,0.0,1.4,0.0
transgastric_short_axis,1,259,86.3339,0.37315048375982696,-0.5406271062077381,1.5021814338011303,0.42582634866983504,-0.0071605120236796806,4.6243121916465485e-06,0.0010190290976459114,1.0326587760674198e-06,0.049761345651071126,-0.04673324075857058,1.067735465238837,0.6962526043929911,0.285765814781189,-0.25025215017797203,1.5192943024635315,-0.45415197207927704,0.4,0.0,1.4,0.0
transgastric_short_axis,1,260,86.6673,0.28575865218019125,-0.25025215448228155,1.5192950548934316,-0.45415196072196895,-0.007162600997771442,-4.304309454913996e-06,0.0007524299002829882,1.1357307843546827e-05,0.0680993385048038,-0.0015587235590968163,0.9791795106750845,0.5442081770098148,0.37253196239471437,-0.5509721184745703,1.506308989906311,0.40965884141922,0.4,0.0,1.4,0.0
transgastric_short_axis,1,261,87.0007,0.3725248018914619,-0.5509721143635364,1.5063100074194038,0.4096588420169551,-0.007160503252451952,4.111033655833258e-06,0.0010175130928524018,5.977355317831989e-07,0.04975682844068229,-0.046934396684942,1.0668490924607663,0.6953037766598967,0.28618612289428713,-0.22875488499344623,1.5185138279914856,-0.44069768199920656,0.4,0.0,1.4,0.0
transgastric_short_axis,1,262,87.3338,0.2861789603088148,-0.22875488921375345,1.518514580891737,-0.44069767097763,-0.0071625854722869,-4.220308357368063e-06,0.0007529002518284211,1.1021576762052741e-05,0.06821637048443285,-0.0005535365241546584,0.979662259750191,0.5230145041054125,0.3703352451324463,-0.5729498761763953,1.4989926034927368,0.43009910831451414,0.4,0.0,1.4,0.0
transgastric_short_axis,1,263,87.6674,0.37032808458343136,-0.5729498713278954,1.4989936186187132,0.43009910964054043,-0.007160549015066343,4.848500557728322e-06,0.0010151259769815525,1.32602634385725e-06,0.04808672383770242,-0.04838963940394079,1.0651212714863842,0.723834897100128,0.2809680461883545,-0.21356843774267556,1.5133121004581451,-0.47853739886283875,0.4,0.0,1.4,0.0
transgastric_short_axis,1,264,88.0038,0.28096088375434586,-0.21356844276844336,1.5133128777809395,-0.47853738767405124,-0.007162434008677995,-5.02576785513024e-06,0.0007773227948812376,1.1188787956079665e-05,0.06787670342885149,0.001770703154893056,0.9747566336607862,0.5491990810407348,0.37197604179382326,-0.5602338645377554,1.4950859242916108,0.44964804639816286,0.4,0.0,1.4,0.0
transgastric_short_axis,1,265,88.334,0.3719688812259879,-0.5602338591039923,1.4950869402820093,0.44964804818178017,-0.007160567835239394,5.433762730698119e-06,0.0010159903985852313,1.7836166989106447e-06,0.04810678036989206,-0.04813410925887558,1.0670003358218538,0.725170748136019,0.27964372634887696,-0.23808909816660584,1.513984903907776,-0.47729234733581544,0.4,0.0,1.4,0.0
transgastric_short_axis,1,266,88.6671,0.27963656385051816,-0.23808910313309004,1.513985672690973,-0.47729233584490066,-0.007162498358711675,-4.966484316639622e-06,0.0007687831962663833,1.1490914865834396e-05,0.06791249978173304,6.303528097436652e-05,0.9733890738182487,0.5585467618987014,0.3732087373733521,-0.5433744943916026,1.501729507255554,0.4287411426544189,0.4,0.0,1.4,0.0
transgastric_short_axis,1,267,89.0006,0.37320157685332966,-0.5433744897013747,1.5017305257220475,0.4287411437308455,-0.007160520022514828,4.6902279182246715e-06,0.0010184664929433849,1.0764269376028924e-06,0.04954688374887426,-0.046926372616476614,1.0678137236070564,0.7001014638841252,0.2844506978988648,-0.24830564989842233,1.519247863483429,-0.4616604810476303,0.4,0.0,1.4,0.0
transgastric_short_axis,1,268,89.3338,0.284443535318343,-0.2483056542780827,1.5192486194591686,-0.46166046961782525,-0.007162580521835344,-4.379660385656247e-06,0.000755975739121704,1.142980542949326e-05,0.06804755907676303,-0.0011691185395753378,0.9778614895494613,0.5498723642145134,0.3728691101074219,-0.5410757702519439,1.5062427020072937,0.4135331256866455,0.4,0.0,1.4,0.0
transgastric_short_axis,1,269,89.6673,0.37286194960538677,-0.541075766070633,1.5062437202404588,0.41353312627598804,-0.007160502035087366,4.181310917461488e-06,0.0010182331646836544,5.893417005127515e-07,0.050108205130723775,-0.046518187171130584,1.067187179520483,0.6897802788035245,0.2874742984771729,-0.24563316774452781,1.5191785795211792,-0.42866015532016755,0.4,0.0,1.4,0.0
transgastric_short_axis,1,270,90.0005,0.28746713583199357,-0.24563317180850064,1.5191793233475952,-0.4286601443113819,-0.007162645179321926,-4.063972341053878e-06,0.0007438264159196442,1.1008785626002332e-05,0.06827848778065267,-0.0021190850354802166,0.9809153399745576,0.5205310087259017,0.3706251621246338,-0.5877341028787799,1.5034106732368469,0.4078398565292358,0.4,0.0,1.4,0.0
transgastric_short_axis,1,271,90.3351,0.37061800159189295,-0.5877340986594981,1.503411686891753,0.407839857414265,-0.007160532740801843,4.219281763343953e-06,0.0010136549068648923,8.8502893662288e-07,0.04804093605927236,-0.04868971006982583,1.0651380621635547,0.7234099797756682,0.2790253639221192,-0.1905034861377178,1.5127752433776855,-0.48682469701766967,0.4,0.0,1.4,0.0
transgastric_short_axis,1,272,90.6672,0.27901820157835994,-0.19050349129253807,1.5127760335293816,-0.48682468609303337,-0.007162343759145244,-5.154820194643558e-06,0.0007901516960566013,1.0924635613415263e-05,0.067732477188034,0.003613772781415307,0.9728415538907684,0.5483109377644961,0.3700802087783814,-0.5707052683023248,1.4908309527397154,0.4554394366264343,0.4,0.0,1.4,0.0
transgastric_short_axis,1,273,91.0028,0.3700730481957134,-0.5707052624853455,1.490831968057007,0.45543943886737637,-0.007160582667818412,5.816978436860694e-06,0.0010153172917431708,2.24094134293514e-06,0.04740877302793646,-0.04872899345406077,1.0653796108582407,0.7363936773015525,0.2751851320266724,-0.23119554729682776,1.510342252779007,-0.4879399815559387,0.4,0.0,1.4,0.0
transgastric_short_axis,1,274,91.3341,0.27517796958826907,-0.23119555268426917,1.510343030895383,-0.4879399700725676,-0.007162438403345016,-5.387442178410614e-06,0.0007781163760371551,1.1483371114805345e-05,0.06780431595821663,0.0008952971984068211,0.9691603531440014,0.5650601045187046,0.3726844310760498,-0.5418131745906516,1.5006378167152405,0.4267985701560974,0.4,0.0,1.4,0.0
transgastric_short_axis,1,275,91.6672,0.37267727056750255,-0.5418131698465344,1.500638836445047,0.42679857136955324,-0.007160508547171355,4.744117241793489e-06,0.0010197298061438054,1.2134557541043893e-06,0.0496717509968332,-0.04680784602221552,1.0673641777296643,0.697562354551115,0.2852936744689942,-0.24630053926894485,1.5191860696792603,-0.4575057839870453,0.4,0.0,1.4,0.0
transgastric_short_axis,1,276,92.0007,0.28528651188309984,-0.2463005436119906,1.519186824464109,-0.4575057726250876,-0.007162585894246224,-4.343047941709144e-06,0.0007547848488739229,1.1361957738952146e-05,0.06808025797505529,-0.0011747203265489838,0.978711887337486,0.5452890731076728,0.3724958419799805,-0.5465705373710499,1.5054008082389831,0.4149193666934967,0.4,0.0,1.4,0.0
transgastric_short_axis,1,277,92.3341,0.3724886814734568,-0.5465705331240983,1.5054018261511493,0.4149193673751217,-0.007160506523753606,4.246950866969808e-06,0.0010179121665628284,6.81625298289504e-07,0.04980897984203769,-0.04681872778901294,1.0668689649551542,0.6948120945303113,0.2863347053527832,-0.2388733158838501,1.5187827246665955,-0.4438576860666275,0.4,0.0,1.4,0.0
transgastric_short_axis,1,278,92.6673,0.28632754275305095,-0.23887332012076182,1.518783476079598,-0.44385767492266126,-0.007162599732167365,-4.236912192157206e-06,0.0007514130017587822,1.114396596775984e-05,0.06818590577517451,-0.001135655213697153,0.9797904820995542,0.5301896268123121,0.37121081352233887,-0.5673289001887547,1.5022365909576416,0.42003870248794556,0.4,0.0,1.4,0.0
transgastric_short_axis,1,279,93.0006,0.37120365299324654,-0.5673288956935958,1.5022376069268475,0.4200387034930566,-0.007160529092228988,4.495158261823017e-06,0.0010159692059567656,1.005111289634485e-06,0.048665327238264236,-0.04793407181540632,1.0657905823344076,0.7138461642343571,0.2815389156341553,-0.22083612113371773,1.51613008518219,-0.4777446592569351,0.4,0.0,1.4,0.0
transgastric_short_axis,1,280,93.3339,0.281531753166838,-0.22083612591850077,1.5161308579533657,-0.4777446479644183,-0.0071624673172198386,-4.784783015440144e-06,0.0007727711757588222,1.1292517021856732e-05,0.06790500270395965,0.0012482404441539327,0.9751423137938382,0.5518420470080598,0.37235703468322756,-0.553811256256055,1.497445136833191,0.4443854613304138,0.4,0.0,1.4,0.0
transgastric_short_axis,1,281,93.6674,0.37234987412915804,-0.5538112510603107,1.4974461536045025,0.4443854628592847,-0.007160554069566847,5.195744415455546e-06,0.001016771311410532,1.5288712926788718e-06,0.04857976256063808,-0.047730790841558124,1.0672306621871928,0.7172486484578642,0.2825707197189331,-0.2404853813871347,1.515718500995636,-0.4692159907579422,0.4,0.0,1.4,0.0
transgastric_short_axis,1,282,94.0005,0.28256355718731524,-0.24048538612636103,1.5157192643766013,-0.4692159793223712,-0.007162531617758818,-4.739224811081602e-06,0.0007633809652156176,1.1435570944390688e-05,0.0679836925136216,-0.0003762300277738405,0.9762087683944085,0.5524301968938298,0.37323610782623295,-0.5451876701690802,1.5026710201263427,0.427093869638443,0.4,0.0,1.4,0.0
transgastric_short_axis,1,283,94.3338,0.3732289473040435,-0.5451876655708433,1.5026720380017293,0.4270938706047538,-0.0071605221893037444,4.598236700008986e-06,0.0010178753866567657,9.663110804723322e-07,0.04951301613298753,-0.04698589615367911,1.0677799473887517,0.700640422505449,0.28438258171081543,-0.24675874861806057,1.5191220288276672,-0.4620904161214828,0.4,0.0,1.4,0.0
transgastric_short_axis,1,284,94.6673,0.2843754191347776,-0.24675875301118932,1.519122785440639,-0.46209040470090873,-0.007162576037886329,-4.393128852431613e-06,0.0007566129722705494,1.1420574079860392e-05,0.0680456651658611,-0.0010490504295427392,0.977801363223429,0.5495240722804431,0.3728409051895142,-0.5420536081028153,1.5056989165306092,0.4155700741767883,0.4,0.0,1.4,0.0
transgastric_short_axis,1,285,95.0006,0.3728337446844535,-0.5420536038601239,1.5056999347062545,0.41557007482238273,-0.007160505060610555,4.242691430149331e-06,0.0010181756451529752,6.455941020563893e-07,0.05000245909200731,-0.04660706160371125,1.0671934907435343,0.6916871244792726,0.28703720569610597,-0.24578989893586817,1.5191122916221618,-0.4356622359752655,0.4,0.0,1.4,0.0
transgastric_short_axis,1,286,95.334,0.28703004306520713,-0.2457899030723808,1.5191130380699551,-0.4356622248748481,-0.007162630898793894,-4.136512889564924e-06,0.0007464477937287157,1.1100417393316465e-05,0.06823265542800597,-0.0018889356597752557,0.9804773687117572,0.5264640326207828,0.37110247611999514,-0.5779662105668577,1.5038492219924926,0.40980152893066407,0.4,0.0,1.4,0.0
transgastric_short_axis,1,287,95.6674,0.3710953155947074,-0.5779662063346349,1.503850236855917,0.4098015297784672,-0.00716052528792223,4.23222228840943e-06,0.001014863424697772,8.478035530497639e-07,0.04845865967551081,-0.04825710538933996,1.0655841771586767,0.7166607160638996,0.2802302837371826,-0.20455498983924839,1.5148983286857605,-0.48286024997234345,0.4,0.0,1.4,0.0
transgastric_short_axis,1,288,96.0007,0.28022312133221,-0.2045549947753607,1.514899110264369,-0.4828602388521335,-0.00716240497250836,-4.9361135100222085e-06,0.000781578609139818,1.1120209824065451e-05,0.06782265595241369,0.0025267652270602346,0.973910331142116,0.5500409642515995,0.37127008438110354,-0.5610793141541255,1.493816904258728,0.4521016349315643,0.4,0.0,1.4,0.0
transgastric_short_axis,1,289,96.3339,0.37126292381090786,-0.5610793085920877,1.4938179204274293,0.45210163685923543,-0.00716057019565026,5.562037310228038e-06,0.0010161687020512893,1.927671946402187e-06,0.04798789946444587,-0.04821692863388803,1.0663756712597137,0.7272093937252188,0.278585147857666,-0.23894803003599444,1.5135583394050598,-0.4797917194604874,0.4,0.0,1.4,0.0
transgastric_short_axis,1,290,96.6672,0.27857798536576006,-0.23894803506536752,1.5135591093633973,-0.47979170793551495,-0.007162491905964525,-5.029373410800292e-06,0.0007699583369538147,1.1524972054095504e-05,0.06789027267970903,9.004684806650752e-05,0.9723563360381651,0.5611908974872314,0.3731902599334717,-0.5413523436923378,1.502147458076477,0.42656244292259216,0.4,0.0,1.4,0.0
transgastric_short_axis,1,291,97.0005,0.3731830994190639,-0.5413523390572017,1.5021484769107962,0.4265624439566835,-0.00716051440764509,4.635136005321187e-06,0.0010188343192452877,1.0340920942779614e-06,0.04970611604088503,-0.04678386816477978,1.067769549103028,0.6972598734252284,0.2854619026184082,-0.2491409878250285,1.5193180837154387,-0.45619959404468535,0.4,0.0,1.4,0.0
transgastric_short_axis,1,292,97.334,0.28545474002378357,-0.24914099214655572,1.51931883721066,-0.45619958267267485,-0.007162594624643587,-4.321529474906745e-06,0.0007534952215615924,1.1372010877844102e-05,0.0680864861349039,-0.0014129325480715582,0.9788723990851214,0.5454785923341225,0.37258415222167973,-0.5480724978080165,1.5061505730628968,0.41135330243110657,0.4,0.0,1.4,0.0
transgastric_short_axis,1,293,97.6672,0.37257699171827674,-0.5480724936599595,1.5061515908107808,0.4113533030401646,-0.007160503403097708,4.148056579006826e-06,0.0010177478839456496,6.09057309334959e-07,0.0498436331171417,-0.046823674308316986,1.0669103616099351,0.6939849997251949,0.2865060567855835,-0.23412213246941868,1.5187029544830322,-0.43850156764984133,0.4,0.0,1.4,0.0
transgastric_short_axis,1,294,98.0005,0.2864988941836322,-0.23412213665698084,1.5187037049997665,-0.4385015566076558,-0.007162601951245968,-4.1875621417282545e-06,0.0007505167349611387,1.1042185859541079e-05,0.06822869636382103,-0.0009950502435019867,0.9799713078104049,0.5235168198084729,0.37055835723876956,-0.5754225588306958,1.500465168571472,0.42384257926940916,0.4,0.0,1.4,0.0
transgastric_short_axis,1,295,98.3338,0.370551196696145,-0.5754225541757376,1.5004661834825628,0.4238425804431394,-0.007160542624366726,4.654958205941733e-06,0.0010149110914396285,1.1737299362288637e-06,0.04815714407352996,-0.04839420124014783,1.0652526188612166,0.7222979543723005,0.2806492328643799,-0.20964266781860055,1.513608897972107,-0.4801711895942688,0.4,0.0,1.4,0.0
transgastric_short_axis,1,296,98.6671,0.28064207044389,-0.20964267283589488,1.5136096772463086,-0.4801711784408643,-0.007162420489973785,-5.017292977424492e-06,0.0007792742018129684,1.115340415747914e-05,0.06785513374301004,0.0020920297172735804,0.9744167361357745,0.5492430108713248,0.37168569564819337,-0.5615148658280295,1.494435216808319,0.45123333835601803,0.4,0.0,1.4,0.0
transgastric_short_axis,1,297,99.0005,0.37167853507684645,-0.5615148603252959,1.4944362326435705,0.4512333402092983,-0.0071605713470337005,5.5027338125032995e-06,0.0010158352504678826,1.853280848165798e-06,0.04799531321272079,-0.04822339975565566,1.066751307559096,0.7270699918810298,0.2788477182388306,-0.23812748513700582,1.5135834314346313,-0.47931403462886807,0.4,0.0,1.4,0.0
transgastric_short_axis,1,298,99.3338,0.2788405557473541,-0.2381274901587552,1.513584201386565,-0.4793140231187078,-0.007162491476407325,-5.021749629286723e-06,0.0007699519344466102,1.1510159954556372e-05,0.06789425306961036,0.00012950035990557524,0.972617692934326,0.5603816699926782,0.37317512035369876,-0.5421509799301714,1.501833807706833,0.42778446221351624,0.4,0.0,1.4,0.0
transgastric_short_axis,1,299,99.6672,0.37316795983689777,-0.5421509752579646,1.5018348264375438,0.4277844632811476,-0.0071605168011373175,4.672207106917406e-06,0.001018730710769077,1.0676319020650437e-06,0.049632273338569004,-0.046847030196137576,1.0677741107302257,0.6985825056876107,0.28499057292938235,-0.24857660573339185,1.5193085337638854,-0.45886702659130096,0.4,0.0,1.4,0.0
transgastric_short_axis,1,300,100.0004,0.2849834103417829,-0.24857661008118825,1.519309288485938,-0.4588670151923218,-0.0071625875995264985,-4.34779627105094e-06,0.0007547220520497988,1.1398979628457428e-05,0.06806792749664606,-0.0012831816198753624,0.9783995803788896,0.5475516331147166,0.3727027416229248,-0.5442087087971239,1.5061902709007262,0.41254292678833004,0.4,0.0,1.4,0.0
transgastric_short_axis,1,301,100.3338,0.37269558112045076,-0.5442087046301404,1.506191288937364,0.41254292738784226,-0.007160502473969233,4.166982826076135e-06,0.001018036638533464,5.995120254475144e-07,0.049990337765974384,-0.04665485751161223,1.0670252173137749,0.6916479612270063,0.28704404830932617,-0.24043444843128695,1.5189677315711976,-0.43303862085342404,0.4,0.0,1.4,0.0
transgastric_short_axis,1,302,100.6672,0.28703688568280034,-0.24043445254967585,1.5189684782941946,-0.4330386098269489,-0.0071626265258310316,-4.118387808968201e-06,0.0007467229968092198,1.1026474345472617e-05,0.06825895315292306,-0.0016134679279453997,0.9804958468473457,0.5217713365044077,0.37059898376464845,-0.5824007482888679,1.5020736800193786,0.41523301706314086,0.4,0.0,1.4,0.0
transgastric_short_axis,1,303,101.0005,0.3705918232268813,-0.5824007438726977,1.5020746941816832,0.4152330180737396,-0.00716053776717075,4.416170276765959e-06,0.0010141623044629296,1.010598437262121e-06,0.0480781506771461,-0.04857070309291267,1.0651943197283522,0.7231135248462037,0.2797571182250977,-0.19903644152384584,1.5130497576713562,-0.48370055208206175,0.4,0.0,1.4,0.0
transgastric_short_axis,1,304,101.3347,0.27974995584632095,-0.19903644662327583,1.513050542847881,-0.4837005410519471,-0.007162378776735207,-5.099430190373355e-06,0.0007851765250039337,1.1030114139050341e-05,0.06779266201849124,0.0029306033510209453,0.9735581825989656,0.5484726236153714,0.37090244293212893,-0.5651496437911213,1.4921312441825867,0.4545413666725159,0.4,0.0,1.4,0.0
transgastric_short_axis,1,305,101.6672,0.37089528235556374,-0.5651496380743115,1.4921322600444435,0.4545413687853914,-0.007160576565170964,5.716809843918481e-06,0.0010158618571836611,2.1128754877193947e-06,0.04771128996024244,-0.04845205296782855,1.0661168205751022,0.7316675524327165,0.2768793821334839,-0.23627536062858578,1.5120713557720185,-0.483794553565979,0.4,0.0,1.4,0.0
transgastric_short_axis,1,306,102.001,0.27687221966459835,-0.23627536582537587,1.512072129303661,-0.4837945420417269,-0.007162468885524282,-5.196790210976302e-06,0.0007735316422583114,1.1524252610066359e-05,0.06785031293478257,0.0004086983338275358,0.9707448075881717,0.5635635011799991,0.37302641868591313,-0.5402780702816811,1.5016306371688843,0.4258413279533386,0.4,0.0,1.4,0.0
transgastric_short_axis,1,307,102.3339,0.3730192581766991,-0.5402780656177263,1.5016316566001446,0.42584132905204,-0.007160509214022981,4.663955396361801e-06,0.0010194312597979853,1.0987011409789787e-06,0.04977505319056999,-0.04671486574316219,1.0676409035107983,0.6959153538822558,0.28584649562835696,-0.24983607286953918,1.5192684614181517,-0.4537668843269348,0.4,0.0,1.4,0.0
transgastric_short_axis,1,308,102.6672,0.2858393330273564,-0.2498360771719207,1.5192692138032733,-0.4537668729780316,-0.00716260100058398,-4.302381526744975e-06,0.0007523851215498158,1.1348902801877937e-05,0.06810262000619433,-0.0015435632878571777,0.9792622108571609,0.543672919790755,0.3724866390228272,-0.5516115892253796,1.5061535691261292,0.41007417068481444,0.4,0.0,1.4,0.0
transgastric_short_axis,1,309,103.0012,0.3724794785186886,-0.5516115850997093,1.506154586595084,0.41007417129849344,-0.00716050413843225,4.125670403054777e-06,0.0010174689549398127,6.136789373868301e-07,0.049714321800903724,-0.04697417820241767,1.0668138025310052,0.696033290971155,0.2860299110412598,-0.22818226374718717,1.5184584008216857,-0.44306419744491576,0.4,0.0,1.4,0.0
transgastric_short_axis,1,310,103.3339,0.28602274846260667,-0.22818226799480024,1.518459154876174,-0.4430641864021923,-0.007162578653110297,-4.247615288149318e-06,0.0007540544887392088,1.1042723056497312e-05,0.06819896952560811,-0.00043349762111806033,0.9795078843529177,0.5247822462140684,0.37046241760253906,-0.5694090994774048,1.4989266901016236,0.43138329591751096,0.4,0.0,1.4,0.0
transgastric_short_axis,1,311,103.6671,0.37045525705571225,-0.5694090946001102,1.4989277057079518,0.4313832972573639,-0.007160546826771884,4.877294383174834e-06,0.0010156063282574042,1.3398524589567438e-06,0.04821970867209159,-0.04824320683236985,1.0652514887867155,0.7217879529046156,0.281312894821167,-0.2179859353948985,1.513965429496765,-0.4766806823015213,0.4,0.0,1.4,0.0
transgastric_short_axis,1,312,104.0007,0.2813057323680905,-0.21798594034768257,1.5139662040773993,-0.4766806710653314,-0.0071624530765769644,-4.9527840570974455e-06,0.0007745806345990083,1.1236190492173488e-05,0.06790290627649084,0.0014075116344116024,0.9750600851715385,0.549380521312,0.37224569320678713,-0.5582236980633959,1.4961047730445862,0.4472672996520996,0.4,0.0,1.4,0.0
transgastric_short_axis,1,313,104.3341,0.3722385326441523,-0.5582236927357084,1.4961057892575003,0.44726730132476966,-0.007160562634868912,5.3276874527553e-06,0.00101621291381355,1.672669876548229e-06,0.048278089896478,-0.047995401330715406,1.0672050998580962,0.722266399443024,0.28081171512603764,-0.2382555665406818,1.5146024674415588,-0.47423898439407347,0.4,0.0,1.4,0.0
transgastric_short_axis,1,314,104.6674,0.28080455261677456,-0.23825557142342083,1.5146032343966649,-0.47423897293090556,-0.007162509263028962,-4.882739153721032e-06,0.0007669551064236479,1.1463168002121573e-05,0.06793981815290594,-5.266326603798645e-05,0.9745190630681495,0.5558864783136258,0.3732638835906983,-0.5447290863129362,1.5018104009628295,0.42927069683074953,0.4,0.0,1.4,0.0
transgastric_short_axis,1,315,105.0005,0.37325672306746926,-0.5447290816237811,1.5018114190901208,0.42927069789461836,-0.00716052322895869,4.689155004714961e-06,0.0010181272917604304,1.0638686798685773e-06,0.049468279031619,-0.04700406838052628,1.067862944987012,0.7014869010579278,0.2841519832611084,-0.24752798605417317,1.5190802711963654,-0.4631733993530273,0.4,0.0,1.4,0.0
transgastric_short_axis,1,316,105.3341,0.2841448206862471,-0.2475279904617198,1.5190810280943596,-0.4631733879125976,-0.007162574861325762,-4.4075469473680205e-06,0.0007568979933155976,1.1440430207864506e-05,0.06803663058206286,-0.0010643329908384984,0.9775726563361224,0.5508197592300792,0.3729598045349121,-0.5408628630063597,1.5059543309211731,0.4150019456863403,0.4,0.0,1.4,0.0
transgastric_short_axis,1,317,105.6672,0.37295264403103257,-0.5408628587863087,1.505955349149331,0.41500194630438436,-0.007160503879568961,4.2200510761239646e-06,0.0010182281571189202,6.180433154870371e-07,0.05007510421065495,-0.04653658512303668,1.0672958278858455,0.690447205026709,0.28732678890228275,-0.247070525719114,1.5191943088531494,-0.4316896433830261,0.4,0.0,1.4,0.0
transgastric_short_axis,1,318,106.0014,0.2873196262608366,-0.2470705298120539,1.5191950534948742,-0.4316896323240552,-0.007162641446084536,-4.0929384709695785e-06,0.0007446417251331983,1.1058971290115577e-05,0.06825617439933698,-0.0021129915797710973,0.9807644997858629,0.5237405013566647,0.3709157943725586,-0.5832991906497413,1.5040132564544677,0.4070788564682007,0.4,0.0,1.4,0.0
transgastric_short_axis,1,319,106.3339,0.3709086338457144,-0.5832991864730015,1.50401427071826,0.4070788573006281,-0.007160526844268086,4.176739774953221e-06,0.0010142637925738354,8.324272530715598e-07,0.048280919691789104,-0.048463057663045955,1.0653890387290954,0.7194556366441399,0.2795263767242432,-0.19656057555980483,1.514000820493698,-0.48526552698612213,0.4,0.0,1.4,0.0
transgastric_short_axis,1,320,106.6674,0.27951921435275245,-0.1965605805952235,1.5140016067778816,-0.4852655159675307,-0.00716237149079406,-5.035418653523398e-06,0.0007862841834668823,1.1018591206017873e-05,0.06777320800777428,0.0031502495791354912,0.9732633401147057,0.5492091303768374,0.37063069343566896,-0.5653206062495367,1.492090984582901,0.45419195079803465,0.4,0.0,1.4,0.0
transgastric_short_axis,1,321,107.0013,0.3706235328602309,-0.5653206005355552,1.4920920005383067,0.45419195291453107,-0.007160575438258007,5.7139809787646345e-06,0.0010159554059251798,2.1164963203646953e-06,0.04771323309474845,-0.048453683768034106,1.0658481599008311,0.7315884258700092,0.2768857479095459,-0.2357793260696125,1.5120992566108704,-0.48389361090660094,0.4,0.0,1.4,0.0
transgastric_short_axis,1,322,107.3338,0.2768785854419145,-0.2357793312649272,1.512100030316902,-0.48389359938752374,-0.007162467631377633,-5.1953134458207855e-06,0.0007737060314583141,1.1519077319461922e-05,0.06784935834566554,0.0004456893790549272,0.9707492409262295,0.563444946822477,0.3730080842971802,-0.5403804979539191,1.501507049560547,0.4263133951663971,0.4,0.0,1.4,0.0
transgastric_short_axis,1,323,107.6672,0.37300092378730065,-0.5403804932751108,1.5015080689852809,0.4263133962784993,-0.007160509879395874,4.6788088595623825e-06,0.0010194247347990743,1.1121024987813035e-06,0.049756195972858394,-0.04672906645374558,1.0676303413769868,0.6962664917574453,0.28572490215301516,-0.249560435696716,1.519290557384491,-0.45456261999607084,0.4,0.0,1.4,0.0
transgastric_short_axis,1,324,108.0013,0.28571773955415014,-0.249560440004863,1.519291310138697,-0.45456260864001585,-0.007162598865021654,-4.308145831262768e-06,0.0007527542059889501,1.1356054949085366e-05,0.06809747315032287,-0.0014975444721578588,0.9791385218186557,0.5442411507009157,0.3725156784057617,-0.5504558605360693,1.5061400868415833,0.41054642515182493,0.4,0.0,1.4,0.0
transgastric_short_axis,1,325,108.3338,0.3725085179018108,-0.5504558564015568,1.5061411044034534,0.41054642576523204,-0.007160503950925093,4.13451252248304e-06,0.001017561869527604,6.134076752995256e-07,0.04975499232489353,-0.04692613649237372,1.0668433186620525,0.6953932219883354,0.28617990016937256,-0.2301652784619954,1.518537796497345,-0.4417031420946121,0.4,0.0,1.4,0.0
transgastric_short_axis,1,326,108.6671,0.28617273758316947,-0.23016528269123704,1.5185385494177943,-0.44170313104948944,-0.007162586203026196,-4.229241301574235e-06,0.0007529204496056626,1.104512284499586e-05,0.0682082516185633,-0.0006153612159042763,0.9796536566171321,0.5244861739861637,0.37050781250000003,-0.5711996175796707,1.4994476305961608,0.42895405039787293,0.4,0.0,1.4,0.0
transgastric_short_axis,1,327,109.0014,0.3705006519546725,-0.5711996127759863,1.4994486459930547,0.4289540516807788,-0.007160545327288499,4.803684375265745e-06,0.0010153968942352848,1.282906065769285e-06,0.04820687716545627,-0.04828492438459267,1.0652647050085782,0.7218246468594324,0.2811483860015869,-0.21581529265891577,1.5139103768348694,-0.4779602821826935,0.4,0.0,1.4,0.0
transgastric_short_axis,1,328,109.334,0.2811412235575642,-0.2158152976293206,1.5139111527563642,-0.4779602709648704,-0.007162444022620772,-4.970405159426919e-06,0.0007759214952254,1.1217823112700616e-05,0.06788794288843207,0.0015982016624478722,0.9748980395140785,0.5496593697657862,0.37210581302642826,-0.5587320913543029,1.495711914253235,0.4482545024871826,0.4,0.0,1.4,0.0
transgastric_short_axis,1,329,109.6675,0.37209865246206164,-0.5587320859843629,1.4957129304262686,0.4482545042031365,-0.007160564366598288,5.369940147293941e-06,0.0010161730339111193,1.7159539810115412e-06,0.04822286488189187,-0.04803740408293461,1.0670901718111812,0.72322409714559,0.2803890466690064,-0.23853270174161817,1.5144122174263,-0.47528386144638063,0.4,0.0,1.4,0.0
transgastric_short_axis,1,330,110.0006,0.28038188416266474,-0.23853270665134887,1.5144129849004617,-0.4752838499695015,-0.007162506341637468,-4.909730763377687e-06,0.0007674741614311701,1.1476879003183175e-05,0.06793058000432066,-3.577576662546801e-05,0.9741080152116397,0.5569483054418584,0.3732550382614136,-0.5440424276765621,1.5019096455574035,0.42864395785331727,0.4,0.0,1.4,0.0
transgastric_short_axis,1,331,110.3339,0.37324787774005874,-0.5440424230016103,1.5019106638251154,0.428643958907827,-0.007160521354871539,4.674951889965295e-06,0.0010182677117665994,1.0545088456229072e-06,0.04951904716047514,-0.04695796872988209,1.0678481114280982,0.7005849420165442,0.28430938720703125,-0.24793563695446943,1.5192081656455994,-0.4624195149421692,0.4,0.0,1.4,0.0
transgastric_short_axis,1,332,110.6673,0.2843022246291041,-0.24793564134451662,1.5192089220503604,-0.46241950350688465,-0.007162577927084328,-4.390046424879275e-06,0.0007564047611971325,1.1435284686779369e-05,0.06804222611610818,-0.0011179509371907377,0.9777221980715123,0.550364081126897,0.3729139566421509,-0.5409137959622073,1.506117429113388,0.4142154790878296,0.4,0.0,1.4,0.0
transgastric_short_axis,1,333,111.0005,0.3729067961392808,-0.5409137917634061,1.506118447346358,0.41421547968944594,-0.007160502870301951,4.198800912132641e-06,0.0010182329703646515,6.016170829662658e-07,0.05009579892607056,-0.04652360018481867,1.0672397872733883,0.6900415641806394,0.2874208450317383,-0.24640390320875355,1.5191870059490205,-0.4299270219326019,0.4,0.0,1.4,0.0
transgastric_short_axis,1,334,111.3341,0.28741368238783926,-0.24640390728482453,1.5191877500797863,-0.4299270109015485,-0.007162643899039168,-4.076070865081672e-06,0.0007441307660967807,1.1031053234661003e-05,0.06826882199887922,-0.0021281213035365823,0.9808603720435964,0.5219516442262795,0.3707575798034668,-0.5858580099205491,1.5037129011154176,0.40732565717697145,0.4,0.0,1.4,0.0
transgastric_short_axis,1,335,111.6674,0.37075041927354335,-0.5858580057249402,1.5037139150388183,0.40732565803574605,-0.007160529923372806,4.195608614239624e-06,0.0010139234011042639,8.587742902925904e-07,0.04814840006941427,-0.04859041701103873,1.0652507155187514,0.7216341931419341,0.2792403221130371,-0.19303646442357342,1.5133358817100524,-0.48623381717205044,0.4,0.0,1.4,0.0
transgastric_short_axis,1,336,112.0005,0.27923315975755386,-0.19303646952497153,1.5133366702331799,-0.48623380620630424,-0.0071623554834200605,-5.101398214574287e-06,0.0007885231275880076,1.0965746591946581e-05,0.06774947428602236,0.00342199384684805,0.9730201640670622,0.5487405793143278,0.3703124523162842,-0.5683586072630447,1.491373427438736,0.454911754989624,0.4,0.0,1.4,0.0
transgastric_short_axis,1,337,112.3338,0.3703052917368238,-0.5683586014902642,1.4913744430443305,0.4549117571775376,-0.007160579460384782,5.772780385452448e-06,0.0010156055947526756,2.1879139013206034e-06,0.04754116066726805,-0.048609527200518685,1.0655765750471413,0.7343073411364077,0.2759215831756592,-0.23320852257389937,1.511110930252075,-0.4861861610412598,0.4,0.0,1.4,0.0
transgastric_short_axis,1,338,112.6675,0.27591442072442,-0.23320852787716306,1.511111706433157,-0.486186149540548,-0.007162451239107758,-5.303264520741658e-06,0.0007761810822808206,1.1500712114390193e-05,0.06782430611575357,0.0006986994885369094,0.9698479417155905,0.5643635634680378,0.37282834053039554,-0.5411742656003847,1.5010196275234222,0.4265948378562927,0.4,0.0,1.4,0.0
transgastric_short_axis,1,339,113.0006,0.3728211800212575,-0.5411742608848198,1.5010206471198,0.42659483902522943,-0.007160509137964434,4.715565444101736e-06,0.0010195963776639936,1.1689366405488895e-06,0.04970904364624518,-0.04677297293742248,1.0674828273969639,0.6969911023299598,0.28550224304199223,-0.24737237838391768,1.519249361515045,-0.4562738402366638,0.4,0.0,1.4,0.0
transgastric_short_axis,1,340,113.3351,0.2854950804510476,-0.24737238271058049,1.5192501154976181,-0.45627382887979867,-0.00716259094455054,-4.326663551363164e-06,0.0007539825729869866,1.1356865324852813e-05,0.06808811335678064,-0.0012899126826496172,0.9789172390113756,0.5447117304553383,0.3724871635437012,-0.5482219261123051,1.5056303815841674,0.4134258291721344,0.4,0.0,1.4,0.0
transgastric_short_axis,1,341,113.6674,0.37248000303784695,-0.548221921902891,1.5056313993504746,0.4134258298327733,-0.007160505854164861,4.209414511393038e-06,0.0010177663070195277,6.606385487745182e-07,0.04977530858482426,-0.046871540351045515,1.066846300840781,0.69525789113778,0.2862545490264893,-0.23551005551627027,1.5186538939476013,-0.443783065366745,0.4,0.0,1.4,0.0
transgastric_short_axis,1,342,114.0006,0.286247386433661,-0.23551005976033101,1.5186546462480761,-0.4437830542522302,-0.0071625928283174,-4.244061059660016e-06,0.0007523004751554722,1.11145146970724e-05,0.0681894439186343,-0.0009087729476481678,0.9797189537645612,0.5286085221212211,0.3709939002990723,-0.5678063966498276,1.5012033236503601,0.42375251011848447,0.4,0.0,1.4,0.0
transgastric_short_axis,1,343,114.3338,0.37098673976446667,-0.5678063920341058,1.5012043395293428,0.42375251122672886,-0.007160534605677475,4.6157213574150106e-06,0.0010158789821762854,1.1082442349347368e-06,0.0485298680240812,-0.04802615797792667,1.0656389880013744,0.7162781423544996,0.28150238990783694,-0.22038502741813956,1.515499413871765,-0.4774200545310974,0.4,0.0,1.4,0.0
transgastric_short_axis,1,344,114.6672,0.2814952274436445,-0.2203850322520107,1.5155001870350056,-0.47742004325070786,-0.007162464192429977,-4.833871726927818e-06,0.0007731632407335382,1.128038876955943e-05,0.06790508007952195,0.0012683867683130857,0.9751476891912134,0.5512559609310201,0.3723515510559082,-0.5548104410075391,1.497140287399292,0.4450146346092224,0.4,0.0,1.4,0.0
transgastric_short_axis,1,345,115.0007,0.37234439050000573,-0.5548104357822319,1.497141304054069,0.44501463617124504,-0.007160555902416674,5.225306942249918e-06,0.0010166547770004714,1.5620224017670801e-06,0.04851227666804202,-0.047790442367352894,1.067244729791766,0.7183689245433972,0.2821852684020996,-0.23993991190042685,1.5154690787315368,-0.47033502037525177,0.4,0.0,1.4,0.0
transgastric_short_axis,1,346,115.3341,0.2821781058755351,-0.2399399166714834,1.515469842917093,-0.4703350089334702,-0.007162526564503313,-4.7710568213936415e-06,0.0007641855561400684,1.144178094991076e-05,0.06797410612306606,-0.0003008007204426148,0.9758388275087317,0.5531739939649555,0.37328615188598635,-0.5452320492519328,1.5024654152870178,0.4277430790901184,0.4,0.0,1.4,0.0
transgastric_short_axis,1,347,115.6671,0.3732789913630308,-0.5452320446305613,1.5024664331749769,0.4277430800793196,-0.007160522955727297,4.621371404805048e-06,0.0010178879587347974,9.892008043098761e-07,0.049491371139069956,-0.047000414041601365,1.067843062303775,0.7010388771515775,0.284223747253418,-0.24698626163774823,1.519127646446228,-0.46291358449459075,0.4,0.0,1.4,0.0
transgastric_short_axis,1,348,116.0008,0.2842165846787899,-0.24698626603858675,1.5191284033409884,-0.4629135730623782,-0.007162574628035061,-4.4008400581673785e-06,0.0007568947602513891,1.1432212359056485e-05,0.06803929878286273,-0.0010363961893833642,0.9776414927329939,0.5503531298022011,0.3729146003723145,-0.5413725670718655,1.5057854278564453,0.4155307508468628,0.4,0.0,1.4,0.0
transgastric_short_axis,1,349,116.3341,0.37290743986755703,-0.5413725628344105,1.5057864460596937,0.4155307514826747,-0.007160504757643003,4.237454645974522e-06,0.00101820324816501,6.358111548528067e-07,0.050035635860707306,-0.046572397886470426,1.0672614362062471,0.6911402435122156,0.2871637105941773,-0.24674264481584401,1.5191609776496886,-0.43407582049369814,0.4,0.0,1.4,0.0
transgastric_short_axis,1,350,116.6671,0.2871565479582426,-0.24674264893402886,1.5191617232687369,-0.4340758094062944,-0.007162635934670481,-4.1181846532034064e-06,0.000745619048467638,1.1087403322115371e-05,0.06824134135015075,-0.002008521412400901,0.9806018364435944,0.525582442701225,0.37105488777160645,-0.580031242320862,1.5040473366737366,0.4081995713710785,0.4,0.0,1.4,0.0
transgastric_short_axis,1,351,117.0005,0.371047727246514,-0.5800312381262717,1.5040483513199758,0.4081995722006715,-0.007160525092528279,4.194590001807601e-06,0.0010146462395028621,8.295933239214983e-07,0.048406450115582283,-0.048326720958352755,1.0655248118684622,0.7174450651144687,0.27993254661560063,-0.2013422812970421,1.5146241888999938,-0.4838180539369583,0.4,0.0,1.4,0.0
transgastric_short_axis,1,352,117.3342,0.27992538422356855,-0.20134228626550799,1.5146249722968896,-0.48381804285511143,-0.007162392032017678,-4.9684655105750435e-06,0.0007833968952681265,1.1081846926531183e-05,0.06780389083130281,0.0027770429938824177,0.9736297836615675,0.5497048412181692,0.3710463285446167,-0.561889560109836,1.4930326847076416,0.4531657991409302,0.4,0.0,1.4,0.0
transgastric_short_axis,1,353,117.6671,0.3710391679735218,-0.5618895544750694,1.4930337009889891,0.45316580115971306,-0.0071605710948184345,5.634766747453327e-06,0.0010162813478320311,2.018783074119891e-06,0.04791381733683796,-0.04827334063300847,1.0662026317738653,0.7284044989429233,0.2780484199523926,-0.23856303681090987,1.5132561115264893,-0.48120071182250973,0.4,0.0,1.4,0.0
transgastric_short_axis,1,354,118.0008,0.278041257466284,-0.23856304188068844,1.513256882431726,-0.48120070028964196,-0.007162486108601129,-5.0697780961927215e-06,0.0007709052363694343,1.1532867239474269e-05,0.06787734231145082,0.00016432429141205115,0.9718382259750262,0.5622877334685223,0.3731513023376465,-0.5405694367496925,1.5021633746623992,0.4257696096897125,0.4,0.0,1.4,0.0
transgastric_short_axis,1,355,118.3341,0.37314414182589495,-0.5405694321248267,1.5021643937192577,0.4257696107246094,-0.007160511751446626,4.624865143691109e-06,0.0010190568592959044,1.0348972011202676e-06,0.04976560620503537,-0.04672920100457846,1.0677303164189662,0.6961708646780862,0.285790228843689,-0.25030364489436224,1.519290931892395,-0.4539949596405029,0.4,0.0,1.4,0.0
transgastric_short_axis,1,356,118.6672,0.285783066242272,-0.2503036491974542,1.519291684249719,-0.4539949482846446,-0.007162601416978937,-4.303092310860123e-06,0.0007523573243886916,1.1355857587427564e-05,0.06810035595053009,-0.0015676084035703688,0.979204272521845,0.5440949767804251,0.37252602577209476,-0.5511990697337156,1.5063112369537353,0.40956783599853513,0.4,0.0,1.4,0.0
transgastric_short_axis,1,357,119.0005,0.37251886526880423,-0.5511990656243667,1.5063122544487193,0.4095678365963744,-0.0071605032904773595,4.109349408752561e-06,0.0010174949833869395,5.978388781980742e-07,0.04974879213422462,-0.046943866909459786,1.0668430871093286,0.6954306082791386,0.286156439781189,-0.22836670845862117,1.5184982859134675,-0.44096976199150084,0.4,0.0,1.4,0.0
transgastric_short_axis,1,358,119.3338,0.28614927719720534,-0.22836671268257366,1.518499039037576,-0.44096975097028024,-0.007162583983593903,-4.223952990693846e-06,0.0007531241082325899,1.1021220333827336e-05,0.06821452479430537,-0.000517736822106392,0.9796333987752721,0.5230771320443897,0.3703202724456787,-0.5727028887912364,1.4989128333091735,0.4305277326107025,0.4,0.0,1.4,0.0
transgastric_short_axis,1,359,119.6672,0.37031311189624727,-0.5727028839307245,1.4989138484516875,0.4305277339450564,-0.007160549431325647,4.860511262121156e-06,0.0010151425136905525,1.3343538608947342e-06,0.04808571804819242,-0.04838562997777242,1.065111165222819,0.7238839573434698,0.28098921775817876,-0.2138936970967475,1.5133074191093445,-0.4783430292606354,0.4,0.0,1.4,0.0
transgastric_short_axis,1,360,120.0006,0.28098205532284243,-0.21389370212089429,1.5133081962350978,-0.47834301806900303,-0.007162435336247302,-5.024146525891873e-06,0.0007771257536713169,1.119163256012753e-05,0.06787903212863951,0.0017420641293973685,0.9747782939766056,0.5491507782308706,0.37199785709381106,-0.5601720708780871,1.4951415387153626,0.44951135101318357,0.4,0.0,1.4,0.0
transgastric_short_axis,1,361,120.3341,0.37199069652620353,-0.5601720654503108,1.4951425547095267,0.44951135279064136,-0.007160567607427783,5.427775969752896e-06,0.0010159941635593636,1.7774576194302856e-06,0.048114037488412344,-0.04812873632935549,1.0670186193345066,0.7250447062052673,0.2797012805938721,-0.23804340830915416,1.5140099959373474,-0.47715265588760375,0.4,0.0,1.4,0.0
transgastric_short_axis,1,362,120.6672,0.2796941180951431,-0.23804341327203127,1.5140107646536318,-0.4771526443985675,-0.007162498729051093,-4.962876550156718e-06,0.0007687162843193796,1.1489036097409934e-05,0.06791374307244843,6.136683076468641e-05,0.973445099901078,0.5584006378368099,0.37320971488952637,-0.5434728024865293,1.5017126543998718,0.42883757843971254,0.4,0.0,1.4,0.0
transgastric_short_axis,1,363,121.0005,0.37320255436923344,-0.5434727977939887,1.5017136728471918,0.42883757951779256,-0.007160520292844083,4.692540561977485e-06,0.0010184473198475328,1.0780805791252786e-06,0.04953941808870943,-0.04693310650687131,1.067815727882217,0.7002343364082515,0.28440227508544924,-0.24828954609620574,1.5192431821346282,-0.46190943517684935,0.4,0.0,1.4,0.0
transgastric_short_axis,1,364,121.3338,0.28439511250554195,-0.2482895504786572,1.5192439382201135,-0.4619094237442594,-0.00716257990725243,-4.382451420581222e-06,0.0007560854860293112,1.1432589546989887e-05,0.0680457212145498,-0.001159504482434755,0.9778131768094507,0.5500832877260461,0.37288799285888674,-0.5409379516655323,1.506238956928253,0.4136263781547546,0.4,0.0,1.4,0.0
transgastric_short_axis,1,365,121.6674,0.3728808323567764,-0.5409379474825436,1.5062399751655073,0.4136263787442278,-0.007160502110415634,4.182989021609066e-06,0.0010182372551024845,5.894727787535588e-07,0.05011194077697052,-0.04651316045812946,1.0672062282351953,0.6897267761922249,0.28748881816864014,-0.24590786864978026,1.5191870059490205,-0.428578231716156,0.4,0.0,1.4,0.0
transgastric_short_axis,1,366,122.0006,0.2874816555228197,-0.2459078727125369,1.5191877496835282,-0.4285782207064817,-0.0071626458205098515,-4.062756238875424e-06,0.00074373450751586,1.1009674691599594e-05,0.06827845071321068,-0.002140667402605838,0.9809293587301726,0.52059203859111,0.3706363677978516,-0.5878048847071272,1.5034889453887939,0.4074889426231384,0.4,0.0,1.4,0.0
transgastric_short_axis,1,367,122.3341,0.37062920726555504,-0.5878048804977768,1.5034899590455737,0.4074889435011926,-0.007160532296409117,4.209350892296731e-06,0.0010136567799359862,8.780536700651851e-07,0.04804807942391949,-0.04868661759550569,1.0651443528876385,0.7232804654501793,0.2790219068527222,-0.19034993825611793,1.512828610754013,-0.48698030505180356,0.4,0.0,1.4,0.0
transgastric_short_axis,1,368,122.6671,0.279014744509599,-0.19034994340811281,1.512829401006499,-0.4869802941279623,-0.007162343123143731,-5.151994836426975e-06,0.0007902524863712524,1.0923840814224503e-05,0.0677305344310045,0.0036293420687693954,0.9728344363847832,0.5484075251142998,0.3700650215148926,-0.5706284943615249,1.490827582168579,0.45540928874015807,0.4,0.0,1.4,0.0
transgastric_short_axis,1,369,123.0006,0.37005786093247484,-0.5706284885446282,1.490828597513695,0.45540929098194916,-0.007160582418010549,5.816896116179899e-06,0.0010153451162086228,2.2417907459075904e-06,0.047413400154482484,-0.04872479629861228,1.0653646838671231,0.7363157339549742,0.27520751953125,-0.2312294401828882,1.5103667830467224,-0.4878894229888916,0.4,0.0,1.4,0.0
transgastric_short_axis,1,370,123.334,0.27520035709252283,-0.23122944556768665,1.5103675611131697,-0.48788941150527904,-0.007162438727149209,-5.384797128238227e-06,0.0007780664472565737,1.1483612182778086e-05,0.06780488910505114,0.0008912655041070855,0.9691811767762426,0.5650301618253758,0.37268733978271484,-0.5418103657879394,1.5006434343338013,0.42681692104339597,0.4,0.0,1.4,0.0
transgastric_short_axis,1,371,123.6674,0.3726801792741008,-0.5418103610439652,1.5006444540573485,0.4268169222561342,-0.0071605086140117385,4.743974201363787e-06,0.0010197235475909432,1.2127384245963162e-06,0.04967137628210659,-0.04680808423121424,1.0673666931277401,0.6975720974894193,0.2852898359298706,-0.24632731652146775,1.5191875677108764,-0.45752235596179963,0.4,0.0,1.4,0.0
transgastric_short_axis,1,372,124.0013,0.2852826733439573,-0.24632732086457032,1.5191883224951788,-0.45752234459939745,-0.007162585913321258,-4.343104840877616e-06,0.0007547843026905627,1.1362402227779327e-05,0.06808011021818816,-0.0011759775300682028,0.9787079362443862,0.5453162074121497,0.37249832153320317,-0.5465420748368996,1.5054101709365844,0.41489146585464476,0.4,0.0,1.4,0.0
transgastric_short_axis,1,373,124.3341,0.3724911610267291,-0.5465420705908963,1.505411188850438,0.4148914665352974,-0.007160506474306307,4.2460033170378875e-06,0.00101791385387519,6.806522189466201e-07,0.04981114749185229,-0.04681677205604859,1.0668708439859986,0.6947743654497581,0.2863435745239258,-0.23889372651689206,1.5187845972061158,-0.4437291362285614,0.4,0.0,1.4,0.0
transgastric_short_axis,1,374,124.6671,0.28633641192386716,-0.23889373075241407,1.5187853485620977,-0.44372912508590295,-0.00716260005867638,-4.2355214509892625e-06,0.0007513559820423003,1.114265850377237e-05,0.06818680179981199,-0.001141452973456956,0.9797993271469314,0.5300897295078143,0.37120382785797124,-0.5675099743369341,1.5022350929260253,0.4199821517944336,0.4,0.0,1.4,0.0
transgastric_short_axis,1,375,125.0005,0.37119666732878276,-0.5675099698427407,1.5022361088746274,0.4199821527995997,-0.007160529188540744,4.494193428978261e-06,0.0010159486020630533,1.0051660234274567e-06,0.04865829145273102,-0.047941788241901775,1.0657837520310516,0.7139568813814237,0.28151767253875737,-0.22057583874905454,1.516094881439209,-0.4778155348777771,0.4,0.0,1.4,0.0
transgastric_short_axis,1,376,125.334,0.2815105100724369,-0.22057584353741086,1.5160956543503046,-0.47781552358793505,-0.007162466320489368,-4.788355272238655e-06,0.0007729110957667362,1.1289841908859698e-05,0.06790392208702262,0.0012683413683708964,0.9751233311565963,0.5517964638489199,0.372340989112854,-0.5539696727290226,1.4973837175369262,0.44453826055526735,0.4,0.0,1.4,0.0
transgastric_short_axis,1,377,125.6675,0.3723338285584222,-0.5539696675268982,1.4973847342897058,0.44453826209075764,-0.00716055443182935,5.202124735055026e-06,0.001016752779384485,1.535490804535023e-06,0.048567455200747414,-0.047741228144564836,1.0672185275160233,0.7174579168964857,0.2824911117553711,-0.24045317378270156,1.515675058078766,-0.46943142642974856,0.4,0.0,1.4,0.0
transgastric_short_axis,1,378,126.0006,0.2824839492245556,-0.24045317852770787,1.5156758215922848,-0.469431414992131,-0.007162530815422581,-4.745006345777657e-06,0.000763513519271276,1.1437617569246482e-05,0.06798184504970078,-0.00036666031943108964,0.9761318448465699,0.5526070053270217,0.37324821949005127,-0.5451470361565105,1.502659035873413,0.42712064695358276,0.4,0.0,1.4,0.0
transgastric_short_axis,1,379,126.334,0.3732410589678849,-0.5451470315569868,1.5026600537565802,0.4271206479213596,-0.0071605221664089195,4.599523268834614e-06,0.0010178831667091185,9.677778123192093e-07,0.049514105168819704,-0.04698438444345823,1.067792831981363,0.7006229096016063,0.28438868522644045,-0.24679264150412106,1.5191250248908996,-0.46206298341751095,0.4,0.0,1.4,0.0
transgastric_short_axis,1,380,126.6672,0.2843815226502605,-0.24679264589675975,1.5191257814820487,-0.46206297199695273,-0.007162576179984847,-4.392638753009263e-06,0.0007565911486431752,1.1420558295415102e-05,0.06804584408127604,-0.001052297041185762,0.977807290386085,0.5495155905684217,0.37284016609191895,-0.5420433091595372,1.5057105262756347,0.4155210136413574,0.4,0.0,1.4,0.0
transgastric_short_axis,1,381,127.0005,0.37283300558692745,-0.5420433049182498,1.5057115444522529,0.4155210142857646,-0.007160504991636128,4.241287391338496e-06,0.001018176617655203,6.444072965096829e-07,0.050004385462402615,-0.046605583790560234,1.0671920202804712,0.6916513817926556,0.28704559803009033,-0.24576705400714233,1.5191126661300658,-0.4355229190349579,0.4,0.0,1.4,0.0
transgastric_short_axis,1,382,127.3341,0.2870384353989421,-0.24576705814226552,1.519113412530042,-0.43552290793647147,-0.00716263114822636,-4.135123397514371e-06,0.0007463999766513012,1.1098486433122299e-05,0.0682336172081643,-0.0018921650391373005,0.9804858423788823,0.5263363661452768,0.37109191417694093,-0.5781648865453668,1.5038342416763306,0.409786923122406,0.4,0.0,1.4,0.0
transgastric_short_axis,1,383,127.6672,0.37108475365147603,-0.5781648823126682,1.5038352565158952,0.40978692397157257,-0.007160525465120552,4.232698104678061e-06,0.0010148395640069213,8.49166053510122e-07,0.04844944129368894,-0.04826641364283752,1.065574631801982,0.7168108580126437,0.2802059412002564,-0.20427336055397252,1.514851515197754,-0.4829326236248016,0.4,0.0,1.4,0.0
transgastric_short_axis,1,384,128.0008,0.2801987787964784,-0.20427336549471553,1.514852296943066,-0.4829326125082632,-0.0071624037779193265,-4.940743467152909e-06,0.0007817453119722673,1.1116538844024654e-05,0.0678210776834551,0.002548336018744244,0.9738890076158468,0.5499953625164009,0.37125182151794434,-0.5611770604885098,1.4937401301383972,0.4522134255409241,0.4,0.0,1.4,0.0
transgastric_short_axis,1,385,128.3338,0.3712446609476089,-0.5611770549192803,1.4937411463125851,0.45221342747743254,-0.007160570335451004,5.569229240916939e-06,0.0010161741883543266,1.9365084287724044e-06,0.04797953771631811,-0.04822348268001128,1.0663623658905956,0.7273451333409604,0.2785275459289551,-0.23890102940394375,1.5135253827095032,-0.47994648485183716,0.4,0.0,1.4,0.0
transgastric_short_axis,1,386,128.6674,0.2785203834376936,-0.238901034437726,1.5135261527727755,-0.4799464733260382,-0.007162491261542494,-5.033781974919631e-06,0.0007700632727832955,1.1525799262356283e-05,0.06788885865842827,9.852652145278182e-05,0.9723007641275005,0.5613090112558586,0.37318608760833744,-0.5412615257379769,1.5021500796318055,0.4265023344039917,0.4,0.0,1.4,0.0
transgastric_short_axis,1,387,129.0009,0.37317892709416056,-0.5412615211036657,1.5021510984867108,0.4265023354379869,-0.007160514176616082,4.634311089185742e-06,0.0010188549053392225,1.0339951735724985e-06,0.049712105964218094,-0.04677816580105626,1.0677652616027549,0.6971531347095651,0.2854928970336914,-0.2492861092984918,1.5193173346996307,-0.45598528189659115,0.4,0.0,1.4,0.0
transgastric_short_axis,1,388,129.3339,0.2854857344383361,-0.24928611361809694,1.519318088074983,-0.4559852705258339,-0.0071625953552345144,-4.319604239201648e-06,0.0007533753526701682,1.1370757664656959e-05,0.06808781385355868,-0.0014301527258480046,0.9789036131870723,0.5453590161887207,0.3725803375244141,-0.5483719161771362,1.5061756650924683,0.41114301624298094,0.4,0.0,1.4,0.0
transgastric_short_axis,1,389,129.6674,0.3725731770210687,-0.5483719120339449,1.5061766828158198,0.4111430168500041,-0.007160503345337684,4.143190908279485e-06,0.0010177233516818877,6.070234972610338e-07,0.049835726205658244,-0.04683442637193856,1.0669050572386374,0.6941008952629122,0.2864770650863648,-0.23354014854745228,1.5186842290878295,-0.43864313163757324,0.4,0.0,1.4,0.0
transgastric_short_axis,1,390,130.0006,0.2864699024859401,-0.2335401527374625,1.5186849798182545,-0.4386431205985879,-0.00716260042467373,-4.190010807144683e-06,0.000750730425804978,1.1038985381613889e-05,0.06822819464473844,-0.0009504767240486678,0.9799434535809526,0.5233774905984361,0.37052969932556157,-0.5752753775685768,1.5002955164909362,0.42451575722694396,0.4,0.0,1.4,0.0
transgastric_short_axis,1,391,130.3339,0.37052253878213137,-0.5752753728923754,1.500296531410001,0.424515758417777,-0.0071605434301262386,4.676202029098926e-06,0.0010149190642587138,1.1908330859993766e-06,0.04814379730911637,-0.04839943251733886,1.0652345999772457,0.7225535957520454,0.2806717395782471,-0.209899392386495,1.5135486021995543,-0.48004039270877835,0.4,0.0,1.4,0.0
transgastric_short_axis,1,392,130.6672,0.2806645771569781,-0.20989939740751098,1.5135493813585432,-0.4800403815536183,-0.007162421268865599,-5.0210148402988285e-06,0.0007791589883614027,1.1155159517559024e-05,0.06785666445392564,0.0020702459514197235,0.9744433393739063,0.5492093681886812,0.371706771850586,-0.5614777896322285,1.4944629303932189,0.4511588112831116,0.4,0.0,1.4,0.0
transgastric_short_axis,1,393,131.0006,0.3716996112793748,-0.5614777841325641,1.4944639462321634,0.45115881313344186,-0.007160571211211739,5.499664756053695e-06,0.0010158389442017463,1.850329772396513e-06,0.04799942991356811,-0.04822031189509307,1.0667706329991689,0.7269978857478759,0.27888207435607915,-0.23809771182825656,1.5135976627349854,-0.4792329536676407,0.4,0.0,1.4,0.0
transgastric_short_axis,1,394,131.3339,0.27887491186439617,-0.23809771684792774,1.5135984326490979,-0.47923294215859286,-0.007162491683032969,-5.019671137399049e-06,0.0007699141124743068,1.1509048513671075e-05,0.06789497713567369,0.0001287539243660426,0.9726511853398911,0.5602951244606423,0.3731756687164307,-0.5422266303498864,1.5018154568195343,0.42787415685653685,0.4,0.0,1.4,0.0
transgastric_short_axis,1,395,131.6674,0.37316850819941183,-0.5422266256753142,1.5018164755369163,0.427874157926059,-0.007160517018847074,4.6745720391177384e-06,0.001018717381626877,1.0695219805347516e-06,0.04962606976681601,-0.04685251724431466,1.0677757930870833,0.6986934465523317,0.2849496126174927,-0.24857080087445332,1.519305163192749,-0.4590776872873306,0.4,0.0,1.4,0.0
transgastric_short_axis,1,396,132.0008,0.284942450030393,-0.24857080522455954,1.51930591800481,-0.459077675885866,-0.0071625870996358774,-4.3501071253915465e-06,0.0007548120611801952,1.1401464409287798e-05,0.06806638808353449,-0.001275574201856945,0.9783586753828184,0.5477334201805959,0.3727143287658692,-0.54390142578041,1.5062041276931764,0.4125936726093292,0.4,0.0,1.4,0.0
transgastric_short_axis,1,397,132.3343,0.3727071682635107,-0.5439014216132035,1.506205145751128,0.412593673206997,-0.007160502358347633,4.167206258007126e-06,0.0010180579508947258,5.976674139678186e-07,0.050003272889676806,-0.046640549699691225,1.0670358311398,0.6914381586602816,0.2870914459228516,-0.24090239496313828,1.5189894530296326,-0.4324991422176361,0.4,0.0,1.4,0.0
transgastric_short_axis,1,398,132.6671,0.2870842832942822,-0.24090239907498395,1.5189901994282708,-0.43249913119436445,-0.007162628569348044,-4.11184449196181e-06,0.000746398637898661,1.102327199655212e-05,0.06826185388177944,-0.0016639599489321078,0.980542206155989,0.5215343622457762,0.37059214115142824,-0.5830917137560674,1.5021860323905945,0.41453605785369874,0.4,0.0,1.4,0.0
transgastric_short_axis,1,399,133.0009,0.37058498061392126,-0.5830917093580086,1.5021870464776494,0.4145360588532041,-0.007160537506970328,4.3980587825909275e-06,0.0010140870547192158,9.995050526655096e-07,0.04806549028609306,-0.04859096217148712,1.0651806384438105,0.7232866108569272,0.27966809272766113,-0.19799437571762227,1.5129681149482728,-0.4840355494022369,0.4,0.0,1.4,0.0
transgastric_short_axis,1,400,133.3343,0.27966093035318024,-0.19799438082732201,1.51296890073065,-0.4840355383854173,-0.007162374480863901,-5.109699513480833e-06,0.0007857823766620224,1.1016818964460948e-05,0.06778596884211728,0.003012554627392309,0.9734742200083599,0.5483936920452395,0.3708057880401612,-0.5659362958040495,1.4919548509597778,0.4547072736740112,0.4,0.0,1.4,0.0
transgastric_short_axis,1,401,133.6674,0.3707986274626049,-0.5659362900730438,1.4919558667335355,0.45470727580427894,-0.007160577556285748,5.731005624766134e-06,0.0010157737564489976,2.1302675839145313e-06,0.0476674389943446,-0.048492116257263726,1.0660316491925257,0.7323600157543915,0.27663345336914064,-0.2356042440338858,1.5118232442855835,-0.48438571429252625,0.4,0.0,1.4,0.0
transgastric_short_axis,1,402,134.0009,0.27662629090444274,-0.2356042492578596,1.5118240184495724,-0.48438570277265636,-0.007162464697943606,-5.223972182910985e-06,0.0007741639884912332,1.1519869610731636e-05,0.06784401480733396,0.00047450969219303175,0.9705146541103462,0.5637947804982992,0.372990083694458,-0.5403005407033786,1.5014774634361268,0.42600274085998535,0.4,0.0,1.4,0.0
transgastric_short_axis,1,403,134.3338,0.37298292318553217,-0.5403005360264937,1.5014784829393042,0.42600274197655974,-0.007160508925691278,4.676884952293127e-06,0.0010195031767855633,1.116574497984488e-06,0.049768752481262404,-0.04671883374462485,1.0676146256733596,0.6960106395316995,0.28580956459045415,-0.24955781414751793,1.5192684614181517,-0.45404701623916627,0.4,0.0,1.4,0.0
transgastric_short_axis,1,404,134.6679,0.2858024019905583,-0.2495578184524333,1.5192692139790918,-0.4540470048893484,-0.007162599895918394,-4.3049166462200936e-06,0.0007525609409813691,1.134981809388089e-05,0.06810106275977305,-0.0015150138749847964,0.9792250583849318,0.5437867451437577,0.37248666286468507,-0.5512338988873468,1.5060947713851929,0.41045467071533204,0.4,0.0,1.4,0.0
transgastric_short_axis,1,405,135.0007,0.37247950236034616,-0.5512338947522558,1.506095788886908,0.41045467133420566,-0.007160504339106651,4.135091085212513e-06,0.0010175017147736087,6.188741027775813e-07,0.04972093120118904,-0.046962892017716945,1.066817419914664,0.6959493790166648,0.28605451583862307,-0.22900599195591628,1.5184804967880248,-0.4431576371669769,0.4,0.0,1.4,0.0
transgastric_short_axis,1,406,135.3342,0.2860473532583623,-0.22900599620324208,1.518481250644963,-0.44315762611592247,-0.007162580260844783,-4.247324281829655e-06,0.0007538569381093597,1.1051055031484028e-05,0.06819797128361996,-0.00048649707869100403,0.9795309458107144,0.5252194211332613,0.3705251932144165,-0.5691993755415611,1.4991828535079956,0.4305496413230896,0.4,0.0,1.4,0.0
transgastric_short_axis,1,407,135.6671,0.3705180326689912,-0.5691993706935906,1.499183869151028,0.4305496426366666,-0.007160545425163812,4.847970626192058e-06,0.001015643032465579,1.313576760383943e-06,0.04825538709420048,-0.04821797628331628,1.0652980704776247,0.7211570873741836,0.28133783340454105,-0.21829677622838117,1.5141448187828064,-0.4767438805103302,0.4,0.0,1.4,0.0
transgastric_short_axis,1,408,136.0013,0.2813306709500277,-0.21829678116705137,1.5141455931768704,-0.47674386926870105,-0.007162454513342999,-4.938667915488354e-06,0.0007743940643113061,1.1241628339240291e-05,0.06790343330932888,0.001388397085469709,0.9750731280531202,0.5495906000397551,0.3722601413726807,-0.5578240990642079,1.496230982208252,0.44699334712028505,0.4,0.0,1.4,0.0
transgastric_short_axis,1,409,136.3339,0.37225298081085934,-0.5578240937490558,1.496231998474065,0.4469933487794986,-0.0071605618215743495,5.3151519167757755e-06,0.0010162658135394428,1.6592143547269558e-06,0.048305880415423594,-0.04797129048658626,1.0672114801242618,0.7218041756766588,0.2809764385223389,-0.23844637787159678,1.5147056443691254,-0.4737745945930481,0.4,0.0,1.4,0.0
transgastric_short_axis,1,410,136.6671,0.2809692760110272,-0.2384463827409731,1.5147064109955943,-0.47377458313230725,-0.007162511311557618,-4.869375966320326e-06,0.0007666264684903054,1.1460740914273041e-05,0.06794396099966546,-8.151941103553412e-05,0.9746773892957072,0.5555581941086599,0.37327702045440675,-0.5448227130700093,1.501885677051544,0.4291265112876892,0.4,0.0,1.4,0.0
transgastric_short_axis,1,411,137.0008,0.3732698599310844,-0.5448227083882979,1.5018866951399055,0.42912651234287047,-0.007160523322355123,4.681711354542568e-06,0.0010180883615038172,1.0551813294259381e-06,0.04946834430835306,-0.04700604073319742,1.0678712081225994,0.7014818217215268,0.28414525985717776,-0.24746132380313712,1.519084203529358,-0.4632250814437866,0.4,0.0,1.4,0.0
transgastric_short_axis,1,412,137.3339,0.28413809728254286,-0.24746132821082933,1.5190849604627674,-0.463225070003407,-0.007162574634824038,-4.407692892130394e-06,0.0007569334091091772,1.1440379815270515e-05,0.06803632827521887,-0.0010580341386205597,0.9775656307404392,0.5508355314876279,0.37296080589294434,-0.5408755962453216,1.5059341074943542,0.41509220209121706,0.4,0.0,1.4,0.0
transgastric_short_axis,1,413,137.6672,0.37295364538894116,-0.540875592022761,1.5059351257210656,0.41509220271130687,-0.0071605040032172345,4.222560785587937e-06,0.001018226711585503,6.200899783834032e-07,0.050071858236686334,-0.04653900115599884,1.0672980993888481,0.6905082902883802,0.28731219768524174,-0.24712127142144763,1.5191937470912933,-0.4319339161634445,0.4,0.0,1.4,0.0
transgastric_short_axis,1,414,138.0008,0.28730503504420957,-0.24712127551681262,1.5191944918134972,-0.43193390510091745,-0.007162641032210093,-4.095365299243871e-06,0.0007447222040140274,1.1062527118327235e-05,0.06825449976964154,-0.00210805183026717,0.9807497614773313,0.5239688017371353,0.3709351301193238,-0.5829512736204577,1.5040420935630798,0.4070938367843628,0.4,0.0,1.4,0.0
transgastric_short_axis,1,415,138.3338,0.37092796959282115,-0.5829512694448521,1.504043107870955,0.4070938376142452,-0.007160526502697867,4.175605407522419e-06,0.0010143078754476576,8.298822135756699e-07,0.048297447769956564,-0.04844661600746158,1.065406428820923,0.7191854603774337,0.27956457138061525,-0.19704706018955664,1.5140809651851654,-0.4851165664672851,0.4,0.0,1.4,0.0
transgastric_short_axis,1,416,138.6672,0.27955740900694365,-0.19704706521670584,1.5140817511626583,-0.4851165554418081,-0.007162373671687274,-5.027149032925368e-06,0.0007859774928285682,1.1025476330669275e-05,0.06777650432922992,0.0031122219684977448,0.9732963948420399,0.5492601222988075,0.3706741809844971,-0.5649256885882025,1.4921862968444823,0.454094953250885,0.4,0.0,1.4,0.0
transgastric_short_axis,1,417,139.0009,0.37066702040956806,-0.564925682882058,1.4921873128429306,0.45409495535777733,-0.007160574928981291,5.706144402541441e-06,0.0010159984474012436,2.1068915256160684e-06,0.04773567222924364,-0.048433321684490035,1.065885450335798,0.7312333280164371,0.277012300491333,-0.23611076478965126,1.5122273383140563,-0.4835936300754547,0.4,0.0,1.4,0.0
transgastric_short_axis,1,418,139.3338,0.2770051380215877,-0.2361107699710012,1.5122281117006242,-0.48359361855432503,-0.0071624697452983,-5.181350175433329e-06,0.0007733865677183377,1.1521130314074564e-05,0.06785254916334427,0.00041290851620981103,0.970867642842836,0.5633240352867447,0.37302494049072266,-0.5403956654885649,1.501586070728302,0.42623231420516966,0.4,0.0,1.4,0.0
transgastric_short_axis,1,419,139.6675,0.3730177799806633,-0.5403956608164503,1.501587090112233,0.4262323153080132,-0.007160510059347039,4.672113722933584e-06,0.0010193839319194411,1.1028440297589316e-06,0.04975813384003189,-0.04672839576552695,1.0676420074437403,0.6962394946544762,0.2857376575469971,-0.24965855653812857,1.5192896211147309,-0.4544627200126648,0.4,0.0,1.4,0.0
transgastric_short_axis,1,420,140.0006,0.2857304949477434,-0.2496585608454428,1.519290373806938,-0.45446270865693156,-0.0071625992536671745,-4.307315360256057e-06,0.0007526922071928684,1.1355733162921321e-05,0.06809803207888385,-0.0015076483418662318,0.9791514183743177,0.5441998379557821,0.3725156784057617,-0.5505916193338253,1.506160684776306,0.4104131003379822,0.4,0.0,1.4,0.0
transgastric_short_axis,1,421,140.3341,0.37250851790187806,-0.55059161520262,1.5061617023263079,0.41041310094956884,-0.007160503883554453,4.131205518652661e-06,0.0010175500020933623,6.115869835452767e-07,0.04975251951199471,-0.04693026325237336,1.066842059874119,0.6954251424785,0.2861707448959351,-0.22987241396587074,1.5185299318313599,-0.4416766456604004,0.4,0.0,1.4,0.0
transgastric_short_axis,1,422,140.6671,0.28616358231030753,-0.2298724181952787,1.5185306848233182,-0.44167663461812584,-0.007162585627549199,-4.229407249896629e-06,0.0007529919579515846,1.1042274625584835e-05,0.06820859669455985,-0.0005962857017051621,0.9796450454419998,0.5243356095590356,0.37048659324646,-0.5712584151831127,1.49935606341362,0.42925833806991576,0.4,0.0,1.4,0.0
transgastric_short_axis,1,423,141.0005,0.3704794327006393,-0.5712584103688785,1.4993570787991164,0.4292583393621445,-0.007160545820617238,4.8142343643359825e-06,0.0010153854966149774,1.2922287042637953e-06,0.04819471652934654,-0.048293279832062844,1.065249273232443,0.722040294118198,0.2811412811279297,-0.21572410019752658,1.5138493320465087,-0.47792816812992095,0.4,0.0,1.4,0.0
transgastric_short_axis,1,424,141.3341,0.28113411868433563,-0.21572410517263735,1.5138501080223206,-0.477928156913903,-0.007162443593995092,-4.975111743248969e-06,0.0007759758116867842,1.1216017664184672e-05,0.0678878632725151,0.0016033562495855322,0.9748949912308003,0.5495845317704084,0.3721017837524414,-0.5588659776169174,1.4956710928916932,0.4483410138130188,0.4,0.0,1.4,0.0
transgastric_short_axis,1,425,141.6671,0.37209462318780495,-0.5588659722429464,1.4956721090464606,0.44834101553330896,-0.00716056463648988,5.373970674113494e-06,0.0010161547682836377,1.7202899303869344e-06,0.04821370369166822,-0.04804537161094147,1.0670887527236042,0.7233759075646085,0.28033540248870853,-0.23846360519489823,1.5143777626991273,-0.47543572440147397,0.4,0.0,1.4,0.0
transgastric_short_axis,1,426,142.0006,0.280328239983055,-0.23846361010906988,1.5143785302832597,-0.4754357129239268,-0.00716250565350276,-4.9141721591812555e-06,0.0007675841318707148,1.1477547479919593e-05,0.06792921388030009,-2.588582257029466e-05,0.9740565084068007,0.5570527702157534,0.37325050830841067,-0.5440162121845816,1.5018823064804077,0.42869975953102113,0.4,0.0,1.4,0.0
transgastric_short_axis,1,427,142.334,0.3732433477870727,-0.5440162075068968,1.5018833247605645,0.4286997605886649,-0.007160521338062866,4.67768461726208e-06,0.0010182801574099261,1.0576440534173711e-06,0.04951855817483924,-0.04695770616691043,1.0678453484065578,0.7005949250892958,0.2843019485473633,-0.24796821906593086,1.5192104126930237,-0.46245396966934205,0.4,0.0,1.4,0.0
transgastric_short_axis,1,428,142.6671,0.28429478596944274,-0.24796822345614955,1.519211169102702,-0.46245395823335056,-0.007162577920587771,-4.3902187188806934e-06,0.0007564096779132785,1.1435992264207352e-05,0.06804194114545245,-0.0011189916702608388,0.9777145828360019,0.5504097589272764,0.3729179382324219,-0.5408664208231284,1.5061292261123658,0.4141851439476013,0.4,0.0,1.4,0.0
transgastric_short_axis,1,429,143.0009,0.3729107777296078,-0.5408664166254356,1.5061302443473714,0.41418514454795297,-0.007160502814247642,4.1976927004478355e-06,0.0010182350056516431,6.003521209693675e-07,0.05009891272798393,-0.046520639487005855,1.0672430072572028,0.689987876216601,0.2874332904815674,-0.24644940581269106,1.5191901892662047,-0.4297506287097931,0.4,0.0,1.4,0.0
transgastric_short_axis,1,430,143.3339,0.28742612783722676,-0.24644940988686126,1.519190933320476,-0.4297506176807322,-0.007162644340688615,-4.074170795599506e-06,0.0007440542709562798,1.1029060260061866e-05,0.06826985827844347,-0.0021372997877502206,0.9808727377975526,0.5218258908008299,0.37074844837188725,-0.5860948856159441,1.503717020702362,0.407216113615036,0.4,0.0,1.4,0.0
transgastric_short_axis,1,431,143.6672,0.37074128784186855,-0.5860948814224415,1.503718034597659,0.40721611447338013,-0.007160530018691363,4.193502433471191e-06,0.0010138952967724381,8.583447452715887e-07,0.048140113835729026,-0.0485997363083286,1.0652414099304668,0.7217656661648131,0.27921533584594727,-0.19268910915483223,1.5133003034591674,-0.4863710743188858,0.4,0.0,1.4,0.0
transgastric_short_axis,1,432,144.0021,0.27920817349202703,-0.1926891142606719,1.5133010922052899,-0.4863710633578888,-0.007162353920161309,-5.105840169499879e-06,0.0007887461226922503,1.0960997162359388e-05,0.06774676257194831,0.0034501502856067743,0.9729973910485958,0.5487382881415235,0.37028036117553714,-0.5685790046491948,1.4913129444122315,0.45495744495391843,0.4,0.0,1.4,0.0
transgastric_short_axis,1,433,144.3339,0.370273200595839,-0.5685789988716203,1.4913139599990952,0.454957447147998,-0.007160579698179362,5.77757456597289e-06,0.0010155868639390108,2.194080265426152e-06,0.04752881362571871,-0.048620665577878114,1.0655484339612047,0.734500019446432,0.2758512973785401,-0.23300685053916392,1.511038650226593,-0.4863542214632034,0.4,0.0,1.4,0.0
transgastric_short_axis,1,434,144.6675,0.27584413492854093,-0.23300685585035286,1.511039426594249,-0.4863542099641506,-0.007162449999103936,-5.311189380571098e-06,0.0007763676564538185,1.149905211328786e-05,0.06782241795467452,0.0007181367704236011,0.9697822496939319,0.5644262976803456,0.3728142023086548,-0.5412420513725057,1.5009812404632568,0.42662498574256896,0.4,0.0,1.4,0.0
transgastric_short_axis,1,435,145.001,0.37280704179955015,-0.5412420466539462,1.5009822600711011,0.42662498691595374,-0.007160509104863795,4.718559257381448e-06,0.0010196078446772397,1.1733844690879753e-06,0.049704851373198536,-0.04677684908364535,1.0674712191536249,0.6970571758126797,0.2854817867279053,-0.24719298951736562,1.5192463654518127,-0.45642673308849335,0.4,0.0,1.4,0.0
transgastric_short_axis,1,436,145.3339,0.28547462413764474,-0.2471929938456433,1.5192471195411077,-0.456426721731451,-0.007162590260576855,-4.328277596488856e-06,0.000754089294224362,1.1357042420718776e-05,0.06808722564312943,-0.001272462044387232,0.978896859916143,0.5447620267163972,0.3724854469299317,-0.5480180070353999,1.5055895602226257,0.41366195640563963,0.4,0.0,1.4,0.0
transgastric_short_axis,1,437,145.6673,0.37247828642393593,-0.54801800281985,1.5055905780076353,0.41366195707008835,-0.007160505995792947,4.2155500628856765e-06,0.0010177850099136983,6.644485550024585e-07,0.04977794182606144,-0.04686602927698757,1.066847099132388,0.6952314442139842,0.2862572193145752,-0.23596227275293333,1.5186701850414275,-0.44391685831546784,0.4,0.0,1.4,0.0
transgastric_short_axis,1,438,146.0005,0.2862500567210846,-0.23596227699732766,1.5186709372712368,-0.44391684719555297,-0.007162593490499537,-4.244392827923085e-06,0.00075222980962425,1.111991541067028e-05,0.06818811712877246,-0.0009350412244981251,0.9797204356166951,0.5289255187061727,0.3710312366485596,-0.5675670866587487,1.5013505052566527,0.4232883075714111,0.4,0.0,1.4,0.0
transgastric_short_axis,1,439,146.3339,0.3710240761148245,-0.5675670820591078,1.5013515211687318,0.4232883086650103,-0.007160533735128045,4.599640784103033e-06,0.001015912079421297,1.0935990870367987e-06,0.04855551563661062,-0.048006002140488266,1.0656669643648373,0.7158331648490384,0.281527328491211,-0.22070654170192858,1.5156233759880067,-0.4774017036437988,0.4,0.0,1.4,0.0
transgastric_short_axis,1,440,146.6671,0.2815201660256059,-0.2207065465253943,1.5156241489600966,-0.4774016923589656,-0.007162465605099375,-4.823465875454448e-06,0.0007729720899983543,1.1284832705881659e-05,0.06790608829635367,0.0012458341058552407,0.9751644643409114,0.5513893093157657,0.3723681449890137,-0.5545063413005656,1.4972451496124268,0.4447725152492523,0.4,0.0,1.4,0.0
transgastric_short_axis,1,441,147.0009,0.3723609844337446,-0.5545063360858534,1.497246166303646,0.4447725167999579,-0.0071605552690672475,5.2147124177556625e-06,0.0010166912193649066,1.5507056569276654e-06,0.04853436368078618,-0.047771369869109,1.0672546277261723,0.7179976326577647,0.2823205471038819,-0.2400532002764853,1.5155488489151,-0.46995835905075073,0.4,0.0,1.4,0.0
transgastric_short_axis,1,442,147.3342,0.2823133845757771,-0.24005320503712435,1.5155496128507586,-0.46995834761182004,-0.0071625281047886635,-4.760638963869634e-06,0.000763935658674208,1.1438931055253445e-05,0.0679773528577141,-0.0003214043108829053,0.975969163317594,0.5528908049683926,0.3732669830322266,-0.5452646313633943,1.5025077346801758,0.4276208022594452,0.4,0.0,1.4,0.0
transgastric_short_axis,1,443,147.6671,0.3732598225093622,-0.5452646267467215,1.5025087525586711,0.4276208032437969,-0.007160522864422764,4.616673534678891e-06,0.001017878494673419,9.843514214335633e-07,0.049493538659631055,-0.04699971565536888,1.0678211922585157,0.7009965377885096,0.2842414379119873,-0.2469201611472546,1.5191240886211395,-0.4628179913520813,0.4,0.0,1.4,0.0
transgastric_short_axis,1,444,148.0005,0.2842342753372861,-0.24692016554741059,1.5191248454950088,-0.46281797992157736,-0.007162574701142718,-4.400156668686887e-06,0.0007568738698960164,1.1430504494792378e-05,0.06804007029086857,-0.0010351633423104677,0.9776594961794467,0.5502385687259148,0.37290444374084475,-0.5414828593916977,1.505761459350586,0.4155831819534302,0.4,0.0,1.4,0.0
transgastric_short_axis,1,445,148.334,0.37289728323597837,-0.5414828551521244,1.5057624775490455,0.4155831825918366,-0.007160504866423231,4.239573133756719e-06,0.0010181984605257023,6.384063272984024e-07,0.05002891070722777,-0.04657892006491772,1.0672528344427081,0.6912548900298351,0.28713712692260746,-0.2466226153132763,1.5191531129837035,-0.43444311912059785,0.4,0.0,1.4,0.0
transgastric_short_axis,1,446,148.6672,0.287129964287652,-0.2466226194355129,1.519153858770335,-0.4344431080293915,-0.007162634955512688,-4.122235484715047e-06,0.0007457866317665165,1.1091206103245533e-05,0.0682391646285846,-0.001987695758804673,0.980575497861552,0.5258334503937906,0.3710720300674439,-0.5795383910716292,1.5040316073417663,0.4084536749839783,0.4,0.0,1.4,0.0
transgastric_short_axis,1,447,149.0005,0.37106486954248713,-0.5795383868718466,1.5040326220427804,0.408453675815017,-0.007160524956667742,4.199782971144822e-06,0.0010147010131783655,8.310388772465472e-07,0.048422784906589245,-0.048307719354818146,1.0655427720332733,0.71718838206465,0.2799999237060547,-0.2020836179595469,1.514709202194214,-0.48360739324092866,0.4,0.0,1.4,0.0
transgastric_short_axis,1,448,149.3341,0.2799927613109538,-0.20208362291880744,1.5147099851610468,-0.4836073821497536,-0.007162395100989678,-4.9592591451047666e-06,0.0007829668329402713,1.109117516721285e-05,0.06780828306642729,0.00271963199491274,0.9736917524083659,0.5497945150282475,0.3710973262786865,-0.5616830194837328,1.4932214366912842,0.4529109465122223,0.4,0.0,1.4,0.0
transgastric_short_axis,1,449,149.6674,0.37109016570783,-0.5616830138664564,1.4932224529484692,0.45291094850909364,-0.007160570856487611,5.617276767442085e-06,0.0010162571853870853,1.996870650822951e-06,0.04793217657905468,-0.04825924726489006,1.0662414240584526,0.7281087416025459,0.2781796455383301,-0.23866789877883174,1.5133355072021484,-0.48086328020095825,0.4,0.0,1.4,0.0
transgastric_short_axis,1,450,150.0005,0.2781724830507707,-0.23866790383833686,1.513336277872086,-0.4808632686697693,-0.007162487559444404,-5.059505600897907e-06,0.0007706699375290624,1.1531188415507538e-05,0.0678804775269462,0.00014567251614946639,0.9719645319236021,0.5620310554108855,0.37316155433654785,-0.5407315982929431,1.5021695540428162,0.42599113111495973,0.4,0.0,1.4,0.0
transgastric_short_axis,1,451,150.3338,0.3731543938240718,-0.5407315936658625,1.5021705730390051,0.42599113214837825,-0.007160512476168181,4.6270802813711225e-06,0.001018996189294905,1.033418071524513e-06,0.04975167797160854,-0.046741693477605026,1.0677399365076747,0.6964327775338782,0.2857091903686524,-0.2500965425077165,1.5193014181137086,-0.4545247010707855,0.4,0.0,1.4,0.0
transgastric_short_axis,1,452,150.6675,0.28570202776871345,-0.2500965468149652,1.5193021707242043,-0.4545246897103465,-0.007162599938934642,-4.307248654666147e-06,0.0007526104959569105,1.1360439610416434e-05,0.06809696521256756,-0.0015353602993702156,0.9791221193410959,0.5444612113647289,0.3725441455841065,-0.5504373224381688,1.5062941968441008,0.4099131322860718,0.4,0.0,1.4,0.0
transgastric_short_axis,1,453,151.0004,0.3725369850808961,-0.5504373183220227,1.5062952144000707,0.40991313288447895,-0.007160503210464015,4.116145886059732e-06,0.0010175559708328222,5.984073002521955e-07,0.04977458131884886,-0.04691285341588093,1.0668620376979827,0.6950272711955353,0.2862517833709717,-0.2296999534793421,1.5185501552581786,-0.44015221123695375,0.4,0.0,1.4,0.0
transgastric_short_axis,1,454,151.3339,0.28624462078216756,-0.2296999576920605,1.5185509076647552,-0.4401522002133023,-0.0071625888041144965,-4.21271723585817e-06,0.0007524065765365684,1.1023651742212498e-05,0.06821992259048408,-0.0006367008448898911,0.9797259271760568,0.5229633198661983,0.3703751564025879,-0.5734460979888827,1.499207571029663,0.42905011167526247,0.4,0.0,1.4,0.0
transgastric_short_axis,1,455,151.6674,0.3703679958546695,-0.573446093170932,1.499208586124091,0.4290501129789881,-0.0071605479183436795,4.8179505366731705e-06,0.001015094427780856,1.3037255466024975e-06,0.04809449157322427,-0.048394288334567326,1.0651479508947785,0.7236330703130542,0.28091371059417725,-0.2128001365741337,1.5133435591220856,-0.4788737069606781,0.4,0.0,1.4,0.0
transgastric_short_axis,1,456,152.0022,0.2809065481629348,-0.2128001416006626,1.5133443368456563,-0.47887369577901284,-0.007162431242479359,-5.026529157897818e-06,0.0007777235707386246,1.1181665516438042e-05,0.06787235523036009,0.0018341823750546654,0.9746999117171637,0.5492122592766494,0.3719218730926514,-0.5604872185423951,1.4949505396842957,0.44998098392486574,0.4,0.0,1.4,0.0
transgastric_short_axis,1,457,152.3338,0.3719147125240997,-0.5604872130942332,1.4949515556446373,0.4499809857230712,-0.007160568551766504,5.448161624594256e-06,0.0010159603413801988,1.7982054499299115e-06,0.048084148877926336,-0.048152135759476106,1.0669547632888938,0.7255572926009274,0.27948172092437745,-0.23810950879964776,1.5139040102005004,-0.47770374426841733,0.4,0.0,1.4,0.0
transgastric_short_axis,1,458,152.6671,0.27947455842738744,-0.2381095137772935,1.5139047792172198,-0.4777037327733752,-0.007162496989905164,-4.977646163572766e-06,0.0007690167193536964,1.149504193206134e-05,0.06790880215748546,7.570654806586703e-05,0.9732320296280097,0.5589254669915052,0.3732024192810059,-0.5431623361600749,1.5017351248741149,0.42861043939590454,0.4,0.0,1.4,0.0
transgastric_short_axis,1,459,153.0005,0.3731952587615155,-0.5431623314716176,1.5017361433891576,0.4286104404722222,-0.0071605194903495645,4.688457338712576e-06,0.0010185150431562668,1.0763178431143535e-06,0.04956063503005744,-0.046913291742705636,1.0678071621841438,0.6998578177287421,0.28453588485717773,-0.24836632003700568,1.5192589114665984,-0.46121959161758425,0.4,0.0,1.4,0.0
transgastric_short_axis,1,460,153.3371,0.28452872227549564,-0.24836632441152218,1.5192596672386225,-0.46121958019242915,-0.007162581682057058,-4.374515489034905e-06,0.0007557720244740254,1.1425155451634878e-05,0.06805077892209271,-0.0011883361941849363,0.9779462985416278,0.5495141640247015,0.3728368759155274,-0.5412929843283535,1.5062608656406402,0.4133271463394165,0.4,0.0,1.4,0.0
transgastric_short_axis,1,461,153.6671,0.3728297154136885,-0.5412929801512705,1.5062618838679658,0.41332714692732875,-0.007160501839085063,4.177082891588703e-06,0.0010182273264602467,5.879123111356775e-07,0.05010404557651124,-0.04652494187681684,1.0671539167826547,0.6898313076947142,0.28745751380920415,-0.24515136445262964,1.5191662207603454,-0.42865088624954223,0.4,0.0,1.4,0.0
transgastric_short_axis,1,462,154.0005,0.2874503511648355,-0.24515136851708585,1.5191669646905916,-0.42865087524434875,-0.007162644368676296,-4.064455766552636e-06,0.0007439302466918041,1.1005193375491022e-05,0.06827951851598726,-0.002086496573447111,0.9808993871359519,0.5202969875561783,0.37059497833251953,-0.5878206140023154,1.5032649896621704,0.40840461444854737,0.4,0.0,1.4,0.0
transgastric_short_axis,1,463,154.3341,0.37058781779884065,-0.5878206097660549,1.5032660032868455,0.40840461534650707,-0.007160533678883389,4.2362599018701744e-06,0.0010136246749925279,8.979593065599202e-07,0.04801960050431637,-0.04870425760913079,1.0651171063874367,0.7237792087361573,0.2790085554122925,-0.19047146578679883,1.5126400460243226,-0.4866582282543182,0.4,0.0,1.4,0.0
transgastric_short_axis,1,464,154.6673,0.27900139306880073,-0.19047147095120545,1.5126408361951107,-0.4866582173327488,-0.0071623434917653115,-5.164407791422131e-06,0.0007901707883733037,1.0921569581095806e-05,0.06773354981263655,0.00361046788202917,0.9728338028215253,0.5481279253986514,0.3700786113739014,-0.5710520618105236,1.4907805814266204,0.4555341871261597,0.4,0.0,1.4,0.0
transgastric_short_axis,1,465,155.0005,0.37007145079055215,-0.5710520559889543,1.490781596674755,0.4555341893712548,-0.007160583349394991,5.821569208956836e-06,0.0010152481352464439,2.2450950997490516e-06,0.04738881314120455,-0.048747006682664955,1.0653812324410088,0.736714914120746,0.27507920265197755,-0.23094125702461724,1.5102289641380309,-0.4881891229391098,0.4,0.0,1.4,0.0
transgastric_short_axis,1,466,155.3339,0.27507204021534776,-0.23094126242441793,1.5102297425232551,-0.48818911145801797,-0.007162436629770447,-5.399800370160012e-06,0.0007783852245237368,1.14810912463263e-05,0.06780143632973208,0.0009210740789396482,0.9690616300645822,0.5651725988660914,0.372665548324585,-0.5418817093768291,1.5005900669574737,0.42679332704544065,0.4,0.0,1.4,0.0
transgastric_short_axis,1,467,155.6674,0.37265838781619665,-0.541881704629536,1.500591086710303,0.42679332826455507,-0.007160508388459669,4.747293414581412e-06,0.0010197528292910539,1.2191145427358708e-06,0.04966850218839827,-0.046811030657889746,1.0673484850118562,0.6976062337348464,0.2852766275405884,-0.24617545392149517,1.519176519727707,-0.457603343296051,0.4,0.0,1.4,0.0
transgastric_short_axis,1,468,156.0031,0.285269464955193,-0.24617545826618226,1.5191772745891052,-0.45760333193405794,-0.007162585395305395,-4.344687510687874e-06,0.0007548613982728432,1.1361993804536706e-05,0.0680796581956787,-0.0011628584159899293,0.9786953958535407,0.5453159488772277,0.37249426841735844,-0.54644769906577,1.505370098590851,0.41508527369499204,0.4,0.0,1.4,0.0
transgastric_short_axis,1,469,156.3339,0.3724871079107216,-0.5464476948143893,1.505371116514623,0.41508527437956033,-0.007160506636894491,4.251380955249791e-06,0.001017923772608886,6.845674971969876e-07,0.04980985826359561,-0.04681586505242026,1.0668692923973648,0.6948099737348115,0.2863329887390137,-0.2391618735491494,1.5187924618721007,-0.44399672212600705,0.4,0.0,1.4,0.0
transgastric_short_axis,1,470,156.6671,0.28632582613899227,-0.23916187778685194,1.51879321326341,-0.4439967109780169,-0.007162600021443767,-4.237701228949264e-06,0.0007513913093883872,1.1147989942614448e-05,0.06818462124285316,-0.001150574788687117,0.9797880091447113,0.5304386189430955,0.37123770713806153,-0.5670972675917559,1.5023332139968872,0.4197527657032013,0.4,0.0,1.4,0.0
transgastric_short_axis,1,471,157.0005,0.371230546609572,-0.567097263106664,1.5023342299950517,0.41975276669882877,-0.0071605284893796715,4.485091805553215e-06,0.0010159981644375883,9.956275031712935e-07,0.04868514474795376,-0.04791751452913075,1.065811300578457,0.7135065991646149,0.2815730571746826,-0.22108217225130583,1.5162053612709046,-0.4776324005126953,0.4,0.0,1.4,0.0
transgastric_short_axis,1,472,157.334,0.2815658947061228,-0.2210821770287277,1.5162061338632205,-0.4776323892177474,-0.007162468559861229,-4.777421964680273e-06,0.0007725923164234297,1.1294948689569884e-05,0.06790656733719454,0.001227672930557709,0.9751715869884614,0.551851910455888,0.37237062454223635,-0.5536816768242658,1.4975084286689757,0.44423790521621703,0.4,0.0,1.4,0.0
transgastric_short_axis,1,473,157.6676,0.3723634639884675,-0.5536816716350172,1.4975094454515547,0.4442379067381159,-0.007160553768903606,5.189248411149293e-06,0.0010167825788556114,1.521898626468065e-06,0.0485905447989328,-0.04772185564720392,1.0672402106367702,0.717065256000175,0.28262128829956057,-0.2405477368073454,1.5157600713729857,-0.4690711498260498,0.4,0.0,1.4,0.0
transgastric_short_axis,1,474,158.0004,0.282614125767267,-0.24054774154169015,1.5157608346466418,-0.46907113839137354,-0.0071625322934434675,-4.734345075019598e-06,0.0007632736558106479,1.1434676298959083e-05,0.06798496144968111,-0.00038544199246187075,0.9762567145518117,0.5523322941310395,0.3732286930084229,-0.5451813035495993,1.5026979846954345,0.4270066092967987,0.4,0.0,1.4,0.0
transgastric_short_axis,1,475,158.3338,0.3732215324863401,-0.5451812989544209,1.502699002569635,0.4270066102601149,-0.007160522082857164,4.595178338114327e-06,0.0010178742002207265,9.63316076038992e-07,0.049515940811492,-0.04698392216455165,1.0677708200808786,0.7005865152760516,0.28440394401550295,-0.24672822629525476,1.5191212798118592,-0.46197965540885927,0.4,0.0,1.4,0.0
transgastric_short_axis,1,476,158.6672,0.28439678143927505,-0.24672823068734506,1.5191220363868956,-0.4619796439898538,-0.007162576227883393,-4.392090855993209e-06,0.0007565750364927831,1.1419005994399381e-05,0.06804652065812561,-0.001050759444185435,0.9778228644036757,0.549412572638868,0.37283101081848147,-0.542145362324747,1.5056873067855834,0.41557513003349306,0.4,0.0,1.4,0.0
transgastric_short_axis,1,477,159.0004,0.3728238503133797,-0.5421453580813564,1.505688324957437,0.41557513068039853,-0.007160505101698677,4.243390779336899e-06,0.0010181718536813582,6.469051817184976e-07,0.049997994527121385,-0.0466117251214141,1.0671843681733846,0.6917606838157911,0.28702013492584233,-0.24566088126462143,1.519105550479889,-0.4358751437187195,0.4,0.0,1.4,0.0
transgastric_short_axis,1,478,159.334,0.28701297229562744,-0.24566088540361375,1.519106297040028,-0.4358751326165965,-0.0071626302148561005,-4.13899215492263e-06,0.000746560139540676,1.1102123502878166e-05,0.06823147197690961,-0.0018728102768496221,0.9804605846590568,0.5265821685880363,0.3711087226867676,-0.5776883263518647,1.503822070169449,0.4100164964675903,0.4,0.0,1.4,0.0
transgastric_short_axis,1,479,159.6688,0.371101562161455,-0.5776883221145432,1.5038230850623107,0.4100164973179208,-0.007160525312788382,4.2373214281916635e-06,0.0010148928614673316,8.503313913046644e-07,0.048465690991700054,-0.048247718098210116,1.0655920409159783,0.7165554258267374,0.2802701711654663,-0.20498604742881293,1.5149350304603577,-0.4827315128803253,0.4,0.0,1.4,0.0
transgastric_short_axis,1,480,160.0005,0.28026300875877147,-0.20498605236060266,1.514935811796862,-0.48273150175507545,-0.007162406694765799,-4.931788234930133e-06,0.0007813365041601958,1.112524961629221e-05,0.06782510380332067,0.002493169611099401,0.973947916895507,0.5500874224648297,0.3712997674942017,-0.5609673365526661,1.4939217664718627,0.45195464057922363,0.4,0.0,1.4,0.0
transgastric_short_axis,1,481,160.3338,0.3712926069241417,-0.5609673310003981,1.4939227826268322,0.4519546424947496,-0.007160570059955552,5.552267714094649e-06,0.0010161549690326053,1.9155264568919625e-06,0.04799811137729899,-0.04820911300813023,1.066398575955913,0.72704397998735,0.2786586284637451,-0.23899765221724317,1.5135987862586975,-0.47959744348526,0.4,0.0,1.4,0.0
transgastric_short_axis,1,482,160.6672,0.2786514659710543,-0.23899765724115946,1.5135995560884972,-0.4795974319614589,-0.007162492690786891,-5.023915247079846e-06,0.0007698297994951154,1.1523801113410528e-05,0.06789204140364366,8.003939607963834e-05,0.9724273289734686,0.5610382364556508,0.37319521903991704,-0.5414716241808489,1.5021409041881562,0.4266485797405243,0.4,0.0,1.4,0.0
transgastric_short_axis,1,483,161.0005,0.3731880585252023,-0.5414716195443141,1.5021419229962776,0.42664858077509304,-0.007160514714616972,4.636535017851262e-06,0.0010188081211316843,1.0345686558487661e-06,0.04969802846817859,-0.04679149186048844,1.0677748598194232,0.6974040284428884,0.2854197978973389,-0.24894661867734474,1.519319207239151,-0.45649058668613435,0.4,0.0,1.4,0.0
transgastric_short_axis,1,484,161.3343,0.28541263530370287,-0.2489466230014834,1.519319960896719,-0.4564905753124106,-0.007162593636022867,-4.324137609734085e-06,0.0007536575686576384,1.1373723695670303e-05,0.06808467177370583,-0.0013897345377792986,0.9788299888982614,0.5456423587564799,0.37258939743041997,-0.5476655959217768,1.506117054605484,0.41163511962890625,0.4,0.0,1.4,0.0
transgastric_short_axis,1,485,161.6674,0.3725822369269435,-0.5476655917671938,1.5061180723867986,0.4116351202406827,-0.00716050347627575,4.154583017860588e-06,0.001017781314150386,6.117760969785546e-07,0.04985448921466483,-0.04680898136959988,1.0669175955532375,0.693825519594294,0.28654587268829346,-0.2349082227218044,1.5187282337665557,-0.438300737786293,0.4,0.0,1.4,0.0
transgastric_short_axis,1,486,162.0006,0.2865387100842722,-0.23490822690597146,1.5187289839925464,-0.43830072673994475,-0.00716260402127681,-4.184166694599738e-06,0.0007502259900071763,1.1046348353705808e-05,0.06822939500876539,-0.0010555873409665286,0.9800095954629533,0.5236978499842389,0.3705962181091309,-0.5756320955130254,1.5006936183929442,0.42292672019004823,0.4,0.0,1.4,0.0
transgastric_short_axis,1,487,162.3338,0.37058905756759275,-0.5756320908867578,1.5006946332923636,0.4229267213408434,-0.0071605415381900605,4.626267375555428e-06,0.0010148994188582477,1.1507949747523243e-06,0.0481748313825228,-0.04838751103999361,1.065276155876085,0.7219582594523191,0.280617356300354,-0.20927789797304377,1.513687919139862,-0.48035273230075837,0.4,0.0,1.4,0.0
transgastric_short_axis,1,488,162.6671,0.28061019388099107,-0.20927790298555385,1.5136886985801583,-0.48035272114994343,-0.007162419362982585,-5.0125114307325616e-06,0.0007794402965324149,1.1150814343122923e-05,0.0678529615347905,0.002122840289030682,0.9743794818058058,0.5492859213416732,0.3716559648513794,-0.5615753487130987,1.494392897415161,0.45134306917190553,0.4,0.0,1.4,0.0
transgastric_short_axis,1,489,163.0005,0.37164880427982816,-0.5615753432057415,1.4943939132445037,0.45134307102970794,-0.007160571551369721,5.5073575941505306e-06,0.0010158293436168975,1.8578026876275793e-06,0.047988960654113774,-0.048228224144410824,1.0667242548163451,0.7271804693606317,0.2787960529327393,-0.2381651230933492,1.5135613354682922,-0.47943724772930146,0.4,0.0,1.4,0.0
transgastric_short_axis,1,490,163.334,0.2787888904415955,-0.238165128118293,1.513562105480144,-0.4794372362175483,-0.007162491143753983,-5.02494472901309e-06,0.0007700118514974188,1.1511752789254649e-05,0.06789314978895925,0.0001311514945384635,0.9725673710270075,0.5605097471097065,0.3731740951538086,-0.5420399385962826,1.5018592742443084,0.42765656776428224,0.4,0.0,1.4,0.0
transgastric_short_axis,1,491,163.6671,0.3731669346373243,-0.5420399339273919,1.5018602929948681,0.4276565688293035,-0.007160516484514984,4.668891086499218e-06,0.0010187505597817716,1.0650215318724662e-06,0.049641263515513484,-0.04683904556409392,1.0677715151331402,0.6984217662133836,0.28504972457885747,-0.24858671742315575,1.5193135896205903,-0.45856227078437806,0.4,0.0,1.4,0.0
transgastric_short_axis,1,492,164.0004,0.28504256199053124,-0.2485867217675951,1.5193143442119883,-0.4585622593889837,-0.007162588326263348,-4.344440697158482e-06,0.0007545913978970076,1.1395393803524883e-05,0.06807015005443291,-0.0012943044472149947,0.9784586399213764,0.5472895296490944,0.3726860046386719,-0.544653248639707,1.5061711709976195,0.4124676506996155,0.4,0.0,1.4,0.0
transgastric_short_axis,1,493,164.3338,0.3726788441360286,-0.5446532444731359,1.5061721890028341,0.41246765130168406,-0.007160502643333125,4.166570813641549e-06,0.0010180052140924224,6.020685547620004e-07,0.049971674249141784,-0.04667551444425583,1.0670098267794752,0.6919506480673591,0.28697564601898196,-0.2397565907100777,1.518936460161209,-0.4338149757385254,0.4,0.0,1.4,0.0
transgastric_short_axis,1,494,164.6673,0.2869684833954255,-0.23975659483789658,1.5189372073548917,-0.43381496470759223,-0.007162623556359637,-4.127817574382877e-06,0.0007471936821623506,1.1030933079602533e-05,0.06825471132107314,-0.001540511235501721,0.9804289381450797,0.5221118954896771,0.3706083774566651,-0.5814019380444121,1.5019113308429717,0.416235387468338,0.4,0.0,1.4,0.0
transgastric_short_axis,1,495,165.0009,0.3706012169185287,-0.5814019336020809,1.5019123451145209,0.416235388495096,-0.007160538136453116,4.44233093196912e-06,0.0010142715492958683,1.0267575719814918e-06,0.04809657562032859,-0.048541305400384344,1.0652135940251894,0.7228627266399303,0.27988500595092775,-0.20054158527055296,1.5131669786453248,-0.4832187476634979,0.4,0.0,1.4,0.0
transgastric_short_axis,1,496,165.3339,0.279877843565989,-0.20054159035525992,1.5131677629528282,-0.4832187366144406,-0.007162384938697975,-5.084706941279299e-06,0.0007843075042967508,1.1049057169830487e-05,0.06780212796359354,0.002812283369690585,0.9736787999258707,0.5485923367269885,0.3710408687591553,-0.5640040267915749,1.4923866585731507,0.4542893228530884,0.4,0.0,1.4,0.0
transgastric_short_axis,1,497,165.6671,0.3710337081840504,-0.5640040210954756,1.492387674564017,0.4542893249407012,-0.007160575104775478,5.696099390140678e-06,0.0010159908659458376,2.0876126872082876e-06,0.047775390948714,-0.04839343897828404,1.066238630690058,0.7306530332790369,0.277239465713501,-0.2372397162264387,1.5124323813915252,-0.4829310319662094,0.4,0.0,1.4,0.0
transgastric_short_axis,1,498,166.0005,0.277232303238565,-0.23723972138372876,1.5124331540086668,-0.48293102043620056,-0.0071624749360040185,-5.1572897323241665e-06,0.0007726171423080224,1.1530008816445495e-05,0.06785937080227156,0.00031363191844202727,0.9710819297177533,0.5632212508332969,0.37307481765747075,-0.5403194533083073,1.5018600232601165,0.42558797335624693,0.4,0.0,1.4,0.0
transgastric_short_axis,1,499,166.3337,0.3730676571477771,-0.5403194486639932,1.501861042575844,0.4255879744281703,-0.007160509693599275,4.644313444600777e-06,0.0010193157274030018,1.0719237576367692e-06,0.0497813147622435,-0.04671242380315781,1.0676742512733592,0.6958241542721711,0.2858883380889893,-0.25012125997158385,1.5192649035930634,-0.4534493952512741,0.4,0.0,1.4,0.0
transgastric_short_axis,1,500,166.6672,0.28588117548681014,-0.2501212642713576,1.5192656557886002,-0.4534493839036812,-0.007162602179098291,-4.29977397808588e-06,0.000752195536924393,1.1347593222502992e-05,0.06810440456724541,-0.001573863450088817,0.9793045402770353,0.5435295699060793,0.37248499393463136,-0.5520460173781988,1.5062108688354492,0.40967869033813475,0.4,0.0,1.4,0.0
mid_esophageal_4chamber,2,1,0.3346,-7.16842105263904e-06,0.0,-8.200972995316136e-18,7.914675859144182e-16,-0.007168421052635087,2.916709030558929e-36,-6.053990644108514e-20,4.1445432970619182e-19,-5.740681096721295e-19,-2.770136550700464e-17,0.7599928315789473,0.30000716842105263,0.23391900062561036,-0.13930444304635065,-0.1204909897327423,0.2811831559181213,0.3,0.0,0.0,0.0
mid_esophageal_4chamber,2,2,0.6678,0.23391183243496957,-0.13930444364440753,-0.12049113394887458,0.28118327830246226,-0.007168190640653831,-5.980572571096699e-07,-0.00014421613226480725,0.00012238434098973657,-0.009517447248079413,-0.008472781406495853,0.992039750243735,0.34257192422670457,0.2407170295715332,-0.45196257188382555,0.09060432271957397,0.0019811468124389647,0.3,0.0,0.0,0.0
mid_esophageal_4chamber,2,3,1.0009,0.2407098612211092,-0.45196257188623495,0.09060441996729728,0.001981147711949016,-0.007168350423976106,-2.4103463902732847e-09,9.724772381488951e-05,8.995104786978186e-07,0.005667397361317241,-0.002828475653208294,1.000422668685524,0.46475646612640814,0.29436345100402833,-0.24093273003243,-0.07036217050552368,-0.03347688703536987,0.3,0.0,0.0,0.0
mid_esophageal_4chamber,2,4,1.3342,0.2943562826261108,-0.24093273006437838,-0.07036224449946095,-0.03347690209949683,-0.007168377917320243,-3.194810067483261e-08,-7.399393772789716e-05,-1.5064127223435913e-05,-0.004498284313866789,0.0023115694324073333,1.054163512567262,0.25328241231331516,0.2785216808319092,-0.7557825221071142,0.15478861083984374,-0.05199115340709686,0.3,0.0,0.0,0.0
mid_esophageal_4chamber,2,5,1.6675,0.2785145126161782,-0.7557825220585077,0.15478877429981885,-0.051991175579065296,-0.007168215730941188,4.860589802377419e-08,0.00016345997521017305,-2.217196826936153e-05,0.009095897567579999,-0.006073124705437693,1.03763087300725,0.7735189033272378,0.275269889831543,-0.06715734932744848,0.11433951015472411,0.05118493151664734,0.3,0.0,0.0,0.0
mid_esophageal_2chamber,2,1,0.3342,-7.16842105263904e-06,-9.71445146547012e-17,0.0,-1.1102230246251565e-16,-0.007168421052635086,2.653651845210841e-35,-1.2485277968431723e-18,3.243187859486663e-19,3.7748226909989826e-34,3.885780586188048e-18,0.7599928315789473,1.5993890399474475,0.0006543993949890137,1.2131226404101902,1.028124190235138,-0.23111369619369507,0.3,1.571,0.0,0.0
mid_esophageal_2chamber,2,2,0.6673,0.0006472370883961612,1.213122629693249,1.0281250872841987,-0.2311137124123227,-0.00716230659297924,-1.0716943767564364e-05,0.0008970490608986101,-1.621862749751563e-05,0.013197126912255549,0.058209995485269284,0.7263164310365533,1.152450880518833,0.22414124011993408,-0.4354580471469798,1.3037809202671051,0.17494406447410582,0.3,1.571,0.0,0.0
mid_esophageal_2chamber,2,3,1.0009,0.2241340801492259,-0.43545804108561503,1.303782017388908,0.1749440737239425,-0.007159970708242785,6.061364733103096e-06,0.0010971218039325774,9.249837228487216e-06,0.0581813777119425,-0.03378740457021032,0.9324628131300334,2.4004338120910034,0.27196123600006106,1.707327358043228,0.31399379339218136,-0.13493089098930358,0.3,1.571,0.0,0.0
mid_esophageal_2chamber,2,4,1.3345,0.27195406842006065,1.7073273571587189,0.31399412712402164,-0.13493093714349794,-0.007167580000418622,-8.84507260659651e-07,0.000333731839640126,-4.6154193219141254e-05,-0.007593742959231121,0.02068082842597423,1.0282290217008043,0.36901272641315014,0.1872025489807129,1.7013502258716813,-0.03569912331104279,0.10232492208480835,0.3,1.571,0.0,0.0
mid_esophageal_2chamber,2,5,1.6672,0.18719538058471913,1.7013502259179933,-0.03569916321179041,0.10232497047322273,-0.007168395993960157,4.6311940288556145e-08,-3.9900748653501274e-05,4.8388415167082724e-05,0.00386910377272149,-0.0020052484426712897,0.9469678247343014,0.20361948186425147,0.22105953693389893,1.5331576214374545,-0.08008748538494109,-0.04843669888973236,0.3,1.571,0.0,0.0
mid_esophageal_long_axis,2,1,0.3341,-7.16842105263904e-06,-1.322675907864819e-15,4.85722573273506e-16,-1.1379786002407855e-15,-0.007168421052635086,1.1383857695045725e-34,-7.202630323395422e-19,-7.626391135310534e-19,3.400058012914542e-17,8.743006318923125e-18,0.7599928315789473,2.375024273792591,0.05397118330001832,3.0347547865866527,0.005128698492050171,-0.4567816729545593,0.3,2.356,0.0,0.0
mid_esophageal_long_axis,2,2,0.6674,0.0539640151385419,3.0347547864690423,0.00512870571394379,-0.4567818857119613,-0.0071681614763454,-1.1760971936645875e-07,7.22189363500317e-06,-0.00021275740242238908,-0.001984801769736573,-0.0153128384681987,0.8103748202892782,0.8543522462885309,0.2921238660812378,2.401780983704208,-0.8305560096502304,-0.43947753524780275,0.3,2.356,0.0,0.0
mid_esophageal_long_axis,2,3,1.001,0.2921167028620322,2.401781007354921,-0.8305569070703417,-0.43947760814174985,-0.007163219205566455,2.365071289980374e-05,-0.000897420111938367,-7.289394712499839e-05,0.026319094415087493,-0.0441842942229803,1.0270860238320434,0.9408099653747521,0.23117752075195314,2.43193666412934,0.6173405143260956,0.22387277312278747,0.3,2.356,0.0,0.0
mid_esophageal_long_axis,2,4,1.3343,0.23117035531542798,2.431936671434875,0.6173411573386964,0.22387281837391448,-0.007165436525060689,7.305535547692566e-06,0.0006430126007810602,4.525112677689246e-05,-0.025292112910334077,0.03196725528889852,0.9775375779562996,0.6646300033905883,0.20199987888336182,3.0466551219176714,-0.28761102232933045,0.4274595766067505,0.3,2.356,0.0,0.0
mid_esophageal_long_axis,2,5,1.6678,0.2019927114624422,3.0466551145322196,-0.2876113974490868,0.4274597336708492,-0.007167420919671234,-7.385453006227414e-06,-0.0003751197565263655,0.0001570640980386941,0.020253102248396868,0.012646673260854854,0.9560975230012556,0.8672093494010357,0.27741050720214844,1.5048003237621828,-0.12683047227859498,-0.11398962614536286,0.3,2.356,0.0,0.0
mid_esophageal_long_axis,2,6,2.001,0.2774033389348531,1.5048003236895156,-0.12683060878112573,-0.11398967580435311,-0.0071682672953346654,-7.266723218217347e-08,-0.000136502530791644,-4.9658990244391515e-05,-0.004554371292789353,-0.008543875366189503,1.0366157648931438,0.8684072475262622,0.30361609458923344,2.206594661684722,0.01872689323425293,0.1509347372531891,0.3,2.356,0.0,0.0
mid_esophageal_long_axis,2,7,2.3345,0.30360892619952873,2.2065946616656573,0.01872691356070466,0.15093480539176157,-0.007168389704569746,-1.906548240887049e-08,2.0326452127186352e-05,6.813857235384515e-05,0.003460384809095868,0.004173764219251652,1.0631988051877654,0.2132299046599047,0.2569421768188477,2.52966427316224,0.000311590576171875,-0.030910103487968445,0.3,2.356,0.0,0.0
mid_esophageal_long_axis,2,8,2.6676,0.2569350083990187,2.5296642731623993,0.00031159090969912207,-0.0309101178072258,-0.007168419829039617,1.596219010374516e-10,3.335270547687469e-07,-1.4319257088525186e-05,-0.0006392181325344986,-0.0008728753227238616,1.016918286213726,0.18157479380786487,0.25747764110565186,2.3048623098524197,0.18266098709106446,0.09836056866645813,0.3,2.356,0.0,0.0
mid_esophageal_long_axis,2,9,3.0014,0.25747047298126347,2.3048623098404426,0.18266118338195914,0.09836060972744226,-0.007168124388502298,-1.197676175466238e-08,0.0001962908953293145,4.106098413538247e-05,-0.0059454383778679235,0.011720218578823244,1.0161395792036605,0.2178617485556935,0.18521780967712403,2.9413677140116614,0.23129383449554444,0.15479834804534912,0.3,2.356,0.0,0.0
mid_esophageal_long_axis,2,10,3.3342,0.1852106417587005,2.941367714354267,0.23129409458725925,0.15479841085967821,-0.0071679184234637455,3.4260238657739127e-07,0.0002600917148397402,6.281432905866387e-05,-0.014558736634351007,0.008460950286397276,0.9429392173851323,0.6582487857713145,0.2684938669204712,2.5159434591666914,-0.050435822081565856,-0.2661596777200699,0.3,2.356,0.0,0.0
mid_esophageal_long_axis,2,11,3.6675,0.26848669860926266,2.5159434593199497,-0.05043588130104193,-0.26615979643608173,-0.007168311208524282,1.5325848226274068e-07,-5.92194758723053e-05,-0.00011871601195541166,-0.002581050491969161,-0.009492512103305133,1.0271668355767554,0.31616421952094004,0.26279759407043457,2.298915887257193,0.21188833293914794,0.19867775387763978,0.3,2.356,0.0,0.0
mid_esophageal_long_axis,2,12,4.0007,0.26279042608829434,2.2989158878297773,0.2118885695110848,0.1986778331875767,-0.007167982140014834,5.725833778473169e-07,0.00023657193668250669,7.930993681595041e-05,-0.004543924058552498,0.01547750979009082,1.0205518016122213,0.2983501224107636,0.19639474153518677,3.0755760526705234,0.2839940249919891,0.33826396536827086,0.3,2.356,0.0,0.0
mid_esophageal_long_axis,2,13,4.3341,0.19638757399867618,3.0755760568010775,0.2839943759382504,0.3382640911208936,-0.007167536510512407,4.130555297720687e-06,0.0003509462605360096,0.00012575262281553292,-0.01825000817820141,0.01284666433872909,0.9516797188514223,0.8506471872931034,0.28800218105316167,2.814472374094265,-0.5231373579025268,-0.10900183625221252,0.3,2.356,0.0,0.0
mid_esophageal_long_axis,2,14,4.6675,0.2879950147218252,2.814472376511553,-0.5231378785073294,-0.1090018607528336,-0.007166331336357887,2.4172874041505404e-06,-0.0005206048026450043,-2.450062081207613e-05,0.03179584882474682,-0.014809391458710209,1.0384529803292757,0.7041986120920787,0.32104120254516605,1.8401930890056615,-0.014304235768318177,-0.04452786626815796,0.3,2.356,0.0,0.0
mid_esophageal_long_axis,2,15,5.001,0.32103403412830334,1.8401930889962976,-0.014304250682293969,-0.044527886418903165,-0.007168416862758491,-9.365734337210208e-09,-1.4913975522034816e-05,-2.015074517252949e-05,-0.0012354137537407778,-0.0013793224737654764,1.0809921843049441,0.5183498280962466,0.25072612762451174,1.8371052785573907,-0.32217117347717283,-0.041527121686935425,0.3,2.356,0.0,0.0
mid_esophageal_long_axis,2,16,5.3341,0.25071896005942057,1.837105278752393,-0.3221715097730459,-0.041527136114105204,-0.007167565091074703,1.9500217152967482e-07,-0.00033629587312615,-1.4427168731394355e-05,0.0044285982986306364,-0.021755774031989437,1.007088844801909,0.6141655618638511,0.332763147354126,1.8460994393488608,-0.018030027651786802,0.15857788181304933,0.3,2.356,0.0,0.0
mid_esophageal_long_axis,2,17,5.6677,0.33275597896678455,1.8460994393640906,-0.018030047064708104,0.1585779526726343,-0.007168387341592407,1.5229984173112603e-08,-1.9412921539195058e-05,7.085958566183315e-05,0.0056597823239247416,0.00029556008584128704,1.0923055222719809,0.5352976607140059,0.316100549697876,1.8245210933927098,-0.30815793035030364,0.007504763889312744,0.3,2.356,0.0,0.0
mid_esophageal_long_axis,2,18,6.0008,0.31609338203814574,1.8245210933443872,-0.3081582430670089,0.007504766288629838,-0.007167659730221285,-4.8323494588217306e-08,-0.000312716705167072,2.3993168467870757e-06,0.005583471816270861,-0.020485332477403202,1.0727950087217026,0.6146109740742219,0.3320222139358521,1.7627319278088045,-0.04255168168544769,0.16237745175361634,0.3,2.356,0.0,0.0
mid_esophageal_long_axis,2,19,6.3341,0.33201504556262246,1.7627319278384466,-0.04255172758048076,0.16237752395592864,-0.007168373229585548,2.9641453306657442e-08,-4.589503169496385e-05,7.220231302902644e-05,0.006118660334467141,-0.0018244484540441209,1.091491699013208,0.6173889198834106,0.31989092826843263,1.660392639229512,-0.22169922287464142,0.030893531513214112,0.3,2.356,0.0,0.0
mid_esophageal_long_axis,2,20,6.6674,0.31988376025037546,1.660392639212434,-0.22169945068626262,0.03089354351537832,-0.007168018057054299,-1.7079115176882715e-08,-0.00022781162150906157,1.2002163914242461e-05,0.002453672226271187,-0.015230016070015794,1.0781542300201448,0.7310061708146276,0.3177451848983765,1.6667248040638798,-0.02477519588470459,0.1579101342201233,0.3,2.356,0.0,0.0
mid_esophageal_long_axis,2,21,7.0011,0.3177380165134064,1.6667248040856473,-0.024775222708763422,0.1579102050598591,-0.00716838497010005,2.17675710555477e-08,-2.6824058842832028e-05,7.083973632736889e-05,0.005643671824727244,-0.0011882044821576623,1.0772812002873589,0.7077883705281648,0.31751589775085454,1.6664757568900654,-0.1296336639404297,0.024241896629333497,0.3,2.356,0.0,0.0
mid_esophageal_long_axis,2,22,7.3344,0.31750872946997044,1.6664757569181239,-0.12963379837922862,0.02424190706308682,-0.007168280884131223,2.8058704736549607e-08,-0.00013443879889089085,1.043375368886586e-05,0.0017088563648099404,-0.008925211130234303,1.0769111829974827,0.7022412898324681,0.29846661090850835,1.6291894626462464,-0.03400812649726868,0.07697635459899903,0.3,2.356,0.0,0.0
mid_esophageal_long_axis,2,23,7.6673,0.2984594425046964,1.6291894626805883,-0.034008162516800056,0.0769763895420521,-0.007168403811933434,3.43420215198352e-08,-3.601953097439373e-05,3.494305256110365e-05,0.0028256239633955614,-0.002215461234916156,1.0583153842175992,0.7316678550685598,0.29032249450683595,1.788076316441464,-0.040349575209617614,0.011118765163421631,0.3,2.356,0.0,0.0
mid_esophageal_long_axis,2,24,8.0008,0.2903153260996905,1.7880763164483575,-0.04034961768395018,0.011118770230035047,-0.007168407145409855,6.894992486742932e-09,-4.247433157529239e-05,5.066613318885478e-06,0.0009886990594493634,-0.0026733385090604344,1.0502561889325726,0.5695461543598469,0.2778927326202393,1.6324173387230987,-0.22336625118255615,0.01927891788482666,0.3,2.356,0.0,0.0
mid_esophageal_long_axis,2,25,8.3343,0.27788556461452046,1.6324173387149497,-0.22336648457964348,0.01927892548329435,-0.007168005718598706,-8.148193088336859e-09,-0.00023339708692575713,7.598467335352463e-06,0.0016282396779355897,-0.015433542088290937,1.0361402298321933,0.75784245022698,0.31567220687866215,1.6498644976501562,-0.012025542426109313,0.18153240752220154,0.3,2.356,0.0,0.0
mid_esophageal_long_axis,2,26,8.6678,0.31566503849946265,1.6498644976559902,-0.012025555614919803,0.18153248888959972,-0.007168379199405001,5.834053532304294e-09,-1.3188810526795213e-05,8.136739785868534e-05,0.006364998176353928,-0.00033314901167598616,1.0750849048422306,0.7293636950192385,0.3182253837585449,1.8789332195333115,-0.10874988605976105,0.03318008952140808,0.3,2.356,0.0,0.0
mid_esophageal_long_axis,2,27,9.0009,0.3182182154372307,1.8789332195715716,-0.10874999905582072,0.03318010402270666,-0.007168321314149304,3.826003060045804e-08,-0.00011299605876732296,1.4501298806815505e-05,0.0034099692979921575,-0.006885531142807432,1.0777855430260126,0.4907668468424311,0.2701714038848877,1.5936869453781841,-0.09170153725147247,0.048262833595275875,0.3,2.356,0.0,0.0
mid_esophageal_long_axis,2,28,9.3342,0.27016423553837726,1.5936869454318172,-0.09170163479510318,0.0482628552667963,-0.007168346510426855,5.36334685833669e-08,-9.754363218163481e-05,2.167152068179362e-05,0.0018347352857156552,-0.006366062786137004,1.0298295364308727,0.7699024996898508,0.29204208850860597,1.7195010835049005,0.018493762063980103,0.05363046813011169,0.3,2.356,0.0,0.0
mid_esophageal_long_axis,2,29,9.6674,0.29203492009407983,1.719501083490286,0.018493781612204607,0.05363049261804331,-0.007168414526031517,-1.4613421615653884e-08,1.9548224935862017e-05,2.4487931984951847e-05,0.0016638113947810944,0.001557252283671985,1.051972636384802,0.6390716414555737,0.2899862289428711,1.7685307946348838,-0.15711224513053892,0.04952342720031738,0.3,2.356,0.0,0.0
mid_esophageal_long_axis,2,30,10.001,0.2899790607317889,1.7685307946794602,-0.15711241013599242,0.049523448187594354,-0.007168211082153311,4.457526347827807e-08,-0.00016500545483996026,2.098727639003379e-05,0.003849168614850819,-0.010392304162891032,1.0490745029009372,0.6102109207174952,0.3104872703552246,1.5231099723753978,-0.025905367112159728,0.08685306429862975,0.3,2.356,0.0,0.0
mid_esophageal_long_axis,2,31,10.3344,0.31048010194927284,1.52310997240349,-0.02590539448672402,0.08685310360127829,-0.007168405951569023,2.809154206543581e-08,-2.7374565370154436e-05,3.9302648526568904e-05,0.0029463188852558064,-0.0019524229797305242,1.070324731782487,0.8378724137213669,0.27572782039642335,2.212609244559098,0.029253374147415162,-0.024320075154304503,0.3,2.356,0.0,0.0
mid_esophageal_long_axis,2,32,10.6686,0.2757206519834017,2.21260924457025,0.029253405165670543,-0.024320086316813594,-0.007168413021665826,1.1152036594266669e-08,3.101825484461392e-05,-1.116250907973857e-05,-0.0019072760532840064,0.001130264848912722,1.0356803567323225,0.15032506043594202,0.17387782335281374,2.6024624473498283,0.10518522620201111,0.17210023870468139,0.3,2.356,0.0,0.0
mid_esophageal_long_axis,2,33,11.0008,0.17387065507050659,2.6024624473142377,0.10518534735105955,0.172100317698213,-0.007168282307157728,-3.559096119112894e-08,0.0001211490487755478,7.899353119620724e-05,-0.0031831808164028215,0.008888869868048377,0.9329695850989244,0.34254171459496063,0.27374575138092044,2.354260535898243,-0.09008516113758087,-0.3690907408475876,0.3,2.356,0.0,0.0
mid_esophageal_long_axis,2,34,11.3341,0.27373858319622846,2.3542605370760064,-0.09008527406318567,-0.36909089869154976,-0.007168184691977527,1.1777620413591617e-06,-0.00011292560594435163,-0.00015784396276506923,-0.00465110160950304,-0.013222598907365359,1.031107245124999,0.3808361010248116,0.2643720626831055,2.2291572121112257,0.12574402484893799,0.04158498315811157,0.3,2.356,0.0,0.0
mid_esophageal_long_axis,2,35,11.6677,0.2643648943986671,2.22915721206078,0.12574415853529253,0.04158500145296706,-0.007168284438391991,-5.04441774455207e-08,0.00013368635442615807,1.8294855619471647e-05,-0.0042178598157569455,0.007831318825867494,1.023782197729057,0.18681504049461364,0.17418222427368166,2.746622186764476,0.16920117301940918,0.12300861911773682,0.3,2.356,0.0,0.0
mid_esophageal_long_axis,2,36,12.0009,0.17417505612674594,2.7466221867385396,0.16920136298519317,0.12300867306321983,-0.00716814693573757,-2.593632376853895e-08,0.00018996578349033118,5.394548272075513e-05,-0.009186576065033585,0.008482347172609723,0.93291474137655,0.46062766325735083,0.2579145669937134,2.3472284174279965,0.05045969696044922,-0.31052088797092436,0.3,2.356,0.0,0.0
mid_esophageal_long_axis,2,37,12.3341,0.2579073987131967,2.347228417110657,0.05045975819208515,-0.31052102572261236,-0.007168280516773638,-3.1734129334649406e-07,6.123163633065258e-05,-0.0001377516881840292,-0.010044516690615584,-0.00503536790214465,1.0161465390416147,0.3175188535537715,0.2563611745834351,2.5516837883977193,0.21462748374938964,0.3996939351081848,0.3,2.356,0.0,0.0
mid_esophageal_long_axis,2,38,12.6674,0.2563540067793638,2.5516837927307674,0.2146277567558057,0.39969409020994817,-0.007167804071320447,4.333048674619586e-06,0.0002730064152749312,0.00015510176388915123,-0.004324397267136311,0.01928465038507772,1.0120525078153906,0.49600157175204723,0.2977822303771973,2.7113818244162182,-0.5599026115894318,-0.4476885274171829,0.3,2.356,0.0,0.0
mid_esophageal_long_axis,2,39,13.0007,0.2977750648376546,2.711381843059917,-0.5599032832693545,-0.44768864128035807,-0.007165539542767087,1.8643698683655132e-05,-0.0006716799228574657,-0.00011386317389152061,0.025805764901525044,-0.028511558216757063,1.0441639483782534,0.8001362451860283,0.2915820121765137,2.4541318231610885,0.22032974109649658,-0.027475491499900816,0.3,2.356,0.0,0.0
mid_esophageal_long_axis,2,40,13.3341,0.2915748441580695,2.4541318231482845,0.22032997018669231,-0.027475502283203515,-0.007168018444159278,-1.2803720847619481e-08,0.0002290901952994976,-1.078330244913598e-05,-0.012431611792337666,0.008963192172500266,1.0498697306141258,0.24290129055554657,0.21296682357788088,2.6833428577149947,0.07654660677909851,0.30673377041816713,0.3,2.356,0.0,0.0
mid_esophageal_long_axis,2,41,13.6675,0.21295965532793143,2.6833428581750263,0.07654670090361027,0.3067339077676703,-0.0071682499495556535,4.600311113748644e-07,9.412451154334402e-05,0.00013734950350151112,-1.359600394255445e-05,0.011790604569053387,0.971125829585614,0.46332974865907367,0.2866250276565552,2.4530779603834736,-0.3342273319244385,-0.35578400688171385,0.3,2.356,0.0,0.0
mid_esophageal_long_axis,2,42,14.0009,0.2866178603768488,2.4530779666294653,-0.3342277331137381,-0.3557841254519855,-0.007167279706456067,6.245992476067262e-06,-0.0004011893000026835,-0.00011857027096211261,0.009430110229887743,-0.02354755196039501,1.0406737051590564,0.49788927963131263,0.2945485591888428,1.7917674577123137,0.19953856029510497,-0.16618273293972016,0.3,2.356,0.0,0.0
mid_esophageal_long_axis,2,43,14.3343,0.29454139114056477,1.791767457423111,0.19953877688269372,-0.16618279951762988,-0.007168048278165111,-2.892029359169485e-07,0.00021658758858697348,-6.657791040894526e-05,-0.008669069935389332,0.012175619537372537,1.0526798444210992,0.6211445925457446,0.25421009063720706,2.3481186206342475,-0.0062138351440429685,0.252233694934845,0.3,2.356,0.0,0.0
mid_esophageal_long_axis,2,44,14.6676,0.2542029222953201,2.3481186206219893,-0.006213842415012216,0.2522338092169685,-0.007168341886968525,-1.2257932527596667e-08,-7.270969736654801e-06,0.0001142821235143895,0.006526411115174715,0.005821268151909478,1.013094099570243,0.25655407776305034,0.2907404661178589,2.2238422083657,0.014486152982711793,-0.23170804023742675,0.3,2.356,0.0,0.0
mid_esophageal_long_axis,2,45,15.0023,0.29073329776463663,2.2238422083495846,0.014486169492896828,-0.23170814414904417,-0.007168353222229098,-1.6116838054964874e-08,1.651018535492164e-05,-0.00010391161749031767,-0.006991488586292989,-0.004089007097917777,1.0497906957835417,0.2673014531120335,0.22715497016906738,2.4459083978338443,0.1411031557559967,0.3037614884376526,0.3,2.356,0.0,0.0
mid_esophageal_long_axis,2,46,15.3341,0.22714780204502408,2.445908398842786,0.1411033273228215,0.3037616184655656,-0.007168124043329288,1.0089417893511407e-06,0.00017156682470555952,0.00013002791318146863,-0.0006741611362757645,0.014201106769731428,0.9848656609511195,0.35436172587306275,0.29575271606445314,2.5616853730952958,-0.2961966160297394,-0.43800983877182004,0.3,2.356,0.0,0.0
mid_esophageal_long_axis,2,47,15.6674,0.2957455486679913,2.561685381557226,-0.29619699256096377,-0.4380099914436401,-0.0071673964616716275,8.461931549038726e-06,-0.0003765312243405962,-0.00015267182055002366,0.008150678392022919,-0.0230850680415342,1.0495370836587665,0.5673711197700281,0.29308447837829593,1.9755938580426065,0.17382690739631654,-0.24171142723560332,0.3,2.356,0.0,0.0
mid_esophageal_long_axis,2,48,16.0008,0.2930773102930075,1.9755938573447498,0.1738271048989528,-0.24171152600090012,-0.007168085288543527,-6.978556295971837e-07,0.00019750263590093692,-9.876529679147147e-05,-0.012399408188938841,0.007667085193937811,1.0510202885221667,0.48311187234621045,0.24555432796478271,2.3617806370263543,0.04843679251670837,0.33478179087638854,0.3,2.356,0.0,0.0
mid_esophageal_long_axis,2,49,16.3341,0.24554715970124497,2.361780637434293,0.04843685255885699,0.33478193933942,-0.0071682635376665105,4.0793884670834256e-07,6.0042147976336336e-05,0.0001484630312388153,0.0057429566095053616,0.01049380773660269,1.003524209480054,0.34267127568475886,0.29941482543945314,2.2791853589786366,-0.18193219470977784,-0.3379765305519104,0.3,2.356,0.0,0.0
mid_esophageal_long_axis,2,50,16.6675,0.2994076574524707,2.2791853611811326,-0.18193241438743613,-0.33797666512942537,-0.007167986982452992,2.202495067429667e-06,-0.00021967765721802622,-0.00013457751496654115,-0.0008061679199757874,-0.016896494095619715,1.0563050111700163,0.39144408180915974,0.25487842559814455,2.009563518043868,0.2016202624797821,-0.02331882827281952,0.3,2.356,0.0,0.0
mid_esophageal_long_axis,2,51,17.001,0.25487125752061907,2.0095635180484055,0.20162047585154408,-0.023318837791231714,-0.007168077525410109,4.540023062301713e-09,0.00021337176215940605,-9.518412179009959e-06,-0.006693155431045341,0.012341748933991797,1.0134439694238975,0.4040413640994007,0.21346735954284668,2.3963648630610437,0.012108589553833008,0.38975898942947385,0.3,2.356,0.0,0.0
mid_esophageal_long_axis,2,52,17.3343,0.21346019130554975,2.396364863233677,0.012108605341447642,0.389759163039594,-0.007168237296971494,1.7263434160679434e-07,1.5787614554300064e-05,0.00017361012015236247,0.008418879681635173,0.010326955694530206,0.9708302730355332,0.4014689080979812,0.2936214208602905,2.013981202949605,-0.2067121655702591,-0.2666106788635254,0.3,2.356,0.0,0.0
mid_esophageal_long_axis,2,53,17.6677,0.29361425290081444,2.0139812042920884,-0.20671240332310425,-0.2666107836758784,-0.007167959476064783,1.3424841070686104e-06,-0.00023775284362864235,-0.00010481235328852136,-0.0022783412824083334,-0.0167040008947833,1.0509137734880767,0.4804466276740681,0.27163028717041016,1.980491286451586,0.2184124478816986,0.05948964428901672,0.3,2.356,0.0,0.0
mid_esophageal_long_axis,2,54,18.0007,0.27162311915317344,1.980491286474324,0.21841267802585307,0.05948966801879241,-0.007168017236605971,2.2739539802669602e-08,0.00023014415399487352,2.3729775802973596e-05,-0.004127668127978784,0.014728966434809402,1.0298996589143552,0.4393804272196409,0.20970399379730226,2.6631015018498476,0.053369997882843016,0.41448081793785096,0.3,2.356,0.0,0.0
mid_esophageal_long_axis,2,55,18.3341,0.20969682560800698,2.6631015028052722,0.05337006843200154,0.4144810001144297,-0.007168189295401845,9.554246414943518e-07,7.054915914090153e-05,0.00018217657935588492,0.003315500491698962,0.014158572307265797,0.966637767086171,0.5264113030614196,0.29103066921234133,2.339547652784748,-0.42426305801868436,-0.29686689155101775,0.3,2.356,0.0,0.0
mid_esophageal_long_axis,2,56,18.6674,0.2910235024144473,2.3395476591712834,-0.4242635374297754,-0.296866977103143,-0.00716679789398372,6.386534269283174e-06,-0.0004794110913667099,-8.555212432875214e-05,0.012236316671544158,-0.027377103918721647,1.0434222045484374,0.5181513372697519,0.3075959920883179,1.8956811738385473,0.2569644787788391,-0.09761220824718475,0.3,2.356,0.0,0.0
mid_esophageal_long_axis,2,57,19.001,0.30758882422223877,1.8956811735753538,0.2569647466741589,-0.097612244341308,-0.007167866079178366,-2.6319353176542165e-07,0.0002678953199141201,-3.609412225267603e-05,-0.008897686643973961,0.015730657660920244,1.0651292925552946,0.5361996302616231,0.23424220085144043,2.414034853669935,-0.06842596464157104,0.38205480008125303,0.3,2.356,0.0,0.0
mid_esophageal_long_axis,2,58,19.3344,0.23423503264897017,2.414034852715392,-0.06842605238424826,0.3820549670694584,-0.007168202470228977,-9.545434297258874e-07,-8.774267783341325e-05,0.00016698820549868038,0.012123599060998455,0.006676759546907827,0.9915536431538869,0.39792109465032904,0.2913663387298584,1.8840834401863886,-0.13817309954166412,-0.08465900974273681,0.3,2.356,0.0,0.0
mid_esophageal_long_axis,2,59,19.6674,0.2913591704788391,1.8840834401167363,-0.13817324590397873,-0.08465904616851973,-0.007168251019371657,-6.965121483181308e-08,-0.0001463623149760319,-3.642578204881382e-05,0.00015055577765105913,-0.010067757113348053,1.0505678626964228,0.49903797792219434,0.28547751903533936,1.8439070752052373,0.07930298495292663,0.15326679797172546,0.3,2.356,0.0,0.0
mid_esophageal_long_axis,2,60,20.0008,0.28547035069791266,1.8439070751503994,0.07930307162224481,0.15326686631618558,-0.007168337426592491,-5.483646943559283e-08,8.666931814823045e-05,6.834446018679425e-05,0.003658335845300423,0.006749824006240168,1.044841357571256,0.54058300368118,0.30476758480072025,2.2200443325917867,-0.1400500395298004,0.10854905619621277,0.3,2.356,0.0,0.0
mid_esophageal_long_axis,2,61,20.3343,0.304760416559535,2.220044332648797,-0.14005018811404268,0.10854910251098127,-0.007168241185142015,5.701194106742558e-08,-0.00014858424123823354,4.631476878718654e-05,0.008910625252354887,-0.005468017645311597,1.0638710644087164,0.22339106494542135,0.25679161548614504,2.0676488091179617,0.2405438052177429,-0.11947382626533508,0.3,2.356,0.0,0.0
mid_esophageal_long_axis,2,62,20.6675,0.2567844475732394,2.067648808861989,0.24054406387052651,-0.11947387249222774,-0.007167912905569519,-2.5597341350672627e-07,0.000258652783317907,-4.622689107360227e-05,-0.011587788853650218,0.012619100059716351,1.0145267282764012,0.39642079445192674,0.22454528808593752,2.4213309995951278,-0.0026309180259704587,0.42473297181129455,0.3,2.356,0.0,0.0
mid_esophageal_long_axis,2,63,21.0007,0.22453811987717612,2.4213309995450905,-0.0026309214502262535,0.42473315819367663,-0.007168208761485027,-5.003443337675908e-08,-3.4242572449253775e-06,0.00018638238140096733,0.009645230557728802,0.010724518574931783,0.9814280937516429,0.43631159997195135,0.2908928632736206,2.003059079976486,-0.23176636984348298,-0.2503278242111206,0.3,2.356,0.0,0.0
mid_esophageal_long_axis,2,64,21.3342,0.2908856953965122,2.003059081390073,-0.23176663309836965,-0.2503279199925298,-0.007167877108338848,1.4135884746494219e-06,-0.00026325488441809934,-9.578141066249518e-05,-0.0012419039108488858,-0.018004553876219943,1.0479523059760856,0.4909482684796485,0.2749278783798218,1.9429851565821594,0.23666502685546875,0.03280576887130737,0.3,2.356,0.0,0.0
mid_esophageal_long_axis,2,65,21.6675,0.2749207104255173,1.9429851566058778,0.23666527432596496,0.03280578167020198,-0.007167954304508429,2.3717078000609882e-08,0.00024747049578489725,1.2798895012257216e-05,-0.0048974352100112865,0.015702018728346062,1.0329511704107035,0.4778042517728459,0.21820006370544434,2.5346605714266888,0.002003242778778076,0.44485097465515133,0.3,2.356,0.0,0.0
mid_esophageal_long_axis,2,66,22.0008,0.21819289551561166,2.5346605714725943,0.002003245544544896,0.4448511690765242,-0.0071681898327601275,4.590564891038521e-08,2.765766758149221e-06,0.00019442137355729937,0.008480650736713495,0.01244748312894013,0.9747863771253162,0.48632147573852397,0.2883535623550415,1.9796430280325037,-0.2654582244157791,-0.26554033527374266,0.3,2.356,0.0,0.0
mid_esophageal_long_axis,2,67,22.3345,0.28834639463301026,1.9796430301962111,-0.26545852775331813,-0.2655404324305816,-0.007167722031256869,2.1637083208212876e-06,-0.0003033375388006073,-9.715683746836086e-05,-0.001255107249626847,-0.02020724282618465,1.044710703878235,0.5317521287689584,0.2839097499847412,2.010264595200831,0.24288110904693602,0.03204420704841614,0.3,2.356,0.0,0.0
mid_esophageal_long_axis,2,68,22.6675,0.283902582052578,2.0102645952312894,0.2428813618083865,0.03204421940839458,-0.007167932163100962,3.0457722170239426e-08,0.0002527614508129215,1.2359978867527279e-05,-0.006145962237551626,0.015708510513176014,1.041830573956258,0.4240404283633198,0.19801380634307864,2.623804853878155,0.04391872916221619,0.43892120375633237,0.3,2.356,0.0,0.0
mid_esophageal_long_axis,2,69,23.0007,0.19800663816844624,2.6238048548165853,0.04391878835712859,0.43892139661208684,-0.0071681746324470975,9.384297484923474e-07,5.919491284117538e-05,0.0001928557547838219,0.004817984317665575,0.014373090415557527,0.9546247075090937,0.526025606311801,0.29091773033142093,2.2200963890687193,-0.4023239168643951,-0.29036814951896667,0.3,2.356,0.0,0.0
mid_esophageal_long_axis,2,70,23.3341,0.29091056338269333,2.2200963946968457,-0.4023243718588441,-0.29036823604766393,-0.007166948727743978,5.62812579657725e-06,-0.00045499444966024157,-8.652869724599386e-05,0.008243908909252518,-0.027433365897563292,1.043973133560017,0.5145201847250124,0.29006314277648926,1.8635065260238912,0.3266379292488098,-0.10287685310840607,0.3,2.356,0.0,0.0
mid_esophageal_long_axis,2,71,23.6675,0.2900559752379632,1.8635065253179857,0.32663826900549253,-0.1028768870911464,-0.007167538525985703,-7.059055259864454e-07,0.0003397566825777011,-3.398274060514116e-05,-0.009905194037578353,0.02041093036655433,1.04617955278279,0.5999374291618258,0.23694181442260742,2.3795592346734504,-0.08716390585899353,0.3369822120666504,0.3,2.356,0.0,0.0
mid_esophageal_long_axis,2,72,24.001,0.23693464621014157,2.379559233876578,-0.08716401418255974,0.3369823596960746,-0.007168212465981002,-7.968740637169251e-07,-0.00010832356667782959,0.0001476294234995983,0.012273988262851813,0.004283097865610488,0.9947078580136601,0.35452355699479743,0.29183559417724614,1.8709300043387032,-0.07089415898323059,-0.04245562040805816,0.3,2.356,0.0,0.0
mid_esophageal_long_axis,2,73,24.3363,0.2918284258008954,1.8709300042986596,-0.07089423369946883,-0.042455639519985655,-0.007168376350652017,-4.004261971555801e-08,-7.471623770412832e-05,-1.911192704408635e-05,4.619742278735286e-05,-0.0051738342331763085,1.0516211302702216,0.492126151564287,0.2572171449661255,1.7182577201709697,-0.22974646146297453,0.02829669370651245,0.3,2.356,0.0,0.0
mid_esophageal_long_axis,2,74,24.6675,0.2572099769885501,1.7182577201527307,-0.22974670365600697,0.028296704847346033,-0.007167977575340659,-1.8241152026909856e-08,-0.00024219303252213733,1.1140833906384645e-05,0.0033212326974699355,-0.015619505382221316,1.0153570214485754,0.6798017747256415,0.3272085428237915,1.6090364904397763,-0.02628689703941345,0.16811790890693665,0.3,2.356,0.0,0.0
mid_esophageal_long_axis,2,75,25.0008,0.3272013744434225,1.6090364904577683,-0.026286925535561945,0.16811798398628597,-0.007168380369098187,1.7992270947444084e-08,-2.8496148576145225e-05,7.507934901813936e-05,0.005922013343919314,-0.001601670440267823,1.0866839111081938,0.7665827146192276,0.3108292579650879,2.111060540316531,-0.06320551171302795,-0.007547925925254822,0.3,2.356,0.0,0.0
mid_esophageal_long_axis,2,76,25.3341,0.3108220895775167,2.1110605403098575,-0.06320557761674389,-0.007547929309553392,-0.00716838757126693,-6.672503930428613e-09,-6.59037161613807e-05,-3.3842975370070666e-06,0.00204764428706155,-0.003927538887429297,1.0706813180425347,0.2533068747879752,0.2093571186065674,2.197330106818825,-0.19128262717723846,-0.04630453176498413,0.3,2.356,0.0,0.0
mid_esophageal_long_axis,2,77,25.6678,0.20934995050397334,2.197330106790062,-0.1912828343326069,-0.04630455140595824,-0.007168102593995283,-2.8762351184146586e-08,-0.0002071553676253825,-1.96409725611361e-05,0.006486638965471879,-0.011724720913749851,0.9680364001656612,0.2685643324719567,0.2520539045333863,1.6630722370169442,0.2541539842128754,0.002558450746536255,0.3,2.356,0.0,0.0
mid_esophageal_long_axis,2,78,26.0016,0.25204673665177907,1.6630722370179862,0.25415425152241156,0.002558451756094482,-0.007167881607097855,1.0424991760865483e-09,0.0002673095366604955,1.0095584461862686e-06,-0.0015325741729722564,0.017533229847745066,1.0097979657850022,0.7396278316959868,0.2744739294052124,2.534567693683672,-0.10512830100059509,0.35201776814460756,0.3,2.356,0.0,0.0
mid_esophageal_long_axis,2,79,26.3341,0.2744667612334432,2.5345676924843032,-0.10512843109041704,0.35201791805034777,-0.00716817176909122,-1.1993675162170691e-06,-0.00013008982266658582,0.00014990574012054266,0.012731949388174279,0.0058502599712782245,1.0319459071431125,0.40927615216759533,0.29073381423950195,1.9932267724556971,-0.0814332795381546,-0.06300121765136718,0.3,2.356,0.0,0.0
mid_esophageal_long_axis,2,80,26.6676,0.2907266458795354,1.9932267723949169,-0.08143336566846206,-0.06300124585984125,-0.007168359966498472,-6.07798430123242e-08,-8.613030746411252e-05,-2.8208472702204936e-05,0.0003222375578932047,-0.006091775003758438,1.0504254681865781,0.3772147396213973,0.21802802085876466,1.8018566770545108,-0.32099990000724793,-0.07814182319641114,0.3,2.356,0.0,0.0
mid_esophageal_long_axis,2,81,27.0007,0.2180208533090108,1.8018566774584146,-0.3210002422030518,-0.07814185066425818,-0.007167549753709061,4.03904093421562e-07,-0.00034219580371148517,-2.7467847218666177e-05,0.0023906470211834327,-0.02209204679191059,0.9743439265826548,0.6503404544769326,0.32596635818481445,1.9701032105008116,0.0018551249027252198,0.20532358388900757,0.3,2.356,0.0,0.0
mid_esophageal_long_axis,2,82,27.3342,0.3259591898153138,1.970103210501132,0.0018551269565314499,0.20532367534257867,-0.007168369500645746,3.20743999657036e-10,2.0538059977882275e-06,9.14535710282393e-05,0.00652460575189729,0.0028926966603669887,1.08522389715279,0.4378943535073392,0.31561079025268557,2.0236060335767196,-0.24935503993034364,-0.02721764280796051,0.3,2.356,0.0,0.0
mid_esophageal_long_axis,2,83,27.6677,0.3156036223387506,2.0236060336115775,-0.24935529561063596,-0.027217653086414106,-0.007167913934975922,3.485682776133798e-08,-0.00025568029144999873,-1.0278452761194905e-05,0.006699599215334139,-0.015947479240510588,1.073426080650614,0.41671103418330313,0.2747269630432129,1.6193077201977233,0.1441016532897949,0.10412686686515808,0.3,2.356,0.0,0.0
mid_esophageal_long_axis,2,84,28.0008,0.27471979481269554,1.6193077201346329,0.14410180783882698,0.10412691166401133,-0.0071682305174393165,-6.309036164909456e-08,0.00015454903207645247,4.47988528098275e-05,0.003147442559529753,0.01018964381558283,1.0338066590040382,0.758262717494832,0.27598209381103517,2.6768814879558662,-0.015698435068130494,0.18592613425254823,0.3,2.356,0.0,0.0
mid_esophageal_long_axis,2,85,28.3341,0.27597492543528834,2.6768814879637053,-0.01569845259995173,0.18592621866204917,-0.007168375746652037,7.839967786496415e-09,-1.7531821791814586e-05,8.440950124650506e-05,0.0038734709087600407,0.005295634251290995,1.0353631653905047,0.3719638876633626,0.2734864234924317,2.370659075146082,0.017072317314147947,-0.2646699789047241,0.3,2.356,0.0,0.0
mid_esophageal_long_axis,2,86,28.6676,0.273479255159855,2.3706590750984895,0.017072337308348118,-0.26467009758141113,-0.007168332576673773,-4.759281319277604e-08,1.9994200451244567e-05,-0.0001186766868922705,-0.00722193243954685,-0.0057488190097185424,1.03225049159883,0.2669456192645666,0.2490938186645508,2.505243044354321,0.20741839385032654,0.34596796746253966,0.3,2.356,0.0,0.0
mid_esophageal_long_axis,2,87,29.0008,0.24908665078282227,2.5052430471139115,0.20741864940889077,0.3459681043636582,-0.007167881728634771,2.7595885693705487e-06,0.0002555585638840619,0.00013690111912487293,-0.004197238427123496,0.0178584599271699,1.005556871359128,0.43310747118924997,0.29750649929046635,2.7056807039245228,-0.4670254004001617,-0.4756990970849991,0.3,2.356,0.0,0.0
mid_esophageal_long_axis,2,88,29.3342,0.2974993330592378,2.7056807210944034,-0.46702598561809255,-0.47569923500979183,-0.007166231228535612,1.716988049358073e-05,-0.0005852179310488969,-0.00013792479211964065,0.02021521148623458,-0.027098308905798837,1.0465333066349694,0.7527854232593127,0.2964985847473145,2.44597506008488,0.14782538537979126,-0.06987437396049499,0.3,2.356,0.0,0.0
mid_esophageal_long_axis,2,89,29.6675,0.2964914165156778,2.4459750601438697,0.14782554093189582,-0.06987440372866152,-0.007168231636665084,5.899020195236235e-08,0.00015555210470217758,-2.9768167336151785e-05,-0.009471020566277957,0.00472343183648227,1.055643498296615,0.18666184520196688,0.20725769996643068,2.526713532286324,0.16637888145446778,0.1961711724758148,0.3,2.356,0.0,0.0
mid_esophageal_long_axis,2,90,30.0007,0.2072505318418294,2.5267135325204646,0.1663790720375795,0.19617125680274325,-0.007168124601179395,2.3414097715988774e-07,0.000190583112341579,8.432692830141643e-05,-0.005443387781816767,0.012195869224511765,0.9656218666011398,0.3223518754977132,0.27744097709655763,2.5835899146730896,-0.1356006983757019,-0.37202023530006406,0.3,2.356,0.0,0.0
mid_esophageal_long_axis,2,91,30.3341,0.2774338090086883,2.5835899166391276,-0.135600867919295,-0.37202038959602535,-0.007168087869435214,1.966038465821986e-06,-0.00016954359308575463,-0.00015429596125160158,0.0010165888797465756,-0.01563184604102003,1.0344190259777213,0.45726706505860015,0.2833028793334961,1.9846644182678481,-0.0019465984582901,-0.10094748201370239,0.3,2.356,0.0,0.0
mid_esophageal_long_axis,2,92,30.6675,0.2832957109253294,1.9846644182654787,-0.0019466005480250348,-0.1009475281719242,-0.007168408166813041,-2.369550830360377e-09,-2.0897349824904737e-06,-4.615822050300937e-05,-0.0031747158599625533,-0.0015429033726045657,1.0431173979670125,0.38517962073988343,0.23030843734741213,1.9495071964798716,-0.38211603212356565,-0.07640888149738312,0.3,2.356,0.0,0.0
mid_esophageal_long_axis,2,93,31.0008,0.23030127012764046,1.9495071971638582,-0.3821164323218651,-0.07640890568013214,-0.007167219771660525,6.839878474888545e-07,-0.0004001983000529176,-2.418274961842387e-05,0.007154016409725281,-0.02520483637343051,0.9851579413995308,0.5674025030091322,0.3194791078567505,1.7790679243829186,0.08630497198104858,0.09006390781402587,0.3,2.356,0.0,0.0
mid_esophageal_long_axis,2,94,31.3341,0.31947193950826125,1.779067924309273,0.08630506275709138,0.09006394758549907,-0.007168348489222193,-7.364561036794526e-08,9.07760423962988e-05,3.9771472718080286e-05,0.0018348624556027903,0.006542405565892546,1.0790700739563623,0.5905843334369892,0.28534984588623047,2.2589889439568847,-0.016548380756378173,0.17943741030693053,0.3,2.356,0.0,0.0
mid_esophageal_long_axis,2,95,31.6677,0.2853426775076674,2.258988943967097,-0.01654839910567496,0.17943749156139732,-0.0071683785631790715,1.0211754111277941e-08,-1.8349296890163763e-05,8.125446689310146e-05,0.00555469502426634,0.003080010201013249,1.044771218433948,0.20517710638877457,0.28166975975036623,2.279958341485032,0.035549975538253786,-0.11295579707622527,0.3,2.356,0.0,0.0
transgastric_short_axis,2,1,0.3342,-7.16842105263904e-06,1.3588568407974476e-16,0.0,-1.4432899320127035e-15,-0.007168421052635086,3.6762050216478004e-35,5.89248444546806e-19,-8.496154339353767e-19,-6.864285390793409e-33,5.051514762044463e-17,0.7599928315789473,1.4560239471891347,0.0002351522445678822,0.8980873282106293,1.1635226543426513,-0.2819730867147446,0.4,0.0,1.4,0.0
transgastric_short_axis,2,2,0.6677,0.00022799166935607397,0.8980873161189775,1.163523732594573,-0.2819731109044362,-0.007160575211775441,-1.2091650775960337e-05,0.001078251921957435,-2.4189690882244597e-05,0.03164189747800024,0.05534695878876475,0.7174079434963312,1.0496705894411031,0.1697415351867676,-0.36208687720610394,1.3283271045684815,0.044945068073272705,0.4,0.0,1.4,0.0
transgastric_short_axis,2,3,1.0021,0.16973437449033607,-0.36208687643163273,1.3283280963160262,0.04494507040579965,-0.007160696431542368,7.74470890386895e-07,0.000991747544524244,2.3325267836751797e-06,0.06295719980599154,-0.025528968236110325,0.8765328451712346,0.4373626475898924,0.33946328163146977,-0.49439534171043853,1.4236886139392853,0.034673814296722415,0.4,0.0,1.4,0.0
transgastric_short_axis,2,4,1.3342,0.33945612114043744,-0.494395341860729,1.4236896129312369,0.034673816730824925,-0.007160491032394313,-1.5029089880906235e-07,0.000998991951780105,2.4341029441219416e-06,0.060358340589161695,-0.03391439460654444,1.0397134074397858,0.49985576584497166,0.3373307228088379,-0.2204314662896478,1.5114592226028443,-0.06629286124706268,0.4,0.0,1.4,0.0
transgastric_short_axis,2,5,1.6674,0.337323560158669,-0.22043146721307494,1.5114599434141214,-0.06629285876676061,-0.007162650168867789,-9.234272655499059e-07,0.0007208112768992837,2.4803023797333447e-06,0.06861807789935377,-0.012999381228536017,1.0314701110231925,0.2633181155147548,0.34479832649230957,-0.57023807078453,1.4273417512893676,0.24796093425750731,0.4,0.0,1.4,0.0
transgastric_short_axis,2,6,2.0009,0.34479116651336367,-0.5702380657635437,1.4273428252325173,0.24796094108120847,-0.0071599789458227005,5.02098596314522e-06,0.0010739431502117993,6.823701406949825e-06,0.05278982647270535,-0.044058976590967316,1.0446454678440378,0.6248613648916672,0.2993659019470215,-0.02289473816059885,1.5160705384254456,-0.3355995288848877,0.4,0.0,1.4,0.0
transgastric_short_axis,2,7,2.3341,0.29935873970229326,-0.022894741388768427,1.516071324226436,-0.3355995213859323,-0.007162244728169715,-3.2281685183882395e-06,0.0007858009911371411,7.498955094913576e-06,0.0681916584015313,0.009968254088290952,0.9930807784614646,0.36980051854981855,0.3389422416687012,-0.29519055927737525,1.5485697725772858,0.2930720965862274,0.4,0.0,1.4,0.0
transgastric_short_axis,2,8,2.6675,0.33893508057998983,-0.29519055835951874,1.5485706999628928,0.293072092331224,-0.0071610887113990745,9.178564292600013e-07,0.000927385606871123,-4.25500350118432e-06,0.0625866577934965,-0.02959943285506835,1.0304575802657212,0.44590457983658593,0.3126196622848511,-0.5685870565503031,1.5102767138957978,0.02284741644859314,0.4,0.0,1.4,0.0
transgastric_short_axis,2,9,3.001,0.3126125017574241,-0.5685870571897234,1.510277699254769,0.022847418628026084,-0.007160527427032595,-6.394216303043493e-07,0.0009853589712233424,2.179432984249405e-06,0.058440180078922266,-0.03829081130192474,1.0068456677641617,0.5861834115220725,0.3323154926300049,-0.22159131455626935,1.5365072474956512,-0.2062725869178772,0.4,0.0,1.4,0.0
transgastric_short_axis,2,10,3.3341,0.33230832964948664,-0.22159131594532033,1.5365079307316787,-0.20627258106665725,-0.007162980518339528,-1.389051131972702e-06,0.0006832360277990601,5.8512205886873085e-06,0.06910039265754814,-0.008219568356693985,1.0246826114454524,0.3389213277292635,0.35450186729431155,-0.7336296823695625,1.4348824679374694,0.3628968482494354,0.4,0.0,1.4,0.0
transgastric_short_axis,2,11,3.6677,0.35449470679384565,-0.7336296751079558,1.4348834866812021,0.36289685477271494,-0.0071605004659754876,7.2616070531621375e-06,0.001018743732934352,6.5232792638467786e-06,0.04151647018406203,-0.05415371806307748,1.0536704863304756,0.8204841355905362,0.2703031778335572,0.042717020661086916,1.4784313705444336,-0.5729909138202667,0.4,0.0,1.4,0.0
transgastric_short_axis,2,12,4.0009,0.27029601667383063,0.04271701115632087,1.478432332007813,-0.5729909117405373,-0.007161159726506235,-9.504766631981212e-06,0.0009614633793834158,2.0797296368967827e-06,0.06326654163006422,0.021696697065350275,0.9662367183063307,0.594237395301104,0.36733517646789554,-0.4814976941630768,1.405733019733429,0.4729152862071991,0.4,0.0,1.4,0.0
transgastric_short_axis,2,13,4.334,0.367328016219217,-0.48149768153977146,1.405734092095127,0.4729153008782685,-0.007160248678375527,1.26233052799922e-05,0.0010723616974372661,1.4671069884441369e-05,0.050456676998193666,-0.044351422555947664,1.0681987732037328,0.6757138724854519,0.28661680221557617,-0.3666371375998565,1.5091775331974029,-0.5183623821258545,0.4,0.0,1.4,0.0
transgastric_short_axis,2,14,4.6674,0.28660963962117664,-0.3666371435435992,1.5091782951136246,-0.5183623693317222,-0.00716259439949043,-5.943742613218984e-06,0.0007619162215494606,1.2794131612962528e-05,0.06715587707443334,-0.007212208042129617,0.9806370392677279,0.6541403633133822,0.3695616483688355,-0.47450134111403247,1.532798495721817,0.18236756014823913,0.4,0.0,1.4,0.0
transgastric_short_axis,2,15,5.0008,0.3695544877311187,-0.4745013404283781,1.5327994717224422,0.18236755951016104,-0.007160637716765591,6.85654105461595e-07,0.0009760006256624081,-6.380781518809713e-07,0.05880543548937809,-0.03734084000229218,1.0621915794561805,0.5262813674614503,0.3260673522949219,-0.3350787411002556,1.516947448682785,-0.10605988941192626,0.4,0.0,1.4,0.0
transgastric_short_axis,2,16,5.3341,0.32606019003732,-0.3350787424938596,1.5169482192004162,-0.10605988572226899,-0.007162257602000365,-1.3936039240488532e-06,0.0007705176313409602,3.689656953282502e-06,0.06704404077317752,-0.019422026038680835,1.019817151140971,0.3777174135543037,0.354127836227417,-0.654322201523224,1.471476009750366,0.2490153612613678,0.4,0.0,1.4,0.0
transgastric_short_axis,2,17,5.6674,0.3541206760735897,-0.6543221982600651,1.4714770559416204,0.24901536518900969,-0.007160153827510744,3.263158790711322e-06,0.0010461912543533603,3.9276413358582045e-06,0.04916634928463885,-0.048583940656059345,1.0509545561551934,0.7052376004766945,0.2857472896575928,0.019788576867941745,1.526654131793976,-0.44916783363819124,0.4,0.0,1.4,0.0
transgastric_short_axis,2,18,6.0009,0.2857401279562289,0.019788573284248656,1.5266549995000656,-0.4491678256628216,-0.00716170136396014,-3.583691759316894e-06,0.0008677060895920482,7.975369523602448e-06,0.06614977211844471,0.016509718489890367,0.9786758221463476,0.480874339615989,0.3658676624298096,-0.3308513057648911,1.5295408387184142,0.3402050398349762,0.4,0.0,1.4,0.0
transgastric_short_axis,2,19,6.3343,0.3658605016348439,-0.3308513035207935,1.529541808817818,0.3402050368373688,-0.007160794965553814,2.2440975907940974e-06,0.0009700994042263667,-2.99760704393075e-06,0.0604578839878437,-0.03311437331636547,1.0586647665263333,0.4931010420911117,0.31494922637939454,-0.5087318452604996,1.5083979949951172,0.015274679374694823,0.4,0.0,1.4,0.0
transgastric_short_axis,2,20,6.6677,0.3149420655945819,-0.5087318458658007,1.5083989482879492,0.015274681311834293,-0.007160784812722379,-6.053025087548678e-07,0.0009532928320694485,1.9371394584303624e-06,0.060752484356634585,-0.034493462950116835,1.0093067937417337,0.5272822688868389,0.33801538944244386,-0.335166375744876,1.5287558701515198,-0.10509309725761413,0.4,0.0,1.4,0.0
transgastric_short_axis,2,21,7.0008,0.33800822712207956,-0.3351663768869201,1.5287566323624766,-0.10509309367100617,-0.007162320364432456,-1.1420437782534355e-06,0.0007622109578785573,3.5866080667169955e-06,0.0670719398326905,-0.019473843741139592,1.0309420234400843,0.3792127487502516,0.354327917098999,-0.6463995053396984,1.4759187970161438,0.2529136140346527,0.4,0.0,1.4,0.0
transgastric_short_axis,2,22,7.3341,0.3543207569300651,-0.6463995021598588,1.4759198411992989,0.2529136176401563,-0.007160168933762008,3.179838886297226e-06,0.0010441831547605706,3.6055030704343542e-06,0.049466883332704596,-0.04829595428336203,1.050846670937965,0.6997485476337292,0.28580586910247807,0.010979422548448081,1.5270119740962982,-0.43734639801979064,0.4,0.0,1.4,0.0
transgastric_short_axis,2,23,7.6677,0.285798707326052,0.010979419096754484,1.5270128305480082,-0.43734638994318714,-0.0071617764260032855,-3.4516928906171924e-06,0.0008564517100891092,8.076603589383412e-06,0.06647505915869455,0.015554579248836036,0.9787183855169013,0.46964519247220904,0.36440229415893555,-0.34276737039109845,1.533458940410614,0.34224086480140686,0.4,0.0,1.4,0.0
transgastric_short_axis,2,24,8.0007,0.36439513338379964,-0.34276736837668426,1.533459913115041,0.3422408615888015,-0.007160775135904476,2.01441438118038e-06,0.0009727044273431281,-3.2126055638190956e-06,0.06002385615998836,-0.03389117431780888,1.0569323063874183,0.5036839595424442,0.31537642478942873,-0.5214340001390927,1.508907512998581,-0.0005173826694488525,0.4,0.0,1.4,0.0
transgastric_short_axis,2,25,8.3342,0.3153692640052688,-0.5214340009420237,1.508908466305102,-0.0005173804803810016,-0.007160784159890441,-8.029311647715166e-07,0.0009533065203606242,2.189067919099789e-06,0.06059021772138389,-0.034786227357002694,1.0096986490460207,0.539367315035781,0.33857879638671873,-0.34589300604922674,1.5327101118564606,-0.13071168494224547,0.4,0.0,1.4,0.0
transgastric_short_axis,2,26,8.6677,0.338571634010763,-0.3458930072872557,1.5327108677897368,-0.1307116807417669,-0.007162375955558154,-1.2380300402493366e-06,0.0007559332763701421,4.200478783273494e-06,0.06707232522069143,-0.019322516115566728,1.0312256032002611,0.39763442324599085,0.3574596166610718,-0.6557088137954765,1.4866405838012695,0.24472387518882752,0.4,0.0,1.4,0.0
transgastric_short_axis,2,27,9.0008,0.35745245645014767,-0.6557088111697826,1.4866416209533435,0.24472387803669893,-0.007160210923984997,2.625693718409213e-06,0.0010371520745724907,2.84787103293721e-06,0.049292617308098925,-0.04861730289007907,1.0532486779131884,0.7065131884618717,0.2861188411712647,0.01262725347293461,1.529332986831665,-0.43901164741516113,0.4,0.0,1.4,0.0
transgastric_short_axis,2,28,9.3341,0.28611167939582427,0.012627250186637795,1.5293338435388915,-0.4390116392520758,-0.007161775440268416,-3.286295311666311e-06,0.0008567072264368059,8.16308584589158e-06,0.06643056171263277,0.01571664226876949,0.9788756482664982,0.4717928141680972,0.364435362815857,-0.33801843401883674,1.533707239151001,0.34314567589759826,0.4,0.0,1.4,0.0
transgastric_short_axis,2,29,9.6677,0.36442820202682263,-0.3380184320067242,1.5337082101823203,0.343145672613975,-0.0071607890341630785,2.01211200775836e-06,0.0009710313195261725,-3.2836227024708124e-06,0.06016479461940381,-0.03363056468950435,1.056948115341283,0.5011473349137815,0.3153677225112915,-0.5248461336738647,1.5089047041893004,0.0026266111850738526,0.4,0.0,1.4,0.0
transgastric_short_axis,2,30,10.0008,0.31536056175290184,-0.5248461344491308,1.5089056607138067,0.0026266133531631652,-0.00716075838969756,-7.752663822646128e-07,0.0009565245065855017,2.1680890061681337e-06,0.06041592056978324,-0.03508793069344428,1.0096901356312258,0.542673604836459,0.3384950637817383,-0.3347094771703593,1.5330151485443115,-0.13758109617233277,0.4,0.0,1.4,0.0
transgastric_short_axis,2,31,10.3341,0.3384879013259086,-0.33470947842512777,1.5330158947181491,-0.13758109182000755,-0.007162455829767409,-1.2547696138279902e-06,0.0007461738377061289,4.352325192092047e-06,0.0673329020138904,-0.018335881123366166,1.0311194104176922,0.39043047819678134,0.3572741031646729,-0.6676754368705033,1.4808662336826324,0.2624686214447021,0.4,0.0,1.4,0.0
transgastric_short_axis,2,32,10.6674,0.35726694293490385,-0.6676754337547173,1.4808672705748185,0.26246862471279275,-0.007160229769211456,3.115785738837324e-06,0.001036892185699427,3.2680906058058475e-06,0.04818603687683616,-0.04955825246412977,1.0534458457262972,0.7232191185349875,0.28276042938232426,0.01034388412143589,1.5252182684898377,-0.4751642061710358,0.4,0.0,1.4,0.0
transgastric_short_axis,2,33,11.0009,0.2827532677199455,0.010343880178350418,1.525219144912871,-0.4751641980340196,-0.007161662378710082,-3.943085361402187e-06,0.0008764230329239728,8.137016762917794e-06,0.06588479433394483,0.016694341509471865,0.9757659069722564,0.5052866923178548,0.3690417289733887,-0.38732771464544047,1.5136970945835113,0.3612971377372742,0.4,0.0,1.4,0.0
transgastric_short_axis,2,34,11.3341,0.3690345684126031,-0.38732771131782423,1.5136980977983319,0.361297136667611,-0.007160560785537903,3.3276163210753274e-06,0.0010032148212888983,-1.0696634481516753e-06,0.057946938152516426,-0.037000460457012246,1.0629003221368647,0.5426273973135443,0.31893591880798344,-0.5171810983258043,1.5087758734703063,-0.067253942155838,0.4,0.0,1.4,0.0
transgastric_short_axis,2,35,11.6674,0.31892875775569035,-0.517181099844219,1.508776794034401,-0.06725393905112854,-0.007161052293022272,-1.518415300647565e-06,0.0009205640949371734,3.104708964755181e-06,0.06182248253925482,-0.03246014733778309,1.0132624383561364,0.538891751276086,0.33962216377258303,-0.4067520834283679,1.5384470111846924,-0.12793667500019074,0.4,0.0,1.4,0.0
transgastric_short_axis,2,36,12.0007,0.33961500170203435,-0.40675208460645074,1.538447805048608,-0.12793667080265003,-0.0071620705487100925,-1.178081586970605e-06,0.0007938639152810998,4.19754066181555e-06,0.06575925036511072,-0.02346516316418383,1.0318697517765711,0.4523595835283935,0.35603337287902836,-0.5753148880600617,1.5196894083023071,0.15291476054191588,0.4,0.0,1.4,0.0
transgastric_short_axis,2,37,12.3341,0.3560262125164764,-0.5753148874504515,1.519690417676805,0.1529147614183558,-0.007160362552069359,6.096100746514099e-07,0.0010093744975450724,8.764399069929153e-07,0.05541188569034285,-0.042288256441865964,1.049581206306035,0.6087935890357687,0.3185325145721436,-0.12855646584138725,1.530788137292862,-0.2221268172740936,0.4,0.0,1.4,0.0
transgastric_short_axis,2,38,12.6674,0.31852535161144396,-0.12855646745020421,1.5307888239704353,-0.22212681116899893,-0.007162960699569011,-1.608816598796954e-06,0.000686677573162793,6.105094372450325e-06,0.06950320290880733,-0.0012098149146894314,1.0112907360601537,0.29935083158226217,0.34766452312469487,-0.5498888568952346,1.5029174463272095,0.3223372677326202,0.4,0.0,1.4,0.0
transgastric_short_axis,2,39,13.001,0.34765736280811715,-0.5498888537103065,1.5029184766550996,0.32233726882243907,-0.007160316577602571,3.184927810601824e-06,0.0010303278899374034,1.0898194650547475e-06,0.05221581771262569,-0.045010353005919074,1.0422829029253995,0.6477739040837872,0.29058561325073246,-0.1886809476845329,1.5161285871505736,-0.3166679670810699,0.4,0.0,1.4,0.0
transgastric_short_axis,2,40,13.3341,0.2905784504799975,-0.18868095082017192,1.5161293045088717,-0.31666795822722277,-0.007162770735007493,-3.1356392458990836e-06,0.000717358297923285,8.853846532091407e-06,0.06899240520639988,-0.0020782680036615818,0.9843081488886258,0.40166925179216156,0.35671248435974123,-0.8576802669000498,1.4998440472126007,0.42782378554344175,0.4,0.0,1.4,0.0
transgastric_short_axis,2,41,13.6677,0.35670532289448525,-0.8576802625279651,1.499844943864515,0.4278237834608012,-0.007161465255837555,4.37208451327267e-06,0.0008966519143806319,-2.0826422824634092e-06,0.03263708316458852,-0.05992952547402455,1.051444123727284,0.9646201658195481,0.26118946075439453,-0.14668766185562102,1.4382698919296264,-0.5303288459300994,0.4,0.0,1.4,0.0
transgastric_short_axis,2,42,14.0008,0.2611822989632643,-0.14668767411697428,1.4382707667802874,-0.5303288394131154,-0.0071617911302946265,-1.2261354523176605e-05,0.0008748506614842642,6.516983793689974e-06,0.06651438738321373,0.008068357041171554,0.9597966943520482,0.5687714456283695,0.3710242509841919,-0.5942407879883319,1.4423460359573363,0.44316905965805053,0.4,0.0,1.4,0.0
transgastric_short_axis,2,43,14.3342,0.37101709056216875,-0.594240778963069,1.4423470752423784,0.4431690678393645,-0.007160422023011434,9.025262358619781e-06,0.0010392850426808409,8.181313897625107e-06,0.04634117284776835,-0.04942667401424083,1.0695507274459168,0.743070797362749,0.2745472192764282,-0.16031466184058218,1.4944178021907806,-0.5117942625045776,0.4,0.0,1.4,0.0
transgastric_short_axis,2,44,14.6676,0.27454005717610136,-0.16031466889933202,1.4944186285737855,-0.5117942526125038,-0.007162100326761103,-7.058749754551841e-06,0.0008263830053406609,9.892074154010602e-06,0.0672228988588083,0.006493535461145002,0.9695391052548465,0.5588284394576069,0.3701203346252442,-0.6058666096676127,1.4694169652938842,0.45969478268623354,0.4,0.0,1.4,0.0
transgastric_short_axis,2,45,15.0007,0.3701131740395402,-0.6058666022474783,1.469417982831719,0.45969478733123204,-0.007160585703911866,7.420133786548467e-06,0.0010175378347994316,4.644997840459474e-06,0.045430666974753606,-0.05036469071088265,1.0668297889639538,0.7642680916568652,0.2671555280685425,-0.19546008665716763,1.4938438688278197,-0.5166887999296188,0.4,0.0,1.4,0.0
transgastric_short_axis,2,46,15.3341,0.26714836587428964,-0.19546009383988083,1.4938446836875343,-0.5166887892948704,-0.007162194252835585,-7.182712155177944e-06,0.0008148597152086389,1.0634748391506637e-05,0.06735328706900244,0.004290623117420755,0.9621784279753873,0.57587180397479,0.3714745044708252,-0.5618723327865346,1.4857754705429076,0.4318514307975769,0.4,0.0,1.4,0.0
transgastric_short_axis,2,47,15.6676,0.37146734398660775,-0.5618723269530186,1.4857764953313195,0.4318514337711923,-0.007160484217406614,5.83351589840525e-06,0.0010247884120544427,2.9736159426061e-06,0.04850997241261057,-0.04785070122585143,1.0671387025920407,0.7144003725197354,0.2828234910964966,-0.20676195975697548,1.5141365796089172,-0.4747405441045761,0.4,0.0,1.4,0.0
transgastric_short_axis,2,48,16.0007,0.28281632866603496,-0.20676196467038446,1.5141373568673053,-0.4747405330315088,-0.00716243046165768,-4.913408755009761e-06,0.0007772583883182923,1.1073066693349987e-05,0.06790145428279415,0.0021039623772400352,0.9765611478298566,0.543036308912544,0.3715520858764649,-0.5689338500585018,1.4929956084251403,0.4551902016162872,0.4,0.0,1.4,0.0
transgastric_short_axis,2,49,16.3341,0.37154492528752353,-0.5689338444031619,1.4929966227204723,0.4551902036025819,-0.007160588941272313,5.655340203818623e-06,0.0010142953314009396,1.9862947726383016e-06,0.04751200741447084,-0.0486465009989511,1.0667084301354008,0.7350795221453442,0.27603063583374027,-0.23455412632655395,1.5111787161827088,-0.48599066791534423,0.4,0.0,1.4,0.0
transgastric_short_axis,2,50,16.6676,0.27602347337844907,-0.23455413162251523,1.5111794918084556,-0.4859906563996018,-0.007162455291250681,-5.2959611237592036e-06,0.0007756257468533542,1.1515742336663328e-05,0.06782714152067308,0.000600746684017538,0.9699527227171065,0.5647420803524726,0.3729057312011719,-0.5403263816883308,1.501308185863495,0.4254758082389831,0.4,0.0,1.4,0.0
transgastric_short_axis,2,51,17.0007,0.3728985706942489,-0.5403263770066269,1.501309205557682,0.4254758093771578,-0.0071605069229558815,4.681703815558034e-06,0.0010196941868724331,1.1381750099627532e-06,0.04978202820885336,-0.046709221142423735,1.0675420946625336,0.6956869271844903,0.2859191179275513,-0.24905691099717686,1.5192179028511048,-0.4534564172744751,0.4,0.0,1.4,0.0
transgastric_short_axis,2,52,17.3343,0.28591195532746794,-0.24905691530008478,1.5192186553201843,-0.45345640593619674,-0.007162600083327408,-4.302909317511391e-06,0.0007524690797778964,1.1338278305692418e-05,0.0681058353781138,-0.0015010954212884339,0.9793384342063955,0.5430296758529142,0.3724252700805664,-0.5522078044144211,1.5058925371170044,0.41093834767341614,0.4,0.0,1.4,0.0
transgastric_short_axis,2,53,17.6675,0.3724181095750327,-0.5522078002611944,1.505893554547927,0.41093834831323317,-0.007160505533802142,4.153226734064574e-06,0.0010174309228863615,6.398170588163683e-07,0.049660538290959774,-0.04702050840940278,1.0667691287816716,0.6969777516950775,0.2858327150344849,-0.2280161698801395,1.5183979177951812,-0.446403497171402,0.4,0.0,1.4,0.0
transgastric_short_axis,2,54,18.0008,0.2858255524640929,-0.2280161741654365,1.5183986733056862,-0.4464034860942018,-0.0071625703918814666,-4.285297597500186e-06,0.0007555105056644963,1.1077200121901254e-05,0.06817377119277278,-0.000307996568990488,0.9793120786953051,0.5275618431888105,0.3706826210021973,-0.5658172025690525,1.4990371699333191,0.4324004593849182,0.4,0.0,1.4,0.0
transgastric_short_axis,2,55,18.3344,0.37067546045739963,-0.5658171976790507,1.4990381859471134,0.43240046071875593,-0.007160544797699576,4.890002021160951e-06,0.001016013794478043,1.3338378784928684e-06,0.048363248376081684,-0.048089303919806405,1.0654632634078391,0.7195747011355019,0.2816680431365967,-0.22273524627418848,1.5146616396903991,-0.4749595376014709,0.4,0.0,1.4,0.0
transgastric_short_axis,2,56,18.6674,0.2816608806641859,-0.2227352511525924,1.5146624115125658,-0.4749595263168512,-0.007162472410843172,-4.878403865817422e-06,0.0007718221659310445,1.1284619482588704e-05,0.06792640001909715,0.001026119626785114,0.9753708368727241,0.5498628551959016,0.37252795696258545,-0.5557032657629881,1.4972223046302795,0.44450642738342283,0.4,0.0,1.4,0.0
transgastric_short_axis,2,57,19.0008,0.3725207964062654,-0.5557032605523373,1.497223321145909,0.44450642893547343,-0.007160556320068883,5.210650918408192e-06,0.001016515629744114,1.5520501494713046e-06,0.048484884418836235,-0.047824333710404024,1.0674162514099879,0.71874860692613,0.2821879863739014,-0.23854637124815084,1.5153376264572143,-0.4705880940914154,0.4,0.0,1.4,0.0
transgastric_short_axis,2,58,19.3342,0.28218082385145665,-0.23854637603195786,1.5153383912139384,-0.47058808266281177,-0.00716252244469741,-4.783807834500832e-06,0.0007647567243536151,1.1428603121654168e-05,0.06797196131867903,-0.0001973429531904429,0.9758500116289075,0.5527583738111821,0.37325415611267093,-0.5460889213326658,1.5019366101264953,0.42959914026260376,0.4,0.0,1.4,0.0
transgastric_short_axis,2,59,19.6673,0.37324699558653807,-0.5460889166505767,1.501937627920218,0.4295991413084659,-0.007160526132950389,4.682089334964341e-06,0.001017793722152246,1.0458621404564617e-06,0.04939530332995293,-0.047078047069038564,1.0678444743818782,0.7027627838273163,0.28398041725158696,-0.24650614362747736,1.518857438993454,-0.46397952761650085,0.4,0.0,1.4,0.0
transgastric_short_axis,2,60,20.0011,0.2839732546815407,-0.24650614806044646,1.5188581966216512,-0.46397951617618477,-0.007162570046214236,-4.432969053047936e-06,0.0007576281960964392,1.1440316292279925e-05,0.06803088026261928,-0.0009670747279131985,0.9774151920117626,0.5510279021937374,0.3729865074157715,-0.5413087136235417,1.5055607231140136,0.41658648862838743,0.4,0.0,1.4,0.0
transgastric_short_axis,2,61,20.3342,0.37297934690964707,-0.5413087093570386,1.5055617413102143,0.41658648928712516,-0.007160506124401641,4.266503065079257e-06,0.001018196200273285,6.587376919787582e-07,0.05000758294795432,-0.04658998588104968,1.0673473978704373,0.6916883827304234,0.28703825473785405,-0.2476193657690765,1.5191688423156737,-0.4364455192565918,0.4,0.0,1.4,0.0
transgastric_short_axis,2,62,20.6676,0.28703109210525807,-0.2476193699101248,1.5191695886305814,-0.43644550813251426,-0.007162632595920237,-4.141047271280265e-06,0.0007463149076131503,1.1124077504561485e-05,0.06822415395685208,-0.0019868837122375936,0.9804740516011028,0.5279804910496679,0.3712638854980469,-0.576585777660572,1.5044431915283203,0.40788329944610596,0.4,0.0,1.4,0.0
transgastric_short_axis,2,63,21.001,0.37125672497678974,-0.5765857734906589,1.504444206595891,0.4078833002394475,-0.007160521257178746,4.169913030349754e-06,0.00101506757051827,7.933414917350064e-07,0.048583365360456834,-0.048154486414475214,1.0657075881515206,0.71453111125867,0.28033907413482667,-0.2061075087250345,1.5155181392669677,-0.4826385412931442,0.4,0.0,1.4,0.0
transgastric_short_axis,2,64,21.3342,0.2803319117221967,-0.20610751360699556,1.5155189197942214,-0.4826385301473738,-0.0071624126300174696,-4.881961159942252e-06,0.00078052725423581,1.1145770548394325e-05,0.0678308356973244,0.0024135375245946875,0.9739784772572397,0.5505318611402642,0.3713528633117676,-0.5601484769353047,1.4943621877670288,0.4512337128639221,0.4,0.0,1.4,0.0
transgastric_short_axis,2,65,21.6675,0.371345702743168,-0.5601484714249761,1.4943632039633936,0.45123371472972984,-0.007160568599632106,5.510328843501547e-06,0.001016196365116198,1.8658080458869264e-06,0.04806083521747927,-0.048157584538450676,1.066423316801512,0.7260190482088252,0.2790529727935791,-0.23943151860951992,1.5138418418884276,-0.4785059401988983,0.4,0.0,1.4,0.0
transgastric_short_axis,2,66,22.0025,0.279045810296088,-0.23943152360157133,1.5138426109449599,-0.4785059286798419,-0.007162497491142452,-4.9920511781977015e-06,0.0007690565320456256,1.1519055961377655e-05,0.06790199843762453,1.32618113612374e-05,0.9728066477021406,0.5602547941335471,0.37322678565979006,-0.541866354588669,1.502239399766922,0.4266238622188568,0.4,0.0,1.4,0.0
transgastric_short_axis,2,67,22.3342,0.37321962514425744,-0.5418663499601204,1.5022404184591682,0.4266238632415078,-0.007160515532686045,4.628548435746648e-06,0.0010186922458251633,1.0226508785723553e-06,0.04968065352164055,-0.046810847819803186,1.0677998807990094,0.6977086451738521,0.2853444576263428,-0.24844084693563587,1.5193096572875977,-0.45702903542518614,0.4,0.0,1.4,0.0
transgastric_short_axis,2,68,22.6677,0.2853372950348607,-0.24844085126544546,1.5193104112881013,-0.45702902404963136,-0.007162591482007712,-4.3298094629067516e-06,0.0007540005036912672,1.1375554598736099e-05,0.06808144741062959,-0.001336855481050848,0.9787548542883173,0.5458762639581576,0.372590970993042,-0.5469373670052622,1.5060101325988768,0.412329270029068,0.4,0.0,1.4,0.0
transgastric_short_axis,2,69,23.0007,0.3725838104892202,-0.5469373628333989,1.5060111504430118,0.41232927065038005,-0.007160503821773253,4.171862688320708e-06,0.0010178441345029428,6.213119305867924e-07,0.04986829741889124,-0.046786388131593734,1.0669256962114955,0.6936468249503989,0.2865963697433472,-0.23646167787516126,1.5187699913978576,-0.4383971735715866,0.4,0.0,1.4,0.0
transgastric_short_axis,2,70,23.3341,0.2865892071363862,-0.23646168205808316,1.5187707412540998,-0.43839716251132577,-0.007162606961015462,-4.1829227304587084e-06,0.0007498562413516573,1.1060261055409607e-05,0.06822713880414417,-0.0011583050230874964,0.980057236928987,0.5244756391823376,0.37070295810699466,-0.5753416653125847,1.5011726140022277,0.4212427453994751,0.4,0.0,1.4,0.0
transgastric_short_axis,2,71,23.6674,0.3706957975681773,-0.5753416607417757,1.5011736289701059,0.421242746503399,-0.007160538817119444,4.570809481545775e-06,0.0010149678786908949,1.1039242270265935e-06,0.04824022412460086,-0.04834273071542859,1.0653526011859544,0.7208039383535423,0.28063549995422366,-0.20956196155400356,1.5140013822555543,-0.48044804456233975,0.4,0.0,1.4,0.0
transgastric_short_axis,2,72,24.0007,0.28062833753296135,-0.2095619665413591,1.5140021614471166,-0.4804480334040628,-0.007162421262151506,-4.987356009194391e-06,0.0007791915625171087,1.1158276950664225e-05,0.06785382427177468,0.002106534335108639,0.9743768706980882,0.5495385493641662,0.37166285514831543,-0.5611059041531342,1.4945574936389923,0.45102249040603637,0.4,0.0,1.4,0.0
transgastric_short_axis,2,73,24.3344,0.3716556945777255,-0.5611058986618904,1.4945585095296066,0.45102249224608126,-0.0071605705901117206,5.491243483218515e-06,0.0010158906144019475,1.8400443958708752e-06,0.04802180566015692,-0.04820018131875014,1.0667206047383726,0.7266400961957481,0.27898912429809575,-0.23841810259096072,1.513687170124054,-0.47889327499866485,0.4,0.0,1.4,0.0
transgastric_short_axis,2,74,24.6675,0.278981961804452,-0.2384181075996347,1.5136879397362755,-0.4788932634887139,-0.007162493643767259,-5.008673826719893e-06,0.0007696122213679686,1.1509951542499001e-05,0.06789816784244285,9.537717034667145e-05,0.9727526451348838,0.560135934444881,0.37319107055664064,-0.542309396403139,1.5018781868934632,0.42777341423034665,0.4,0.0,1.4,0.0
transgastric_short_axis,2,75,25.001,0.3731839100394876,-0.5423093917345024,1.501879205574105,0.4277734152925987,-0.00716051715300045,4.668636767102833e-06,0.0010186806417655236,1.0622518432528197e-06,0.04962534506478934,-0.04685477888885009,1.0677871124561436,0.6987045487212182,0.2849549531936646,-0.24850001904610608,1.5192997328281401,-0.45905933640003205,0.4,0.0,1.4,0.0
transgastric_short_axis,2,76,25.3344,0.2849477906066782,-0.24850002339642907,1.519300487652865,-0.4590593249994339,-0.0071625869864308436,-4.350323997225719e-06,0.0007548247251795547,1.1400598620995983e-05,0.06806659409932846,-0.001271379774035227,0.9783643905766299,0.5476836155459262,0.37270939350128174,-0.5439411235254089,1.506180908203125,0.4126740045547485,0.4,0.0,1.4,0.0
transgastric_short_axis,2,77,25.6675,0.37270223299881355,-0.543941119355677,1.5061819262600862,0.4126740051547948,-0.007160502468241462,4.169732674635079e-06,0.0010180569615244398,6.000455997222427e-07,0.04999903960276097,-0.04664410427196408,1.067032376990369,0.6915139517059362,0.2870759963989258,-0.24090876158261926,1.518984958934784,-0.43277777609825135,0.4,0.0,1.4,0.0
transgastric_short_axis,2,78,26.0009,0.2870688337709471,-0.24090876569750577,1.5189857054408016,-0.4327777650714199,-0.007162627978567497,-4.11488697033549e-06,0.0007465060181057984,1.1026831927988564e-05,0.06825997517412954,-0.0016548186600410606,0.9805268445788329,0.5217707099245875,0.3706113338470459,-0.5827031627142141,1.5022032597541808,0.41461283197402954,0.4,0.0,1.4,0.0
transgastric_short_axis,2,79,26.3341,0.370604173309856,-0.5827031583156338,1.5022042738919552,0.41461283297225116,-0.007160537189825239,4.398580854267097e-06,0.001014137774849669,9.98221781020855e-07,0.048082177798644335,-0.048573785562833004,1.0651986048224817,0.7230190870266628,0.2797144412994385,-0.19855257844329208,1.5130579968452453,-0.48388649525642397,0.4,0.0,1.4,0.0
transgastric_short_axis,2,80,26.6675,0.2797072789225343,-0.1985525835439287,1.5130587822890043,-0.4838864842316682,-0.007162376904270879,-5.10063663315823e-06,0.0007854437590630274,1.1024755857532471e-05,0.06778944049548964,0.002969643236909061,0.973514788220804,0.5484723193115097,0.3708559513092041,-0.5654481258926704,1.4920645817756653,0.4545893036842346,0.4,0.0,1.4,0.0
transgastric_short_axis,2,81,27.0008,0.3708487907323152,-0.565448120170731,1.492065597608459,0.4545893058036681,-0.007160576888915222,5.721939327791061e-06,0.001015832793490969,2.1194336446571155e-06,0.04769510399109264,-0.048466984501303774,1.0660746867682696,0.7319213624566817,0.2767884492874146,-0.23600721359632842,1.5119805376052857,-0.48401776027679444,0.4,0.0,1.4,0.0
transgastric_short_axis,2,82,27.3341,0.276781286820129,-0.23600721880312725,1.5119813113779577,-0.4840177487543387,-0.007162467285609673,-5.206799351343186e-06,0.0007737726722529469,1.152245562069296e-05,0.06784794792962946,0.0004345464234273757,0.970659643217956,0.563644616591018,0.37301321029663087,-0.5402720781692284,1.5015665963172913,0.42592690300941466,0.4,0.0,1.4,0.0
transgastric_short_axis,2,83,27.6686,0.3730060497875096,-0.5402720734995976,1.5015676157777476,0.4259269041155518,-0.00716050912120489,4.6696305119911535e-06,0.0010194604563196325,1.1061370007621508e-06,0.04977261760579196,-0.04671611932671994,1.0676318819587405,0.695954233391725,0.28583042621612553,-0.24975124702763096,1.519270333957672,-0.45388354353904725,0.4,0.0,1.4,0.0
transgastric_short_axis,2,84,28.0008,0.28582326361552135,-0.24975125133093745,1.519271086407712,-0.4538835321894898,-0.007162600604187283,-4.30330755924069e-06,0.0007524500403156373,1.1349557184865472e-05,0.06810193173072615,-0.0015337902467921554,0.9792459249690311,0.543735107859023,0.3724884033203125,-0.5514488659215866,1.506138588809967,0.4101958857536316,0.4,0.0,1.4,0.0
transgastric_short_axis,2,85,28.3346,0.3724812428161361,-0.5514488617930908,1.5061396062925096,0.41019588636853843,-0.007160504176405185,4.128495676039358e-06,0.0010174825429785069,6.149070862311899e-07,0.04971841900432902,-0.046968493419739424,1.0668164601295862,0.6959737138624128,0.2860450267791748,-0.22850490155206107,1.5184685125350952,-0.44300390167236325,0.4,0.0,1.4,0.0
transgastric_short_axis,2,86,28.6675,0.2860378641996636,-0.22850490579849086,1.5184692664714943,-0.44300389062743356,-0.007162579511223503,-4.246430290802828e-06,0.000753936398416747,1.1044929477682258e-05,0.0681993084954896,-0.0004575708413093972,0.9795223746900512,0.5248707217777427,0.37048153877258305,-0.5694521677856584,1.4990188190460205,0.43103856139183044,0.4,0.0,1.4,0.0
transgastric_short_axis,2,87,29.001,0.37047437822620455,-0.5694521629197509,1.499019834651544,0.4310385627220539,-0.007160546378564491,4.8659079702464775e-06,0.0010156055233890558,1.330223120556177e-06,0.04822814910651131,-0.0482390022236799,1.065264833866005,0.7216278115504037,0.28131065368652347,-0.21794511412881462,1.5140083106517792,-0.4767656019687653,0.4,0.0,1.4,0.0
transgastric_short_axis,2,88,29.3341,0.2813034912335722,-0.21794511907893668,1.5140090852575208,-0.4767655907321949,-0.007162452951347003,-4.950120668777883e-06,0.0007746057415937253,1.1236570900232615e-05,0.0679022474520364,0.0014131214682668843,0.9750549368287316,0.5494473916137431,0.372241735458374,-0.5581523544745063,1.4961148847579955,0.4472540046215057,0.4,0.0,1.4,0.0
transgastric_short_axis,2,89,29.6676,0.37223457489584455,-0.5581523491476338,1.4961159009816907,0.4472540062931678,-0.007160562529632561,5.326872308745834e-06,0.0010162236947493396,1.6716625163556424e-06,0.04828194897149149,-0.04799173388174405,1.0672004859941753,0.7222045252260939,0.28082940578460697,-0.23831867097494908,1.514617635011673,-0.4741810292959213,0.4,0.0,1.4,0.0
transgastric_short_axis,2,90,30.0009,0.28082224327499444,-0.23831867585584826,1.5146184019134852,-0.47418101783258587,-0.007162509612505407,-4.880899629968178e-06,0.0007669018114653059,1.1463334988903182e-05,0.06794034207799526,-5.893577695435803e-05,0.9745358041765209,0.5558634226944942,0.37326669692993164,-0.544714855045861,1.501834743976593,0.4292001020908356,0.4,0.0,1.4,0.0
transgastric_short_axis,2,91,30.3341,0.3732595364067828,-0.544714850359354,1.5018357621018907,0.4292001031520112,-0.007160523148972504,4.686506253459428e-06,0.0010181252977242373,1.0611756118663312e-06,0.0494710853904963,-0.04700203251635327,1.0678642063416484,0.7014360780454364,0.2841554641723633,-0.2475394085185361,1.5190901956558227,-0.46316422390937806,0.4,0.0,1.4,0.0
transgastric_short_axis,2,92,30.6675,0.28414830159741417,-0.24753941292519288,1.519090952540938,-0.4631642124689664,-0.0071625749491018645,-4.4066572800724405e-06,0.0007568851152630801,1.1440412309596627e-05,0.06803671992561312,-0.0010654321278412981,0.9775754874288218,0.5508185905207074,0.37295920848846437,-0.5408508787814543,1.505960884809494,0.41497872619628906,0.4,0.0,1.4,0.0
transgastric_short_axis,2,93,31.0007,0.37295204798461923,-0.5408508745621279,1.5059619030382718,0.4149787268136418,-0.007160503845096971,4.219326860115493e-06,0.0010182287767286403,6.173523248013474e-07,0.050076349520802754,-0.046535530454643904,1.067294814690238,0.6904248900685781,0.2873318672180176,-0.24707033846559986,1.5191950578689575,-0.43160818791389466,0.4,0.0,1.4,0.0
transgastric_short_axis,2,94,31.3341,0.28732470457640447,-0.247070342557699,1.5191958024800876,-0.43160817685598585,-0.007162641613165341,-4.092098918745368e-06,0.0007446111296617115,1.1057908960613957e-05,0.06825669899718825,-0.002115781555649774,0.9807695896629525,0.5236723536985634,0.3709103345870972,-0.5834122917722857,1.504008575105667,0.4070537644386291,0.4,0.0,1.4,0.0
transgastric_short_axis,2,95,31.6675,0.3709031740601716,-0.583412287595752,1.5040095893557544,0.40705376527146697,-0.007160526925515645,4.176533248035378e-06,0.0010142500866268064,8.328371253265661e-07,0.04827615445035526,-0.04846802447807466,1.065383915753511,0.7195326852180605,0.2795142650604248,-0.19639897577709667,1.513978724527359,-0.48532123503685,0.4,0.0,1.4,0.0
transgastric_short_axis,2,96,32.0008,0.2795071026896551,-0.19639898081494958,1.5139795109135887,-0.4853212240204694,-0.007162370769732509,-5.037851969634426e-06,0.0007863862297135442,1.1016380124886301e-05,0.06777206284914696,0.003163086515801691,0.9732526318805719,0.5491986137639276,0.37061619758605957,-0.5654406357521045,1.4920608366966248,0.4542211624145508,0.4,0.0,1.4,0.0
transgastric_short_axis,2,97,32.3342,0.3706090370104726,-0.565440630035658,1.4920618526397877,0.454221164534105,-0.007160575586879485,5.716446246267124e-06,0.0010159431630863294,2.1195537161567848e-06,0.047706414020217386,-0.04845986215035577,1.0658356259395363,0.7316961020961927,0.27684705257415776,-0.23567764741143113,1.5120599332809448,-0.4839853653430939,0.4,0.0,1.4,0.0
transgastric_short_axis,2,98,32.6676,0.27683989010717486,-0.23567765261103052,1.5120607070849683,-0.48398535382466207,-0.0071624669828007775,-5.199599389295153e-06,0.0007738040244458388,1.1518431845969456e-05,0.06784837802983658,0.0004557361057604334,0.9707130480217014,0.563481848330738,0.3730024337768555,-0.5403844302777161,1.5014838300704956,0.42633530387878416,0.4,0.0,1.4,0.0
transgastric_short_axis,2,99,33.0011,0.3729952732670252,-0.5403844255969801,1.5014848495064461,0.4263353049936054,-0.007160509830320224,4.6807354190820705e-06,0.0010194359503933994,1.1148208070806965e-06,0.049755289583639395,-0.04672964274588061,1.0676262177948657,0.6962797926530953,0.28571968078613286,-0.24951661837440578,1.5192901828765868,-0.45460241146087643,0.4,0.0,1.4,0.0
transgastric_short_axis,2,100,33.3343,0.2857125181874347,-0.24951662268293773,1.5192909356570787,-0.4546024001047322,-0.007162598698200478,-4.308533270654368e-06,0.0007527804918257628,1.1356144411624532e-05,0.06809725464973808,-0.0014931969849462995,0.9791332938191788,0.5442553104978226,0.37251541614532474,-0.5504032422985942,1.50613053689003,0.41060541014671326,0.4,0.0,1.4,0.0
transgastric_short_axis,2,101,33.6674,0.3725082556413383,-0.5504032381626015,1.5061315544564495,0.4106054107609767,-0.007160503986401485,4.135992701814467e-06,0.0010175664186727795,6.142629861153561e-07,0.04975573524969125,-0.04692468001560706,1.066843642536635,0.6953849515090847,0.28618266582489016,-0.2302849334575348,1.5185407925605774,-0.44173038754463195,0.4,0.0,1.4,0.0
transgastric_short_axis,2,102,34.004,0.28617550323849034,-0.23028493768688657,1.5185415454586622,-0.44173037649816316,-0.007162586399731155,-4.229352185738369e-06,0.0007528980839202188,1.1046469176558218e-05,0.06820798807377022,-0.0006225928213281391,0.9796562015941228,0.5245617143000442,0.3705175876617432,-0.5711518679335635,1.4994862049102784,0.42883364610672,0.4,0.0,1.4,0.0
transgastric_short_axis,2,103,34.3359,0.37051042711663684,-0.5711518631341731,1.4994872203148484,0.42883364738573704,-0.007160545106390669,4.799390723995158e-06,0.0010154045701080204,1.2790172706420308e-06,0.04821287970087869,-0.048280442627202616,1.0652720337050996,0.7217202295949658,0.28115353584289554,-0.2158827039240084,1.5139405247211457,-0.4779615929603577,0.4,0.0,1.4,0.0
transgastric_short_axis,2,104,34.6677,0.2811463733985665,-0.21588270889194008,1.5139413006016698,-0.4779615817414626,-0.007162444328925283,-4.967930930045296e-06,0.0007758805237749726,1.1218894960932226e-05,0.06788814921963293,0.0015936452952585896,0.974901199275521,0.5496921157870431,0.37210927009582523,-0.5586620585400122,1.4957358827590943,0.44820244588851926,0.4,0.0,1.4,0.0
transgastric_short_axis,2,105,35.0008,0.3721021095316063,-0.5586620531724709,1.4957368989412618,0.44820244760190686,-0.007160564218942248,5.367541572723414e-06,0.0010161821672600943,1.7133882722455606e-06,0.04822786839761768,-0.048033115175766715,1.0670920976664209,0.7231407676259834,0.280419397354126,-0.23856341131793815,1.5144309428215026,-0.4751997844219208,0.4,0.0,1.4,0.0
transgastric_short_axis,2,106,35.334,0.28041223484742106,-0.23856341622523616,1.5144317102370932,-0.47519977294550536,-0.007162506704909435,-4.907298149631407e-06,0.0007674155913816481,1.1476415120687706e-05,0.06793133457005696,-4.073852548179546e-05,0.9741372055823452,0.5568870420924602,0.373257327079773,-0.5440615275350049,1.5019216298103333,0.42862354717254636,0.4,0.0,1.4,0.0
transgastric_short_axis,2,107,35.6677,0.37325016655839205,-0.5440615228612101,1.5019226480708001,0.4286235482256622,-0.007160521380848069,4.673794748352744e-06,0.0010182604670907057,1.0531161182532069e-06,0.049518787187797245,-0.046958540452133345,1.0678496216293345,0.7005889426265116,0.28430976867675783,-0.24791840963116799,1.5192070421218873,-0.46241914043426513,0.4,0.0,1.4,0.0
transgastric_short_axis,2,108,36.0034,0.28430260609886754,-0.2479184140212919,1.5192077985314176,-0.4624191289991457,-0.007162577890217188,-4.39012376380438e-06,0.0007564095299045194,1.1435119851121894e-05,0.06804224442292406,-0.001116790614185884,0.9777226542601154,0.5503556823195179,0.3729132175445557,-0.5409278399757683,1.5061114369869233,0.4142364515304565,0.4,0.0,1.4,0.0
transgastric_short_axis,2,109,36.3344,0.372906057041653,-0.5409278357763171,1.506112455219161,0.41423645213269733,-0.007160502902656023,4.199451976654458e-06,0.001018232238286756,6.022417697355318e-07,0.05009452454619871,-0.0465247145673823,1.067239429952145,0.6900642699711407,0.28741557598114015,-0.24639978363144233,1.5191860696792603,-0.43000772838592527,0.4,0.0,1.4,0.0
transgastric_short_axis,2,110,36.6676,0.2874084133374144,-0.24639978770835536,1.5191868138413014,-0.43000771735384014,-0.007162643725727597,-4.076913408541467e-06,0.0007441620420597234,1.1032085426843378e-05,0.06826831353534762,-0.002125062393333597,0.9808551047232683,0.5220171015852089,0.3707627773284912,-0.5857462195726039,1.5037160844326019,0.4073554305553436,0.4,0.0,1.4,0.0
transgastric_short_axis,2,111,37.0008,0.37075561679864566,-0.5857462153766284,1.503717098370025,0.4073554314138681,-0.007160529845538618,4.195975138285696e-06,0.0010139374225750467,8.585238975258398e-07,0.04815297146249614,-0.04858561169416019,1.0652556721351543,0.7215604941884964,0.2792523384094239,-0.19319637892465427,1.5133568541526794,-0.4861771728515625,0.4,0.0,1.4,0.0
transgastric_short_axis,2,112,37.3341,0.2792451760532179,-0.1931963840236918,1.5133576425734256,-0.4861771618835459,-0.007162356205939513,-5.0990374594898445e-06,0.0007884207461612206,1.0968016682210569e-05,0.06775066970633929,0.0034092466740558167,0.973030852837171,0.5487483559639995,0.37032713890075686,-0.5682443826194155,1.491402826309204,0.4548868502140045,0.4,0.0,1.4,0.0
transgastric_short_axis,2,113,37.6674,0.3703199783214325,-0.5682443768489946,1.4914038419261244,0.45488685239895865,-0.007160579324404992,5.770421461543765e-06,0.0010156169203822422,2.1849540711995874e-06,0.0475475865230107,-0.04860372538055855,1.0655893448847857,0.7342065692375889,0.2759580612182617,-0.23330926496451002,1.5111483810424804,-0.4860990879535675,0.4,0.0,1.4,0.0
transgastric_short_axis,2,114,38.0008,0.2759508987663895,-0.2333092702636684,1.5111491571281235,-0.48609907645205,-0.007162451872187428,-5.299158443776393e-06,0.0007760856430593131,1.1501517252893607e-05,0.06782527931488203,0.000688882571329685,0.9698820393742682,0.5643295512071473,0.3728354930877686,-0.5411416834889233,1.501038540172577,0.4265830408573151,0.4,0.0,1.4,0.0
transgastric_short_axis,2,115,38.3341,0.3728283325786059,-0.5411416787747932,1.5010395597626962,0.42658304202405173,-0.0071605091624572115,4.71413031214965e-06,0.0010195901195737456,1.1667367138755067e-06,0.04971098284359786,-0.046771164299818486,1.0674887303766436,0.6969610465421965,0.2855114459991455,-0.2474596385215098,1.5192508595466614,-0.4562034327507019,0.4,0.0,1.4,0.0
transgastric_short_axis,2,116,38.6673,0.28550428340787753,-0.24745964284742505,1.5192516134789855,-0.45620342139387715,-0.00716259126801636,-4.325913855778141e-06,0.0007539323233973153,1.1356824869595333e-05,0.06808851486830414,-0.001298265708126107,0.978926398542018,0.5446907865614579,0.37248821258544923,-0.5483148038553216,1.5056502305030823,0.4133114170074463,0.4,0.0,1.4,0.0
transgastric_short_axis,2,117,39.001,0.37248105207966925,-0.5483147996488734,1.505651248261045,0.41331141766623425,-0.007160505780096825,4.206448577088478e-06,0.0010177579627688323,6.587885632147814e-07,0.0497743103387462,-0.04687391546399597,1.066846126528277,0.6952660830509535,0.2862510681152344,-0.23529171791877582,1.5186490253448486,-0.4437085382938385,0.4,0.0,1.4,0.0
transgastric_short_axis,2,118,39.3341,0.2862439055226945,-0.2352917221623422,1.518649777674149,-0.4437085271820269,-0.007162592539833208,-4.243568583347203e-06,0.0007523293005090974,1.111181185713428e-05,0.06819016260777737,-0.0008964322912503875,0.9797158550780356,0.5284483611338189,0.3709749698638916,-0.5679316692507913,1.5011329161643983,0.42396972470283506,0.4,0.0,1.4,0.0
transgastric_short_axis,2,119,39.6675,0.37096780932886536,-0.5679316646274551,1.5011339320263293,0.42396972581807724,-0.007160535026227358,4.623336879804673e-06,0.0010158619308335982,1.1152426951589003e-06,0.04851721803875926,-0.048036224885421724,1.0656245390761077,0.7164967860353869,0.28148932456970216,-0.22021724826946457,1.5154379945755005,-0.4774350348472595,0.4,0.0,1.4,0.0
transgastric_short_axis,2,120,40.0008,0.2814821621062462,-0.22021725310855064,1.5154387678389565,-0.4774350235691384,-0.007162463455882813,-4.839086389084208e-06,0.0007732634556673568,1.1278120985430725e-05,0.06790451426377879,0.001280335819529555,0.9751386632877446,0.5511918244280533,0.3723427534103394,-0.5549621163539975,1.4970867327690125,0.44513840947151184,0.4,0.0,1.4,0.0
transgastric_short_axis,2,121,40.334,0.37233559285411727,-0.554962111123269,1.4970877494057016,0.4451384110393173,-0.00716055622214136,5.230728653771946e-06,0.0010166366890770142,1.5678062274571342e-06,0.048501163207924386,-0.04780000478529042,1.0672393513863647,0.7185558435308986,0.2821166515350342,-0.23988598288835275,1.5154288191318512,-0.47052536401748657,0.4,0.0,1.4,0.0
transgastric_short_axis,2,122,40.6674,0.2821094890092413,-0.23988598766467648,1.5154295834428577,-0.4705253525742419,-0.007162525792854167,-4.776323081121759e-06,0.000764311005958635,1.1443244896336583e-05,0.06797246120799726,-0.00029061524990732415,0.975772704616356,0.5533186747331287,0.3732959747314453,-0.54521294939349,1.5024451918601989,0.4278003787994385,0.4,0.0,1.4,0.0
transgastric_short_axis,2,123,41.001,0.37328881420845206,-0.545212944769881,1.502446209753301,0.42780037979096885,-0.007160522993240179,4.623608940787582e-06,0.0010178931014315487,9.915306588544328e-07,0.04949053388534697,-0.04700055064763107,1.0678541770408392,0.7010556564447294,0.28421664237976074,-0.24701865649569552,1.5191295189857483,-0.46295262694358824,0.4,0.0,1.4,0.0
transgastric_short_axis,2,124,41.3341,0.28420947980515004,-0.24701866089678304,1.519130275887413,-0.4629526155106296,-0.0071625746105990025,-4.401088312150754e-06,0.0007569016645863721,1.1432958403852813e-05,0.068038979424473,-0.0010372673223841607,0.977634232329929,0.5504024075523088,0.37291898727416994,-0.541323132144131,1.5057970376014709,0.41550228824615476,0.4,0.0,1.4,0.0
transgastric_short_axis,2,125,41.6675,0.3729118267694683,-0.5413231279077484,1.505798055807018,0.4155022888807185,-0.007160504701596519,4.236382703309476e-06,0.0010182055467740899,6.345635123703474e-07,0.05003879495438573,-0.04656937601630963,1.0672650727669877,0.6910860139045334,0.28717637062072754,-0.2467917052365503,1.5191643482208252,-0.4338996145248413,0.4,0.0,1.4,0.0
transgastric_short_axis,2,126,42.001,0.28716920798433937,-0.24679170935281625,1.5191650937616146,-0.4338996034393326,-0.007162636388066491,-4.1162666728272565e-06,0.0007455407894506516,1.1085508846288313e-05,0.06824239838418662,-0.0020179308185678205,0.9806144056093087,0.5254580105662019,0.37104616165161136,-0.5802686797767993,1.5040522052764893,0.40808796801567077,0.4,0.0,1.4,0.0
transgastric_short_axis,2,127,42.3369,0.37103900112643773,-0.5802686755843891,1.5040532198960586,0.40808796884481513,-0.007160525173718074,4.192410435379749e-06,0.0010146195690631822,8.291444561399753e-07,0.048398251728114905,-0.048336074729062026,1.0655158630755182,0.7175746220476584,0.2799004316329956,-0.20098687412719263,1.5145818695068358,-0.4839181411743164,0.4,0.0,1.4,0.0
transgastric_short_axis,2,128,42.6674,0.27989326924244246,-0.20098687910019877,1.514582653110879,-0.48391813009699813,-0.00716239055306325,-4.9730047598700575e-06,0.0007836040424522177,1.1077318298634004e-05,0.0678017706365783,0.00280453542629543,0.9736003650551301,0.5496610713650819,0.371021842956543,-0.5619891789793618,1.4929418665409089,0.45328826322555543,0.4,0.0,1.4,0.0
transgastric_short_axis,2,129,43.0008,0.37101468238533236,-0.5619891733361779,1.4929428828337423,0.4532882652548835,-0.007160571210564131,5.643184222461865e-06,0.001016292833227996,2.0293276893606312e-06,0.047904974361647625,-0.04828012723495209,1.0661840183906466,0.7285469171381704,0.27798252105712895,-0.2385194067421138,1.5131943177223206,-0.4813197117090225,0.4,0.0,1.4,0.0
transgastric_short_axis,2,130,43.3341,0.27797535857171124,-0.23851941181834752,1.5131950887353955,-0.4813197001756824,-0.007162485417681354,-5.076232428106101e-06,0.0007710130759765852,1.1533340829500705e-05,0.06787610896101395,0.00017138338271009343,0.9717762892826489,0.5623729232643547,0.37314734458923343,-0.5405357311171463,1.5021555099964141,0.42569901494979856,0.4,0.0,1.4,0.0
transgastric_short_axis,2,131,43.6674,0.37314018407771954,-0.5405357264926018,1.5021565290738828,0.42569901598586846,-0.0071605115137144395,4.624544399503099e-06,0.0010190774692161232,1.0360698480327637e-06,0.04976918114222058,-0.04672609945499541,1.06772695336901,0.6961005171453498,0.28581268787384034,-0.2503278005976871,1.5192864377975464,-0.4538545191764832,0.4,0.0,1.4,0.0
transgastric_short_axis,2,132,44.0008,0.28580552527209346,-0.2503278048997948,1.5192871900958567,-0.45385450782211584,-0.007162601746780043,-4.3021076552404026e-06,0.0007522983105452974,1.1354366796898454e-05,0.06810129426157073,-0.0015740627893022817,0.9792271407859492,0.5439832129356128,0.37251949310302734,-0.5514061721203612,1.5063063683509827,0.40951259608268736,0.4,0.0,1.4,0.0
transgastric_short_axis,2,133,44.3351,0.3725123325996706,-0.5514061680117317,1.5063073858298335,0.409512596681294,-0.007160503356769573,4.1086295407930735e-06,0.0010174788500487322,5.986062697384601e-07,0.04974063445522958,-0.04695304978568701,1.066836930083741,0.6955617593737615,0.28612630367279057,-0.22803433347101168,1.5184834928512574,-0.44128434863090515,0.4,0.0,1.4,0.0
transgastric_short_axis,2,134,44.6674,0.28611914109027836,-0.22803433769900988,1.5184842462018775,-0.4412843376091037,-0.007162582512242629,-4.2279969312404625e-06,0.0007533506210396154,1.1021800901410084e-05,0.06821232061294283,-0.00048429230224590787,0.9796040014803402,0.5232006234829758,0.3703143358230591,-0.5723467326073304,1.498844298362732,0.43092564725875854,0.4,0.0,1.4,0.0
transgastric_short_axis,2,135,45.0007,0.37030717527340795,-0.5723467277358195,1.498845313541766,0.43092564860064897,-0.007160549650975144,4.871511153473614e-06,0.001015179033848769,1.3418904486817564e-06,0.04809094167871097,-0.04837581959198868,1.0651093772831837,0.7238299187110219,0.2810216903686524,-0.21434759961503788,1.5133330729007721,-0.47810502948760986,0.4,0.0,1.4,0.0
transgastric_short_axis,2,136,45.334,0.2810145279314073,-0.21434760463460453,1.513333849747073,-0.4781050182915734,-0.00716243724502743,-5.019566394034952e-06,0.0007768463000926581,1.1196036633030342e-05,0.06788207748601208,0.001703192463758994,0.9748092945769771,0.5491187559991522,0.37202718257904055,-0.5600359375733028,1.4952306715965271,0.44929937953948973,0.4,0.0,1.4,0.0
transgastric_short_axis,2,137,45.6675,0.3720200220118398,-0.5600359321549531,1.4952316876032512,0.4492993813071555,-0.007160567200698923,5.418350245198503e-06,0.0010160067247316816,1.7676655376113726e-06,0.04812724108356628,-0.048118469616422244,1.067042275681476,0.7248186896318561,0.27979793548583987,-0.23801457126797565,1.514056809425354,-0.47690922574996947,0.4,0.0,1.4,0.0
transgastric_short_axis,2,138,46.001,0.27979077298634203,-0.2380145762243345,1.5140575780088925,-0.47690921426359617,-0.0071624994978883505,-4.956359347087061e-06,0.0007685835385357708,1.1486373403041107e-05,0.06791592283018762,5.500752214094955e-05,0.9735388876858533,0.5581690841539381,0.37321290969848636,-0.5436094975518561,1.5017031044483184,0.4289370102882385,0.4,0.0,1.4,0.0
transgastric_short_axis,2,139,46.3341,0.3732057491778391,-0.5436094928575496,1.5017041228655676,0.42893701136705076,-0.007160520647379331,4.6943067455769585e-06,0.001018417248939188,1.0788119750823698e-06,0.04953009174966154,-0.046941816993378585,1.067819459487312,0.7003998150558829,0.28434362411499026,-0.24825584046365942,1.5192362537384032,-0.46221259932518005,0.4,0.0,1.4,0.0
transgastric_short_axis,2,140,46.6674,0.2843364615358636,-0.24825584484960317,1.5192370099618042,-0.46221258788933944,-0.007162579126538789,-4.385942572233016e-06,0.0007562234006940768,1.1435840336897618e-05,0.06804349200684229,-0.0011468375384069028,0.9777547410170091,0.5503334985079744,0.3729104042053223,-0.5407815949812201,1.5062292197227478,0.41375708141326906,0.4,0.0,1.4,0.0
transgastric_short_axis,2,141,47.001,0.3729032437030949,-0.5407815907956365,1.5062302379645658,0.4137570820034453,-0.007160502227401677,4.185583456919773e-06,0.0010182418181108796,5.901759897168198e-07,0.05011544705480781,-0.046507949144903936,1.0672291724333844,0.6896801791492105,0.28750267028808596,-0.24623986913036147,1.5191961813926695,-0.4285435897350311,0.4,0.0,1.4,0.0
transgastric_short_axis,2,142,47.3343,0.28749550764162657,-0.24623987319234264,1.5191969250407444,-0.4285435787234379,-0.007162646459445965,-4.061981017448328e-06,0.0007436480741433642,1.1011593537050983e-05,0.06827798611023858,-0.0021645356828525076,0.9809426244219313,0.5207195423208703,0.3706542491912842,-0.5878007651298159,1.5035870664596558,0.40708559761047364,0.4,0.0,1.4,0.0
transgastric_short_axis,2,143,47.6675,0.3706470886595916,-0.5878007609322649,1.5035880801300463,0.4070855984798314,-0.007160531692754465,4.197550625729795e-06,0.0010136703901435836,8.693582979654269e-07,0.04806047939112072,-0.04867897240712124,1.0651560374477609,0.7230632771697225,0.27902743816375736,-0.1902922641737609,1.5129106279850006,-0.4871231798171997,0.4,0.0,1.4,0.0
transgastric_short_axis,2,144,48.0008,0.2790202758208164,-0.1902922693203791,1.5129114182762544,-0.487123168892421,-0.007162342940935071,-5.14661838646902e-06,0.0007902912533525566,1.092477907189673e-05,0.06772917396210819,0.0036379704395791794,0.9728344338663251,0.5485300461000477,0.3700586795806885,-0.5704462966922607,1.4908472438335418,0.4553547978401184,0.4,0.0,1.4,0.0
transgastric_short_axis,2,145,48.3344,0.37005151899867494,-0.5704462908773448,1.4908482592207948,0.45535480008055096,-0.007160582013540791,5.814916070482303e-06,0.0010153872526654747,2.2404321607647767e-06,0.04742399338038805,-0.048715223105153235,1.0653571069116181,0.7361435202797443,0.27526278495788575,-0.2313517167276257,1.5104261425495147,-0.48776059226989743,0.4,0.0,1.4,0.0
transgastric_short_axis,2,146,48.6678,0.27525562251826113,-0.2313517221059671,1.5104269204794765,-0.4877605807852411,-0.007162439624647479,-5.378341605724888e-06,0.0007779299624484406,1.1484656318350025e-05,0.06780636754264095,0.0008785596917677352,0.9692326640931883,0.5649683778489195,0.372696590423584,-0.5417805924791901,1.5006662793159484,0.42682815628051757,0.4,0.0,1.4,0.0
transgastric_short_axis,2,147,49.0009,0.37268942991487,-0.5417805877366231,1.5006672990266852,0.4268281574905215,-0.0071605087140512655,4.742567004329497e-06,0.0010197107364069505,1.2100043389421799e-06,0.049672537888814136,-0.046806883482617065,1.0673744087006238,0.6975587814705633,0.2852950096130371,-0.24639304250493307,1.519192436313629,-0.457489867401123,0.4,0.0,1.4,0.0
transgastric_short_axis,2,148,49.3342,0.28528784702690535,-0.24639304684737073,1.5191931910656056,-0.4574898560385144,-0.007162586131803416,-4.342437915632269e-06,0.0007547519771777731,1.1362609002066798e-05,0.06808028657955903,-0.0011815679179109778,0.9787128129906961,0.545318619477637,0.372500228881836,-0.5465787765256723,1.505427960062027,0.4148086996078491,0.4,0.0,1.4,0.0
transgastric_short_axis,2,149,49.6674,0.37249306837543184,-0.5465787722820052,1.5054289779716727,0.414808700286752,-0.007160506404304553,4.243667359562647e-06,0.0010179096459293005,6.789032243056588e-07,0.04981186904491802,-0.046816981380767786,1.0668716377331622,0.6947564413709589,0.2863487243652344,-0.2387845577181448,1.5187816011428832,-0.4436066721439362,0.4,0.0,1.4,0.0
transgastric_short_axis,2,150,50.0009,0.2863415617651302,-0.23878456195262968,1.5187823524790156,-0.4436066610036055,-0.007162600104110262,-4.234485453781928e-06,0.0007513361328045273,1.1140331456287962e-05,0.06818778555443172,-0.0011382026477302397,0.9798047719458176,0.5299362457467086,0.37118914127349856,-0.5676970405975662,1.5021942715644836,0.4200718464374542,0.4,0.0,1.4,0.0
transgastric_short_axis,2,151,50.3348,0.3711819807440113,-0.5676970360996875,1.5021952874906122,0.420071847446577,-0.007160529487294686,4.4978788704680725e-06,0.0010159261289533165,1.00912248309724e-06,0.048646546303429475,-0.04795251911111835,1.0657717046024102,0.7141530906134045,0.28149507045745853,-0.22032042495575913,1.5160394542694091,-0.4778696512699127,0.4,0.0,1.4,0.0
transgastric_short_axis,2,152,50.6674,0.2814879079921727,-0.22032042974920477,1.5160402273241171,-0.47786963998295806,-0.00716246528581715,-4.793445767333516e-06,0.0007730547074163683,1.1286955438000348e-05,0.06790291929522982,0.0012875600391705358,0.9751043385437868,0.5517344786143247,0.37232594490051274,-0.5541511213842303,1.4973164933681489,0.4446996734619141,0.4,0.0,1.4,0.0
transgastric_short_axis,2,153,51.0007,0.37231878434568505,-0.5541511161752128,1.497317510099828,0.444699675004661,-0.007160554827783168,5.20901730748675e-06,0.0010167316785042262,1.542747041989854e-06,0.04855376794721997,-0.04775292869012908,1.067207769866155,0.7176894927331848,0.2824043512344361,-0.24040242808036796,1.515625997543335,-0.4696686771869659,0.4,0.0,1.4,0.0
transgastric_short_axis,2,154,51.3343,0.2823971887045413,-0.24040243283183743,1.5156267612077166,-0.46966866574727717,-0.007162529894743277,-4.75146953776681e-06,0.0007636643820679178,1.1439688357491387e-05,0.06797980904106651,-0.0003550825454050992,0.9760481206824263,0.5527946765556587,0.37326102256774907,-0.5451129560169359,1.5026401232242583,0.4271700819969177,0.4,0.0,1.4,0.0
transgastric_short_axis,2,155,51.6676,0.37325386204557315,-0.5451129514153459,1.5026411411148892,0.42717008296691983,-0.007160522175937938,4.601589379583575e-06,0.0010178906305270874,9.700023009906617e-07,0.04951420473339896,-0.04698362805890495,1.0678068477268,0.7006232720425137,0.2843879461288452,-0.24683084122100687,1.519127646446228,-0.4620708480834961,0.4,0.0,1.4,0.0
transgastric_short_axis,2,156,52.0007,0.284380783552597,-0.24683084561353197,1.519128403029379,-0.4620708366625027,-0.007162576248268852,-4.392525950401534e-06,0.0007565831516165802,1.1420992678979726e-05,0.06804575391117623,-0.001054629694775027,0.9778063712965317,0.5495400841253695,0.3728423595428467,-0.5420084800059061,1.5057240085601806,0.41547644720077515,0.4,0.0,1.4,0.0
transgastric_short_axis,2,157,52.3341,0.3728351990379274,-0.5420084757660504,1.505725026738693,0.41547644784376914,-0.007160504919504569,4.23985567863976e-06,0.0010181785121545024,6.429942804534096e-07,0.0500073334264869,-0.046602974004524234,1.0671933529794355,0.6915992873082792,0.28705778121948244,-0.24578315780935892,1.5191149131774901,-0.43534015917778013,0.4,0.0,1.4,0.0
transgastric_short_axis,2,158,52.6679,0.2870506185879222,-0.24578316194255811,1.5191156595037558,-0.4353401480814809,-0.007162631560202854,-4.1331994355985815e-06,0.0007463262653333164,1.1096298954469944e-05,0.068234796592436,-0.0018995467753691406,0.9804980151986393,0.526190564649798,0.3710808277130127,-0.5784178660429783,1.5038286240577698,0.4097131450653076,0.4,0.0,1.4,0.0
transgastric_short_axis,2,159,53.0008,0.3710736671873995,-0.5784178618112965,1.5038296388680985,0.4097131459149699,-0.007160525613260736,4.231681647905931e-06,0.0010148103289763161,8.496623113302677e-07,0.04843936249278884,-0.04827723296597372,1.0655639902873917,0.7169723923801798,0.2801732063293457,-0.20390334761001963,1.5148002076148988,-0.4830328044891357,0.4,0.0,1.4,0.0
transgastric_short_axis,2,160,53.334,0.2801660439271089,-0.20390335255604128,1.5148009895757513,-0.483032793377278,-0.007162402236901697,-4.946022008823824e-06,0.000781960851712432,1.1111857888742972e-05,0.06781898123296737,0.0025768390285837023,0.9738595624551267,0.5499424523503352,0.37122716903686526,-0.5612939066813369,1.4936431325912476,0.45235180621147153,0.4,0.0,1.4,0.0
transgastric_short_axis,2,161,53.6675,0.3712200084663725,-0.561293901103049,1.4936441487744165,0.45235180815917087,-0.007160570492860441,5.578287504495075e-06,0.0010161831682913153,1.947700158677161e-06,0.04796937681766925,-0.0482313888231055,1.0663439796881755,0.7275098049323538,0.2784565925598145,-0.2388444788426716,1.5134849358558655,-0.48013617310523987,0.4,0.0,1.4,0.0
transgastric_short_axis,2,162,54.001,0.2784494300693412,-0.23884448388186472,1.51348570604757,-0.48013616157842065,-0.0071624904732227185,-5.03919275000702e-06,0.0007701917042428155,1.152681960967813e-05,0.06788712340743623,0.00010884757560337792,0.9722323020879386,0.561454332660847,0.37318100929260256,-0.5411491736294891,1.502153824710846,0.42642668380737303,0.4,0.0,1.4,0.0
transgastric_short_axis,2,163,54.3341,0.3731738487787122,-0.5411491689962515,1.5021548435910477,0.4264266848411902,-0.007160513890508684,4.6332380506769315e-06,0.0010188802017163537,1.033817370124456e-06,0.0497195543173099,-0.04677108577361924,1.0677600085834114,0.6970203692206134,0.28553147315979005,-0.2494660599255863,1.5193163984298705,-0.4557185386419296,0.4,0.0,1.4,0.0
transgastric_short_axis,2,164,54.6677,0.2855243105635285,-0.24946606424279505,1.519317151656442,-0.45571852727274803,-0.007162596261599161,-4.317208685342571e-06,0.0007532265707381375,1.1369181182667487e-05,0.06808946018782032,-0.001451540897179398,0.9789424629148706,0.5452100140861269,0.3725755691528321,-0.5487441761632589,1.5062069365024566,0.41088160972595217,0.4,0.0,1.4,0.0
transgastric_short_axis,2,165,55.0009,0.37256840864955726,-0.5487441720261188,1.5062079541951698,0.4108816103304429,-0.007160503274844545,4.137139766113479e-06,0.0010176927125159813,6.044907522390012e-07,0.04982589090658883,-0.04684779255058334,1.066898431393333,0.6942452634182746,0.2864408969879151,-0.23281791174339042,1.5186610095977784,-0.43881896309852597,0.4,0.0,1.4,0.0
transgastric_short_axis,2,166,55.3343,0.2864337343893966,-0.23281791593644396,1.5186617605949548,-0.43881895206355026,-0.007162598518355406,-4.19305393819183e-06,0.0007509971755852076,1.1034975877786383e-05,0.0682275300064613,-0.0008951576804318963,0.9799086955616121,0.5232056620329849,0.37049398422241214,-0.5750907456036287,1.5000848557949067,0.4253481010437012,0.4,0.0,1.4,0.0
transgastric_short_axis,2,167,55.6675,0.37048682367798835,-0.5750907409010377,1.5000858707244475,0.4253481022558683,-0.007160544423922133,4.702590802006274e-06,0.0010149295414780095,1.212167402806794e-06,0.04812740942444681,-0.048405757963967205,1.0652120930396018,0.7228682988332371,0.2806994915008545,-0.21022034490974156,1.513474075126648,-0.47987832441329953,0.4,0.0,1.4,0.0
transgastric_short_axis,2,168,56.001,0.28069232907861397,-0.2102203499353498,1.5134748541420464,-0.4798783132559236,-0.007162422240535554,-5.025608730524674e-06,0.0007790153983270291,1.1157375631465384e-05,0.06785855718059411,0.0020430595008672555,0.9744761553634722,0.5491690576894658,0.37173299789428715,-0.5614287292115222,1.494498695898056,0.45106349902153015,0.4,0.0,1.4,0.0
transgastric_short_axis,2,169,56.3342,0.3717258373232514,-0.5614287237158033,1.4944997117419252,0.45106350086804703,-0.007160571035856962,5.495718827534652e-06,0.0010158438689970258,1.8465166336402744e-06,0.04800477494232152,-0.048216284180401726,1.066794598485357,0.7269044761334688,0.27892622947692874,-0.23806082288596978,1.5136160136222838,-0.479128559589386,0.4,0.0,1.4,0.0
transgastric_short_axis,2,170,56.668,0.27891906698497626,-0.23806082790296546,1.5136167834872678,-0.47912854808175254,-0.007162491952473685,-5.016993985863727e-06,0.0007698649841825009,1.1507633428976722e-05,0.06789590948722334,0.00012769471580736935,0.9726942265086276,0.560184335017104,0.3731764078140259,-0.5423230659096717,1.501792237329483,0.42798782000541685,0.4,0.0,1.4,0.0
transgastric_short_axis,2,171,57.0009,0.37316924729672984,-0.542323061232105,1.5017932560298108,0.4279878210773287,-0.007160517296091055,4.677566286096976e-06,0.0010187003281525323,1.0719116030751442e-06,0.04961818086838306,-0.04685949759454773,1.0677779667662748,0.6988344825482324,0.28489768505096436,-0.2485625617198309,1.5193006690979003,-0.4593453668117523,0.4,0.0,1.4,0.0
transgastric_short_axis,2,172,57.3341,0.2848905224645025,-0.24856256607289207,1.5193014240247091,-0.45934535540714555,-0.007162586461803596,-4.353060768144951e-06,0.000754926809214317,1.140460706257473e-05,0.06806443008353506,-0.0012658492793949008,0.9783068319697366,0.5479639827394465,0.3727291107177735,-0.5435100659358444,1.5062211678028106,0.4126586497306824,0.4,0.0,1.4,0.0
transgastric_short_axis,2,173,57.6674,0.37272195021556265,-0.543510061768308,1.5062221858880296,0.41265865032606364,-0.007160502210950282,4.16753655696022e-06,0.0010180852185712082,5.95380999152239e-07,0.05001972909731931,-0.04662232746539206,1.0670494138624669,0.6911711754024409,0.2871516466140747,-0.24149804839163735,1.5190167921066284,-0.4318131373643875,0.4,0.0,1.4,0.0
transgastric_short_axis,2,174,58.0013,0.2871444839829242,-0.2414980524951962,1.519017538095233,-0.4318131263452745,-0.00716263115057065,-4.103558566803382e-06,0.0007459886043942836,1.1019112790213969e-05,0.06826547935895488,-0.0017282145363324616,0.9806011041556926,0.5212345223723993,0.37058329582214355,-0.5839680602022717,1.5023289071559907,0.41364491629600525,0.4,0.0,1.4,0.0
transgastric_short_axis,2,175,58.3341,0.3705761352849786,-0.5839680558272616,1.5023299211483367,0.41364491728152153,-0.0071605371650569445,4.3750097651004846e-06,0.0010139923460500333,9.855162117595787e-07,0.04804962468356888,-0.0486165080273736,1.0651630964587329,0.7235039629445724,0.2795546293258667,-0.19667105513315108,1.512864750766754,-0.48446220753192903,0.4,0.0,1.4,0.0
transgastric_short_axis,2,176,58.6677,0.27954746695687077,-0.1966710602559016,1.5128655373226616,-0.48446219653219735,-0.007162368995799948,-5.122750234409979e-06,0.0007865559083388182,1.0999731522171664e-05,0.06777731198926908,0.003116649130893781,0.9733671625335936,0.5482978825808296,0.37068212032318115,-0.566925743372798,1.4917312697410583,0.4549083844184875,0.4,0.0,1.4,0.0
transgastric_short_axis,2,177,59.0018,0.3706749597443923,-0.5669257376239157,1.4917322854048,0.4549083865707484,-0.007160578788869244,5.748882436987047e-06,0.001015663741584394,2.1522608167456718e-06,0.04761245078876428,-0.048542306405458445,1.0659225465344802,0.7332265695706909,0.2763254165649414,-0.23474905723478012,1.5115109046936035,-0.48512798895835874,0.4,0.0,1.4,0.0
transgastric_short_axis,2,178,59.3343,0.2763182541055527,-0.23474906249301913,1.511511679658681,-0.4851279774445079,-0.007162459388539764,-5.25823951417761e-06,0.0007749650768138981,1.1513851054092064e-05,0.06783599293377959,0.0005579790232743825,0.9702264701290295,0.564081825454915,0.37293052673339844,-0.5405812337210838,1.501316799545288,0.42611865105628965,0.4,0.0,1.4,0.0
transgastric_short_axis,2,179,59.6675,0.3729233662246467,-0.5405812290318195,1.5013178190993965,0.4261186521915148,-0.00716050875172396,4.689264552126591e-06,0.0010195541085298492,1.135224996558767e-06,0.04975166283842071,-0.046734724883964955,1.067565670345045,0.6962784037227697,0.2857271432876587,-0.24881067262607462,1.5192561026573181,-0.45467066552639007,0.4,0.0,1.4,0.0
transgastric_short_axis,2,180,60.001,0.28571998069052074,-0.24881067693754644,1.5192568556489077,-0.45467065417568475,-0.007162597137991871,-4.311471412930009e-06,0.0007529915903891537,1.1350705542190424e-05,0.0680976918884639,-0.0014427568061842607,0.9791429637285387,0.5439800337873667,0.37247939109802247,-0.550417099058641,1.5059236212730407,0.4114519852638245,0.4,0.0,1.4,0.0
transgastric_short_axis,2,181,60.3348,0.3724722305930512,-0.5504170948979576,1.5059246388482803,0.4114519858983252,-0.007160504971468631,4.160683843040267e-06,0.001017575239702786,6.345014146478746e-07,0.049730043159916304,-0.04694187089804358,1.0668207030461336,0.6958660232108217,0.2860887050628662,-0.23091916110994798,1.5185246887207031,-0.44377932028770445,0.4,0.0,1.4,0.0
transgastric_short_axis,2,182,60.6674,0.28608154247985507,-0.23091916536114937,1.5185254422927725,-0.4437793092129507,-0.007162583011196846,-4.25120145340097e-06,0.0007535720695674687,1.107475387188822e-05,0.06819248783617232,-0.0005957392492405506,0.9795617072603673,0.5265827870820314,0.37069315910339357,-0.5681795929035209,1.4998080944538117,0.4286840301990509,0.4,0.0,1.4,0.0
transgastric_short_axis,2,183,61.0009,0.37068599856163065,-0.5681795881236074,1.4998091102440707,0.42868403144938405,-0.007160541762763433,4.779913323494528e-06,0.0010157902595039582,1.250333316638617e-06,0.04836185136893725,-0.0481349047765445,1.0654263018281314,0.7193185750055746,0.2814464807510376,-0.2197009903309635,1.514673998451233,-0.4766365839958191,0.4,0.0,1.4,0.0
transgastric_short_axis,2,184,61.3344,0.2814393182903247,-0.21970099522500447,1.5146747720032074,-0.4766365727345343,-0.007162460712897036,-4.89404130265167e-06,0.0007735519743110862,1.1261284496109153e-05,0.0679081916320833,0.001288983736323304,0.9751469503527022,0.5501435161414074,0.3723337173461914,-0.556535607633368,1.4966871328353881,0.4459578327655792,0.4,0.0,1.4,0.0
transgastric_short_axis,2,185,61.6677,0.3723265567871404,-0.5565356023643385,1.496688149263706,0.44595783437580483,-0.007160559050988481,5.26902931935035e-06,0.001016428318360134,1.6102263332870734e-06,0.04840008531347299,-0.047890687181515956,1.0672559366534906,0.7202254399890988,0.2815566062927246,-0.23892949193809396,1.515050378894806,-0.47217076449394224,0.4,0.0,1.4,0.0
transgastric_short_axis,2,186,62.0009,0.2815494437747785,-0.23892949676232583,1.5150511444447554,-0.4721707530440967,-0.007162517946126119,-4.824231766140954e-06,0.0007655499494497715,1.144984543263505e-05,0.06795813145717378,-0.00016923992667673,0.9752362150833478,0.5543463038222948,0.37331662178039554,-0.545260511786083,1.5020792976379393,0.4288568655967712,0.4,0.0,1.4,0.0
transgastric_short_axis,2,187,62.3344,0.37330946125635633,-0.5452605071225024,1.5020803155799962,0.4288568666291308,-0.00716052403928057,4.663580401951349e-06,0.0010179420562505983,1.032359644862023e-06,0.04945632067574034,-0.04702284809852611,1.067898170627196,0.7016836953854508,0.28410294055938723,-0.24714093304043297,1.519055928182602,-0.46347291204929353,0.4,0.0,1.4,0.0
transgastric_short_axis,2,188,62.6675,0.28409577798605673,-0.24714093745266064,1.5190566853160306,-0.46347290060907476,-0.007162573330452459,-4.412226080062993e-06,0.0007571334288747471,1.14402183665839e-05,0.06803471397606334,-0.0010277413072264955,0.9775249834082944,0.550902945683781,0.37296738624572756,-0.5409806454667576,1.5058223168849945,0.4155592134475708,0.4,0.0,1.4,0.0
transgastric_short_axis,2,189,63.0011,0.37296022574107524,-0.5409806412307722,1.5058233351035248,0.415559214079126,-0.007160504652423512,4.235985296513697e-06,0.0010182185297672203,6.31555204434919e-07,0.05005320903308834,-0.046553441557196595,1.0673117288269607,0.6908539948765765,0.28723125457763676,-0.24732406697726794,1.5191886912345887,-0.4332804593324661,0.4,0.0,1.4,0.0
transgastric_short_axis,2,190,63.3343,0.2872240919390188,-0.24732407108611054,1.519189436417978,-0.43328044825099854,-0.0071626386178385935,-4.108842481094612e-06,0.00074518338998736,1.1081467451326216e-05,0.06824539714992042,-0.002075573320290354,0.9806681363366194,0.52519107967273,0.371036958694458,-0.5810448455929353,1.504178414440155,0.4072677957057953,0.4,0.0,1.4,0.0
transgastric_short_axis,2,191,63.6673,0.37102979816966375,-0.5810448414209127,1.5041794289831847,0.4072677965235174,-0.0071605247942623145,4.172022356319254e-06,0.001014543029514708,8.177220773184363e-07,0.04838514994044612,-0.04835813987579432,1.0654989646820605,0.7177553844063642,0.27978091239929204,-0.1997362079062102,1.5145092149734496,-0.48431043820381164,0.4,0.0,1.4,0.0
transgastric_short_axis,2,192,64.0011,0.27977375001373955,-0.1997362128891815,1.5145099992817954,-0.4843104271412691,-0.007162385552397563,-4.9829712463314165e-06,0.0007843083458356334,1.1062542708617309e-05,0.06779410363424526,0.0029025609931535275,0.9734852725296921,0.5495616759730855,0.3709136486053467,-0.5627072962061125,1.49270910987854,0.45353993253707886,0.4,0.0,1.4,0.0
transgastric_short_axis,2,193,64.3343,0.37090648803330434,-0.5627072905431624,1.4927101261217492,0.4535399345912454,-0.0071605720420977485,5.662950638101303e-06,0.0010162432092363331,2.054167033615107e-06,0.04786179417317528,-0.048318518712436725,1.066090946327328,0.7292321763495664,0.2777228116989136,-0.23794697274936888,1.5129409631252289,-0.48190647196769715,0.4,0.0,1.4,0.0
transgastric_short_axis,2,194,64.6677,0.2777156492174359,-0.2379469778529934,1.51294173473703,-0.48190646043654095,-0.007162481477739135,-5.103624938848407e-06,0.0007716118011820952,1.1531156136844505e-05,0.06787012259386561,0.00023039162967152145,0.971532729323886,0.5626383374527292,0.37311744689941406,-0.5404851726683267,1.5020221851825715,0.4257830919742584,0.4,0.0,1.4,0.0
transgastric_short_axis,2,195,65.0009,0.37311028638835664,-0.5404851680331627,1.502023204340583,0.42578309302607487,-0.007160511057342472,4.635163818063879e-06,0.0010191580109759992,1.0518171097706043e-06,0.049768599978128096,-0.046724942304850976,1.0677058673869597,0.6960942824738067,0.28580770492553714,-0.25019073102533207,1.51928493976593,-0.4539168747425079,0.4,0.0,1.4,0.0
transgastric_short_axis,2,196,65.3342,0.2858005423241725,-0.25019073532807645,1.5192856921210574,-0.4539168633886097,-0.0071626013645251126,-4.302743364902774e-06,0.0007523551269348329,1.1353897874376064e-05,0.06810106415651265,-0.001562589879961095,0.9792222079868889,0.5439728995003429,0.37251522541046145,-0.5513327687428159,1.5062711646080016,0.4096858059883118,0.4,0.0,1.4,0.0
transgastric_short_axis,2,197,65.6687,0.37250806490695093,-0.5513327646295051,1.506272182094233,0.40968580659021914,-0.00716050351055924,4.1133108606158794e-06,0.0010174862306974457,6.019069831810445e-07,0.049738985932714974,-0.04695279363769726,1.066834864189194,0.6956003598746352,0.28612039089202884,-0.2282712091664066,1.5184861144065858,-0.44153863949775696,0.4,0.0,1.4,0.0
transgastric_short_axis,2,198,66.0009,0.28611322830959096,-0.22827121339685613,1.518486867795918,-0.4415386284710493,-0.007162582437877733,-4.230449790336758e-06,0.0007533893322571009,1.1026707810308448e-05,0.0682103352903948,-0.0004917545916504618,0.979597715411354,0.5235202402046353,0.3703594207763672,-0.5717520154464021,1.4988909245967865,0.43083464183807374,0.4,0.0,1.4,0.0
transgastric_short_axis,2,199,66.3343,0.37035226022764944,-0.571752010578374,1.4988919398791083,0.430834643176901,-0.007160548717770554,4.868027388858348e-06,0.0010152823218647718,1.3388275373514628e-06,0.04812257321318826,-0.048345615885200116,1.065151451214782,0.7233100687868536,0.2810833930969239,-0.21505654141959538,1.513488306427002,-0.4778511131286621,0.4,0.0,1.4,0.0
transgastric_short_axis,2,200,66.6674,0.28107623065648696,-0.21505654642370867,1.5134890828193255,-0.4778511019242011,-0.0071624404368947885,-5.004113492860977e-06,0.0007763923241598818,1.120446170839636e-05,0.06788614583728134,0.0016463618234995557,0.9748609912385915,0.5491936166816825,0.3720693111419678,-0.5596479482919919,1.4954113716602324,0.4488934129714966,0.4,0.0,1.4,0.0
transgastric_short_axis,2,201,67.0018,0.37206215057570924,-0.5596479428922042,1.4954123877114185,0.44889341471952626,-0.007160566258632926,5.3997873678543115e-06,0.001016051186774326,1.748029305676542e-06,0.04815868320924551,-0.048092692837219966,1.0670728817443922,0.7242894206884986,0.2800060033798218,-0.2380950902790585,1.5141717833518982,-0.4763570138454437,0.4,0.0,1.4,0.0
transgastric_short_axis,2,202,67.3344,0.279998840878227,-0.23809509521998706,1.5141725515882491,-0.4763570023633754,-0.00716250159474854,-4.940928837759468e-06,0.0007682363513363604,1.1482068403858329e-05,0.06792089830801784,3.0660668175898353e-05,0.973739870473302,0.5577104246785926,0.37322449684143066,-0.5438218430368978,1.5017368101596833,0.42896697092056274,0.4,0.0,1.4,0.0
transgastric_short_axis,2,203,67.6675,0.37321733632031684,-0.5438218383449616,1.5017378285189924,0.4289669719950462,-0.00716052111373425,4.691935686270335e-06,0.0010183593090543086,1.0744836501970794e-06,0.04951939004713755,-0.046953004790139086,1.067828769381237,0.7005874333365045,0.28428344726562504,-0.24816015391793073,1.5192242694854736,-0.4625290585041046,0.4,0.0,1.4,0.0
transgastric_short_axis,2,204,68.0009,0.28427628468744964,-0.24816015830787008,1.5192250258707016,-0.4625290470654439,-0.00716257817532287,-4.389938249050952e-06,0.0007563852277301358,1.1438661013132815e-05,0.06804121357603074,-0.0011294953152152145,0.9776951032991705,0.5505662254717996,0.3729313850402832,-0.5406671830840769,1.5061977610588073,0.4139690528869629,0.4,0.0,1.4,0.0
transgastric_short_axis,2,205,68.3343,0.37292422453781804,-0.5406671788934589,1.5061987793028466,0.4139690534800913,-0.007160502465292078,4.190618422072066e-06,0.0010182440393255569,5.93128318742888e-07,0.05011460220011965,-0.046506436302003046,1.0672520654712399,0.6897120079526726,0.28749744892120366,-0.24657224411797096,1.5192032970428466,-0.4287963825702667,0.4,0.0,1.4,0.0
transgastric_short_axis,2,206,68.6676,0.2874902862746933,-0.24657224818208934,1.5192040407119363,-0.4287963715529392,-0.007162646510328882,-4.064117877983424e-06,0.0007436690894452387,1.1017327938363795e-05,0.0682756891662474,-0.0021785351786663765,0.9809367384567091,0.5210875558244886,0.37069149017333985,-0.5873974210603451,1.503701478624344,0.40677044920921324,0.4,0.0,1.4,0.0
transgastric_short_axis,2,207,69.0008,0.3706843296425584,-0.5873974168738345,1.5037024923593503,0.4067704500685734,-0.007160530781324812,4.18650945761726e-06,0.0010137350065579566,8.593600151397796e-07,0.048089778345650536,-0.04865385153874624,1.0651859068226148,0.7225728612735814,0.2790761709213257,-0.1908042152814366,1.5130722281455993,-0.48706962518692015,0.4,0.0,1.4,0.0
transgastric_short_axis,2,208,69.3343,0.27906900857596045,-0.19080422041387965,1.5130730181069714,-0.4870696142527515,-0.007162345365291403,-5.13244254341789e-06,0.0007899613720839652,1.0934168646973205e-05,0.06773217773557345,0.003601386750499423,0.9728725809302443,0.5486828517155362,0.3701054573059082,-0.5698542010805303,1.4909730784893036,0.45521885147094726,0.4,0.0,1.4,0.0
transgastric_short_axis,2,209,69.6676,0.37009829672477423,-0.5698541952759968,1.4909740939588083,0.45521885369938,-0.007160581133979747,5.80453354896199e-06,0.001015469504574274,2.2284332289210763e-06,0.04745745239687578,-0.04868502198079081,1.0653957184635134,0.7356143053716513,0.27544679641723635,-0.23184737677957068,1.510619575881958,-0.48732241802215576,0.4,0.0,1.4,0.0
transgastric_short_axis,2,210,70.001,0.27543963397440824,-0.23184738213672743,1.5106203533286058,-0.48732240653308434,-0.0071624428281716725,-5.357157178687934e-06,0.0007774466482029816,1.1489071507654908e-05,0.0678114082937229,0.0008299396943083634,0.9694043799672538,0.5647906549048288,0.37273232936859135,-0.5416270445975903,1.5007600935459138,0.4267877094268799,0.4,0.0,1.4,0.0
transgastric_short_axis,2,211,70.3344,0.3727251688597064,-0.5416270398619168,1.5007611132219845,0.42678771062591814,-0.007160508884862044,4.735673587522578e-06,0.0010196760701256162,1.1990384466594768e-06,0.04968126601560035,-0.04679867942379937,1.0674039316421615,0.6974269270700408,0.28534572124481206,-0.2466076350321446,1.5192105999469756,-0.45721291880607606,0.4,0.0,1.4,0.0
transgastric_short_axis,2,212,70.6675,0.28533855865756985,-0.24660763937056573,1.5192113545215902,-0.45721290744486415,-0.007162587242260357,-4.3384197121791e-06,0.0007545746150471251,1.1361212021652712e-05,0.06808211394548926,-0.001205669949269253,0.9787625408583875,0.5451766353281335,0.37249665260314946,-0.5469501002442242,1.5054727137565613,0.4145012286186218,0.4,0.0,1.4,0.0
transgastric_short_axis,2,213,71.001,0.37248949209686477,-0.5469500960081759,1.5054737316339226,0.4145012292934709,-0.007160506284882206,4.236048695328771e-06,0.0010178773613010348,6.748497606214435e-07,0.04980346638264543,-0.046829413783076215,1.0668653509462043,0.6948720837096742,0.28632674217224124,-0.2380488386610644,1.5187527640342713,-0.4436580733537674,0.4,0.0,1.4,0.0
transgastric_short_axis,2,214,71.3346,0.28631957957378007,-0.23804884289782383,1.518753515589486,-0.44365806221904025,-0.007162598461158172,-4.2367582840667865e-06,0.000751555213995628,1.1134727136532533e-05,0.06818814118079865,-0.0010862508231066154,0.9797846678788813,0.5296464511635012,0.37114639282226564,-0.567708275808415,1.5019729373931885,0.42090718631744384,0.4,0.0,1.4,0.0
transgastric_short_axis,2,215,71.6677,0.3711392322916352,-0.5677082712841243,1.50197395331028,0.4209071873485639,-0.007160530630535388,4.524291104980868e-06,0.0010159170917479385,1.0311195690915451e-06,0.04862075962328098,-0.04796861975568689,1.0657429203440054,0.7146237980311958,0.28149812221527104,-0.22037884805217273,1.5159237313270568,-0.47777340273857116,0.4,0.0,1.4,0.0
transgastric_short_axis,2,216,72.001,0.28149095975010585,-0.2203788528543103,1.5159245043902665,-0.47777339145252,-0.007162465165150803,-4.802138325554457e-06,0.0007730632091341342,1.1286051659957684e-05,0.06790344101278566,0.0012804273479003038,0.9751151106520506,0.551649468144858,0.3723344326019287,-0.5542569196197229,1.497288967037201,0.4447404948234558,0.4,0.0,1.4,0.0
transgastric_short_axis,2,217,72.3341,0.37232727204694843,-0.5542569144082803,1.4972899837575318,0.4447404963692687,-0.007160554980281603,5.211442222383213e-06,0.0010167203309798005,1.5458129192890183e-06,0.04854740100171377,-0.047758768542404566,1.0672180406202005,0.7177924192216547,0.2823730707168579,-0.24031516794277583,1.5156014672756195,-0.469768577170372,0.4,0.0,1.4,0.0
transgastric_short_axis,2,218,72.6674,0.2823659081875027,-0.2403151726972517,1.5156022310233856,-0.46976856573056547,-0.007162529355205863,-4.754477074826172e-06,0.0007637477662695699,1.1439807165065945e-05,0.06797896001167691,-0.0003457249711559538,0.9760183745321658,0.5528431449798377,0.373264217376709,-0.5451432910862275,1.5026069792747496,0.4272809363365173,0.4,0.0,1.4,0.0
transgastric_short_axis,2,219,73.0007,0.3732570568543731,-0.5451432864808747,1.5026079971636275,0.42728093731013495,-0.0071605223359649485,4.605352818312563e-06,0.001017888878215715,9.73617722131928e-07,0.04950944792922163,-0.04698723944174971,1.0678121436898604,0.7007094892134812,0.28435397148132324,-0.2468564949524449,1.519127271938324,-0.4622441516160965,0.4,0.0,1.4,0.0
transgastric_short_axis,2,220,73.3344,0.2843468089054223,-0.24685649934670795,1.5191280285873763,-0.46224414019284843,-0.007162575900950626,-4.394261964114571e-06,0.0007566490524299363,1.142324799341938e-05,0.06804443322083639,-0.0010504503092955897,0.9777722817758812,0.5497043971243186,0.37285699844360354,-0.541882832897914,1.5057344947814941,0.4154955471038818,0.4,0.0,1.4,0.0
transgastric_short_axis,2,221,73.6674,0.37284983793870474,-0.5418828286583126,1.5057355129647698,0.4154955477456239,-0.007160504898792307,4.2396012397892585e-06,0.0010181832756268095,6.4174149565018e-07,0.0500126815839811,-0.046597099058189526,1.0672072730130735,0.6915133261138559,0.2870776176452637,-0.24597958674569825,1.5191240886211395,-0.4351098368167877,0.4,0.0,1.4,0.0
transgastric_short_axis,2,222,74.0008,0.28707045501286294,-0.2459795908761151,1.5191248348128656,-0.4351098257219216,-0.00716263240076898,-4.130416510778812e-06,0.0007461917258394335,1.109486574999945e-05,0.06823596489738157,-0.0019208739842265544,0.9805174156632481,0.5260896577272132,0.3710774898529053,-0.5787086707504474,1.5038750630378723,0.40941297698020934,0.4,0.0,1.4,0.0
transgastric_short_axis,2,223,74.3344,0.3710703293274244,-0.5787086665262878,1.5038760778191245,0.4094129778255864,-0.007160525480901479,4.224159860008464e-06,0.0010147812527894896,8.453764594578478e-07,0.04843426108508928,-0.0482856465675157,1.0655578229578744,0.7170424481946357,0.28012919425964355,-0.20343652459925315,1.5147726812839508,-0.48317792630195616,0.4,0.0,1.4,0.0
transgastric_short_axis,2,224,74.6674,0.2801220318592434,-0.2034365295489962,1.5147734635035368,-0.48317791519543657,-0.007162400400098389,-4.949742926402953e-06,0.0007822195864128834,1.110651982996891e-05,0.06781627287854775,0.0026133999237324635,0.9738172320244862,0.5499008951235687,0.3711942434310913,-0.5613997049168296,1.49353340177536,0.45249992408752443,0.4,0.0,1.4,0.0
transgastric_short_axis,2,225,75.0008,0.3711870828604896,-0.5613996993283716,1.4935344179763428,0.4524999260479934,-0.007160570601657745,5.588457870790096e-06,0.001016200982930818,1.9604688768747918e-06,0.047959402583157056,-0.04823890810331867,1.0663181523084917,0.7276707201885253,0.2783831119537354,-0.23879729095710675,1.5134450507640838,-0.48032941918373107,0.4,0.0,1.4,0.0
transgastric_short_axis,2,226,75.3343,0.27837594946403743,-0.23879729600170785,1.513445821082989,-0.48032940765574245,-0.007162489698015263,-5.044601753038247e-06,0.0007703189046959722,1.1527988329459908e-05,0.0678853593802298,0.00011865294961941122,0.9721612721581046,0.5616073828099232,0.3731761455535889,-0.5410289568734074,1.502161314868927,0.42633867444992063,0.4,0.0,1.4,0.0
transgastric_short_axis,2,227,75.6674,0.3731689850400053,-0.5410289522416568,1.502162333774983,0.42633867548314974,-0.0071605135835861545,4.631750019927685e-06,0.001018906056493622,1.033228568586674e-06,0.04972773990117237,-0.04676337657928083,1.0677547325558188,0.6968744787855027,0.28557419776916504,-0.24966379963652469,1.5193150876522064,-0.45542305190563204,0.4,0.0,1.4,0.0
transgastric_short_axis,2,228,76.0007,0.2855670351719057,-0.24966380395110377,1.51931584071483,-0.45542304053822397,-0.0071625972593274845,-4.314576892670095e-06,0.0007530626227087189,1.136740755621572e-05,0.06809127612744041,-0.0014751258320798207,0.9789855086361503,0.5450443414450338,0.37257013320922855,-0.549156695654923,1.5062412039756774,0.41059305138587954,0.4,0.0,1.4,0.0
transgastric_short_axis,2,229,76.3342,0.37256297270603017,-0.5491566915244447,1.5062422216344213,0.4105930519876084,-0.0071605031984828295,4.1304781981089e-06,0.0010176587435634533,6.017296874686683e-07,0.049814953249417704,-0.0468626225937106,1.066890961483984,0.6944061681113731,0.2864006757736206,-0.2320177774774437,1.5186351685523987,-0.43901754591465,0.4,0.0,1.4,0.0
transgastric_short_axis,2,230,76.6677,0.28639351317723766,-0.23201778167391968,1.5186359198485953,-0.43901753488412637,-0.007162596382947719,-4.196477164059573e-06,0.0007512961953995621,1.1030523885833097e-05,0.06822671310818067,-0.0008337443231346544,0.9798700411751338,0.523019657637411,0.3704543590545655,-0.5748776511045304,1.4998513501167297,0.4262673306941986,0.4,0.0,1.4,0.0
transgastric_short_axis,2,231,77.0007,0.37044719850905494,-0.5748776463726497,1.4998523650595983,0.426267331930152,-0.007160545510636805,4.731880897605787e-06,0.0010149428690460138,1.2359535160105566e-06,0.048109739258785936,-0.048412283030788365,1.0651871038810645,0.7232095197477465,0.28073108196258545,-0.21058548926232665,1.5133935559272766,-0.47969668807983395,0.4,0.0,1.4,0.0
transgastric_short_axis,2,232,77.3343,0.2807239195392305,-0.21058549429282997,1.5133943347783232,-0.4796966769198761,-0.007162423354929556,-5.030503244036589e-06,0.0007788510467849543,1.1159958351690517e-05,0.0678606865866758,0.0020122176324266373,0.974513223473942,0.549126771141628,0.37176265716552737,-0.5613674973123964,1.4945408280372618,0.4509518956661224,0.4,0.0,1.4,0.0
transgastric_short_axis,2,233,77.6677,0.3717554965947024,-0.5613674918213091,1.4945418438876032,0.45095189750815035,-0.007160570824893316,5.491086683576869e-06,0.0010158503421985772,1.8420279444242517e-06,0.04801121652118982,-0.048211386039858674,1.0668215938418395,0.7267922584605787,0.27897851467132573,-0.2380216869015132,1.5136384840965271,-0.4790044102191925,0.4,0.0,1.4,0.0
transgastric_short_axis,2,234,78.0009,0.27897135217903957,-0.23802169191527248,1.5136392539013368,-0.479004398713184,-0.007162492286155793,-5.0137592141456785e-06,0.0007698048100560293,1.1506008337548235e-05,0.06789702096192513,0.00012611305975322555,0.9727451441766108,0.5600547771686359,0.37317743301391604,-0.5424356052716736,1.5017662090301513,0.42811758699417113,0.4,0.0,1.4,0.0
transgastric_short_axis,2,235,78.3343,0.373170272496298,-0.5424356005907263,1.5017672277102685,0.42811758806875044,-0.007160517618091891,4.680947412657525e-06,0.0010186801165199767,1.074579148392471e-06,0.0496090603486044,-0.046867587350430034,1.0677805975987893,0.6989974627391595,0.28483769893646244,-0.2485520755230387,1.5192956132411957,-0.4596543358325958,0.4,0.0,1.4,0.0
transgastric_short_axis,2,236,78.6675,0.2848305363507384,-0.2485520798795,1.5192963683006955,-0.45965432442437787,-0.00716258572392991,-4.356459834410079e-06,0.0007550594994446283,1.1408217713676317e-05,0.0680621684844269,-0.0012545586551926252,0.9782469340865467,0.5482297540461029,0.37274599075317383,-0.5430591594737804,1.5062408294677734,0.41273448758125303,0.4,0.0,1.4,0.0
transgastric_short_axis,2,237,79.0008,0.37273883025112864,-0.5430591553058535,1.5062418475839836,0.4127344881739816,-0.007160502045410912,4.1679266063677306e-06,0.0010181162096323509,5.927284592899697e-07,0.05003865313228723,-0.04660134513843498,1.0670649094152693,0.6908643176803104,0.2872209072113037,-0.24218545604206804,1.5190484380245208,-0.43102470459938047,0.4,0.0,1.4,0.0
transgastric_short_axis,2,238,79.3342,0.2872137445772045,-0.24218546013610556,1.519049183544431,-0.43102469358515816,-0.007162634099141743,-4.094038083376164e-06,0.0007455199103614437,1.1014222876756008e-05,0.06826955722344619,-0.0018022653947242211,0.9806688509205239,0.5208930131000111,0.37057290077209476,-0.5849694919959255,1.50249425239563,0.4126112744808197,0.4,0.0,1.4,0.0
transgastric_short_axis,2,239,79.6678,0.3705657402353442,-0.5849694876475382,1.50249526628083,0.4126112754503142,-0.00716053675055034,4.3483866137329065e-06,0.0010138852006383679,9.694939476322266e-07,0.048031922853453486,-0.048645397001483834,1.065142632492698,0.7237465173423842,0.27942507266998295,-0.1951554251896518,1.5127460317611694,-0.4849536555290222,0.4,0.0,1.4,0.0
transgastric_short_axis,2,240,80.001,0.2794179103073147,-0.19515543032744134,1.512746819209525,-0.4849536445491604,-0.007162362668187974,-5.137788224687642e-06,0.0007874483565239753,1.0979861642477055e-05,0.06776716719049021,0.003235940888536986,0.9732449598511488,0.5481948238941357,0.37053928375244144,-0.5680473919225337,1.4914758553504943,0.4551259735107422,0.4,0.0,1.4,0.0
transgastric_short_axis,2,241,80.3344,0.37053212317227346,-0.5680473861533873,1.4914768708904482,0.45512597568804924,-0.007160580167843501,5.769146483567234e-06,0.0010155399542574697,2.1773079503373518e-06,0.047550349159936,-0.048598929573918016,1.0657963614621517,0.7342028740983899,0.27597808837890625,-0.23376578903199846,1.5111560584545136,-0.4859668866634369,0.4,0.0,1.4,0.0
transgastric_short_axis,2,242,80.6677,0.2759709259255911,-0.2337657943292153,1.5111568343350497,-0.48596687515709386,-0.007162453315122894,-5.297216852118837e-06,0.0007758805366615619,1.1506342766203448e-05,0.06782676726826109,0.0006534319331297066,0.96990168998321,0.5644017216340365,0.3728618144989014,-0.5409061185681274,1.501131043624878,0.42625684447288514,0.4,0.0,1.4,0.0
transgastric_short_axis,2,243,81.001,0.37285465399033724,-0.5409061138644888,1.5011320632368061,0.42625684562965827,-0.0071605085639915925,4.703638297725941e-06,0.001019611927853961,1.1567728087004333e-06,0.04973175893057237,-0.046753189662350564,1.0675092104084911,0.6965909032471264,0.2856308460235596,-0.24794631040477577,1.519241871356964,-0.45539730448722837,0.4,0.0,1.4,0.0
transgastric_short_axis,2,244,81.3342,0.285623683429651,-0.24794631472388917,1.5192426248526116,-0.4553972931355713,-0.007162593908561037,-4.319113315332138e-06,0.0007534956475185962,1.1351657801177564e-05,0.06809365151662089,-0.0013589979191833412,0.9790470347875289,0.5442102672261016,0.3724709987640381,-0.5494587355732408,1.505726255607605,0.41259947748184206,0.4,0.0,1.4,0.0
transgastric_short_axis,2,245,81.6678,0.3724638382583529,-0.5494587313829695,1.5057272732696951,0.41259947813452946,-0.007160505685384278,4.190271152442082e-06,0.0010176620899113164,6.526878062336275e-07,0.0497413689810597,-0.04691674376328374,1.0668244760449854,0.6957583800187931,0.286130428314209,-0.23314448187206138,1.5185763708114624,-0.4444607374191284,0.4,0.0,1.4,0.0
transgastric_short_axis,2,246,82.0011,0.2861232657279562,-0.23314448612733807,1.5185771240419106,-0.4444607263174087,-0.007162586252830186,-4.2552769293143324e-06,0.0007532304479733103,1.1101719465848878e-05,0.06818618734132806,-0.0007242117864122068,0.9795994578350411,0.5281383659654876,0.3708839416503906,-0.5670394062558847,1.500527898645401,0.4264839835166931,0.4,0.0,1.4,0.0
transgastric_short_axis,2,247,82.3341,0.37087678111281286,-0.5670394015546176,1.5005289145950593,0.42648398469440796,-0.007160537577752715,4.701266324301627e-06,0.0010159496583759162,1.177714758556325e-06,0.04848406974863001,-0.04803956120219255,1.0655713394781579,0.7172004577970169,0.28156766891479496,-0.22126025034325889,1.5152745218753814,-0.47654033546447755,0.4,0.0,1.4,0.0
transgastric_short_axis,2,248,82.6679,0.2815605064472304,-0.22126025518692177,1.5152752944991859,-0.4765403241816542,-0.007162467564477203,-4.843662771127129e-06,0.000772623804556201,1.1282822913694921e-05,0.06791312805304273,0.001179350704660155,0.9752285921545489,0.5507840668097148,0.37241425514221194,-0.5550673528289477,1.497197025346756,0.4447850612640381,0.4,0.0,1.4,0.0
transgastric_short_axis,2,249,83.0011,0.37240709458626503,-0.5550673476114701,1.4971980419558575,0.44478506281940167,-0.007160555946795099,5.217477818263895e-06,0.00101660910108005,1.5553642925105826e-06,0.04850698651624169,-0.047798704115417506,1.06730392014732,0.7184304700393183,0.2822126388549805,-0.2394768339599433,1.5154391180992126,-0.47034915804862976,0.4,0.0,1.4,0.0
transgastric_short_axis,2,250,83.3344,0.28220547632954246,-0.2394768387333778,1.5154398824338369,-0.47034914661196353,-0.0071625254379443296,-4.773434234242906e-06,0.000764334624721806,1.1436666591582954e-05,0.06797401866246863,-0.0002688157494759409,0.9758681658904451,0.5529732292538425,0.37327132225036624,-0.5455378342405336,1.502289958333969,0.42836700925827026,0.4,0.0,1.4,0.0
transgastric_short_axis,2,251,83.6681,0.3732641617263257,-0.5455378295989874,1.5022909761877639,0.4283670102661814,-0.007160524040704366,4.641546341488253e-06,0.0010178537944568482,1.0079112000566958e-06,0.04945827181786677,-0.047027420505239906,1.0678393134358624,0.7016324307396304,0.2840733051300049,-0.2469205356542829,1.5190712830066682,-0.4636435940265655,0.4,0.0,1.4,0.0
transgastric_short_axis,2,252,84.001,0.28406614255742396,-0.2469205400667962,1.5190720402571696,-0.46364358258645666,-0.00716257258096723,-4.412513196814733e-06,0.0007572505010360587,1.1440108755814357e-05,0.0680337092837206,-0.0010069261163700898,0.977494193091055,0.5509572894998335,0.3729704380035401,-0.5410192196906717,1.5057562162399292,0.415851891374588,0.4,0.0,1.4,0.0
transgastric_short_axis,2,253,84.3344,0.37296327749848845,-0.5410192154464915,1.5057572344541015,0.41585189201285466,-0.007160505051598788,4.244179550930043e-06,0.0010182141721605238,6.382660927041056e-07,0.05004280175890659,-0.04656113101439716,1.0673189325076062,0.6910500449142679,0.287184476852417,-0.24749240788648538,1.5191875677108764,-0.4340664577960968,0.4,0.0,1.4,0.0
transgastric_short_axis,2,254,84.6678,0.28717731421512177,-0.24749241200309613,1.5191883131525206,-0.4340664467032588,-0.007162637295215639,-4.1166113129997615e-06,0.0007454416441589696,1.1092837374922466e-05,0.06823996565878135,-0.0020600300791989304,0.9806208371913061,0.5259286896267972,0.3710991382598877,-0.5799220735221148,1.5042731649398804,0.407308242559433,0.4,0.0,1.4,0.0
transgastric_short_axis,2,255,85.0009,0.3710919777361674,-0.5799220693539745,1.5042741796203183,0.4073082433685826,-0.007160523720451756,4.168140173332386e-06,0.0010146804378425597,8.091499930691848e-07,0.04843858826981957,-0.04830479650928107,1.065554759767667,0.7168810151806876,0.27991852760314945,-0.20131812559371726,1.514782418489456,-0.4839054079055786,0.4,0.0,1.4,0.0
transgastric_short_axis,2,256,85.3344,0.27991136521073706,-0.2013181305497278,1.514783201841131,-0.48390539682136324,-0.00716239241237777,-4.956010949002444e-06,0.0007833516748232595,1.1084215845602677e-05,0.06780354701735002,0.002781499518720992,0.9736052610009014,0.5498089544481146,0.3710367202758789,-0.561721780961161,1.4930828687667848,0.4530629967212677,0.4,0.0,1.4,0.0
transgastric_short_axis,2,257,85.6677,0.3710295597051489,-0.5617217753313841,1.4930838850751664,0.45306299873467637,-0.0071605707299756795,5.629776580807698e-06,0.0010163083818372598,2.0134090548921502e-06,0.047925187326807554,-0.04826353753652948,1.066189820262357,0.7282179136600965,0.2781122446060181,-0.23866040863826588,1.5133055465698242,-0.4810291872024536,0.4,0.0,1.4,0.0
transgastric_short_axis,2,258,86.0008,0.2781050821190361,-0.23866041370207922,1.5133063173373822,-0.4810291756698414,-0.007162486981980353,-5.063812869963937e-06,0.0007707675580228605,1.1532612155410939e-05,0.06787897715829065,0.0001518439081201351,0.9718989516943031,0.5621784000366976,0.3731576442718506,-0.5406271108320496,1.5021804147720337,0.4258263476371765,0.4,0.0,1.4,0.0
transgastric_short_axis,2,259,86.3341,0.37315048375982696,-0.5406271062077378,1.5021814338011312,0.42582634866983593,-0.007160512023680881,4.624312198822729e-06,0.0010190290976529687,1.0326587551650434e-06,0.049761345651071084,-0.046733240758570604,1.067735465238837,0.6962526043929915,0.285765814781189,-0.25025215017797203,1.5192943024635315,-0.45415197207927704,0.4,0.0,1.4,0.0
transgastric_short_axis,2,260,86.6676,0.28575865218019125,-0.25025215448228033,1.5192950548934325,-0.45415196072196856,-0.0071626009977706386,-4.30430945455722e-06,0.0007524299002892,1.1357307842478873e-05,0.0680993385048038,-0.001558723559096734,0.9791795106750845,0.544208177009814,0.37253196239471437,-0.5509721184745703,1.506308989906311,0.40965884141922,0.4,0.0,1.4,0.0
transgastric_short_axis,2,261,87.001,0.3725248018914619,-0.5509721143635367,1.5063100074194047,0.4096588420169551,-0.0071605032524566905,4.1110336507998625e-06,0.0010175130928422897,5.97735546306126e-07,0.049756828440682285,-0.046934396684942016,1.0668490924607663,0.6953037766598971,0.28618612289428713,-0.22875488499344623,1.5185138279914856,-0.44069768199920656,0.4,0.0,1.4,0.0
transgastric_short_axis,2,262,87.3341,0.2861789603088148,-0.22875488921375492,1.518514580891738,-0.44069767097763,-0.007162585472286856,-4.220308358162483e-06,0.00075290025183627,1.1021576764337809e-05,0.06821637048443284,-0.0005535365241544745,0.979662259750191,0.5230145041054133,0.3703352451324463,-0.5729498761763953,1.4989926034927368,0.43009910831451414,0.4,0.0,1.4,0.0
transgastric_short_axis,2,263,87.6674,0.37032808458343136,-0.572949871327895,1.4989936186187132,0.43009910964054043,-0.007160549015070458,4.848500555771624e-06,0.0010151259769948422,1.326026349746363e-06,0.04808672383770243,-0.048389639403940775,1.0651212714863842,0.7238348971001276,0.2809680461883545,-0.21356843774267556,1.5133121004581451,-0.47853739886283875,0.4,0.0,1.4,0.0
transgastric_short_axis,2,264,88.0011,0.28096088375434586,-0.2135684427684446,1.5133128777809395,-0.4785373876740511,-0.00716243400867738,-5.025767855490071e-06,0.0007773227948789795,1.1188787957186805e-05,0.06787670342885149,0.001770703154892965,0.9747566336607862,0.5491990810407351,0.37197604179382326,-0.5602338645377554,1.4950859242916108,0.44964804639816286,0.4,0.0,1.4,0.0
transgastric_short_axis,2,265,88.3344,0.3719688812259879,-0.5602338591039928,1.4950869402820093,0.4496480481817793,-0.007160567835239177,5.433762730893775e-06,0.0010159903985834612,1.7836166984201766e-06,0.04810678036989203,-0.048134109258875624,1.0670003358218538,0.7251707481360189,0.27964372634887696,-0.23808909816660584,1.513984903907776,-0.47729234733581544,0.4,0.0,1.4,0.0
transgastric_short_axis,2,266,88.6674,0.27963656385051816,-0.23808910313308967,1.513985672690973,-0.4772923358449006,-0.007162498358711579,-4.966484316786373e-06,0.0007687831962634202,1.1490914866230075e-05,0.06791249978173304,6.303528097437693e-05,0.9733890738182487,0.5585467618987012,0.3732087373733521,-0.5433744943916026,1.501729507255554,0.4287411426544189,0.4,0.0,1.4,0.0
transgastric_short_axis,2,267,89.0009,0.37320157685332966,-0.5433744897013751,1.5017305257220475,0.4287411437308455,-0.007160520022523549,4.69022791706286e-06,0.0010184664929575803,1.076426941265656e-06,0.049546883748874254,-0.04692637261647663,1.0678137236070564,0.7001014638841255,0.2844506978988648,-0.24830564989842233,1.519247863483429,-0.4616604810476303,0.4,0.0,1.4,0.0
transgastric_short_axis,2,268,89.3343,0.284443535318343,-0.24830565427808227,1.5192486194591686,-0.4616604696178256,-0.007162580521831343,-4.379660386257197e-06,0.0007559757391105442,1.1429805431131663e-05,0.06804755907676303,-0.0011691185395753256,0.9778614895494613,0.5498723642145134,0.3728691101074219,-0.5410757702519439,1.5062427020072937,0.4135331256866455,0.4,0.0,1.4,0.0
transgastric_short_axis,2,269,89.6674,0.37286194960538677,-0.5410757660706335,1.506243720240458,0.41353312627598715,-0.007160502035099632,4.181310917967593e-06,0.0010182331647387245,5.89341699768866e-07,0.0501082051307238,-0.046518187171130605,1.0671871795204833,0.6897802788035243,0.2874742984771729,-0.24563316774452781,1.5191785795211792,-0.42866015532016755,0.4,0.0,1.4,0.0
transgastric_short_axis,2,270,90.0009,0.28746713583199357,-0.24563317180849842,1.5191793233475952,-0.4286601443113816,-0.007162645179321416,-4.063972341068206e-06,0.0007438264159218202,1.1008785626116893e-05,0.06827848778065267,-0.0021190850354800717,0.9809153399745576,0.5205310087259005,0.3706251621246338,-0.5877341028787799,1.5034106732368469,0.4078398565292358,0.4,0.0,1.4,0.0
transgastric_short_axis,2,271,90.3343,0.37061800159189295,-0.587734098659498,1.503411686891753,0.407839857414265,-0.007160532740801971,4.219281766646455e-06,0.0010136549068676664,8.850289268743257e-07,0.04804093605927236,-0.04868971006982583,1.0651380621635547,0.7234099797756681,0.2790253639221192,-0.1905034861377178,1.5127752433776855,-0.48682469701766967,0.4,0.0,1.4,0.0
transgastric_short_axis,2,272,90.6674,0.27901820157835994,-0.19050349129253816,1.5127760335293816,-0.48682468609303486,-0.00716234375914164,-5.154820194972316e-06,0.0007901516960403834,1.0924635614461643e-05,0.06773247718803399,0.0036137727814153546,0.9728415538907684,0.5483109377644976,0.3700802087783814,-0.5707052683023248,1.4908309527397154,0.4554394366264343,0.4,0.0,1.4,0.0
transgastric_short_axis,2,273,91.0008,0.3700730481957134,-0.5707052624853468,1.490831968057007,0.4554394388673755,-0.007160582667818009,5.816978438724173e-06,0.001015317291741423,2.240941337372762e-06,0.047408773027936404,-0.04872899345406081,1.0653796108582407,0.7363936773015529,0.2751851320266724,-0.23119554729682776,1.510342252779007,-0.4879399815559387,0.4,0.0,1.4,0.0
transgastric_short_axis,2,274,91.3343,0.27517796958826884,-0.23119555268426906,1.510343030895383,-0.48793997007256806,-0.007162438403324509,-5.387442177537759e-06,0.0007781163760171349,1.148337111236956e-05,0.06780431595821663,0.0008952971984068055,0.9691603531440014,0.565060104518705,0.3726844310760498,-0.5418131745906516,1.5006378167152405,0.4267985701560974,0.4,0.0,1.4,0.0
transgastric_short_axis,2,275,91.6674,0.37267727056750255,-0.5418131698465345,1.500638836445047,0.42679857136955324,-0.007160508547171136,4.744117241608172e-06,0.0010197298061419733,1.2134557546842215e-06,0.049671750996833165,-0.046807846022215535,1.0673641777296643,0.6975623545511151,0.2852936744689942,-0.24630053926894485,1.5191860696792603,-0.4575057839870453,0.4,0.0,1.4,0.0
transgastric_short_axis,2,276,92.0008,0.28528651188309984,-0.2463005436119916,1.519186824464109,-0.45750577262508674,-0.0071625858942551334,-4.343047941232006e-06,0.0007547848488825623,1.1361957737548075e-05,0.06808025797505528,-0.0011747203265490818,0.978711887337486,0.5452890731076726,0.3724958419799805,-0.5465705373710499,1.5054008082389831,0.4149193666934967,0.4,0.0,1.4,0.0
transgastric_short_axis,2,277,92.3343,0.3724886814734568,-0.5465705331240994,1.5054018261511493,0.4149193673751217,-0.007160506523752893,4.246950867284411e-06,0.001017912166560494,6.816252972248395e-07,0.04980897984203762,-0.04681872778901299,1.0668689649551542,0.6948120945303122,0.2863347053527832,-0.2388733158838501,1.5187827246665955,-0.4438576860666275,0.4,0.0,1.4,0.0
transgastric_short_axis,2,278,92.6677,0.28632754275305095,-0.23887332012076218,1.518783476079597,-0.4438576749226617,-0.007162599732172019,-4.23691219254174e-06,0.0007514130017684604,1.1143965968857755e-05,0.06818590577517451,-0.0011356552136970524,0.9797904820995542,0.5301896268123124,0.37121081352233887,-0.5673289001887547,1.5022365909576416,0.42003870248794556,0.4,0.0,1.4,0.0
transgastric_short_axis,2,279,93.001,0.37120365299324654,-0.5673288956935969,1.5022376069268475,0.4200387034930566,-0.007160529092233525,4.495158259740094e-06,0.0010159692059696919,1.0051112960008926e-06,0.04866532723826418,-0.047934071815406376,1.0657905823344076,0.713846164234358,0.2815389156341553,-0.22083612113371773,1.51613008518219,-0.4777446592569351,0.4,0.0,1.4,0.0
transgastric_short_axis,2,280,93.3344,0.281531753166838,-0.22083612591850033,1.5161308579533666,-0.4777446479644184,-0.007162467317220109,-4.784783015289563e-06,0.0007727711757599945,1.1292517021374296e-05,0.06790500270395963,0.0012482404441539682,0.9751423137938382,0.5518420470080599,0.37235703468322756,-0.553811256256055,1.497445136833191,0.4443854613304138,0.4,0.0,1.4,0.0
transgastric_short_axis,2,281,93.6677,0.37234987412915804,-0.5538112510603107,1.4974461536045025,0.4443854628592856,-0.007160554069567164,5.195744413515488e-06,0.0010167713114111975,1.5288712984473144e-06,0.048579762560638055,-0.04773079084155814,1.0672306621871928,0.7172486484578647,0.2825707197189331,-0.2404853813871347,1.515718500995636,-0.4692159907579422,0.4,0.0,1.4,0.0
transgastric_short_axis,2,282,94.0007,0.28256355718731535,-0.24048538612635825,1.5157192643766013,-0.46921597932237114,-0.007162531617754146,-4.739224810857545e-06,0.0007633809652085352,1.1435570943865765e-05,0.0679836925136216,-0.0003762300277736488,0.9762087683944085,0.5524301968938286,0.37323610782623295,-0.5451876701690802,1.5026710201263427,0.427093869638443,0.4,0.0,1.4,0.0
transgastric_short_axis,2,283,94.3341,0.3732289473040435,-0.5451876655708441,1.5026720380017284,0.4270938706047538,-0.007160522189304196,4.598236700686271e-06,0.0010178753866571758,9.663110785173153e-07,0.049513016132987475,-0.046985896153679166,1.0677799473887517,0.7006404225054494,0.28438258171081543,-0.24675874861806057,1.5191220288276672,-0.4620904161214828,0.4,0.0,1.4,0.0
transgastric_short_axis,2,284,94.6674,0.2843754191347776,-0.2467587530111892,1.519122785440639,-0.4620904047009092,-0.0071625760378862865,-4.393128852557581e-06,0.0007566129722705071,1.1420574080238458e-05,0.0680456651658611,-0.0010490504295427193,0.977801363223429,0.5495240722804434,0.3728409051895142,-0.5420536081028153,1.5056989165306092,0.4155700741767883,0.4,0.0,1.4,0.0
transgastric_short_axis,2,285,95.002,0.3728337446844535,-0.5420536038601238,1.5056999347062545,0.41557007482238273,-0.007160505060615707,4.242691431318512e-06,0.0010181756451678426,6.455940987584712e-07,0.05000245909200731,-0.046607061603711246,1.0671934907435343,0.6916871244792726,0.28703720569610597,-0.24578989893586817,1.5191122916221618,-0.4356622359752655,0.4,0.0,1.4,0.0
transgastric_short_axis,2,286,95.3342,0.28703004306520713,-0.2457899030723807,1.519113038069956,-0.4356622248748479,-0.0071626308987882996,-4.136512890311313e-06,0.0007464477937314746,1.1100417395533035e-05,0.06823265542800595,-0.0018889356597752505,0.9804773687117572,0.5264640326207828,0.37110247611999514,-0.5779662105668577,1.5038492219924926,0.40980152893066407,0.4,0.0,1.4,0.0
transgastric_short_axis,2,287,95.6675,0.3710953155947074,-0.5779662063346356,1.503850236855917,0.4098015297784672,-0.007160525287926627,4.232222288199737e-06,0.001014863424686335,8.478035534977808e-07,0.04845865967551078,-0.048257105389339965,1.0655841771586767,0.7166607160639001,0.2802302837371826,-0.20455498983924839,1.5148983286857605,-0.48286024997234345,0.4,0.0,1.4,0.0
transgastric_short_axis,2,288,96.0029,0.2802231213322101,-0.20455499477536238,1.5148991102643699,-0.48286023885213336,-0.007162404972499301,-4.936113508870235e-06,0.0007815786091399618,1.1120209820681893e-05,0.0678226559524137,0.0025267652270601158,0.973910331142116,0.5500409642516002,0.37127008438110354,-0.5610793141541255,1.493816904258728,0.4521016349315643,0.4,0.0,1.4,0.0
transgastric_short_axis,2,289,96.3341,0.37126292381090786,-0.5610793085920884,1.4938179204274302,0.4521016368592363,-0.007160570195650355,5.562037306987471e-06,0.0010161687020508582,1.927671955933696e-06,0.04798789946444589,-0.048216928633888004,1.0663756712597137,0.7272093937252201,0.278585147857666,-0.23894803003599444,1.5135583394050598,-0.4797917194604874,0.4,0.0,1.4,0.0
transgastric_short_axis,2,290,96.6676,0.27857798536576006,-0.238948035065369,1.5135591093633964,-0.4797917079355154,-0.007162491905964717,-5.029373410614372e-06,0.0007699583369566018,1.1524972053571157e-05,0.06789027267970904,9.004684806642599e-05,0.9723563360381651,0.5611908974872322,0.3731902599334717,-0.5413523436923378,1.502147458076477,0.42656244292259216,0.4,0.0,1.4,0.0
transgastric_short_axis,2,291,97.0009,0.3731830994190639,-0.5413523390572013,1.5021484769107962,0.4265624439566835,-0.007160514407645264,4.6351360055340966e-06,0.0010188343192478353,1.0340920935439777e-06,0.049706116040885075,-0.04678386816477975,1.067769549103028,0.6972598734252281,0.2854619026184082,-0.2491409878250285,1.5193180837154387,-0.45619959404468535,0.4,0.0,1.4,0.0
transgastric_short_axis,2,292,97.3341,0.28545474002378357,-0.24914099214655616,1.51931883721066,-0.4561995826726741,-0.007162594624643076,-4.3215294743519126e-06,0.0007534952215610256,1.1372010876238473e-05,0.0680864861349039,-0.0014129325480716952,0.9788723990851214,0.5454785923341221,0.37258415222167973,-0.5480724978080165,1.5061505730628968,0.41135330243110657,0.4,0.0,1.4,0.0
transgastric_short_axis,2,293,97.6674,0.37257699171827674,-0.5480724936599599,1.5061515908107808,0.4113533030401637,-0.007160503403083917,4.148056575513257e-06,0.001017747883933032,6.090573193608937e-07,0.049843633117141704,-0.04682367430831698,1.0669103616099351,0.6939849997251947,0.2865060567855835,-0.23412213246941868,1.5187029544830322,-0.43850156764984133,0.4,0.0,1.4,0.0
transgastric_short_axis,2,294,98.001,0.2864988941836322,-0.23412213665698073,1.5187037049997665,-0.4385015566076554,-0.007162601951245502,-4.187562141879883e-06,0.0007505167349610615,1.1042185860026453e-05,0.06822869636382103,-0.000995050243501991,0.9799713078104049,0.5235168198084725,0.37055835723876956,-0.5754225588306958,1.500465168571472,0.42384257926940916,0.4,0.0,1.4,0.0
transgastric_short_axis,2,295,98.3343,0.370551196696145,-0.5754225541757373,1.5004661834825637,0.4238425804431394,-0.007160542624367255,4.654958203357012e-06,0.001014911091441547,1.1737299437643932e-06,0.048157144073529994,-0.0483942012401478,1.0652526188612166,0.7222979543723003,0.2806492328643799,-0.20964266781860055,1.513608897972107,-0.4801711895942688,0.4,0.0,1.4,0.0
transgastric_short_axis,2,296,98.6674,0.28064207044389,-0.20964267283589297,1.5136096772463086,-0.48017117844086504,-0.007162420489977768,-5.017292977220947e-06,0.0007792742018209688,1.1153404156897153e-05,0.06785513374301003,0.0020920297172737565,0.9744167361357745,0.5492430108713247,0.37168569564819337,-0.5615148658280295,1.494435216808319,0.45123333835601803,0.4,0.0,1.4,0.0
transgastric_short_axis,2,297,99.001,0.37167853507684645,-0.5615148603252959,1.4944362326435705,0.45123334020929917,-0.007160571347021415,5.502733811448942e-06,0.0010158352504712586,1.8532808511823787e-06,0.04799531321272076,-0.04822339975565568,1.0667513075590958,0.7270699918810304,0.2788477182388306,-0.23812748513700582,1.5135834314346313,-0.47931403462886807,0.4,0.0,1.4,0.0
transgastric_short_axis,2,298,99.3341,0.27884055574735434,-0.23812749015875534,1.513584201386566,-0.47931402311870785,-0.007162491476413027,-5.021749629513299e-06,0.0007699519344599252,1.1510159955148248e-05,0.06789425306961033,0.00012950035990558564,0.9726176929343262,0.5603816699926786,0.37317512035369876,-0.5421509799301714,1.501833807706833,0.42778446221351624,0.4,0.0,1.4,0.0
transgastric_short_axis,2,299,99.6675,0.37316795983689777,-0.5421509752579643,1.5018348264375438,0.4277844632811485,-0.007160516801146605,4.672207102874462e-06,0.0010187307107913778,1.0676319144337805e-06,0.04963227333856902,-0.04684703019613757,1.0677741107302257,0.698582505687611,0.28499057292938235,-0.24857660573339185,1.5193085337638854,-0.45886702659130096,0.4,0.0,1.4,0.0
transgastric_short_axis,2,300,100.0008,0.28498341034178276,-0.2485766100811897,1.5193092884859372,-0.4588670151923217,-0.007162587599535771,-4.347796270909082e-06,0.0007547220520710341,1.1398979627792753e-05,0.06806792749664604,-0.0012831816198754587,0.9783995803788896,0.5475516331147169,0.3727027416229248,-0.5442087087971239,1.5061902709007262,0.41254292678833004,0.4,0.0,1.4,0.0
transgastric_short_axis,2,301,100.3342,0.37269558112045076,-0.5442087046301409,1.506191288937365,0.41254292738784226,-0.007160502473969939,4.166982822247011e-06,0.001018036638533949,5.995120367378601e-07,0.049990337765974356,-0.04665485751161223,1.0670252173137749,0.6916479612270069,0.28704404830932617,-0.24043444843128695,1.5189677315711976,-0.43303862085342404,0.4,0.0,1.4,0.0
transgastric_short_axis,2,302,100.6677,0.28703688568280034,-0.24043445254967402,1.5189684782941946,-0.43303860982694947,-0.0071626265258258595,-4.118387808408621e-06,0.0007467229968075238,1.1026474343816171e-05,0.06825895315292305,-0.0016134679279452826,0.9804958468473457,0.5217713365044073,0.37059898376464845,-0.5824007482888679,1.5020736800193786,0.41523301706314086,0.4,0.0,1.4,0.0
transgastric_short_axis,2,303,101.0007,0.3705918232268813,-0.5824007438726977,1.5020746941816832,0.4152330180737396,-0.007160537767170748,4.416170277027361e-06,0.001014162304463168,1.0105984364899238e-06,0.0480781506771461,-0.04857070309291267,1.0651943197283522,0.7231135248462037,0.2797571182250977,-0.19903644152384584,1.5130497576713562,-0.48370055208206175,0.4,0.0,1.4,0.0
transgastric_short_axis,2,304,101.3342,0.27974995584632095,-0.1990364466232758,1.513050542847881,-0.483700541051948,-0.00716237877672931,-5.099430190875647e-06,0.00078517652501215,1.1030114140408518e-05,0.06779266201849124,0.0029306033510209818,0.9735581825989656,0.5484726236153722,0.37090244293212893,-0.5651496437911213,1.4921312441825867,0.4545413666725159,0.4,0.0,1.4,0.0
transgastric_short_axis,2,305,101.6674,0.37089528235556374,-0.565149638074312,1.4921322600444444,0.4545413687853914,-0.007160576565170169,5.716809842117917e-06,0.001015861857188136,2.1128754932303515e-06,0.047711289960242396,-0.04845205296782858,1.0661168205751022,0.731667552432717,0.2768793821334839,-0.23627536062858578,1.5120713557720185,-0.483794553565979,0.4,0.0,1.4,0.0
transgastric_short_axis,2,306,102.0008,0.27687221966459835,-0.23627536582537548,1.512072129303661,-0.48379454204172606,-0.0071624688855246605,-5.196790211649236e-06,0.0007735316422608824,1.1524252612080671e-05,0.06785031293478257,0.0004086983338275358,0.9707448075881717,0.5635635011799982,0.37302641868591313,-0.5402780702816811,1.5016306371688843,0.4258413279533386,0.4,0.0,1.4,0.0
transgastric_short_axis,2,307,102.3341,0.3730192581766991,-0.5402780656177255,1.5016316566001446,0.42584132905204,-0.007160509214027936,4.6639553947948705e-06,0.0010194312598108528,1.098701145834369e-06,0.049775053190570004,-0.04671486574316217,1.0676409035107983,0.6959153538822551,0.28584649562835696,-0.24983607286953918,1.5192684614181517,-0.4537668843269348,0.4,0.0,1.4,0.0
transgastric_short_axis,2,308,102.6673,0.2858393330273564,-0.2498360771719208,1.5192692138032733,-0.4537668729780323,-0.007162601000589044,-4.302381526272418e-06,0.000752385121567607,1.1348902800449206e-05,0.06810262000619433,-0.0015435632878571916,0.9792622108571609,0.5436729197907557,0.3724866390228272,-0.5516115892253796,1.5061535691261292,0.41007417068481444,0.4,0.0,1.4,0.0
transgastric_short_axis,2,309,103.0012,0.3724794785186886,-0.5516115850997094,1.506154586595084,0.41007417129849344,-0.007160504138426853,4.125670403715764e-06,0.001017468954944497,6.136789354387932e-07,0.049714321800903724,-0.046974178202417685,1.0668138025310052,0.6960332909711552,0.2860299110412598,-0.22818226374718717,1.5184584008216857,-0.44306419744491576,0.4,0.0,1.4,0.0
transgastric_short_axis,2,310,103.3342,0.28602274846260667,-0.2281822679948019,1.518459154876175,-0.4430641864021923,-0.0071625786531102605,-4.247615288290531e-06,0.000754054488736427,1.1042723056814665e-05,0.06819896952560812,-0.00043349762111816615,0.9795078843529177,0.5247822462140693,0.37046241760253906,-0.5694090994774048,1.4989266901016236,0.43138329591751096,0.4,0.0,1.4,0.0
transgastric_short_axis,2,311,103.6674,0.37045525705571225,-0.5694090946001106,1.4989277057079518,0.431383297257363,-0.007160546826771799,4.877294383201778e-06,0.001015606328255539,1.3398524588758077e-06,0.04821970867209161,-0.048243206832369816,1.0652514887867155,0.7217879529046154,0.281312894821167,-0.2179859353948985,1.513965429496765,-0.4766806823015213,0.4,0.0,1.4,0.0
transgastric_short_axis,2,312,104.0013,0.2813057323680905,-0.21798594034768212,1.5139662040773993,-0.47668067106533113,-0.0071624530765829145,-4.952784056983822e-06,0.000774580634597021,1.1236190491787534e-05,0.06790290627649084,0.0014075116344116163,0.9750600851715385,0.5493805213119995,0.37224569320678713,-0.5582236980633959,1.4961047730445862,0.4472672996520996,0.4,0.0,1.4,0.0
transgastric_short_axis,2,313,104.3344,0.3722385326441523,-0.5582236927357082,1.4961057892575012,0.44726730132476966,-0.00716056263487798,5.327687453148353e-06,0.0010162129138257306,1.6726698756543624e-06,0.048278089896478,-0.047995401330715406,1.0672050998580962,0.7222663994430238,0.28081171512603764,-0.2382555665406818,1.5146024674415588,-0.47423898439407347,0.4,0.0,1.4,0.0
transgastric_short_axis,2,314,104.6676,0.28080455261677456,-0.2382555714234203,1.5146032343966649,-0.47423897293090533,-0.007162509263029002,-4.882739153689446e-06,0.0007669551064236183,1.1463168002026241e-05,0.06793981815290592,-5.266326603795522e-05,0.9745190630681497,0.5558864783136254,0.3732638835906983,-0.5447290863129362,1.5018104009628295,0.42927069683074953,0.4,0.0,1.4,0.0
transgastric_short_axis,2,315,105.0028,0.37325672306746926,-0.5447290816237814,1.5018114190901208,0.42927069789461836,-0.007160523228967873,4.689155007196938e-06,0.001018127291766297,1.063868672529373e-06,0.04946827903161898,-0.0470040683805263,1.067862944987012,0.701486901057928,0.2841519832611084,-0.24752798605417317,1.5190802711963654,-0.4631733993530273,0.4,0.0,1.4,0.0
transgastric_short_axis,2,316,105.3342,0.2841448206862471,-0.24752799046172014,1.5190810280943587,-0.4631733879125965,-0.007162574861324361,-4.407546945941133e-06,0.000756897993331771,1.144043020357324e-05,0.06803663058206287,-0.0010643329908385782,0.9775726563361227,0.5508197592300782,0.3729598045349121,-0.5408628630063597,1.5059543309211731,0.4150019456863403,0.4,0.0,1.4,0.0
transgastric_short_axis,2,317,105.6677,0.37295264403103257,-0.540862858786309,1.505955349149331,0.41500194630438436,-0.007160503879568676,4.220051075851177e-06,0.001018228157119896,6.180433162210471e-07,0.05007510421065495,-0.0465365851230367,1.0672958278858453,0.6904472050267092,0.28732678890228275,-0.247070525719114,1.5191943088531494,-0.4316896433830261,0.4,0.0,1.4,0.0
transgastric_short_axis,2,318,106.001,0.2873196262608366,-0.24707052981205246,1.5191950534948742,-0.431689632324055,-0.007162641446084208,-4.092938469972737e-06,0.0007446417251254133,1.1058971287243737e-05,0.06825617439933698,-0.0021129915797709915,0.9807644997858629,0.5237405013566638,0.3709157943725586,-0.5832991906497413,1.5040132564544677,0.4070788564682007,0.4,0.0,1.4,0.0
transgastric_short_axis,2,319,106.3341,0.3709086338457144,-0.5832991864730015,1.5040142707182609,0.4070788573006272,-0.007160526844272436,4.176739774478894e-06,0.0010142637925970024,8.324272547883448e-07,0.048280919691789104,-0.048463057663045955,1.0653890387290954,0.7194556366441396,0.2795263767242432,-0.19656057555980483,1.514000820493698,-0.48526552698612213,0.4,0.0,1.4,0.0
transgastric_short_axis,2,320,106.6676,0.27951921435275245,-0.19656058059522372,1.5140016067778816,-0.48526551596753076,-0.00716237149079407,-5.0354186537510835e-06,0.0007862841834685667,1.1018591206727783e-05,0.06777320800777428,0.0031502495791354826,0.9732633401147057,0.5492091303768375,0.37063069343566896,-0.5653206062495367,1.492090984582901,0.45419195079803465,0.4,0.0,1.4,0.0
transgastric_short_axis,2,321,107.0009,0.3706235328602309,-0.5653206005355554,1.4920920005383067,0.45419195291453107,-0.007160575438257969,5.713980976387617e-06,0.00101595540591999,2.116496327371232e-06,0.047713233094748446,-0.04845368376803412,1.0658481599008311,0.7315884258700093,0.2768857479095459,-0.2357793260696125,1.5120992566108704,-0.48389361090660094,0.4,0.0,1.4,0.0
transgastric_short_axis,2,322,107.3344,0.2768785854419145,-0.23577933126492745,1.5121000303169012,-0.48389359938752335,-0.007162467631377595,-5.1953134459979425e-06,0.0007737060314577861,1.1519077319946204e-05,0.06784935834566555,0.00044568937905501045,0.9707492409262295,0.5634449468224766,0.3730080842971802,-0.5403804979539191,1.501507049560547,0.4263133951663971,0.4,0.0,1.4,0.0
transgastric_short_axis,2,323,107.6677,0.37300092378730065,-0.5403804932751101,1.5015080689852818,0.4263133962785002,-0.007160509879395759,4.678808860113033e-06,0.0010194247347973706,1.112102497144636e-06,0.049756195972858436,-0.046729066453745555,1.0676303413769868,0.6962664917574454,0.28572490215301516,-0.249560435696716,1.519290557384491,-0.45456261999607084,0.4,0.0,1.4,0.0
transgastric_short_axis,2,324,108.0008,0.28571773955415014,-0.24956044000486133,1.519291310138697,-0.45456260864001596,-0.007162598865035508,-4.308145831329221e-06,0.0007527542059994797,1.1356054949301664e-05,0.06809747315032287,-0.0014975444721577304,0.9791385218186557,0.544241150700915,0.3725156784057617,-0.5504558605360693,1.5061400868415833,0.41054642515182493,0.4,0.0,1.4,0.0
transgastric_short_axis,2,325,108.3344,0.3725085179018108,-0.5504558564015563,1.5061411044034534,0.4105464257652329,-0.007160503950924187,4.134512522538198e-06,0.0010175618695271677,6.134076749656324e-07,0.04975499232489353,-0.046926136492373705,1.0668433186620525,0.6953932219883355,0.28617990016937256,-0.2301652784619954,1.518537796497345,-0.4417031420946121,0.4,0.0,1.4,0.0
transgastric_short_axis,2,326,108.6676,0.28617273758316947,-0.23016528269123715,1.5185385494177943,-0.44170313104948894,-0.007162586203025976,-4.229241301800193e-06,0.0007529204496049144,1.1045122845670922e-05,0.06820825161856327,-0.0006153612159043188,0.9796536566171321,0.5244861739861634,0.37050781250000003,-0.5711996175796707,1.4994476305961608,0.42895405039787293,0.4,0.0,1.4,0.0
transgastric_short_axis,2,327,109.0008,0.3705006519546725,-0.5711996127759863,1.4994486459930547,0.4289540516807797,-0.00716054532727965,4.80368437817201e-06,0.0010153968942077985,1.2829060568892173e-06,0.048206877165456234,-0.04828492438459267,1.0652647050085782,0.7218246468594329,0.2811483860015869,-0.21581529265891577,1.5139103768348694,-0.4779602821826935,0.4,0.0,1.4,0.0
transgastric_short_axis,2,328,109.3347,0.2811412235575642,-0.2158152976293219,1.5139111527563642,-0.47796027096487026,-0.007162444022611389,-4.970405159010716e-06,0.0007759214952058764,1.121782311157438e-05,0.06788794288843207,0.001598201662447847,0.9748980395140785,0.5496593697657866,0.37210581302642826,-0.5587320913543029,1.495711914253235,0.4482545024871826,0.4,0.0,1.4,0.0
transgastric_short_axis,2,329,109.6675,0.37209865246206164,-0.5587320859843629,1.4957129304262695,0.4482545042031365,-0.0071605643666052985,5.369940142532139e-06,0.0010161730339564984,1.7159539958604638e-06,0.04822286488189187,-0.04803740408293461,1.0670901718111812,0.72322409714559,0.2803890466690064,-0.23853270174161817,1.5144122174263,-0.47528386144638063,0.4,0.0,1.4,0.0
transgastric_short_axis,2,330,110.001,0.28038188416266474,-0.23853270665134674,1.5144129849004608,-0.4752838499695015,-0.007162506341641504,-4.909730763874713e-06,0.00076747416143609,1.1476879004531966e-05,0.06793058000432069,-3.577576662533617e-05,0.9741080152116397,0.5569483054418572,0.3732550382614136,-0.5440424276765621,1.5019096455574035,0.42864395785331727,0.4,0.0,1.4,0.0
transgastric_short_axis,2,331,110.3341,0.37324787774005874,-0.54404242300161,1.5019106638251154,0.42864395890782614,-0.007160521354887188,4.67495189295336e-06,0.0010182677117680373,1.0545088368808386e-06,0.0495190471604752,-0.04695796872988206,1.0678481114280982,0.7005849420165434,0.28430938720703125,-0.24793563695446943,1.5192081656455994,-0.4624195149421692,0.4,0.0,1.4,0.0
transgastric_short_axis,2,332,110.6675,0.2843022246291041,-0.24793564134451718,1.5192089220503604,-0.46241950350688493,-0.007162577927085962,-4.390046425949176e-06,0.0007564047611872294,1.1435284689870946e-05,0.06804222611610819,-0.0011179509371907126,0.9777221980715123,0.5503640811268975,0.3729139566421509,-0.5409137959622073,1.506117429113388,0.4142154790878296,0.4,0.0,1.4,0.0
transgastric_short_axis,2,333,111.001,0.3729067961392808,-0.5409137917634067,1.506118447346358,0.41421547968944683,-0.007160502870301915,4.198800910236569e-06,0.0010182329703597567,6.016170886411527e-07,0.05009579892607047,-0.04652360018481873,1.0672397872733883,0.6900415641806404,0.2874208450317383,-0.24640390320875355,1.5191870059490205,-0.4299270219326019,0.4,0.0,1.4,0.0
transgastric_short_axis,2,334,111.3341,0.28741368238783926,-0.2464039072848242,1.5191877500797863,-0.4299270109015487,-0.0071626438990484995,-4.076070864776145e-06,0.0007441307661039166,1.1031053233732048e-05,0.06826882199887922,-0.002128121303536558,0.9808603720435964,0.5219516442262795,0.3707575798034668,-0.5858580099205491,1.5037129011154176,0.40732565717697145,0.4,0.0,1.4,0.0
transgastric_short_axis,2,335,111.6692,0.37075041927354335,-0.5858580057249406,1.5037139150388183,0.40732565803574605,-0.007160529923370873,4.195608614160729e-06,0.0010139234011272505,8.58774290844368e-07,0.048148400069414336,-0.04859041701103868,1.0652507155187514,0.7216341931419346,0.2792403221130371,-0.19303646442357342,1.5133358817100524,-0.48623381717205044,0.4,0.0,1.4,0.0
transgastric_short_axis,2,336,112.0017,0.27923315975755386,-0.1930364695249718,1.5133366702331799,-0.4862338062063041,-0.007162355483415297,-5.101398215194977e-06,0.0007885231275880948,1.0965746593804613e-05,0.06774947428602236,0.0034219938468480334,0.9730201640670622,0.5487405793143278,0.3703124523162842,-0.5683586072630447,1.491373427438736,0.454911754989624,0.4,0.0,1.4,0.0
transgastric_short_axis,2,337,112.3346,0.3703052917368238,-0.5683586014902643,1.4913744430443305,0.4549117571775376,-0.007160579460384933,5.772780385956599e-06,0.001015605594755674,2.1879138997797607e-06,0.04754116066726805,-0.048609527200518685,1.0655765750471413,0.7343073411364078,0.2759215831756592,-0.23320852257389937,1.511110930252075,-0.4861861610412598,0.4,0.0,1.4,0.0
transgastric_short_axis,2,338,112.6676,0.27591442072442,-0.23320852787716473,1.511111706433157,-0.4861861495405473,-0.007162451239107095,-5.303264521053179e-06,0.0007761810822861003,1.1500712115173966e-05,0.06782430611575357,0.0006986994885368296,0.9698479417155905,0.5643635634680378,0.37282834053039554,-0.5411742656003847,1.5010196275234222,0.4265948378562927,0.4,0.0,1.4,0.0
transgastric_short_axis,2,339,113.0007,0.3728211800212575,-0.5411742608848199,1.5010206471198,0.42659483902522943,-0.007160509137964349,4.7155654442300455e-06,0.0010195963776644095,1.1689366401629165e-06,0.04970904364624518,-0.04677297293742249,1.0674828273969639,0.6969911023299599,0.28550224304199223,-0.24737237838391768,1.519249361515045,-0.4562738402366638,0.4,0.0,1.4,0.0
transgastric_short_axis,2,340,113.3343,0.2854950804510476,-0.24737238271058148,1.5192501154976181,-0.45627382887979834,-0.007162590944550519,-4.326663550217248e-06,0.0007539825729958591,1.135686532149601e-05,0.06808811335678065,-0.0012899126826496953,0.9789172390113756,0.5447117304553384,0.3724871635437012,-0.5482219261123051,1.5056303815841674,0.4134258291721344,0.4,0.0,1.4,0.0
transgastric_short_axis,2,341,113.6681,0.37248000303784695,-0.5482219219028903,1.5056313993504755,0.4134258298327733,-0.00716050585417186,4.209414513309057e-06,0.001017766307071151,6.606385438190595e-07,0.04977530858482429,-0.04687154035104546,1.066846300840781,0.6952578911377796,0.2862545490264893,-0.23551005551627027,1.5186538939476013,-0.443783065366745,0.4,0.0,1.4,0.0
transgastric_short_axis,2,342,114.0008,0.286247386433661,-0.2355100597603312,1.5186546462480761,-0.44378305425223014,-0.007162592828313317,-4.244061058815274e-06,0.0007523004751419861,1.1114514694708082e-05,0.06818944391863428,-0.0009087729476481834,0.9797189537645614,0.5286085221212211,0.3709939002990723,-0.5678063966498276,1.5012033236503601,0.42375251011848447,0.4,0.0,1.4,0.0
transgastric_short_axis,2,343,114.3342,0.37098673976446667,-0.5678063920341063,1.501204339529342,0.42375251122672886,-0.007160534605680231,4.615721357662452e-06,0.0010158789821448654,1.1082442337143297e-06,0.04852986802408118,-0.04802615797792667,1.0656389880013744,0.7162781423545,0.28150238990783694,-0.22038502741813956,1.515499413871765,-0.4774200545310974,0.4,0.0,1.4,0.0
transgastric_short_axis,2,344,114.6677,0.2814952274436445,-0.22038503225201053,1.5155001870350064,-0.4774200432507088,-0.007162464192424986,-4.833871726101507e-06,0.0007731632407294544,1.1280388767089017e-05,0.06790508007952194,0.0012683867683129877,0.9751476891912134,0.551255960931021,0.3723515510559082,-0.5548104410075391,1.497140287399292,0.4450146346092224,0.4,0.0,1.4,0.0
transgastric_short_axis,2,345,115.0009,0.37234439050000573,-0.5548104357822323,1.497141304054069,0.44501463617124504,-0.007160555902416443,5.225306940043298e-06,0.0010166547769966722,1.5620224082346108e-06,0.04851227666804199,-0.047790442367352914,1.067244729791766,0.7183689245433974,0.2821852684020996,-0.23993991190042685,1.5154690787315368,-0.47033502037525177,0.4,0.0,1.4,0.0
transgastric_short_axis,2,346,115.335,0.2821781058755351,-0.23993991667148293,1.515469842917093,-0.47033500893347147,-0.007162526564503478,-4.771056820745563e-06,0.0007641855561393221,1.144178094798752e-05,0.06797410612306604,-0.00030080072044253933,0.9758388275087317,0.5531739939649565,0.37328615188598635,-0.5452320492519328,1.5024654152870178,0.4277430790901184,0.4,0.0,1.4,0.0
transgastric_short_axis,2,347,115.6677,0.3732789913630308,-0.5452320446305615,1.5024664331749769,0.4277430800793196,-0.007160522955733061,4.621371405241471e-06,0.0010178879587326463,9.89200803013637e-07,0.04949137113906994,-0.04700041404160136,1.067843062303775,0.7010388771515778,0.284223747253418,-0.24698626163774823,1.519127646446228,-0.46291358449459075,0.4,0.0,1.4,0.0
transgastric_short_axis,2,348,116.0011,0.2842165846787899,-0.24698626603859053,1.5191284033409875,-0.4629135730623779,-0.007162574628034729,-4.400840057911333e-06,0.0007568947602475276,1.1432212358239185e-05,0.06803929878286272,-0.0010363961893834405,0.9776414927329939,0.5503531298022024,0.3729146003723145,-0.5413725670718655,1.5057854278564453,0.4155307508468628,0.4,0.0,1.4,0.0
transgastric_short_axis,2,349,116.3341,0.37290743986755703,-0.5413725628344116,1.5057864460596937,0.4155307514826747,-0.007160504757642702,4.237454648366501e-06,0.0010182032481637995,6.358111478147159e-07,0.050035635860707244,-0.046572397886470496,1.0672614362062471,0.6911402435122165,0.2871637105941773,-0.24674264481584401,1.5191609776496886,-0.43407582049369814,0.4,0.0,1.4,0.0
transgastric_short_axis,2,350,116.6684,0.2871565479582426,-0.2467426489340282,1.5191617232687369,-0.4340758094062946,-0.007162635934669982,-4.1181846530870825e-06,0.000745619048466654,1.1087403321764816e-05,0.06824134135015075,-0.002008521412400908,0.9806018364435944,0.5255824427012249,0.37105488777160645,-0.580031242320862,1.5040473366737366,0.4081995713710785,0.4,0.0,1.4,0.0
transgastric_short_axis,2,351,117.0014,0.371047727246514,-0.5800312381262713,1.5040483513199758,0.4081995722006724,-0.007160525092527755,4.19459000501194e-06,0.0010146462395007598,8.29593314593755e-07,0.048406450115582283,-0.04832672095835274,1.0655248118684622,0.7174450651144689,0.27993254661560063,-0.2013422812970421,1.5146241888999938,-0.4838180539369583,0.4,0.0,1.4,0.0
transgastric_short_axis,2,352,117.3343,0.27992538422356855,-0.20134228626550724,1.5146249722968887,-0.48381804285511193,-0.007162392032021647,-4.9684655107311686e-06,0.0007833968952761308,1.1081846926964513e-05,0.06780389083130282,0.0027770429938825053,0.9736297836615677,0.5497048412181692,0.3710463285446167,-0.561889560109836,1.4930326847076416,0.4531657991409302,0.4,0.0,1.4,0.0
transgastric_short_axis,2,353,117.6676,0.3710391679735218,-0.5618895544750694,1.4930337009889891,0.45316580115971306,-0.007160571094814066,5.634766744526115e-06,0.00101628134783023,2.0187830828145394e-06,0.04791381733683796,-0.04827334063300847,1.0662026317738653,0.7284044989429233,0.2780484199523926,-0.23856303681090987,1.5132561115264893,-0.48120071182250973,0.4,0.0,1.4,0.0
transgastric_short_axis,2,354,118.0039,0.2780412574662839,-0.23856304188068964,1.5132568824317252,-0.4812007002896425,-0.007162486108607279,-5.0697780954295685e-06,0.0007709052363663503,1.1532867237264668e-05,0.06787734231145082,0.00016432429141196268,0.9718382259750262,0.5622877334685232,0.3731513023376465,-0.5405694367496925,1.5021633746623992,0.4257696096897125,0.4,0.0,1.4,0.0
transgastric_short_axis,2,355,118.3342,0.37314414182589495,-0.5405694321248279,1.5021643937192586,0.4257696107246094,-0.007160511751446599,4.624865144944243e-06,0.001019056859296988,1.0348971974079733e-06,0.049765606205035305,-0.046729201004578516,1.0677303164189662,0.6961708646780872,0.285790228843689,-0.25030364489436224,1.519290931892395,-0.4539949596405029,0.4,0.0,1.4,0.0
transgastric_short_axis,2,356,118.6677,0.285783066242272,-0.2503036491974545,1.51929168424972,-0.45399494828464465,-0.007162601416974839,-4.303092311179221e-06,0.0007523573243734234,1.1355857588408459e-05,0.0681003559505301,-0.0015676084035703636,0.979204272521845,0.5440949767804254,0.37252602577209476,-0.5511990697337156,1.5063112369537353,0.40956783599853513,0.4,0.0,1.4,0.0
transgastric_short_axis,2,357,119.0018,0.37251886526880423,-0.5511990656243662,1.5063122544487184,0.4095678365963735,-0.007160503290482005,4.109349411274564e-06,0.0010174949834042893,5.978388709364515e-07,0.04974879213422465,-0.046943866909459744,1.0668430871093286,0.6954306082791375,0.286156439781189,-0.22836670845862117,1.5184982859134675,-0.44096976199150084,0.4,0.0,1.4,0.0
transgastric_short_axis,2,358,119.3341,0.28614927719720534,-0.22836671268257366,1.5184990390375752,-0.44096975097028046,-0.007162583983593962,-4.223952990414659e-06,0.0007531241082292127,1.1021220332961037e-05,0.06821452479430537,-0.0005177368221063816,0.9796333987752721,0.5230771320443897,0.3703202724456787,-0.5727028887912364,1.4989128333091735,0.4305277326107025,0.4,0.0,1.4,0.0
transgastric_short_axis,2,359,119.6676,0.37031311189624727,-0.5727028839307251,1.4989138484516866,0.4305277339450564,-0.007160549431325906,4.860511262894369e-06,0.0010151425136916557,1.3343538585659717e-06,0.0480857180481924,-0.048385629977772425,1.065111165222819,0.7238839573434701,0.28098921775817876,-0.2138936970967475,1.5133074191093445,-0.4783430292606354,0.4,0.0,1.4,0.0
transgastric_short_axis,2,360,120.0022,0.28098205532284243,-0.21389370212089476,1.5133081962350987,-0.47834301806900265,-0.007162435336247223,-5.0241465267957336e-06,0.0007771257536711537,1.1191632562774752e-05,0.06787903212863952,0.0017420641293973685,0.9747782939766054,0.5491507782308707,0.37199785709381106,-0.5601720708780871,1.4951415387153626,0.44951135101318357,0.4,0.0,1.4,0.0
transgastric_short_axis,2,361,120.3344,0.37199069652620353,-0.5601720654503108,1.4951425547095258,0.44951135279064136,-0.007160567607438001,5.427775971174789e-06,0.0010159941635704784,1.7774576152066625e-06,0.04811403748841233,-0.04812873632935548,1.0670186193345066,0.7250447062052671,0.2797012805938721,-0.23804340830915416,1.5140099959373474,-0.47715265588760375,0.4,0.0,1.4,0.0
transgastric_short_axis,2,362,120.6676,0.2796941180951431,-0.23804341327203127,1.5140107646536327,-0.4771526443985675,-0.007162498729051392,-4.962876549593614e-06,0.0007687162843211557,1.1489036095746632e-05,0.06791374307244843,6.136683076468641e-05,0.973445099901078,0.55840063783681,0.37320971488952637,-0.5434728024865293,1.5017126543998718,0.42883757843971254,0.4,0.0,1.4,0.0
transgastric_short_axis,2,363,121.0016,0.37320255436923344,-0.5434727977939887,1.501713672847191,0.42883757951779344,-0.007160520292844102,4.692540563562993e-06,0.0010184473198499506,1.078080574386164e-06,0.049539418088709396,-0.046933106506871325,1.0678157278822171,0.7002343364082518,0.28440227508544924,-0.24828954609620574,1.5192431821346282,-0.46190943517684935,0.4,0.0,1.4,0.0
transgastric_short_axis,2,364,121.3346,0.28439511250554195,-0.2482895504786572,1.5192439382201144,-0.461909423744259,-0.007162579907252553,-4.3824514208272805e-06,0.00075608548602935,1.143258954772075e-05,0.06804572121454981,-0.0011595044824347775,0.9778131768094507,0.550083287726046,0.37288799285888674,-0.5409379516655323,1.506238956928253,0.4136263781547546,0.4,0.0,1.4,0.0
transgastric_short_axis,2,365,121.6678,0.3728808323567764,-0.5409379474825428,1.5062399751655082,0.4136263787442278,-0.007160502110426337,4.182989021955492e-06,0.0010182372551129821,5.894727778942634e-07,0.0501119407769706,-0.04651316045812942,1.0672062282351953,0.6897267761922242,0.28748881816864014,-0.24590786864978026,1.5191870059490205,-0.428578231716156,0.4,0.0,1.4,0.0
transgastric_short_axis,2,366,122.0018,0.2874816555228197,-0.245907872712536,1.5191877496835273,-0.4285782207064809,-0.007162645820509597,-4.062756237676487e-06,0.0007437345075130936,1.1009674688050065e-05,0.06827845071321066,-0.002140667402605833,0.9809293587301726,0.5205920385911087,0.3706363677978516,-0.5878048847071272,1.5034889453887939,0.4074889426231384,0.4,0.0,1.4,0.0
transgastric_short_axis,2,367,122.3344,0.37062920726555504,-0.587804880497776,1.5034899590455737,0.4074889435011926,-0.007160532296418642,4.209350891637523e-06,0.0010136567799362013,8.780536719947109e-07,0.048048079423919546,-0.048686617595505646,1.0651443528876385,0.7232804654501788,0.2790219068527222,-0.19034993825611793,1.512828610754013,-0.48698030505180356,0.4,0.0,1.4,0.0
transgastric_short_axis,2,368,122.6676,0.279014744509599,-0.19034994340811298,1.512829401006499,-0.486980294127963,-0.007162343123139208,-5.151994837557292e-06,0.0007902524863544088,1.092384081768927e-05,0.06773053443100449,0.0036293420687695177,0.9728344363847832,0.5484075251143006,0.3700650215148926,-0.5706284943615249,1.490827582168579,0.45540928874015807,0.4,0.0,1.4,0.0
transgastric_short_axis,2,369,123.0017,0.3700578609324746,-0.5706284885446288,1.490828597513696,0.45540929098194827,-0.00716058241802057,5.816896113999065e-06,0.001015345116224742,2.241790752793084e-06,0.04741340015448253,-0.04872479629861226,1.065364683867123,0.7363157339549742,0.27520751953125,-0.2312294401828882,1.5103667830467224,-0.4878894229888916,0.4,0.0,1.4,0.0
transgastric_short_axis,2,370,123.3342,0.27520035709252283,-0.23122944556768504,1.5103675611131697,-0.48788941150527976,-0.007162438727148718,-5.38479712893056e-06,0.0007780664472567496,1.1483612184844025e-05,0.06780488910505111,0.00089126550410722,0.9691811767762426,0.5650301618253758,0.37268733978271484,-0.5418103657879394,1.5006434343338013,0.42681692104339597,0.4,0.0,1.4,0.0
transgastric_short_axis,2,371,123.6676,0.3726801792741008,-0.5418103610439652,1.5006444540573494,0.4268169222561342,-0.007160508614011405,4.7439741981761765e-06,0.001019723547588991,1.2127384339115864e-06,0.0496713762821066,-0.04680808423121424,1.0673666931277401,0.6975720974894194,0.2852898359298706,-0.24632731652146775,1.5191875677108764,-0.45752235596179963,0.4,0.0,1.4,0.0
transgastric_short_axis,2,372,124.0018,0.2852826733439573,-0.24632732086457476,1.5191883224951797,-0.45752234459939767,-0.007162585913321475,-4.343104840953965e-06,0.0007547843026892346,1.1362402227933519e-05,0.06808011021818816,-0.001175977530068431,0.9787079362443862,0.5453162074121521,0.37249832153320317,-0.5465420748368996,1.5054101709365844,0.41489146585464476,0.4,0.0,1.4,0.0
transgastric_short_axis,2,373,124.3346,0.3724911610267291,-0.5465420705908961,1.505411188850438,0.4148914665352974,-0.007160506474306397,4.246003318758313e-06,0.0010179138538734041,6.806522140658922e-07,0.049811147491852295,-0.046816772056048575,1.0668708439859986,0.694774365449758,0.2863435745239258,-0.23889372651689206,1.5187845972061158,-0.4437291362285614,0.4,0.0,1.4,0.0
transgastric_short_axis,2,374,124.6683,0.28633641192386716,-0.23889373075241385,1.5187853485620977,-0.44372912508590223,-0.00716260005867115,-4.2355214509836e-06,0.0007513559820575298,1.1142658503728853e-05,0.068186801799812,-0.001141452973457028,0.9797993271469314,0.5300897295078136,0.37120382785797124,-0.5675099743369341,1.5022350929260253,0.4199821517944336,0.4,0.0,1.4,0.0
transgastric_short_axis,2,375,125.0016,0.37119666732878276,-0.5675099698427406,1.5022361088746283,0.4199821527995997,-0.007160529188541013,4.494193428483665e-06,0.001015948602063464,1.0051660248493078e-06,0.048658291452731,-0.0479417882419018,1.0657837520310514,0.7139568813814237,0.28151767253875737,-0.22057583874905454,1.516094881439209,-0.4778155348777771,0.4,0.0,1.4,0.0
transgastric_short_axis,2,376,125.3344,0.2815105100724369,-0.22057584353740955,1.5160956543503046,-0.47781552358793533,-0.0071624663204804305,-4.788355273365977e-06,0.0007729110957439965,1.1289841912348648e-05,0.06790392208702262,0.0012683413683710057,0.9751233311565963,0.5517964638489197,0.372340989112854,-0.5539696727290226,1.4973837175369262,0.44453826055526735,0.4,0.0,1.4,0.0
transgastric_short_axis,2,377,125.6674,0.3723338285584222,-0.5539696675268981,1.4973847342897058,0.44453826209075853,-0.007160554431834084,5.202124737137446e-06,0.0010167527793854836,1.5354907983393775e-06,0.048567455200747414,-0.04774122814456484,1.0672185275160233,0.7174579168964862,0.2824911117553711,-0.24045317378270156,1.515675058078766,-0.46943142642974856,0.4,0.0,1.4,0.0
transgastric_short_axis,2,378,126.0017,0.2824839492245556,-0.24045317852770826,1.5156758215922856,-0.4694314149921308,-0.007162530815418299,-4.74500634572014e-06,0.0007635135192535544,1.1437617569101403e-05,0.06798184504970077,-0.00036666031943112087,0.9761318448465697,0.5526070053270219,0.37324821949005127,-0.5451470361565105,1.502659035873413,0.42712064695358276,0.4,0.0,1.4,0.0
transgastric_short_axis,2,379,126.3342,0.3732410589678849,-0.5451470315569871,1.5026600537565802,0.4271206479213605,-0.007160522166407735,4.5995232697959045e-06,0.0010178831667212928,9.677778098557783e-07,0.04951410516881968,-0.04698438444345826,1.067792831981363,0.700622909601607,0.28438868522644045,-0.24679264150412106,1.5191250248908996,-0.46206298341751095,0.4,0.0,1.4,0.0
transgastric_short_axis,2,380,126.6677,0.2843815226502605,-0.2467926458967591,1.5191257814820487,-0.4620629719969526,-0.007162576179994768,-4.392638751294864e-06,0.0007565911486544425,1.142055829043052e-05,0.06804584408127604,-0.001052297041185835,0.977807290386085,0.5495155905684213,0.37284016609191895,-0.5420433091595372,1.5057105262756347,0.4155210136413574,0.4,0.0,1.4,0.0
transgastric_short_axis,2,381,127.0013,0.37283300558692745,-0.54204330491825,1.505711544452252,0.4155210142857646,-0.007160504991636212,4.2412873924692626e-06,0.0010181766176543567,6.444072932124717e-07,0.05000438546240263,-0.04660558379056025,1.0671920202804712,0.6916513817926557,0.28704559803009033,-0.24576705400714233,1.5191126661300658,-0.4355229190349579,0.4,0.0,1.4,0.0
transgastric_short_axis,2,382,127.3342,0.2870384353989421,-0.24576705814226574,1.519113412530043,-0.43552290793647164,-0.0071626311482259975,-4.135123397669419e-06,0.0007463999766481702,1.1098486433483569e-05,0.06823361720816432,-0.0018921650391373075,0.9804858423788823,0.5263363661452772,0.37109191417694093,-0.5781648865453668,1.5038342416763306,0.409786923122406,0.4,0.0,1.4,0.0
transgastric_short_axis,2,383,127.6677,0.3710847536514758,-0.5781648823126686,1.5038352565158952,0.40978692397157257,-0.007160525465134356,4.232698100168421e-06,0.0010148395640308836,8.491660672800051e-07,0.04844944129368895,-0.048266413642837534,1.0655746318019819,0.716810858012644,0.2802059412002564,-0.20427336055397252,1.514851515197754,-0.4829326236248016,0.4,0.0,1.4,0.0
transgastric_short_axis,2,384,128.0016,0.2801987787964784,-0.20427336549471625,1.514852296943067,-0.48293261250826247,-0.007162403777919655,-4.940743467987311e-06,0.0007817453119736237,1.1116538846425596e-05,0.06782107768345512,0.0025483360187442588,0.9738890076158468,0.5499953625164007,0.37125182151794434,-0.5611770604885098,1.4937401301383972,0.4522134255409241,0.4,0.0,1.4,0.0
transgastric_short_axis,2,385,128.3342,0.3712446609476089,-0.5611770549192807,1.4937411463125851,0.45221342747743165,-0.007160570335446832,5.5692292406221975e-06,0.001016174188332034,1.9365084292051437e-06,0.04797953771631812,-0.048223482680011295,1.0663623658905956,0.7273451333409603,0.2785275459289551,-0.23890102940394375,1.5135253827095032,-0.47994648485183716,0.4,0.0,1.4,0.0
transgastric_short_axis,2,386,128.6677,0.2785203834376936,-0.23890103443772423,1.5135261527727755,-0.47994647332603796,-0.00716249126154286,-5.033781974727347e-06,0.0007700632727866965,1.1525799261849066e-05,0.06788885865842827,9.852652145277835e-05,0.9723007641275005,0.5613090112558576,0.37318608760833744,-0.5412615257379769,1.5021500796318055,0.4265023344039917,0.4,0.0,1.4,0.0
transgastric_short_axis,2,387,129.0028,0.37317892709416056,-0.5412615211036663,1.5021510984867108,0.426502335437986,-0.007160514176616241,4.634311090074441e-06,0.0010188549053414188,1.0339951709754391e-06,0.0497121059642181,-0.0467781658010563,1.0677652616027546,0.6971531347095651,0.2854928970336914,-0.2492861092984918,1.5193173346996307,-0.45598528189659115,0.4,0.0,1.4,0.0
transgastric_short_axis,2,388,129.3344,0.2854857344383361,-0.24928611361809672,1.519318088074983,-0.45598527052583393,-0.00716259535523367,-4.3196042388276135e-06,0.0007533753526662309,1.137075766351476e-05,0.06808781385355868,-0.0014301527258479855,0.9789036131870723,0.5453590161887206,0.3725803375244141,-0.5483719161771362,1.5061756650924683,0.41114301624298094,0.4,0.0,1.4,0.0
transgastric_short_axis,2,389,129.6677,0.3725731770210687,-0.5483719120339446,1.5061766828158198,0.4111430168500041,-0.007160503345337814,4.143190907034905e-06,0.0010177233516834242,6.070235008943872e-07,0.04983572620565818,-0.04683442637193862,1.0669050572386374,0.6941008952629121,0.2864770650863648,-0.23354014854745228,1.5186842290878295,-0.43864313163757324,0.4,0.0,1.4,0.0
transgastric_short_axis,2,390,130.0009,0.2864699024859401,-0.23354015273746373,1.5186849798182553,-0.4386431205985879,-0.00716260042467842,-4.190010806887007e-06,0.0007507304258050214,1.1038985380802282e-05,0.06822819464473844,-0.0009504767240487624,0.9799434535809526,0.5233774905984369,0.37052969932556157,-0.5752753775685768,1.5002955164909362,0.42451575722694396,0.4,0.0,1.4,0.0
transgastric_short_axis,2,391,130.3343,0.37052253878213137,-0.5752753728923743,1.500296531410001,0.424515758417777,-0.007160543430130461,4.676202031213619e-06,0.001014919064258938,1.1908330797267838e-06,0.048143797309116415,-0.0483994325173388,1.0652345999772457,0.7225535957520446,0.2806717395782471,-0.209899392386495,1.5135486021995543,-0.48004039270877835,0.4,0.0,1.4,0.0
transgastric_short_axis,2,392,130.668,0.2806645771569781,-0.2098993974075094,1.5135493813585432,-0.4800403815536181,-0.007162421268865946,-5.021014839593525e-06,0.000779158988362028,1.11551595154376e-05,0.06785666445392563,0.002070245951419857,0.9744433393739063,0.5492093681886805,0.371706771850586,-0.5614777896322285,1.4944629303932189,0.4511588112831116,0.4,0.0,1.4,0.0
transgastric_short_axis,2,393,131.001,0.3716996112793748,-0.561477784132564,1.4944639462321634,0.451158813133441,-0.0071605712112160986,5.499664758559137e-06,0.001015838944218298,1.850329765235948e-06,0.04799942991356808,-0.0482203118950931,1.0667706329991689,0.7269978857478754,0.27888207435607915,-0.23809771182825656,1.5135976627349854,-0.4792329536676407,0.4,0.0,1.4,0.0
transgastric_short_axis,2,394,131.3343,0.27887491186439617,-0.23809771684792747,1.5135984326490979,-0.47923294215859197,-0.00716249168303352,-5.019671137571397e-06,0.0007699141124623731,1.1509048514345052e-05,0.06789497713567369,0.00012875392436602698,0.9726511853398911,0.5602951244606414,0.3731756687164307,-0.5422266303498864,1.5018154568195343,0.42787415685653685,0.4,0.0,1.4,0.0
transgastric_short_axis,2,395,131.6674,0.37316850819941183,-0.542226625675314,1.5018164755369154,0.427874157926059,-0.007160517018852568,4.674572043778191e-06,0.0010187173816212738,1.0695219669136745e-06,0.04962606976681602,-0.04685251724431464,1.0677757930870833,0.6986934465523313,0.2849496126174927,-0.24857080087445332,1.519305163192749,-0.4590776872873306,0.4,0.0,1.4,0.0
transgastric_short_axis,2,396,132.001,0.284942450030393,-0.2485708052245611,1.51930591800481,-0.4590776758858665,-0.007162587099635704,-4.350107123861203e-06,0.0007548120611780419,1.1401464404713908e-05,0.06806638808353449,-0.001275574201856984,0.9783586753828184,0.5477334201805971,0.3727143287658692,-0.54390142578041,1.5062041276931764,0.4125936726093292,0.4,0.0,1.4,0.0
transgastric_short_axis,2,397,132.3344,0.3727071682635107,-0.5439014216132033,1.5062051457511272,0.412593673206997,-0.007160502358355714,4.167206258442928e-06,0.0010180579509243258,5.976674131536129e-07,0.050003272889676834,-0.04664054969969122,1.0670358311398,0.6914381586602812,0.2870914459228516,-0.24090239496313828,1.5189894530296326,-0.4324991422176361,0.4,0.0,1.4,0.0
transgastric_short_axis,2,398,132.6676,0.2870842832942822,-0.24090239907498287,1.51899019942827,-0.43249913119436445,-0.007162628569353702,-4.111844492034593e-06,0.0007463986378959143,1.1023271996713497e-05,0.06826185388177945,-0.0016639599489320766,0.980542206155989,0.5215343622457755,0.37059214115142824,-0.5830917137560674,1.5021860323905945,0.41453605785369874,0.4,0.0,1.4,0.0
transgastric_short_axis,2,399,133.0033,0.37058498061392126,-0.5830917093580084,1.5021870464776494,0.4145360588532041,-0.007160537506970313,4.398058783745918e-06,0.0010140870547274419,9.9950504941462e-07,0.048065490286093075,-0.048590962171487104,1.0651806384438105,0.723286610856927,0.27966809272766113,-0.19799437571762227,1.5129681149482728,-0.4840355494022369,0.4,0.0,1.4,0.0
transgastric_short_axis,2,400,133.3341,0.27966093035318024,-0.19799438082732237,1.512968900730649,-0.48403553838541835,-0.0071623744808689055,-5.109699513293526e-06,0.0007857823766702639,1.1016818963792035e-05,0.06778596884211727,0.0030125546273923184,0.9734742200083601,0.5483936920452404,0.3708057880401612,-0.5659362958040495,1.4919548509597778,0.4547072736740112,0.4,0.0,1.4,0.0
transgastric_short_axis,2,401,133.6676,0.3707986274626049,-0.5659362900730439,1.4919558667335338,0.45470727580427894,-0.007160577556276831,5.731005619772333e-06,0.0010157737564387695,2.130267598634583e-06,0.0476674389943446,-0.04849211625726373,1.0660316491925257,0.7323600157543912,0.27663345336914064,-0.2356042440338858,1.5118232442855835,-0.48438571429252625,0.4,0.0,1.4,0.0
transgastric_short_axis,2,402,134.0009,0.27662629090444274,-0.23560424925785664,1.5118240184495715,-0.4843857027726573,-0.0071624646979473305,-5.223972183321253e-06,0.0007741639885126677,1.1519869611726161e-05,0.06784401480733396,0.00047450969219312716,0.9705146541103462,0.5637947804982986,0.372990083694458,-0.5403005407033786,1.5014774634361268,0.42600274085998535,0.4,0.0,1.4,0.0
transgastric_short_axis,2,403,134.3344,0.37298292318553217,-0.5403005360264941,1.5014784829393033,0.42600274197655974,-0.0071605089256909634,4.6768849517261785e-06,0.0010195031767851646,1.116574499566422e-06,0.04976875248126239,-0.04671883374462486,1.0676146256733599,0.6960106395316996,0.28580956459045415,-0.24955781414751793,1.5192684614181517,-0.45404701623916627,0.4,0.0,1.4,0.0
transgastric_short_axis,2,404,134.6676,0.2858024019905582,-0.2495578184524354,1.5192692139790926,-0.4540470048893483,-0.0071625998959232075,-4.304916646424748e-06,0.0007525609409804396,1.1349818094434596e-05,0.06810106275977304,-0.0015150138749849672,0.9792250583849316,0.5437867451437588,0.37248666286468507,-0.5512338988873468,1.5060947713851929,0.41045467071533204,0.4,0.0,1.4,0.0
transgastric_short_axis,2,405,135.001,0.37247950236034616,-0.5512338947522553,1.506095788886908,0.41045467133420654,-0.007160504339106108,4.135091083644506e-06,0.0010175017147708017,6.188741073461437e-07,0.04972093120118907,-0.046962892017716945,1.066817419914664,0.6959493790166649,0.28605451583862307,-0.22900599195591628,1.5184804967880248,-0.4431576371669769,0.4,0.0,1.4,0.0
transgastric_short_axis,2,406,135.3344,0.2860473532583623,-0.22900599620323986,1.518481250644962,-0.44315762611592247,-0.0071625802608446636,-4.247324282105691e-06,0.0007538569381099253,1.1051055032333948e-05,0.06819797128361996,-0.0004864970786908592,0.9795309458107144,0.5252194211332601,0.3705251932144165,-0.5691993755415611,1.4991828535079956,0.4305496413230896,0.4,0.0,1.4,0.0
transgastric_short_axis,2,407,135.6678,0.3705180326689912,-0.5691993706935905,1.499183869151028,0.4305496426366666,-0.007160545425163495,4.8479706269461e-06,0.0010156430324650809,1.3135767581180728e-06,0.04825538709420052,-0.048217976283316255,1.0652980704776247,0.7211570873741835,0.28133783340454105,-0.21829677622838117,1.5141448187828064,-0.4767438805103302,0.4,0.0,1.4,0.0
transgastric_short_axis,2,408,136.0014,0.2813306709500277,-0.21829678116705048,1.5141455931768704,-0.47674386926870194,-0.007162454513342022,-4.938667915327768e-06,0.0007743940643089043,1.1241628338740985e-05,0.06790343330932888,0.001388397085469709,0.9750731280531202,0.5495906000397555,0.3722601413726807,-0.5578240990642079,1.496230982208252,0.44699334712028505,0.4,0.0,1.4,0.0
transgastric_short_axis,2,409,136.334,0.37225298081085934,-0.5578240937490566,1.496231998474066,0.4469933487794995,-0.007160561821574886,5.315151915879368e-06,0.0010162658135313724,1.6592143571504792e-06,0.04830588041542354,-0.047971290486586306,1.0672114801242618,0.7218041756766601,0.2809764385223389,-0.23844637787159678,1.5147056443691254,-0.4737745945930481,0.4,0.0,1.4,0.0
transgastric_short_axis,2,410,136.6675,0.2809692760110272,-0.23844638274097296,1.5147064109955943,-0.47377458313230725,-0.00716251131155736,-4.869375966029851e-06,0.000766626468487304,1.1460740913360324e-05,0.06794396099966546,-8.151941103545605e-05,0.9746773892957072,0.5555581941086598,0.37327702045440675,-0.5448227130700093,1.501885677051544,0.4291265112876892,0.4,0.0,1.4,0.0
transgastric_short_axis,2,411,137.0008,0.3732698599310844,-0.5448227083882974,1.5018866951399064,0.42912651234287047,-0.00716052332234917,4.681711355453113e-06,0.001018088361508379,1.0551813266235855e-06,0.04946834430835311,-0.04700604073319739,1.0678712081225994,0.7014818217215266,0.28414525985717776,-0.24746132380313712,1.519084203529358,-0.4632250814437866,0.4,0.0,1.4,0.0
transgastric_short_axis,2,412,137.3342,0.28413809728254286,-0.24746132821082967,1.5190849604627674,-0.4632250700034071,-0.007162574634824365,-4.407692892691493e-06,0.0007569334091093566,1.1440379816916908e-05,0.06803632827521887,-0.0010580341386205805,0.9775656307404392,0.5508355314876282,0.37296080589294434,-0.5408755962453216,1.5059341074943542,0.41509220209121706,0.4,0.0,1.4,0.0
transgastric_short_axis,2,413,137.6675,0.37295364538894116,-0.5408755920227605,1.5059351257210665,0.41509220271130687,-0.007160504003217051,4.222560787892212e-06,0.0010182267115839494,6.20089971602342e-07,0.05007185823668635,-0.04653900115599882,1.0672980993888481,0.69050829028838,0.28731219768524174,-0.24712127142144763,1.5191937470912933,-0.4319339161634445,0.4,0.0,1.4,0.0
transgastric_short_axis,2,414,138.0009,0.28730503504420957,-0.24712127551681384,1.5191944918134972,-0.4319339051009175,-0.007162641032209457,-4.095365298924043e-06,0.0007447222040103707,1.1062527117382827e-05,0.06825449976964154,-0.002108051830267248,0.9807497614773313,0.523968801737136,0.3709351301193238,-0.5829512736204577,1.5040420935630798,0.4070938367843628,0.4,0.0,1.4,0.0
transgastric_short_axis,2,415,138.334,0.37092796959282115,-0.5829512694448523,1.504043107870955,0.4070938376142452,-0.00716052650269801,4.1756054069409865e-06,0.0010143078754480575,8.298822152516898e-07,0.04829744776995652,-0.048446616007461585,1.065406428820923,0.7191854603774338,0.27956457138061525,-0.19704706018955664,1.5140809651851654,-0.4851165664672851,0.4,0.0,1.4,0.0
transgastric_short_axis,2,416,138.6676,0.27955740900694365,-0.19704706521670445,1.5140817511626583,-0.48511655544180854,-0.007162373671691232,-5.027149032191276e-06,0.0007859774928345316,1.1025476328439731e-05,0.06777650432922992,0.0031122219684977907,0.9732963948420399,0.5492601222988074,0.3706741809844971,-0.5649256885882025,1.4921862968444823,0.454094953250885,0.4,0.0,1.4,0.0
transgastric_short_axis,2,417,139.0008,0.37066702040956806,-0.5649256828820586,1.4921873128429297,0.45409495535777644,-0.007160574928981599,5.7061444001953195e-06,0.0010159984473993718,2.1068915325490593e-06,0.047735672229243624,-0.04843332168449006,1.065885450335798,0.7312333280164369,0.277012300491333,-0.23611076478965126,1.5122273383140563,-0.4835936300754547,0.4,0.0,1.4,0.0
transgastric_short_axis,2,418,139.3342,0.2770051380215877,-0.23611076997100214,1.5122281117006233,-0.4835936185543244,-0.0071624697452984595,-5.1813501749744665e-06,0.0007733865677207577,1.1521130312790534e-05,0.06785254916334425,0.00041290851620973644,0.9708676428428362,0.5633240352867444,0.37302494049072266,-0.5403956654885649,1.501586070728302,0.42623231420516966,0.4,0.0,1.4,0.0
transgastric_short_axis,2,419,139.6674,0.3730177799806633,-0.5403956608164511,1.501587090112234,0.4262323153080132,-0.007160510059342756,4.672113722317722e-06,0.001019383931895763,1.1028440311732153e-06,0.04975813384003181,-0.046728395765527,1.06764200744374,0.696239494654477,0.2857376575469971,-0.24965855653812857,1.5192896211147309,-0.4544627200126648,0.4,0.0,1.4,0.0
transgastric_short_axis,2,420,140.0009,0.2857304949477434,-0.24965856084544535,1.519290373806938,-0.454462708656931,-0.0071625992536671745,-4.307315360292292e-06,0.0007526922071890825,1.1355733162927896e-05,0.06809803207888383,-0.0015076483418664495,0.9791514183743177,0.5441998379557828,0.3725156784057617,-0.5505916193338253,1.506160684776306,0.4104131003379822,0.4,0.0,1.4,0.0
transgastric_short_axis,2,421,140.3344,0.37250851790187806,-0.5505916152026198,1.5061617023263087,0.41041310094956884,-0.007160503883555122,4.131205521137413e-06,0.0010175500020973376,6.115869762647749e-07,0.04975251951199469,-0.04693026325237338,1.066842059874119,0.6954251424785,0.2861707448959351,-0.22987241396587074,1.5185299318313599,-0.4416766456604004,0.4,0.0,1.4,0.0
transgastric_short_axis,2,422,140.6676,0.2861635823103074,-0.2298724181952774,1.5185306848233182,-0.4416766346181263,-0.007162585627558104,-4.229407249990498e-06,0.0007529919579728784,1.1042274625709899e-05,0.06820859669455985,-0.000596285701705202,0.9796450454419998,0.5243356095590356,0.37048659324646,-0.5712584151831127,1.49935606341362,0.42925833806991576,0.4,0.0,1.4,0.0
transgastric_short_axis,2,423,141.0007,0.3704794327006393,-0.5712584103688789,1.4993570787991164,0.4292583393621445,-0.007160545820617413,4.814234362713311e-06,0.0010153854966160442,1.2922287089856902e-06,0.04819471652934652,-0.04829327983206289,1.065249273232443,0.7220402941181985,0.2811412811279297,-0.21572410019752658,1.5138493320465087,-0.47792816812992095,0.4,0.0,1.4,0.0
transgastric_short_axis,2,424,141.3342,0.28113411868433563,-0.21572410517263765,1.5138501080223206,-0.4779281569139039,-0.007162443593995123,-4.975111742895677e-06,0.0007759758116864074,1.1216017663120413e-05,0.06788786327251514,0.0016033562495856137,0.9748949912308003,0.5495845317704093,0.3721017837524414,-0.5588659776169174,1.4956710928916932,0.4483410138130188,0.4,0.0,1.4,0.0
transgastric_short_axis,2,425,141.668,0.37209462318780495,-0.5588659722429464,1.4956721090464606,0.44834101553330896,-0.007160564636489538,5.373970673385668e-06,0.001016154768280907,1.7202899325363317e-06,0.04821370369166826,-0.048045371610941454,1.067088752723604,0.7233759075646085,0.28033540248870853,-0.23846360519489823,1.5143777626991273,-0.47543572440147397,0.4,0.0,1.4,0.0
transgastric_short_axis,2,426,142.0009,0.280328239983055,-0.23846361010907005,1.5143785302832597,-0.4754357129239264,-0.0071625056535029145,-4.91417215933756e-06,0.0007675841318697065,1.147754748036328e-05,0.06792921388030009,-2.588582257030854e-05,0.9740565084068007,0.5570527702157531,0.37325050830841067,-0.5440162121845816,1.5018823064804077,0.42869975953102113,0.4,0.0,1.4,0.0
transgastric_short_axis,2,427,142.3341,0.3732433477870727,-0.5440162075068969,1.5018833247605645,0.42869976058866577,-0.007160521338057374,4.677684618213896e-06,0.0010182801574027914,1.0576440505059825e-06,0.049518558174839265,-0.046957706166910404,1.067845348406558,0.7005949250892963,0.2843019485473633,-0.24796821906593086,1.5192104126930237,-0.46245396966934205,0.4,0.0,1.4,0.0
transgastric_short_axis,2,428,142.6677,0.28429478596944274,-0.24796822345614966,1.519211169102702,-0.46245395823334945,-0.007162577920592814,-4.390218719887707e-06,0.0007564096779135442,1.1435992267087908e-05,0.06804194114545248,-0.0011189916702608865,0.9777145828360019,0.5504097589272755,0.3729179382324219,-0.5408664208231284,1.5061292261123658,0.4141851439476013,0.4,0.0,1.4,0.0
transgastric_short_axis,2,429,143.0009,0.3729107777296078,-0.5408664166254357,1.5061302443473723,0.41418514454795297,-0.0071605028142476355,4.197692699725415e-06,0.0010182350056620391,6.003521232413556e-07,0.050098912727983946,-0.04652063948700587,1.0672430072572026,0.6899878762166011,0.2874332904815674,-0.24644940581269106,1.5191901892662047,-0.4297506287097931,0.4,0.0,1.4,0.0
transgastric_short_axis,2,430,143.3341,0.28742612783722676,-0.24644940988686137,1.519190933320476,-0.42975061768073275,-0.007162644340688488,-4.074170795896878e-06,0.0007440542709552267,1.1029060260969462e-05,0.06826985827844347,-0.002137299787750238,0.9808727377975526,0.5218258908008304,0.37074844837188725,-0.5860948856159441,1.503717020702362,0.407216113615036,0.4,0.0,1.4,0.0
transgastric_short_axis,2,431,143.6677,0.37074128784186855,-0.5860948814224413,1.503718034597659,0.407216114473381,-0.007160530018686748,4.19350243473711e-06,0.001013895296771864,8.583447415657616e-07,0.048140113835729026,-0.04859973630832863,1.0652414099304668,0.7217656661648134,0.27921533584594727,-0.19268910915483223,1.5133003034591674,-0.4863710743188858,0.4,0.0,1.4,0.0
transgastric_short_axis,2,432,144.0011,0.27920817349202703,-0.1926891142606708,1.5133010922052899,-0.4863710633578882,-0.007162353920161557,-5.105840169795053e-06,0.0007887461226929646,1.0960997163192269e-05,0.06774676257194832,0.003450150285606768,0.9729973910485958,0.5487382881415226,0.37028036117553714,-0.5685790046491948,1.4913129444122315,0.45495744495391843,0.4,0.0,1.4,0.0
transgastric_short_axis,2,433,144.3344,0.370273200595839,-0.56857899887162,1.4913139599990952,0.4549574471479989,-0.0071605796981789455,5.777574564231778e-06,0.0010155868639358913,2.1940802705867e-06,0.04752881362571871,-0.048620665577878114,1.0655484339612047,0.7345000194464323,0.2758512973785401,-0.23300685053916392,1.511038650226593,-0.4863542214632034,0.4,0.0,1.4,0.0
transgastric_short_axis,2,434,144.6678,0.27584413492854093,-0.23300685585035294,1.511039426594249,-0.486354209964151,-0.007162449999113446,-5.311189379826949e-06,0.0007763676564662691,1.1499052111106055e-05,0.06782241795467449,0.0007181367704236306,0.9697822496939319,0.564426297680346,0.3728142023086548,-0.5412420513725057,1.5009812404632568,0.42662498574256896,0.4,0.0,1.4,0.0
transgastric_short_axis,2,435,145.0011,0.37280704179955015,-0.5412420466539467,1.5009822600711011,0.42662498691595285,-0.00716050910486383,4.718559262628415e-06,0.001019607844682582,1.1733844535028524e-06,0.04970485137319855,-0.04677684908364535,1.0674712191536246,0.6970571758126796,0.2854817867279053,-0.24719298951736562,1.5192463654518127,-0.45642673308849335,0.4,0.0,1.4,0.0
transgastric_short_axis,2,436,145.3341,0.28547462413764474,-0.24719299384564297,1.5192471195411068,-0.45642672173145105,-0.007162590260587413,-4.328277596555412e-06,0.0007540892942304476,1.1357042420832489e-05,0.06808722564312943,-0.0012724620443872667,0.978896859916143,0.5447620267163968,0.3724854469299317,-0.5480180070353999,1.5055895602226257,0.41366195640563963,0.4,0.0,1.4,0.0
transgastric_short_axis,2,437,145.6685,0.37247828642393593,-0.5480180028198502,1.5055905780076362,0.41366195707008835,-0.00716050599578478,4.215550063196956e-06,0.0010177850098828933,6.644485536384331e-07,0.049777941826061455,-0.046866029276987575,1.066847099132388,0.6952314442139845,0.2862572193145752,-0.23596227275293333,1.5186701850414275,-0.44391685831546784,0.4,0.0,1.4,0.0
transgastric_short_axis,2,438,146.0009,0.2862500567210846,-0.23596227699732678,1.518670937271236,-0.44391684719555236,-0.007162593490503125,-4.244392828446909e-06,0.0007522298096326092,1.111991541227891e-05,0.06818811712877249,-0.000935041224497995,0.9797204356166951,0.5289255187061715,0.3710312366485596,-0.5675670866587487,1.5013505052566527,0.4232883075714111,0.4,0.0,1.4,0.0
transgastric_short_axis,2,439,146.334,0.3710240761148245,-0.5675670820591078,1.5013515211687327,0.42328830866500944,-0.007160533735128285,4.5996407828717925e-06,0.001015912079420925,1.0935990907355218e-06,0.04855551563661065,-0.04800600214048825,1.0656669643648373,0.7158331648490379,0.281527328491211,-0.22070654170192858,1.5156233759880067,-0.4774017036437988,0.4,0.0,1.4,0.0
transgastric_short_axis,2,440,146.6677,0.2815201660256059,-0.2207065465253943,1.5156241489600966,-0.4774016923589662,-0.007162465605099194,-4.823465875684929e-06,0.000772972089998998,1.1284832706558706e-05,0.06790608829635365,0.0012458341058552702,0.9751644643409114,0.5513893093157661,0.3723681449890137,-0.5545063413005656,1.4972451496124268,0.4447725152492523,0.4,0.0,1.4,0.0
transgastric_short_axis,2,441,147.001,0.3723609844337446,-0.5545063360858528,1.497246166303646,0.4447725167999588,-0.007160555269066938,5.21471241935441e-06,0.0010166912193651481,1.5507056521334e-06,0.048534363680786216,-0.04777136986910896,1.0672546277261723,0.7179976326577647,0.2823205471038819,-0.2400532002764853,1.5155488489151,-0.46995835905075073,0.4,0.0,1.4,0.0
transgastric_short_axis,2,442,147.3341,0.282313384575777,-0.2400532050371244,1.5155496128507595,-0.4699583476118197,-0.007162528104794397,-4.760638964263786e-06,0.0007639356586660587,1.1438931056355109e-05,0.06797735285771407,-0.00032140431088294955,0.975969163317594,0.5528908049683925,0.3732669830322266,-0.5452646313633943,1.5025077346801758,0.4276208022594452,0.4,0.0,1.4,0.0
transgastric_short_axis,2,443,147.6677,0.3732598225093622,-0.5452646267467206,1.5025087525586711,0.4276208032437969,-0.007160522864422766,4.616673534786584e-06,0.0010178784946717056,9.843514211953678e-07,0.049493538659631096,-0.046999715655368854,1.0678211922585157,0.7009965377885088,0.2842414379119873,-0.2469201611472546,1.5191240886211395,-0.4628179913520813,0.4,0.0,1.4,0.0
transgastric_short_axis,2,444,148.0008,0.2842342753372861,-0.24692016554741059,1.5191248454950088,-0.46281797992157614,-0.007162574701143088,-4.400156668228532e-06,0.0007568738699001111,1.1430504493567136e-05,0.06804007029086856,-0.0010351633423105293,0.9776594961794467,0.5502385687259137,0.37290444374084475,-0.5414828593916977,1.505761459350586,0.4155831819534302,0.4,0.0,1.4,0.0
transgastric_short_axis,2,445,148.3342,0.37289728323597837,-0.5414828551521244,1.5057624775490464,0.4155831825918366,-0.00716050486640362,4.239573131878646e-06,0.0010181984605048613,6.384063325103079e-07,0.05002891070722777,-0.04657892006491772,1.0672528344427081,0.6912548900298352,0.28713712692260746,-0.2466226153132763,1.5191531129837035,-0.43444311912059785,0.4,0.0,1.4,0.0
transgastric_short_axis,2,446,148.6677,0.287129964287652,-0.2466226194355129,1.519153858770335,-0.43444310802939173,-0.007162634955513311,-4.1222354857814285e-06,0.0007457866317602277,1.1091206106367178e-05,0.06823916462858463,-0.001987695758804555,0.980575497861552,0.5258334503937908,0.3710720300674439,-0.5795383910716292,1.5040316073417663,0.4084536749839783,0.4,0.0,1.4,0.0
transgastric_short_axis,2,447,149.0011,0.37106486954248713,-0.5795383868718462,1.5040326220427795,0.408453675815017,-0.007160524956676516,4.19978297101249e-06,0.0010147010131914948,8.310388777811597e-07,0.04842278490658925,-0.04830771935481813,1.0655427720332735,0.7171883820646496,0.2799999237060547,-0.2020836179595469,1.514709202194214,-0.48360739324092866,0.4,0.0,1.4,0.0
transgastric_short_axis,2,448,149.3341,0.2799927613109538,-0.20208362291880683,1.5147099851610468,-0.48360738214975296,-0.00716239510098137,-4.959259144974468e-06,0.0007829668328983752,1.1091175167045192e-05,0.06780828306642733,0.002719631994912523,0.9736917524083659,0.5497945150282467,0.3710973262786865,-0.5616830194837328,1.4932214366912842,0.4529109465122223,0.4,0.0,1.4,0.0
transgastric_short_axis,2,449,149.6681,0.37109016570783,-0.561683013866456,1.4932224529484692,0.45291094850909364,-0.007160570856483829,5.617276765612243e-06,0.0010162571853564162,1.9968706555718686e-06,0.0479321765790547,-0.048259247264890025,1.0662414240584526,0.7281087416025457,0.2781796455383301,-0.23866789877883174,1.5133355072021484,-0.48086328020095825,0.4,0.0,1.4,0.0
transgastric_short_axis,2,450,150.0008,0.2781724830507707,-0.2386679038383386,1.513336277872086,-0.4808632686697697,-0.0071624875594439395,-5.0595056010336025e-06,0.0007706699375207656,1.1531188416008593e-05,0.0678804775269462,0.00014567251614944383,0.9719645319236019,0.5620310554108865,0.37316155433654785,-0.5407315982929431,1.5021695540428162,0.42599113111495973,0.4,0.0,1.4,0.0
transgastric_short_axis,2,451,150.3343,0.3731543938240718,-0.5407315936658624,1.502170573039006,0.42599113214837736,-0.007160512476161467,4.6270802834151155e-06,0.0010189961893183738,1.0334180658641103e-06,0.04975167797160854,-0.046741693477605026,1.0677399365076747,0.6964327775338777,0.2857091903686524,-0.2500965425077165,1.5193014181137086,-0.4545247010707855,0.4,0.0,1.4,0.0
transgastric_short_axis,2,452,150.6685,0.28570202776871345,-0.25009654681496507,1.5193021707242043,-0.45452468971034593,-0.007162599938934958,-4.307248654577086e-06,0.0007526104959565877,1.13604396101297e-05,0.06809696521256757,-0.0015353602993702095,0.9791221193410959,0.5444612113647284,0.3725441455841065,-0.5504373224381688,1.5062941968441008,0.4099131322860718,0.4,0.0,1.4,0.0
transgastric_short_axis,2,453,151.0029,0.3725369850808961,-0.5504373183220231,1.5062952144000716,0.40991313288447806,-0.007160503210463702,4.116145887481931e-06,0.0010175559708299026,5.984072960559548e-07,0.04977458131884886,-0.0469128534158809,1.0668620376979827,0.6950272711955353,0.2862517833709717,-0.2296999534793421,1.5185501552581786,-0.44015221123695375,0.4,0.0,1.4,0.0
transgastric_short_axis,2,454,151.3342,0.28624462078216756,-0.22969995769205978,1.5185509076647552,-0.4401522002133021,-0.0071625888041147966,-4.212717236446929e-06,0.0007524065765379248,1.1023651743967759e-05,0.06821992259048408,-0.0006367008448899068,0.9797259271760568,0.5229633198661977,0.3703751564025879,-0.5734460979888827,1.499207571029663,0.42905011167526247,0.4,0.0,1.4,0.0
transgastric_short_axis,2,455,151.6677,0.3703679958546695,-0.5734460931709319,1.499208586124091,0.4290501129789881,-0.007160547918343636,4.81795053799418e-06,0.001015094427784566,1.3037255426276595e-06,0.04809449157322428,-0.04839428833456731,1.0651479508947785,0.7236330703130541,0.28091371059417725,-0.2128001365741337,1.5133435591220856,-0.4788737069606781,0.4,0.0,1.4,0.0
transgastric_short_axis,2,456,152.0008,0.2809065481629348,-0.2128001416006627,1.5133443368456563,-0.47887369577901223,-0.007162431242483475,-5.026529157733521e-06,0.0007777235707473919,1.1181665515915999e-05,0.06787235523036009,0.0018341823750545735,0.9746999117171637,0.5492122592766489,0.3719218730926514,-0.5604872185423951,1.4949505396842957,0.44998098392486574,0.4,0.0,1.4,0.0
transgastric_short_axis,2,457,152.3341,0.3719147125240997,-0.5604872130942329,1.4949515556446373,0.4499809857230712,-0.007160568551766322,5.448161627533391e-06,0.0010159603413924178,1.798205441514111e-06,0.048084148877926405,-0.04815213575947606,1.0669547632888936,0.7255572926009272,0.27948172092437745,-0.23810950879964776,1.5139040102005004,-0.47770374426841733,0.4,0.0,1.4,0.0
transgastric_short_axis,2,458,152.6675,0.27947455842738744,-0.23810951377729372,1.5139047792172198,-0.4777037327733749,-0.007162496989909412,-4.977646164163661e-06,0.0007690167193614103,1.1495041933727755e-05,0.06790880215748546,7.570654806584969e-05,0.9732320296280097,0.558925466991505,0.3732024192810059,-0.5431623361600749,1.5017351248741149,0.42861043939590454,0.4,0.0,1.4,0.0
transgastric_short_axis,2,459,153.0009,0.3731952587615157,-0.5431623314716173,1.5017361433891585,0.4286104404722222,-0.0071605194903443525,4.688457341182336e-06,0.0010185150431443904,1.0763178356144807e-06,0.04956063503005745,-0.04691329174270563,1.067807162184144,0.6998578177287419,0.28453588485717773,-0.24836632003700568,1.5192589114665984,-0.46121959161758425,0.4,0.0,1.4,0.0
transgastric_short_axis,2,460,153.3342,0.28452872227549564,-0.24836632441152096,1.5192596672386225,-0.46121958019242915,-0.007162581682057703,-4.374515489659649e-06,0.0007557720244755594,1.1425155453437217e-05,0.06805077892209271,-0.0011883361941848183,0.9779462985416278,0.5495141640247011,0.3728368759155274,-0.5412929843283535,1.5062608656406402,0.4133271463394165,0.4,0.0,1.4,0.0
transgastric_short_axis,2,461,153.6675,0.3728297154136885,-0.541292980151271,1.5062618838679667,0.41332714692732875,-0.0071605018390802746,4.177082889763001e-06,0.0010182273264565777,5.879123164692903e-07,0.05010404557651123,-0.04652494187681685,1.0671539167826545,0.6898313076947148,0.28745751380920415,-0.24515136445262964,1.5191662207603454,-0.42865088624954223,0.4,0.0,1.4,0.0
transgastric_short_axis,2,462,154.0008,0.2874503511648355,-0.24515136851708552,1.5191669646905925,-0.4286508752443491,-0.007162644368676216,-4.064455765169105e-06,0.0007439302466878331,1.1005193371371245e-05,0.06827951851598726,-0.0020864965734471042,0.9808993871359519,0.5202969875561785,0.37059497833251953,-0.5878206140023154,1.5032649896621704,0.40840461444854737,0.4,0.0,1.4,0.0
transgastric_short_axis,2,463,154.3342,0.37058781779884065,-0.5878206097660562,1.5032660032868455,0.4084046153465062,-0.007160533678879666,4.236259903209982e-06,0.0010136246749703275,8.979593022724965e-07,0.04801960050431635,-0.048704257609130844,1.0651171063874367,0.7237792087361579,0.2790085554122925,-0.19047146578679883,1.5126400460243226,-0.4866582282543182,0.4,0.0,1.4,0.0
transgastric_short_axis,2,464,154.6676,0.27900139306880073,-0.19047147095120712,1.5126408361951107,-0.4866582173327486,-0.007162343491760943,-5.164407791941944e-06,0.0007901707883399412,1.0921569582883414e-05,0.06773354981263656,0.0036104678820290557,0.9728338028215253,0.5481279253986517,0.3700786113739014,-0.5710520618105236,1.4907805814266204,0.4555341871261597,0.4,0.0,1.4,0.0
transgastric_short_axis,2,465,155.001,0.37007145079055215,-0.5710520559889545,1.490781596674756,0.4555341893712548,-0.007160583349386216,5.821569210322803e-06,0.0010152481352236852,2.2450950953171935e-06,0.04738881314120456,-0.04874700668266496,1.0653812324410088,0.7367149141207463,0.27507920265197755,-0.23094125702461724,1.5102289641380309,-0.4881891229391098,0.4,0.0,1.4,0.0
transgastric_short_axis,2,466,155.3344,0.27507204021534787,-0.23094126242441812,1.510229742523256,-0.48818911145801847,-0.007162436629833858,-5.399800369416683e-06,0.0007783852245914416,1.1481091244134155e-05,0.06780143632973205,0.0009210740789394991,0.9690616300645822,0.565172598866092,0.372665548324585,-0.5418817093768291,1.5005900669574737,0.42679332704544065,0.4,0.0,1.4,0.0
transgastric_short_axis,2,467,155.6675,0.37265838781619665,-0.5418817046295358,1.500591086710303,0.42679332826455596,-0.007160508388460534,4.7472934227851296e-06,0.0010197528292949212,1.2191145187595385e-06,0.049668502188398224,-0.046811030657889816,1.0673484850118562,0.6976062337348468,0.2852766275405884,-0.24617545392149517,1.519176519727707,-0.457603343296051,0.4,0.0,1.4,0.0
transgastric_short_axis,2,468,156.0011,0.285269464955193,-0.2461754582661838,1.5191772745891052,-0.4576033319340573,-0.007162585395300206,-4.344687510416044e-06,0.0007548613982659466,1.1361993803865783e-05,0.06807965819567872,-0.00116285841598995,0.9786953958535407,0.5453159488772278,0.37249426841735844,-0.54644769906577,1.505370098590851,0.41508527369499204,0.4,0.0,1.4,0.0
transgastric_short_axis,2,469,156.3343,0.3724871079107216,-0.5464476948143889,1.505371116514624,0.41508527437955944,-0.007160506636893134,4.2513809521251305e-06,0.0010179237726040621,6.845675062529146e-07,0.049809858263595665,-0.04681586505242022,1.0668692923973648,0.6948099737348108,0.2863329887390137,-0.2391618735491494,1.5187924618721007,-0.44399672212600705,0.4,0.0,1.4,0.0
transgastric_short_axis,2,470,156.6675,0.28632582613899227,-0.23916187778685047,1.51879321326341,-0.4439967109780162,-0.007162600021427976,-4.237701232167529e-06,0.0007513913093792449,1.1147989951883031e-05,0.06818462124285317,-0.001150574788687045,0.9797880091447113,0.5304386189430942,0.37123770713806153,-0.5670972675917559,1.5023332139968872,0.4197527657032013,0.4,0.0,1.4,0.0
transgastric_short_axis,2,471,157.001,0.371230546609572,-0.5670972631066644,1.5023342299950517,0.41975276669882877,-0.007160528489385984,4.485091802979944e-06,0.0010159981644179011,9.956275104068171e-07,0.048685144747953754,-0.04791751452913077,1.065811300578457,0.7135065991646152,0.2815730571746826,-0.22108217225130583,1.5162053612709046,-0.4776324005126953,0.4,0.0,1.4,0.0
transgastric_short_axis,2,472,157.3343,0.2815658947061228,-0.22108217702872787,1.5162061338632213,-0.4776323892177467,-0.0071624685598354896,-4.777421963910805e-06,0.0007725923164065723,1.1294948687485173e-05,0.06790656733719452,0.0012276729305577255,0.9751715869884614,0.5518519104558876,0.37237062454223635,-0.5536816768242658,1.4975084286689757,0.44423790521621703,0.4,0.0,1.4,0.0
transgastric_short_axis,2,473,157.6677,0.3723634639884675,-0.5536816716350176,1.4975094454515547,0.44423790673811503,-0.007160553768897564,5.189248416144645e-06,0.0010167825788527168,1.5218986117782805e-06,0.04859054479893277,-0.047721855647203965,1.0672402106367702,0.7170652560001747,0.28262128829956057,-0.2405477368073454,1.5157600713729857,-0.4690711498260498,0.4,0.0,1.4,0.0
transgastric_short_axis,2,474,158.003,0.282614125767267,-0.24054774154169017,1.5157608346466418,-0.4690711383913736,-0.007162532293491236,-4.734345075559783e-06,0.0007632736558548119,1.1434676300506878e-05,0.06798496144968111,-0.00038544199246187075,0.9762567145518117,0.5523322941310395,0.3732286930084229,-0.5451813035495993,1.5026979846954345,0.4270066092967987,0.4,0.0,1.4,0.0
transgastric_short_axis,2,475,158.3341,0.3732215324863401,-0.5451812989544206,1.502699002569635,0.4270066102601149,-0.007160522082858564,4.595178339319949e-06,0.001017874200232433,9.633160725079462e-07,0.04951594081149201,-0.046983922164551634,1.0677708200808786,0.7005865152760514,0.28440394401550295,-0.24672822629525476,1.5191212798118592,-0.46197965540885927,0.4,0.0,1.4,0.0
transgastric_short_axis,2,476,158.6676,0.28439678143927505,-0.24672823068734562,1.5191220363868956,-0.4619796439898528,-0.007162576227883464,-4.3920908566012084e-06,0.0007565750364943274,1.1419005996260038e-05,0.06804652065812561,-0.0010507594441854194,0.9778228644036757,0.5494125726388674,0.37283101081848147,-0.542145362324747,1.5056873067855834,0.41557513003349306,0.4,0.0,1.4,0.0
transgastric_short_axis,2,477,159.0011,0.3728238503133797,-0.5421453580813561,1.505688324957437,0.41557513068039764,-0.007160505101715354,4.243390771131925e-06,0.0010181718537249625,6.469052063352931e-07,0.04999799452712142,-0.04661172512141408,1.0671843681733846,0.6917606838157904,0.28702013492584233,-0.24566088126462143,1.519105550479889,-0.4358751437187195,0.4,0.0,1.4,0.0
transgastric_short_axis,2,478,159.334,0.28701297229562744,-0.24566088540361342,1.519106297040028,-0.4358751326165959,-0.007162630214856023,-4.138992152160625e-06,0.0007465601395376709,1.1102123494731913e-05,0.06823147197690964,-0.0018728102768496204,0.9804605846590568,0.5265821685880356,0.3711087226867676,-0.5776883263518647,1.503822070169449,0.4100164964675903,0.4,0.0,1.4,0.0
transgastric_short_axis,2,479,159.6678,0.371101562161455,-0.5776883221145435,1.5038230850623107,0.4100164973179208,-0.007160525312745465,4.23732143010339e-06,0.00101489286146889,8.50331385567925e-07,0.048465690991700054,-0.04824771809821012,1.0655920409159783,0.7165554258267375,0.2802701711654663,-0.20498604742881293,1.5149350304603577,-0.4827315128803253,0.4,0.0,1.4,0.0
transgastric_short_axis,2,480,160.001,0.2802630087587716,-0.2049860523606011,1.5149358117968612,-0.4827315017550757,-0.007162406694787375,-4.931788235933656e-06,0.0007813365041976208,1.1125249619202257e-05,0.06782510380332064,0.0024931696110995086,0.9739479168955072,0.550087422464829,0.3712997674942017,-0.5609673365526661,1.4939217664718627,0.45195464057922363,0.4,0.0,1.4,0.0
transgastric_short_axis,2,481,160.3343,0.3712926069241417,-0.5609673310003978,1.4939227826268313,0.4519546424947496,-0.0071605700599439255,5.552267713402015e-06,0.0010161549690367317,1.915526459015455e-06,0.04799811137729902,-0.04820911300813019,1.0663985759559131,0.7270439799873496,0.2786586284637451,-0.23899765221724317,1.5135987862586975,-0.47959744348526,0.4,0.0,1.4,0.0
transgastric_short_axis,2,482,160.6675,0.2786514659710544,-0.23899765724115954,1.5135995560884972,-0.47959743196145843,-0.007162492690782355,-5.023915248008463e-06,0.0007698297994844564,1.152380111610845e-05,0.06789204140364366,8.003939607956548e-05,0.9724273289734686,0.5610382364556504,0.37319521903991704,-0.5414716241808489,1.5021409041881562,0.4266485797405243,0.4,0.0,1.4,0.0
transgastric_short_axis,2,483,161.0007,0.3731880585252023,-0.5414716195443143,1.5021419229962767,0.42664858077509304,-0.0071605147146137265,4.63653502402351e-06,0.001018808121124273,1.0345686376496254e-06,0.049698028468178626,-0.04679149186048842,1.0677748598194232,0.6974040284428884,0.2854197978973389,-0.24894661867734474,1.519319207239151,-0.45649058668613435,0.4,0.0,1.4,0.0
transgastric_short_axis,2,484,161.3344,0.28541263530370287,-0.24894662300148185,1.5193199608967198,-0.4564905753124105,-0.007162593636018517,-4.32413760998789e-06,0.0007536575686350281,1.1373723696571231e-05,0.06808467177370583,-0.0013897345377791998,0.9788299888982614,0.5456423587564793,0.37258939743041997,-0.5476655959217768,1.506117054605484,0.41163511962890625,0.4,0.0,1.4,0.0
transgastric_short_axis,2,485,161.6675,0.3725822369269437,-0.547665591767194,1.5061180723867986,0.4116351202406827,-0.007160503476317143,4.154583018516776e-06,0.0010177813141467311,6.117760948666448e-07,0.04985448921466483,-0.04680898136959989,1.066917595553238,0.6938255195942942,0.28654587268829346,-0.2349082227218044,1.5187282337665557,-0.438300737786293,0.4,0.0,1.4,0.0
transgastric_short_axis,2,486,162.0012,0.2865387100842722,-0.23490822690597235,1.5187289839925464,-0.43830072673994463,-0.007162604021276102,-4.184166695835866e-06,0.0007502259900113268,1.1046348357180139e-05,0.06822939500876539,-0.0010555873409664766,0.9800095954629533,0.5236978499842391,0.3705962181091309,-0.5756320955130254,1.5006936183929442,0.42292672019004823,0.4,0.0,1.4,0.0
transgastric_short_axis,2,487,162.3341,0.37058905756759275,-0.5756320908867583,1.5006946332923636,0.4229267213408434,-0.0071605415381911786,4.626267367964961e-06,0.0010148994188615638,1.150794996946058e-06,0.04817483138252276,-0.04838751103999364,1.065276155876085,0.7219582594523194,0.280617356300354,-0.20927789797304377,1.513687919139862,-0.48035273230075837,0.4,0.0,1.4,0.0
transgastric_short_axis,2,488,162.6684,0.28061019388099107,-0.20927790298555585,1.5136886985801583,-0.4803527211499438,-0.007162419362995876,-5.012511430623579e-06,0.0007794402965698838,1.1150814342749663e-05,0.0678529615347905,0.0021228402890306553,0.9743794818058058,0.5492859213416743,0.3716559648513794,-0.5615753487130987,1.494392897415161,0.45134306917190553,0.4,0.0,1.4,0.0
transgastric_short_axis,2,489,163.0008,0.37164880427982794,-0.5615753432057419,1.4943939132445045,0.45134307102970883,-0.007160571551371224,5.507357584603211e-06,0.0010158293436088332,1.8578027155468572e-06,0.04798896065411381,-0.04822822414441079,1.066724254816345,0.7271804693606327,0.2787960529327393,-0.2381651230933492,1.5135613354682922,-0.47943724772930146,0.4,0.0,1.4,0.0
transgastric_short_axis,2,490,163.3343,0.2787888904415954,-0.23816512811829282,1.513562105480144,-0.4794372362175479,-0.007162491143786105,-5.0249447278332145e-06,0.0007700118515287988,1.1511752785590006e-05,0.06789314978895926,0.00013115149453847043,0.9725673710270073,0.560509747109706,0.3731740951538086,-0.5420399385962826,1.5018592742443084,0.42765656776428224,0.4,0.0,1.4,0.0
transgastric_short_axis,2,491,163.6677,0.3731669346373243,-0.5420399339273911,1.5018602929948681,0.42765656882930436,-0.0071605164845045125,4.668891077495089e-06,0.0010187505597352333,1.065021557644784e-06,0.049641263515513505,-0.04683904556409389,1.0677715151331402,0.6984217662133835,0.28504972457885747,-0.24858671742315575,1.5193135896205903,-0.45856227078437806,0.4,0.0,1.4,0.0
transgastric_short_axis,2,492,164.0048,0.28504256199053124,-0.24858672176759522,1.5193143442119883,-0.4585622593889843,-0.007162588326263439,-4.344440696353613e-06,0.0007545913978944942,1.1395393801117423e-05,0.06807015005443291,-0.0012943044472151048,0.9784586399213764,0.5472895296490949,0.3726860046386719,-0.544653248639707,1.5061711709976195,0.4124676506996155,0.4,0.0,1.4,0.0
transgastric_short_axis,2,493,164.3344,0.3726788441360286,-0.5446532444731351,1.5061721890028341,0.41246765130168406,-0.007160502643338203,4.1665708152678155e-06,0.0010180052140954842,6.020685499784313e-07,0.0499716742491418,-0.0466755144442558,1.0670098267794752,0.6919506480673585,0.28697564601898196,-0.2397565907100777,1.518936460161209,-0.4338149757385254,0.4,0.0,1.4,0.0
transgastric_short_axis,2,494,164.6677,0.2869684833954255,-0.23975659483789696,1.5189372073548908,-0.4338149647075915,-0.0071626235563591765,-4.127817573702567e-06,0.0007471936821622582,1.1030933077637307e-05,0.06825471132107312,-0.0015405112355019587,0.9804289381450797,0.5221118954896765,0.3706083774566651,-0.5814019380444121,1.5019113308429717,0.416235387468338,0.4,0.0,1.4,0.0
transgastric_short_axis,2,495,165.0007,0.3706012169185287,-0.5814019336020809,1.5019123451145209,0.4162353884950951,-0.007160538136453913,4.442330936685448e-06,0.0010142715492731625,1.0267575578114416e-06,0.04809657562032859,-0.048541305400384344,1.0652135940251894,0.7228627266399299,0.27988500595092775,-0.20054158527055296,1.5131669786453248,-0.4832187476634979,0.4,0.0,1.4,0.0
transgastric_short_axis,2,496,165.334,0.279877843565989,-0.20054159035525956,1.513167762952829,-0.4832187366144411,-0.0071623849387037275,-5.0847069419433095e-06,0.0007843075042901274,1.1049057171571036e-05,0.06780212796359357,0.0028122833696906423,0.9736787999258705,0.548592336726989,0.3710408687591553,-0.5640040267915749,1.4923866585731507,0.4542893228530884,0.4,0.0,1.4,0.0
transgastric_short_axis,2,497,165.6676,0.3710337081840504,-0.5640040210954751,1.492387674564017,0.4542893249407012,-0.007160575104792239,5.696099385970056e-06,0.0010159908659746573,2.0876126999534865e-06,0.047775390948714,-0.04839343897828402,1.066238630690058,0.7306530332790363,0.277239465713501,-0.2372397162264387,1.5124323813915252,-0.4829310319662094,0.4,0.0,1.4,0.0
transgastric_short_axis,2,498,166.0011,0.277232303238565,-0.2372397213837296,1.5124331540086668,-0.4829310204362001,-0.007162474935980761,-5.157289732955995e-06,0.0007726171422588779,1.1530008818349405e-05,0.06785937080227157,0.00031363191844199605,0.9710819297177533,0.5632212508332968,0.37307481765747075,-0.5403194533083073,1.5018600232601165,0.42558797335624693,0.4,0.0,1.4,0.0
transgastric_short_axis,2,499,166.3343,0.3730676571477771,-0.540319448663994,1.501861042575844,0.4255879744281712,-0.007160509693622601,4.6443134549861704e-06,0.0010193157274522085,1.071923727650986e-06,0.04978131476224344,-0.04671242380315786,1.0676742512733592,0.6958241542721723,0.2858883380889893,-0.25012125997158385,1.5192649035930634,-0.4534493952512741,0.4,0.0,1.4,0.0
transgastric_short_axis,2,500,166.6674,0.28588117548681014,-0.2501212642713575,1.5192656557885993,-0.45344938390368017,-0.007162602179118852,-4.299773979117499e-06,0.0007521955369421355,1.1347593225602364e-05,0.06810440456724544,-0.0015738634500888499,0.9793045402770353,0.5435295699060781,0.37248499393463136,-0.5520460173781988,1.5062108688354492,0.40967869033813475,0.4,0.0,1.4,0.0
